step,simulation_time,queue_length,free_gpus,gpu_utilization,action,selected_job_id,reward,invalid_action,waiting_jobs,running_jobs,completed_jobs,seed,scheduler,scenario
1,21.24411256793468,1,8,0.0,0,0.0,1.5931204710404137,False,1,1,0,0,PPO,balanced
2,21.49169585029787,1,4,0.5,0,1.0,0.03868488786924873,False,1,2,0,0,PPO,balanced
3,21.520062433813223,1,3,0.625,0,2.0,0.005318734409128778,False,1,3,0,0,PPO,balanced
4,28.399348341801325,1,2,0.75,0,3.0,1.7198214769970253,False,1,4,0,0,PPO,balanced
5,48.77360377503114,1,0,1.0,16,,4.686078749642858,False,2,4,0,0,PPO,balanced
6,57.19339068337154,2,0,1.0,16,,1.3606701420868874,False,3,4,0,0,PPO,balanced
7,66.63465765618893,3,0,1.0,16,,1.049564139837093,False,4,4,0,0,PPO,balanced
8,99.3396014355364,4,0,1.0,16,,6.2490878391218105,False,4,3,1,0,PPO,balanced
9,99.3396014355364,4,4,0.5,0,4.0,-2.5083430438403513,False,3,4,1,0,PPO,balanced
10,101.8444823946355,3,0,1.0,16,,-2.03241566161152,False,4,4,1,0,PPO,balanced
11,123.56145815574571,4,0,1.0,16,,3.033249978002437,False,4,3,2,0,PPO,balanced
12,123.56145815574571,4,2,0.75,1,7.0,-3.2574579522839793,False,3,4,2,0,PPO,balanced
13,156.5668595025763,3,0,1.0,16,,5.013568303613835,False,3,3,3,0,PPO,balanced
14,156.5668595025763,3,1,0.875,2,8.0,-4.143334490934999,False,2,4,3,0,PPO,balanced
15,158.3651038729844,2,0,1.0,16,,-1.7657031731492978,False,2,3,4,0,PPO,balanced
16,177.56639590016766,2,1,0.875,16,,-0.7830333158923128,False,3,3,4,0,PPO,balanced
17,179.70056670251762,3,1,0.875,16,,-2.6445163319655958,False,3,2,5,0,PPO,balanced
18,179.70056670251762,3,3,0.625,2,5.0,-2.4928269364299207,False,2,3,5,0,PPO,balanced
19,218.64674912383947,2,0,1.0,16,,5.685871372047668,False,3,3,5,0,PPO,balanced
20,218.66284600302475,3,0,1.0,16,,-4.047615826237591,False,4,3,5,0,PPO,balanced
21,247.0265293063611,4,0,1.0,16,,0.770186115533269,False,5,3,5,0,PPO,balanced
22,247.93275036785977,5,0,1.0,16,,-6.184801551076022,False,6,3,5,0,PPO,balanced
23,253.95036617351772,6,0,1.0,16,,-3.629066761715152,False,6,2,6,0,PPO,balanced
24,253.95036617351772,6,4,0.5,5,13.0,-7.0131183970164805,False,5,3,6,0,PPO,balanced
25,261.3002541449512,5,0,1.0,16,,-5.910635201301456,False,6,3,6,0,PPO,balanced
26,268.54836381417095,6,0,1.0,16,,-4.8058529371612675,False,6,2,7,0,PPO,balanced
27,268.54836381417095,6,3,0.625,4,10.0,-7.61984806065957,False,5,3,7,0,PPO,balanced
28,268.54836381417095,5,1,0.875,3,12.0,-7.189411370503373,False,4,4,7,0,PPO,balanced
29,270.34654987261354,4,0,1.0,16,,-4.883719740568134,False,4,3,8,0,PPO,balanced
30,271.91191701425794,4,1,0.875,16,,-7.116071564275619,False,5,3,8,0,PPO,balanced
31,311.28577517348907,5,1,0.875,16,,-2.7828499701016405,False,6,3,8,0,PPO,balanced
32,311.28577517348907,6,1,0.875,5,16.0,-11.395881442433446,False,5,4,8,0,PPO,balanced
33,315.7109007009047,5,0,1.0,16,,-10.732112613321103,False,6,4,8,0,PPO,balanced
34,319.549789946259,6,0,1.0,16,,-11.339338393278945,False,7,4,8,0,PPO,balanced
35,338.2025326103343,7,0,1.0,16,,-10.247259011569245,False,8,4,8,0,PPO,balanced
36,338.6650850951554,8,0,1.0,16,,-14.868814953954164,False,9,4,8,0,PPO,balanced
37,340.3567202478705,9,0,1.0,16,,-14.866038614469387,False,10,4,8,0,PPO,balanced
38,353.234196581026,10,0,1.0,16,,-14.645073585990385,False,11,4,8,0,PPO,balanced
39,362.916049305691,11,0,1.0,16,,-17.573987087539315,False,12,4,8,0,PPO,balanced
40,375.1016309494182,12,0,1.0,16,,-17.872594452268288,False,12,3,9,0,PPO,balanced
41,375.1016309494182,12,1,0.875,11,23.0,-22.67527823032555,False,11,4,9,0,PPO,balanced
42,384.6370306811991,11,0,1.0,16,,-22.38921623837212,False,12,4,9,0,PPO,balanced
43,389.80790675413294,12,0,1.0,16,,-24.72135741058801,False,13,4,9,0,PPO,balanced
44,395.41054129598456,13,0,1.0,16,,-26.070102774239977,False,14,4,9,0,PPO,balanced
45,418.56169570823823,14,0,1.0,16,,-28.165296042070494,False,15,4,9,0,PPO,balanced
46,419.44771916951663,15,0,1.0,16,,-31.997385818197834,False,15,3,10,0,PPO,balanced
47,419.44771916951663,15,2,0.75,10,19.0,-32.593987952333784,False,14,4,10,0,PPO,balanced
48,419.54380003948523,14,0,1.0,16,,-30.59687037843284,False,14,3,11,0,PPO,balanced
49,419.54380003948523,14,4,0.5,5,17.0,-30.544232609153383,False,13,4,11,0,PPO,balanced
50,424.2749571381805,13,0,1.0,16,,-28.591544180140335,False,13,3,12,0,PPO,balanced
51,424.2749571381805,13,1,0.875,2,18.0,-29.67983011097573,False,12,4,12,0,PPO,balanced
52,440.12686583477586,12,0,1.0,16,,-29.521311024009776,False,13,4,12,0,PPO,balanced
53,444.1701067541583,13,0,1.0,16,,-33.52472060735243,False,14,4,12,0,PPO,balanced
54,446.80462451513694,14,0,1.0,16,,-34.614566370027404,False,15,4,12,0,PPO,balanced
55,459.8345364012849,15,0,1.0,16,,-33.92469140457946,False,15,3,13,0,PPO,balanced
56,459.8345364012849,15,4,0.5,5,20.0,-36.758780349993856,False,14,4,13,0,PPO,balanced
57,462.09579901224913,14,1,0.875,16,,-36.89728268491542,False,15,4,13,0,PPO,balanced
58,468.8248515531289,15,1,0.875,16,,-37.938669400010326,False,16,4,13,0,PPO,balanced
59,479.5084152245959,16,1,0.875,16,,-40.49236046506381,False,17,4,13,0,PPO,balanced
60,492.61744285296845,17,1,0.875,16,,-44.41885961813739,False,18,4,13,0,PPO,balanced
61,505.1982384679228,18,1,0.875,16,,-47.063496792456185,False,18,3,14,0,PPO,balanced
62,505.1982384679228,18,2,0.75,6,24.0,-49.40432167749297,False,17,4,14,0,PPO,balanced
63,508.0195759016905,17,0,1.0,16,,-49.65824204653207,False,18,4,14,0,PPO,balanced
64,523.0084220814128,18,0,1.0,16,,-50.01234948474345,False,18,3,15,0,PPO,balanced
65,523.0084220814128,18,3,0.625,10,28.0,-54.101929904741304,False,17,4,15,0,PPO,balanced
66,525.0752946472189,17,0,1.0,16,,-52.28794843566385,False,17,3,16,0,PPO,balanced
67,544.6216923181038,17,1,0.875,16,,-57.174667294710154,False,18,3,16,0,PPO,balanced
68,546.5428018004555,18,1,0.875,16,,-61.72179849959842,False,19,3,16,0,PPO,balanced
69,564.8653632402783,19,1,0.875,16,,-65.09655423103426,False,20,3,16,0,PPO,balanced
70,574.0691857439398,20,1,0.875,16,,-68.77280737478412,False,20,2,17,0,PPO,balanced
71,574.0691857439398,20,4,0.5,5,38.0,-72.60206709738686,False,19,3,17,0,PPO,balanced
72,578.9183323536439,19,1,0.875,16,,-73.38399198820166,False,20,3,17,0,PPO,balanced
73,595.6816906792837,20,1,0.875,16,,-75.48310150559665,False,20,2,18,0,PPO,balanced
74,595.6816906792837,20,3,0.625,11,22.0,-76.30113625736521,False,19,3,18,0,PPO,balanced
75,602.6439625827634,19,0,1.0,16,,-77.20623160481757,False,20,3,18,0,PPO,balanced
76,610.1313622595909,20,0,1.0,16,,-80.0699095322116,False,21,3,18,0,PPO,balanced
77,615.9899205635895,21,0,1.0,16,,-82.93771436309825,False,22,3,18,0,PPO,balanced
78,626.2037620195591,22,0,1.0,16,,-86.34298381573213,False,23,3,18,0,PPO,balanced
79,629.5096279989833,23,0,1.0,16,,-89.59067603540362,False,24,3,18,0,PPO,balanced
80,638.8324091115486,24,0,1.0,16,,-92.56138218614967,False,25,3,18,0,PPO,balanced
81,640.1581848112814,25,0,1.0,16,,-95.2235213892242,False,26,3,18,0,PPO,balanced
82,660.7450272321606,26,0,1.0,16,,-101.11341276779478,False,27,3,18,0,PPO,balanced
83,666.2326579381158,27,0,1.0,16,,-105.8515362777416,False,27,2,19,0,PPO,balanced
84,666.2326579381158,27,3,0.625,5,40.0,-107.95167004712336,False,26,3,19,0,PPO,balanced
85,666.2326579381158,26,2,0.75,6,46.0,-107.43018058458667,False,25,4,19,0,PPO,balanced
86,666.2326579381158,25,1,0.875,10,42.0,-106.42532583709614,False,24,5,19,0,PPO,balanced
87,673.3125708222299,24,0,1.0,16,,-106.05370580044236,False,24,4,20,0,PPO,balanced
88,673.3125708222299,24,2,0.75,11,47.0,-109.57233314966949,False,23,5,20,0,PPO,balanced
89,689.235504326902,23,0,1.0,16,,-112.91614918565062,False,24,5,20,0,PPO,balanced
90,696.1367852586258,24,0,1.0,16,,-118.48417717611513,False,25,5,20,0,PPO,balanced
91,735.6709221675067,25,0,1.0,16,,-130.0930316362663,False,26,5,20,0,PPO,balanced
92,737.017205060616,26,0,1.0,16,,-140.34006224462604,False,27,5,20,0,PPO,balanced
93,740.511489944685,27,0,1.0,16,,-141.6899755842834,False,28,5,20,0,PPO,balanced
94,740.5210193618223,28,0,1.0,16,,-140.5665009246132,False,28,4,21,0,PPO,balanced
95,740.5210193618223,28,3,0.625,5,45.0,-140.53511107389204,False,27,5,21,0,PPO,balanced
96,744.2270984825902,27,0,1.0,16,,-141.60987401891475,False,28,5,21,0,PPO,balanced
97,753.7715601941971,28,0,1.0,16,,-145.49517692970488,False,29,5,21,0,PPO,balanced
98,765.4683759504388,29,0,1.0,16,,-151.74124155716638,False,30,5,21,0,PPO,balanced
99,765.6841289459323,30,0,1.0,16,,-152.74095904464951,False,30,4,22,0,PPO,balanced
100,765.6841289459323,30,1,0.875,13,50.0,-154.19463315795437,False,29,5,22,0,PPO,balanced
101,767.4278356252402,29,0,1.0,16,,-152.77005636212596,False,29,4,23,0,PPO,balanced
102,772.1676610852317,29,1,0.875,16,,-156.91824497937483,False,30,4,23,0,PPO,balanced
103,773.7245865115098,30,1,0.875,16,,-158.5486596175165,False,31,4,23,0,PPO,balanced
104,773.7245865115098,31,1,0.875,5,57.0,-158.88923705451484,False,30,5,23,0,PPO,balanced
105,798.6994784686317,30,0,1.0,16,,-167.63044923950753,False,31,5,23,0,PPO,balanced
106,804.9177774118612,31,0,1.0,16,,-176.1749428377829,False,32,5,23,0,PPO,balanced
107,806.3374013451179,32,0,1.0,16,,-178.2831709075604,False,33,5,23,0,PPO,balanced
108,815.9778566893398,33,0,1.0,16,,-182.59066358200553,False,34,5,23,0,PPO,balanced
109,816.3981082068575,34,0,1.0,16,,-183.18148557059365,False,34,4,24,0,PPO,balanced
110,816.3981082068575,34,1,0.875,6,60.0,-185.08533431273827,False,33,5,24,0,PPO,balanced
111,819.6841022216101,33,0,1.0,16,,-186.43259185878688,False,34,5,24,0,PPO,balanced
112,824.8831287855832,34,0,1.0,16,,-189.48967178498341,False,35,5,24,0,PPO,balanced
113,828.0315147357649,35,0,1.0,16,,-192.20620210355847,False,36,5,24,0,PPO,balanced
114,834.4710948483294,36,0,1.0,16,,-196.0199012440092,False,37,5,24,0,PPO,balanced
115,839.5030928554121,37,0,1.0,16,,-198.09547529562084,False,37,4,25,0,PPO,balanced
116,839.5030928554121,37,2,0.75,5,58.0,-200.53740250965592,False,36,5,25,0,PPO,balanced
117,846.9424030901918,36,0,1.0,16,,-204.03387832000237,False,37,5,25,0,PPO,balanced
118,848.1527177055202,37,0,1.0,16,,-206.48676004020822,False,38,5,25,0,PPO,balanced
119,861.5816241825519,38,0,1.0,16,,-211.63808099732648,False,38,4,26,0,PPO,balanced
120,861.5816241825519,38,1,0.875,6,67.0,-216.72672948704377,False,37,5,26,0,PPO,balanced
121,862.9343355887981,37,0,1.0,16,,-217.38955807610444,False,38,5,26,0,PPO,balanced
122,883.4259891627867,38,0,1.0,16,,-226.17847925040016,False,38,4,27,0,PPO,balanced
123,898.9356201231556,38,1,0.875,16,,-241.69598040119695,False,39,4,27,0,PPO,balanced
124,909.7449123697457,39,1,0.875,16,,-251.15542744717638,False,40,4,27,0,PPO,balanced
125,914.604081781705,40,1,0.875,16,,-254.34435234681933,False,40,3,28,0,PPO,balanced
126,914.604081781705,40,4,0.5,5,65.0,-255.80463591701783,False,39,4,28,0,PPO,balanced
127,914.604081781705,39,2,0.75,13,61.0,-253.83211141517054,False,38,5,28,0,PPO,balanced
128,926.0887538854197,38,0,1.0,16,,-257.68929418806505,False,38,4,29,0,PPO,balanced
129,940.0914095275048,38,1,0.875,16,,-268.1393995802723,False,38,3,30,0,PPO,balanced
130,940.0914095275048,38,3,0.625,5,68.0,-271.65933902320427,False,37,4,30,0,PPO,balanced
131,949.619306331034,37,0,1.0,16,,-274.3280084569336,False,37,3,31,0,PPO,balanced
132,949.619306331034,37,2,0.75,15,63.0,-276.21525910690684,False,36,4,31,0,PPO,balanced
133,955.9640084479594,36,1,0.875,16,,-279.3955410430157,False,37,4,31,0,PPO,balanced
134,962.3002230288579,37,1,0.875,16,,-284.0861964813865,False,38,4,31,0,PPO,balanced
135,978.3733202476609,38,1,0.875,16,,-294.1718072906352,False,39,4,31,0,PPO,balanced
136,987.4548399308126,39,1,0.875,16,,-300.7848002294172,False,39,3,32,0,PPO,balanced
137,987.4548399308126,39,4,0.5,5,11.0,-289.3955427815509,False,38,4,32,0,PPO,balanced
138,1003.608621844184,38,0,1.0,16,,-297.63397155737033,False,39,4,32,0,PPO,balanced
139,1011.7006794408227,39,0,1.0,16,,-303.9612075619317,False,39,3,33,0,PPO,balanced
140,1011.7006794408227,39,1,0.875,15,72.0,-306.99621283285205,False,38,4,33,0,PPO,balanced
141,1014.1835182560234,38,0,1.0,16,,-308.2624606286044,False,39,4,33,0,PPO,balanced
142,1023.484327771835,39,0,1.0,16,,-313.8125993757847,False,40,4,33,0,PPO,balanced
143,1027.935289289461,40,0,1.0,16,,-316.5858305894319,False,40,3,34,0,PPO,balanced
144,1027.935289289461,40,2,0.75,15,76.0,-319.60955173848595,False,39,4,34,0,PPO,balanced
145,1030.9933579424298,39,0,1.0,16,,-321.23032812455943,False,40,4,34,0,PPO,balanced
146,1031.9018228932691,40,0,1.0,16,,-322.49450101076326,False,41,4,34,0,PPO,balanced
147,1063.4273629055594,41,0,1.0,16,,-338.69117505547854,False,41,3,35,0,PPO,balanced
148,1066.5595457054815,41,1,0.875,16,,-348.4557849670042,False,41,2,36,0,PPO,balanced
149,1066.5595457054815,41,5,0.375,5,77.0,-350.4296261992261,False,40,3,36,0,PPO,balanced
150,1066.5595457054815,40,2,0.75,13,54.0,-344.17386648900043,False,39,4,36,0,PPO,balanced
151,1074.074183871374,39,0,1.0,16,,-346.1566247169236,False,39,3,37,0,PPO,balanced
152,1074.074183871374,39,2,0.75,15,37.0,-339.4846566169783,False,38,4,37,0,PPO,balanced
153,1087.5591239428281,38,0,1.0,16,,-346.36197605341994,False,39,4,37,0,PPO,balanced
154,1108.4381268861127,39,0,1.0,16,,-360.7990826312242,False,40,4,37,0,PPO,balanced
155,1114.962278671421,40,0,1.0,16,,-369.60711684896495,False,41,4,37,0,PPO,balanced
156,1136.900183533059,41,0,1.0,16,,-383.7427605664256,False,42,4,37,0,PPO,balanced
157,1149.58656399157,42,0,1.0,16,,-396.7122012523567,False,43,4,37,0,PPO,balanced
158,1149.7371810633674,43,0,1.0,16,,-399.9756727807809,False,44,4,37,0,PPO,balanced
159,1151.6711938077704,44,0,1.0,16,,-399.23175507770407,False,44,3,38,0,PPO,balanced
160,1151.6711938077704,44,2,0.75,15,84.0,-401.6765780089167,False,43,4,38,0,PPO,balanced
161,1151.6711938077704,43,1,0.875,12,79.0,-400.39433661161786,False,42,5,38,0,PPO,balanced
162,1166.8662277390167,42,0,1.0,16,,-409.3594066310532,False,43,5,38,0,PPO,balanced
163,1169.642237751376,43,0,1.0,16,,-412.85153122140395,False,43,4,39,0,PPO,balanced
164,1175.5124818805803,43,2,0.75,16,,-417.49327290138365,False,43,3,40,0,PPO,balanced
165,1175.5124818805803,43,3,0.625,11,59.0,-413.1820495862351,False,42,4,40,0,PPO,balanced
166,1175.65322411412,42,0,1.0,16,,-411.2650875040235,False,42,3,41,0,PPO,balanced
167,1175.65322411412,42,3,0.625,15,70.0,-407.9821068275209,False,41,4,41,0,PPO,balanced
168,1184.53714194785,41,0,1.0,16,,-413.045939992747,False,42,4,41,0,PPO,balanced
169,1190.8514695674276,42,0,1.0,16,,-418.9923727467303,False,43,4,41,0,PPO,balanced
170,1191.0182203304016,43,0,1.0,16,,-420.6726726170389,False,44,4,41,0,PPO,balanced
171,1225.1757619262437,44,0,1.0,16,,-442.2336115131629,False,45,4,41,0,PPO,balanced
172,1226.350017840752,45,0,1.0,16,,-449.53626325655375,False,45,3,42,0,PPO,balanced
173,1251.2668133248796,45,1,0.875,16,,-468.80439415874287,False,46,3,42,0,PPO,balanced
174,1271.6960133955808,46,1,0.875,16,,-486.58091972047504,False,46,2,43,0,PPO,balanced
175,1271.6960133955808,46,4,0.5,5,82.0,-490.35389063869053,False,45,3,43,0,PPO,balanced
176,1275.038397578387,45,0,1.0,16,,-490.5264403575145,False,45,2,44,0,PPO,balanced
177,1298.8234806619253,45,1,0.875,16,,-509.5656242538764,False,46,2,44,0,PPO,balanced
178,1299.3959114798606,46,1,0.875,16,,-515.1700282894776,False,47,2,44,0,PPO,balanced
179,1311.8329858635568,47,1,0.875,16,,-522.2654874301419,False,47,1,45,0,PPO,balanced
180,1311.8329858635568,47,4,0.5,5,88.0,-524.5698021409123,False,46,2,45,0,PPO,balanced
181,1311.8329858635568,46,1,0.875,15,81.0,-520.6323879970696,False,45,3,45,0,PPO,balanced
182,1335.5208989125015,45,0,1.0,16,,-536.0295314788835,False,46,3,45,0,PPO,balanced
183,1368.5745266781662,46,0,1.0,16,,-564.0974403441151,False,47,3,45,0,PPO,balanced
184,1386.0897082195058,47,0,1.0,16,,-582.4463225490557,False,47,2,46,0,PPO,balanced
185,1386.0897082195058,47,4,0.5,5,25.0,-568.8994819050831,False,46,3,46,0,PPO,balanced
186,1404.1671919958942,46,0,1.0,16,,-579.0113960352634,False,46,2,47,0,PPO,balanced
187,1404.1671919958942,46,3,0.625,5,31.0,-566.6893391196875,False,45,3,47,0,PPO,balanced
188,1408.3919931191588,45,0,1.0,16,,-569.4354598498095,False,46,3,47,0,PPO,balanced
189,1435.7497271861405,46,0,1.0,16,,-588.8213419555034,False,47,3,47,0,PPO,balanced
190,1440.0746455922363,47,0,1.0,16,,-598.6449691724549,False,48,3,47,0,PPO,balanced
191,1445.633186671043,48,0,1.0,16,,-601.6727629399315,False,48,2,48,0,PPO,balanced
192,1445.633186671043,48,4,0.5,5,35.0,-586.3101259942462,False,47,3,48,0,PPO,balanced
193,1445.633186671043,47,1,0.875,10,95.0,-585.5653021232085,False,46,4,48,0,PPO,balanced
194,1469.348561952122,46,0,1.0,16,,-601.4546035615316,False,47,4,48,0,PPO,balanced
195,1475.8028901155283,47,0,1.0,16,,-611.8369338145517,False,48,4,48,0,PPO,balanced
196,1490.556702436588,48,0,1.0,16,,-621.9257226033556,False,48,3,49,0,PPO,balanced
197,1518.5463965272463,48,1,0.875,16,,-646.361536428321,False,48,2,50,0,PPO,balanced
198,1518.5463965272463,48,4,0.5,5,99.0,-653.629411882418,False,47,3,50,0,PPO,balanced
199,1518.5463965272463,47,2,0.75,9,90.0,-648.2838202183708,False,46,4,50,0,PPO,balanced
200,1527.723863756566,46,0,1.0,16,,-652.4327232620151,False,46,3,51,0,PPO,balanced
201,1527.723863756566,46,3,0.625,5,43.0,-638.6966880346048,False,45,4,51,0,PPO,balanced
202,1539.3303029254184,45,0,1.0,16,,-644.2408734943589,False,45,3,52,0,PPO,balanced
203,1551.7957686706854,45,2,0.75,16,,-656.0241276300746,False,45,2,53,0,PPO,balanced
204,1551.7957686706854,45,4,0.5,5,52.0,-644.1357168827923,False,44,3,53,0,PPO,balanced
205,1586.8486404041828,44,0,1.0,16,,-664.2190260748956,False,44,2,54,0,PPO,balanced
206,1640.3252242883264,44,1,0.875,16,,-708.3436351016599,False,44,1,55,0,PPO,balanced
207,1640.3252242883264,44,4,0.5,5,80.0,-711.403895878272,False,43,2,55,0,PPO,balanced
208,1699.258037910054,43,1,0.875,16,,-747.1945626132049,False,43,1,56,0,PPO,balanced
209,1699.258037910054,43,5,0.375,5,83.0,-751.0926861145881,False,42,2,56,0,PPO,balanced
210,1699.258037910054,42,2,0.75,15,71.0,-736.2268055253463,False,41,3,56,0,PPO,balanced
211,1699.7501793364825,41,1,0.875,16,,-734.5227055579862,False,41,2,57,0,PPO,balanced
212,1699.7501793364825,41,4,0.5,5,96.0,-731.3503524520107,False,40,3,57,0,PPO,balanced
213,1769.2733414462416,40,0,1.0,16,,-767.5880916123782,False,40,2,58,0,PPO,balanced
214,1769.2733414462416,40,3,0.625,11,53.0,-766.467957280545,False,39,3,58,0,PPO,balanced
215,1851.3993206316168,39,0,1.0,16,,-807.9947262487938,False,39,2,59,0,PPO,balanced
216,1851.3993206316168,39,4,0.5,5,9.0,-797.0495625505085,False,38,3,59,0,PPO,balanced
217,1856.0650393989424,38,0,1.0,16,,-797.4290791218448,False,38,2,60,0,PPO,balanced
218,1856.0650393989424,38,3,0.625,10,62.0,-779.8678900701295,False,37,3,60,0,PPO,balanced
219,1857.3300376833652,37,1,0.875,16,,-778.5272704258848,False,37,2,61,0,PPO,balanced
220,1857.3300376833652,37,2,0.75,10,69.0,-761.6361004493981,False,36,3,61,0,PPO,balanced
221,1947.6066667806942,36,0,1.0,16,,-802.0661161251427,False,36,2,62,0,PPO,balanced
222,1947.6066667806942,36,2,0.75,12,85.0,-811.0204646186414,False,35,3,62,0,PPO,balanced
223,1952.2517535136617,35,0,1.0,16,,-811.1107536484767,False,35,2,63,0,PPO,balanced
224,1952.2517535136617,35,2,0.75,12,89.0,-799.7305054999704,False,34,3,63,0,PPO,balanced
225,1961.0754729526066,34,0,1.0,16,,-801.5247048587166,False,34,2,64,0,PPO,balanced
226,1961.0754729526066,34,4,0.5,5,29.0,-775.392527394484,False,33,3,64,0,PPO,balanced
227,1995.3051753920101,33,0,1.0,16,,-787.4267053946394,False,33,2,65,0,PPO,balanced
228,1995.3051753920101,33,4,0.5,5,86.0,-781.768770335607,False,32,3,65,0,PPO,balanced
229,2026.9305111757415,32,0,1.0,16,,-792.1026512912622,False,32,2,66,0,PPO,balanced
230,2026.9305111757415,32,4,0.5,5,98.0,-790.8573462527227,False,31,3,66,0,PPO,balanced
231,2061.2038956168026,31,0,1.0,16,,-801.5384984959153,False,31,2,67,0,PPO,balanced
232,2061.2038956168026,31,2,0.75,9,91.0,-796.859236307083,False,30,3,67,0,PPO,balanced
233,2079.277406211819,30,0,1.0,16,,-801.1849650153388,False,30,2,68,0,PPO,balanced
234,2079.277406211819,30,4,0.5,5,32.0,-775.4942915709191,False,29,3,68,0,PPO,balanced
235,2092.052669514291,29,0,1.0,16,,-777.710128460735,False,29,2,69,0,PPO,balanced
236,2092.052669514291,29,2,0.75,15,41.0,-753.265518141259,False,28,3,69,0,PPO,balanced
237,2149.4792786136413,28,1,0.875,16,,-770.8623484964123,False,28,2,70,0,PPO,balanced
238,2149.4792786136413,28,3,0.625,5,49.0,-756.3575693697946,False,27,3,70,0,PPO,balanced
239,2162.935451569619,27,0,1.0,16,,-758.2598595270282,False,27,2,71,0,PPO,balanced
240,2206.881667638518,27,1,0.875,16,,-775.7416246781565,False,27,1,72,0,PPO,balanced
241,2206.881667638518,27,5,0.375,5,75.0,-763.5008964555783,False,26,2,72,0,PPO,balanced
242,2206.881667638518,26,2,0.75,12,39.0,-730.9416297498808,False,25,3,72,0,PPO,balanced
243,2238.133868209593,25,0,1.0,16,,-736.7546798926495,False,25,2,73,0,PPO,balanced
244,2238.133868209593,25,2,0.75,12,44.0,-714.3952452312061,False,24,3,73,0,PPO,balanced
245,2258.7694021472357,24,0,1.0,16,,-717.1414180368638,False,24,2,74,0,PPO,balanced
246,2258.7694021472357,24,3,0.625,5,78.0,-699.7629499361952,False,23,3,74,0,PPO,balanced
247,2280.712846325414,23,0,1.0,16,,-702.3710732136126,False,23,2,75,0,PPO,balanced
248,2280.712846325414,23,3,0.625,9,33.0,-673.8328456361409,False,22,3,75,0,PPO,balanced
249,2294.469758945862,22,0,1.0,16,,-674.446659034026,False,22,2,76,0,PPO,balanced
250,2294.469758945862,22,3,0.625,15,66.0,-650.9353400720246,False,21,3,76,0,PPO,balanced
251,2294.469758945862,21,1,0.875,12,55.0,-620.3553124121162,False,20,4,76,0,PPO,balanced
252,2336.3492339902746,20,0,1.0,16,,-624.637233668778,False,20,3,77,0,PPO,balanced
253,2336.3492339902746,20,2,0.75,12,56.0,-605.8234709717802,False,19,4,77,0,PPO,balanced
254,2397.071114546154,19,1,0.875,16,,-613.6148742114159,False,19,3,78,0,PPO,balanced
255,2397.071114546154,19,4,0.5,5,94.0,-608.3278538256548,False,18,4,78,0,PPO,balanced
256,2405.5138956279993,18,0,1.0,16,,-607.2565597446577,False,18,3,79,0,PPO,balanced
257,2450.769904903343,18,2,0.75,16,,-617.1739166151159,False,18,2,80,0,PPO,balanced
258,2450.769904903343,18,3,0.625,6,26.0,-586.5522310820957,False,17,3,80,0,PPO,balanced
259,2487.725728133417,17,0,1.0,16,,-587.8782551728023,False,17,2,81,0,PPO,balanced
260,2487.725728133417,17,1,0.875,15,93.0,-576.0731143959024,False,16,3,81,0,PPO,balanced
261,2548.911403770141,16,0,1.0,16,,-578.3561116904731,False,16,2,82,0,PPO,balanced
262,2548.911403770141,16,4,0.5,5,14.0,-549.9003076071504,False,15,3,82,0,PPO,balanced
263,2585.1088707681038,15,0,1.0,16,,-549.7101809570485,False,15,2,83,0,PPO,balanced
264,2585.1088707681038,15,3,0.625,11,74.0,-529.1295427280608,False,14,3,83,0,PPO,balanced
265,2635.372849749537,14,0,1.0,16,,-528.6374620975038,False,14,2,84,0,PPO,balanced
266,2635.372849749537,14,4,0.5,5,27.0,-498.8672337620361,False,13,3,84,0,PPO,balanced
267,2639.267673583727,13,0,1.0,16,,-496.90618200037807,False,13,2,85,0,PPO,balanced
268,2639.267673583727,13,1,0.875,12,97.0,-475.8960273990957,False,12,3,85,0,PPO,balanced
269,2663.1603829061737,12,0,1.0,16,,-473.6571003058712,False,12,2,86,0,PPO,balanced
270,2663.1603829061737,12,3,0.625,10,87.0,-452.184099369708,False,11,3,86,0,PPO,balanced
271,2673.136685282054,11,0,1.0,16,,-449.8848102984316,False,11,2,87,0,PPO,balanced
272,2713.7380266597856,11,1,0.875,16,,-452.42963756912377,False,11,1,88,0,PPO,balanced
273,2713.7380266597856,11,4,0.5,5,36.0,-419.928854308669,False,10,2,88,0,PPO,balanced
274,2747.7808885413037,10,0,1.0,16,,-416.226711214593,False,10,1,89,0,PPO,balanced
275,2747.7808885413037,10,4,0.5,5,48.0,-385.5665190006845,False,9,2,89,0,PPO,balanced
276,2801.0137723441057,9,0,1.0,16,,-379.8402171344884,False,9,1,90,0,PPO,balanced
277,2801.0137723441057,9,4,0.5,5,51.0,-353.8685067395191,False,8,2,90,0,PPO,balanced
278,2828.871253335902,8,0,1.0,16,,-349.3613334502574,False,8,1,91,0,PPO,balanced
279,2828.871253335902,8,4,0.5,5,64.0,-318.3089089262038,False,7,2,91,0,PPO,balanced
280,2947.2785121369293,7,0,1.0,16,,-303.2841104580908,False,7,1,92,0,PPO,balanced
281,2947.2785121369293,7,4,0.5,5,73.0,-295.50782132056224,False,6,2,92,0,PPO,balanced
282,2958.3193250279073,6,0,1.0,16,,-292.07251564473506,False,6,1,93,0,PPO,balanced
283,2958.3193250279073,6,4,0.5,5,92.0,-263.65425059651864,False,5,2,93,0,PPO,balanced
284,3019.7556784992657,5,0,1.0,16,,-252.43879757581487,False,5,1,94,0,PPO,balanced
285,3019.7556784992657,5,4,0.5,0,6.0,-210.5466401873366,False,4,2,94,0,PPO,balanced
286,3081.174013406615,4,0,1.0,16,,-198.10552325308726,False,4,1,95,0,PPO,balanced
287,3081.174013406615,4,4,0.5,0,15.0,-159.27486505207736,False,3,2,95,0,PPO,balanced
288,3129.5232687566477,3,0,1.0,16,,-148.08850653557116,False,3,1,96,0,PPO,balanced
289,3129.5232687566477,3,4,0.5,0,21.0,-106.39248940290382,False,2,2,96,0,PPO,balanced
290,3159.5813986479384,2,1,0.875,16,,-99.0195986848356,False,2,1,97,0,PPO,balanced
291,3159.5813986479384,2,5,0.375,0,30.0,-53.3392791158994,False,1,2,97,0,PPO,balanced
292,3180.606819874228,1,2,0.75,16,,-47.81752106049585,False,1,1,98,0,PPO,balanced
293,3280.602471659607,1,5,0.375,0,34.0,21.245971139053836,False,0,0,100,0,PPO,balanced
1,17.26852713122279,1,8,0.0,0,0.0,0.24097901884787842,False,1,1,0,1,PPO,balanced
2,84.46148803882437,1,6,0.25,0,1.0,12.598680170175298,False,1,2,0,1,PPO,balanced
3,89.04182695007226,1,2,0.75,0,2.0,2.943086118710635,False,1,2,1,1,PPO,balanced
4,90.4838524389073,1,3,0.625,16,,0.19647597285377458,False,2,2,1,1,PPO,balanced
5,112.98131600960465,2,3,0.625,16,,2.5864896303168656,False,3,2,1,1,PPO,balanced
6,112.98131600960465,3,3,0.625,0,5.0,-0.9287390526045948,False,2,3,1,1,PPO,balanced
7,116.17189962137893,2,1,0.875,16,,1.6415777680000558,False,2,2,2,1,PPO,balanced
8,119.21430473278527,2,2,0.75,16,,-0.607607643143129,False,3,2,2,1,PPO,balanced
9,119.21430473278527,3,2,0.75,0,6.0,-1.1780586015318193,False,2,3,2,1,PPO,balanced
10,126.1070719430816,2,0,1.0,16,,0.2694225126304124,False,3,3,2,1,PPO,balanced
11,126.47848996761006,3,0,1.0,16,,-1.3831998652832669,False,4,3,2,1,PPO,balanced
12,136.02932159163066,4,0,1.0,16,,0.14758700466812247,False,5,3,2,1,PPO,balanced
13,149.04755177097448,5,0,1.0,16,,-0.28738637443545567,False,6,3,2,1,PPO,balanced
14,151.9300766628399,6,0,1.0,16,,-3.167215683328906,False,7,3,2,1,PPO,balanced
15,172.89525991928966,7,0,1.0,16,,-1.5816767480857825,False,8,3,2,1,PPO,balanced
16,175.50296714045908,8,0,1.0,16,,-6.588278912292979,False,9,3,2,1,PPO,balanced
17,185.33116112841532,9,0,1.0,16,,-6.552232138428398,False,10,3,2,1,PPO,balanced
18,186.94067135156902,10,0,1.0,16,,-8.928805124259773,False,11,3,2,1,PPO,balanced
19,196.65111755020325,11,0,1.0,16,,-7.03986929408917,False,11,2,3,1,PPO,balanced
20,196.65111755020325,11,4,0.5,5,15.0,-11.273271919775043,False,10,3,3,1,PPO,balanced
21,197.61546689415468,10,0,1.0,16,,-9.225054452577472,False,10,2,4,1,PPO,balanced
22,197.61546689415468,10,2,0.75,6,8.0,-10.043402250034438,False,9,3,4,1,PPO,balanced
23,198.4769682231611,9,1,0.875,16,,-10.010019073535437,False,10,3,4,1,PPO,balanced
24,204.2565182582064,10,1,0.875,16,,-10.090105926098492,False,11,3,4,1,PPO,balanced
25,212.86577005712908,11,1,0.875,16,,-11.365144061013309,False,12,3,4,1,PPO,balanced
26,226.8242483016897,12,1,0.875,16,,-11.545035554724556,False,12,2,5,1,PPO,balanced
27,226.8242483016897,12,3,0.625,5,16.0,-16.031507069151615,False,11,3,5,1,PPO,balanced
28,245.97857413746925,11,1,0.875,16,,-16.055449976446344,False,12,3,5,1,PPO,balanced
29,259.91000352046643,12,1,0.875,16,,-20.541501627411808,False,13,3,5,1,PPO,balanced
30,267.876890190523,13,1,0.875,16,,-21.917635880082276,False,13,2,6,1,PPO,balanced
31,267.876890190523,13,2,0.75,5,12.0,-23.760759733732485,False,12,3,6,1,PPO,balanced
32,271.144803803651,12,0,1.0,16,,-23.728080597601206,False,13,3,6,1,PPO,balanced
33,306.64439827749584,13,0,1.0,16,,-24.900054945621648,False,14,3,6,1,PPO,balanced
34,332.03006314936283,14,0,1.0,16,,-34.536523510238865,False,15,3,6,1,PPO,balanced
35,346.60303815761694,15,0,1.0,16,,-41.61158847861832,False,16,3,6,1,PPO,balanced
36,350.71065381578717,16,0,1.0,16,,-45.54236532675377,False,17,3,6,1,PPO,balanced
37,366.02876652420684,17,0,1.0,16,,-45.9478993850541,False,17,2,7,1,PPO,balanced
38,366.02876652420684,17,2,0.75,6,7.0,-46.97899367053651,False,16,3,7,1,PPO,balanced
39,368.644506966604,16,0,1.0,16,,-47.16209550150431,False,17,3,7,1,PPO,balanced
40,370.61644421196786,17,0,1.0,16,,-47.99350496418635,False,18,3,7,1,PPO,balanced
41,371.045956586961,18,0,1.0,16,,-46.53373563677656,False,18,2,8,1,PPO,balanced
42,371.045956586961,18,4,0.5,5,23.0,-47.86079586177288,False,17,3,8,1,PPO,balanced
43,382.3439876030864,17,0,1.0,16,,-46.87761865322416,False,17,2,9,1,PPO,balanced
44,382.3439876030864,17,2,0.75,0,22.0,-50.18813462074371,False,16,3,9,1,PPO,balanced
45,382.3439876030864,16,1,0.875,12,21.0,-47.964150944755005,False,15,4,9,1,PPO,balanced
46,403.5863127652783,15,0,1.0,16,,-47.0262672028646,False,15,3,10,1,PPO,balanced
47,403.5863127652783,15,2,0.75,14,27.0,-53.677451122346355,False,14,4,10,1,PPO,balanced
48,434.53649971903275,14,0,1.0,16,,-52.605956730958994,False,14,3,11,1,PPO,balanced
49,452.0848258093482,14,1,0.875,16,,-61.41833844242943,False,14,2,12,1,PPO,balanced
50,452.0848258093482,14,5,0.375,5,24.0,-65.14739902165131,False,13,3,12,1,PPO,balanced
51,452.0848258093482,13,2,0.75,2,14.0,-59.81232572803265,False,12,4,12,1,PPO,balanced
52,459.9098958419041,12,0,1.0,16,,-57.73407502770709,False,12,3,13,1,PPO,balanced
53,475.9030636884077,12,1,0.875,16,,-62.03019735258427,False,13,3,13,1,PPO,balanced
54,478.8523331742274,13,1,0.875,16,,-65.65036018529699,False,14,3,13,1,PPO,balanced
55,478.8523331742274,14,1,0.875,1,29.0,-66.29551288532005,False,13,4,13,1,PPO,balanced
56,509.82891023508125,13,0,1.0,16,,-66.60527865592859,False,14,4,13,1,PPO,balanced
57,533.6070534214485,14,0,1.0,16,,-75.06276721673306,False,15,4,13,1,PPO,balanced
58,537.6060191639012,15,0,1.0,16,,-81.20725130044752,False,16,4,13,1,PPO,balanced
59,551.0562754002916,16,0,1.0,16,,-81.14851067260803,False,16,3,14,1,PPO,balanced
60,551.0562754002916,16,3,0.625,10,19.0,-80.40952070644917,False,15,4,14,1,PPO,balanced
61,556.8838303034831,15,0,1.0,16,,-78.70089845160875,False,15,3,15,1,PPO,balanced
62,560.1215807956362,15,1,0.875,16,,-82.42085440489407,False,16,3,15,1,PPO,balanced
63,560.7192698599051,16,1,0.875,16,,-83.18962834280978,False,17,3,15,1,PPO,balanced
64,560.7192698599051,17,1,0.875,5,34.0,-83.32037282561862,False,16,4,15,1,PPO,balanced
65,577.6652081675275,16,0,1.0,16,,-84.50658850715217,False,17,4,15,1,PPO,balanced
66,583.4304539371083,17,0,1.0,16,,-87.26194520332002,False,17,3,16,1,PPO,balanced
67,583.4304539371083,17,2,0.75,5,35.0,-90.58795173032362,False,16,4,16,1,PPO,balanced
68,592.6227516462449,16,0,1.0,16,,-91.23141256996318,False,17,4,16,1,PPO,balanced
69,593.3630867907657,17,0,1.0,16,,-93.5961171602542,False,18,4,16,1,PPO,balanced
70,595.0883073948148,18,0,1.0,16,,-91.97097521282981,False,18,3,17,1,PPO,balanced
71,595.0883073948148,18,2,0.75,15,32.0,-93.25263459922382,False,17,4,17,1,PPO,balanced
72,607.1591940866712,17,0,1.0,16,,-94.33901440149089,False,18,4,17,1,PPO,balanced
73,615.464231827413,18,0,1.0,16,,-96.27029022593658,False,18,3,18,1,PPO,balanced
74,615.464231827413,18,2,0.75,13,28.0,-97.55532629834192,False,17,4,18,1,PPO,balanced
75,626.7377662112644,17,0,1.0,16,,-96.56994439288854,False,17,3,19,1,PPO,balanced
76,626.7377662112644,17,1,0.875,8,37.0,-100.72083440044146,False,16,4,19,1,PPO,balanced
77,652.1605262939055,16,0,1.0,16,,-100.50042760622632,False,16,3,20,1,PPO,balanced
78,654.1103559667996,16,1,0.875,16,,-109.05353788126713,False,17,3,20,1,PPO,balanced
79,664.1264411499101,17,1,0.875,16,,-110.69451345066486,False,18,3,20,1,PPO,balanced
80,671.0981129067087,18,1,0.875,16,,-111.87028072011809,False,18,2,21,1,PPO,balanced
81,671.0981129067087,18,4,0.5,5,33.0,-113.17580327469632,False,17,3,21,1,PPO,balanced
82,671.1960491214044,17,1,0.875,16,,-113.18767804072816,False,18,3,21,1,PPO,balanced
83,677.1313658997674,18,1,0.875,16,,-112.0474650826366,False,18,2,22,1,PPO,balanced
84,677.1313658997674,18,3,0.625,5,11.0,-104.84178984316497,False,17,3,22,1,PPO,balanced
85,678.7739860782086,17,0,1.0,16,,-104.98962565922469,False,18,3,22,1,PPO,balanced
86,693.3547511284472,18,0,1.0,16,,-107.00416485936124,False,19,3,22,1,PPO,balanced
87,699.9667608481191,19,0,1.0,16,,-111.50891738547824,False,20,3,22,1,PPO,balanced
88,703.3215081667739,20,0,1.0,16,,-113.66513191319441,False,21,3,22,1,PPO,balanced
89,716.1556559781404,21,0,1.0,16,,-116.68562387079044,False,22,3,22,1,PPO,balanced
90,732.3735356123257,22,0,1.0,16,,-120.97555795412727,False,22,2,23,1,PPO,balanced
91,732.3735356123257,22,2,0.75,6,44.0,-126.38189236738945,False,21,3,23,1,PPO,balanced
92,734.1833552024384,21,1,0.875,16,,-126.74611855989964,False,22,3,23,1,PPO,balanced
93,744.3124395296925,22,1,0.875,16,,-129.38307650264176,False,23,3,23,1,PPO,balanced
94,772.3268033741173,23,1,0.875,16,,-138.35727897669608,False,24,3,23,1,PPO,balanced
95,772.3268033741173,24,1,0.875,6,49.0,-144.485421067664,False,23,4,23,1,PPO,balanced
96,774.1882705636784,23,0,1.0,16,,-144.87632917747183,False,24,4,23,1,PPO,balanced
97,778.4964038545457,24,0,1.0,16,,-146.3325666317616,False,25,4,23,1,PPO,balanced
98,780.0600105497983,25,0,1.0,16,,-147.80050162829158,False,26,4,23,1,PPO,balanced
99,780.3908380360908,26,0,1.0,16,,-148.2807267234037,False,27,4,23,1,PPO,balanced
100,788.1072312803988,27,0,1.0,16,,-150.60118763582614,False,28,4,23,1,PPO,balanced
101,799.0240601422186,28,0,1.0,16,,-155.91450289406725,False,29,4,23,1,PPO,balanced
102,807.4721907713003,29,0,1.0,16,,-159.4315932171192,False,29,3,24,1,PPO,balanced
103,807.4721907713003,29,3,0.625,11,52.0,-162.9953822699596,False,28,4,24,1,PPO,balanced
104,825.2576003375564,28,1,0.875,16,,-169.06465328444446,False,29,4,24,1,PPO,balanced
105,828.9007824726277,29,1,0.875,16,,-172.2713111733575,False,29,3,25,1,PPO,balanced
106,828.9007824726277,29,4,0.5,5,30.0,-168.68681982065343,False,28,4,25,1,PPO,balanced
107,834.0407710892874,28,0,1.0,16,,-170.2802162918179,False,29,4,25,1,PPO,balanced
108,836.7405788941434,29,0,1.0,16,,-172.45615002158533,False,30,4,25,1,PPO,balanced
109,836.8295215526078,30,0,1.0,16,,-173.16223190326187,False,31,4,25,1,PPO,balanced
110,840.1833488240882,31,0,1.0,16,,-174.42538365832573,False,32,4,25,1,PPO,balanced
111,846.6788220381449,32,0,1.0,16,,-177.7970750296779,False,33,4,25,1,PPO,balanced
112,861.0410665163377,33,0,1.0,16,,-183.3094635692511,False,33,3,26,1,PPO,balanced
113,861.0410665163377,33,1,0.875,7,58.0,-188.41401493635541,False,32,4,26,1,PPO,balanced
114,862.2304133751148,32,0,1.0,16,,-188.87786021127852,False,33,4,26,1,PPO,balanced
115,865.6903476184546,33,0,1.0,16,,-190.5937699657421,False,34,4,26,1,PPO,balanced
116,875.6205167843403,34,0,1.0,16,,-195.72872626790794,False,35,4,26,1,PPO,balanced
117,879.5874724617155,35,0,1.0,16,,-199.9963986141982,False,36,4,26,1,PPO,balanced
118,887.5772302632611,36,0,1.0,16,,-202.7433237002684,False,36,3,27,1,PPO,balanced
119,899.1489321237652,36,1,0.875,16,,-210.54107870823248,False,36,2,28,1,PPO,balanced
120,899.1489321237652,36,2,0.75,13,43.0,-210.95650487031145,False,35,3,28,1,PPO,balanced
121,911.4279280643093,35,0,1.0,16,,-216.48205304355628,False,36,3,28,1,PPO,balanced
122,920.3908547501401,36,0,1.0,16,,-221.76437757103275,False,36,2,29,1,PPO,balanced
123,920.3908547501401,36,4,0.5,5,20.0,-212.79549221789696,False,35,3,29,1,PPO,balanced
124,968.9956358301984,35,0,1.0,16,,-232.66764370392318,False,35,2,30,1,PPO,balanced
125,968.9956358301984,35,2,0.75,12,57.0,-244.11974167911956,False,34,3,30,1,PPO,balanced
126,982.2835674018422,34,0,1.0,16,,-249.8335522549264,False,35,3,30,1,PPO,balanced
127,984.4318221461906,35,0,1.0,16,,-254.12224978279414,False,36,3,30,1,PPO,balanced
128,989.8257666022347,36,0,1.0,16,,-255.19446736322197,False,36,2,31,1,PPO,balanced
129,989.8257666022347,36,4,0.5,5,50.0,-254.23020355646187,False,35,3,31,1,PPO,balanced
130,993.8544143440558,35,1,0.875,16,,-256.16899028221326,False,36,3,31,1,PPO,balanced
131,1007.3014968883,36,1,0.875,16,,-263.7906071010391,False,37,3,31,1,PPO,balanced
132,1009.0242465365413,37,1,0.875,16,,-267.6301396617382,False,38,3,31,1,PPO,balanced
133,1009.926028301953,38,1,0.875,16,,-268.4950805278201,False,39,3,31,1,PPO,balanced
134,1027.0684284735726,39,1,0.875,16,,-278.31351738532544,False,40,3,31,1,PPO,balanced
135,1052.4188343300946,40,1,0.875,16,,-296.7983408269706,False,41,3,31,1,PPO,balanced
136,1061.7939802198655,41,1,0.875,16,,-307.9805485743096,False,42,3,31,1,PPO,balanced
137,1069.7836985159172,42,1,0.875,16,,-314.99497422911907,False,43,3,31,1,PPO,balanced
138,1071.5310217474428,43,1,0.875,16,,-315.86319612859614,False,43,2,32,1,PPO,balanced
139,1071.5310217474428,43,4,0.5,5,10.0,-299.795753685963,False,42,3,32,1,PPO,balanced
140,1071.813146022428,42,0,1.0,16,,-297.96220700820436,False,42,2,33,1,PPO,balanced
141,1071.813146022428,42,2,0.75,15,68.0,-298.28511159942593,False,41,3,33,1,PPO,balanced
142,1076.1987589109744,41,0,1.0,16,,-300.78491094589737,False,42,3,33,1,PPO,balanced
143,1084.6546557077531,42,0,1.0,16,,-306.8702932781334,False,43,3,33,1,PPO,balanced
144,1100.7526604275274,43,0,1.0,16,,-316.80405035639035,False,43,2,34,1,PPO,balanced
145,1100.7526604275274,43,2,0.75,9,71.0,-320.99398325851416,False,42,3,34,1,PPO,balanced
146,1112.952550537381,42,0,1.0,16,,-328.1919184233278,False,43,3,34,1,PPO,balanced
147,1119.791665741694,43,0,1.0,16,,-335.4137512254221,False,44,3,34,1,PPO,balanced
148,1131.200454110702,44,0,1.0,16,,-342.3110666989754,False,44,2,35,1,PPO,balanced
149,1131.200454110702,44,2,0.75,12,66.0,-342.7678132702994,False,43,3,35,1,PPO,balanced
150,1135.7539864911253,43,0,1.0,16,,-345.54546802235774,False,44,3,35,1,PPO,balanced
151,1136.6667318821192,44,0,1.0,16,,-347.2588807137897,False,45,3,35,1,PPO,balanced
152,1137.2844682075722,45,0,1.0,16,,-345.8885956730827,False,45,2,36,1,PPO,balanced
153,1137.2844682075722,45,2,0.75,15,81.0,-348.01242012011704,False,44,3,36,1,PPO,balanced
154,1166.295181878815,44,0,1.0,16,,-366.2891697329999,False,45,3,36,1,PPO,balanced
155,1169.5279742984412,45,0,1.0,16,,-375.6431632235677,False,46,3,36,1,PPO,balanced
156,1187.2502513203178,46,0,1.0,16,,-388.3252869331316,False,47,3,36,1,PPO,balanced
157,1191.1803638518145,47,0,1.0,16,,-395.46763383533346,False,48,3,36,1,PPO,balanced
158,1191.3908164356446,48,0,1.0,16,,-394.599583302727,False,48,2,37,1,PPO,balanced
159,1191.3908164356446,48,2,0.75,15,83.0,-396.150283757548,False,47,3,37,1,PPO,balanced
160,1192.6073493646393,47,0,1.0,16,,-396.9896914785542,False,48,3,37,1,PPO,balanced
161,1200.0159561226535,48,0,1.0,16,,-402.553935508993,False,49,3,37,1,PPO,balanced
162,1209.2587278309725,49,0,1.0,16,,-411.1533105455694,False,50,3,37,1,PPO,balanced
163,1209.6462884174618,50,0,1.0,16,,-413.75467391251624,False,51,3,37,1,PPO,balanced
164,1212.6578088246513,51,0,1.0,16,,-416.1704347726744,False,52,3,37,1,PPO,balanced
165,1213.0139818337757,52,0,1.0,16,,-415.20469155168,False,52,2,38,1,PPO,balanced
166,1213.0139818337757,52,4,0.5,5,87.0,-416.8856021545784,False,51,3,38,1,PPO,balanced
167,1213.0139818337757,51,3,0.625,11,40.0,-405.9078513409011,False,50,4,38,1,PPO,balanced
168,1215.6654513703777,50,0,1.0,16,,-407.8964534933526,False,51,4,38,1,PPO,balanced
169,1224.2429246444387,51,0,1.0,16,,-415.16397529853015,False,52,4,38,1,PPO,balanced
170,1231.0382864798244,52,0,1.0,16,,-420.676679467,False,52,3,39,1,PPO,balanced
171,1231.0382864798244,52,2,0.75,11,82.0,-422.48808883389233,False,51,4,39,1,PPO,balanced
172,1239.2922408369727,51,0,1.0,16,,-426.8436336888966,False,51,3,40,1,PPO,balanced
173,1239.2922408369727,51,2,0.75,15,84.0,-429.51183694741303,False,50,4,40,1,PPO,balanced
174,1244.38442813808,50,0,1.0,16,,-433.3309774232435,False,51,4,40,1,PPO,balanced
175,1249.0539793783614,51,0,1.0,16,,-438.199578703537,False,52,4,40,1,PPO,balanced
176,1258.7137632906317,52,0,1.0,16,,-444.9981958043009,False,52,3,41,1,PPO,balanced
177,1262.8735569850553,52,1,0.875,16,,-452.82937235391387,False,53,3,41,1,PPO,balanced
178,1262.8735569850553,53,1,0.875,11,96.0,-453.739327224569,False,52,4,41,1,PPO,balanced
179,1287.5888544740317,52,0,1.0,16,,-473.2644122408603,False,53,4,41,1,PPO,balanced
180,1295.4265182439515,53,0,1.0,16,,-485.79174426673944,False,54,4,41,1,PPO,balanced
181,1297.4859565781321,54,0,1.0,16,,-489.46049402658934,False,55,4,41,1,PPO,balanced
182,1347.7934580107733,55,0,1.0,16,,-530.7367298278796,False,55,3,42,1,PPO,balanced
183,1347.7934580107733,55,3,0.625,5,92.0,-542.6710450532319,False,54,4,42,1,PPO,balanced
184,1358.987247352482,54,0,1.0,16,,-549.9618902068501,False,54,3,43,1,PPO,balanced
185,1358.987247352482,54,2,0.75,6,99.0,-553.5303117267903,False,53,4,43,1,PPO,balanced
186,1397.067612834882,53,1,0.875,16,,-583.5654191888593,False,53,3,44,1,PPO,balanced
187,1397.067612834882,53,3,0.625,5,93.0,-590.4390053743255,False,52,4,44,1,PPO,balanced
188,1440.8638518196612,52,0,1.0,16,,-623.038034172301,False,52,3,45,1,PPO,balanced
189,1448.650693217251,52,1,0.875,16,,-640.3820374162665,False,52,2,46,1,PPO,balanced
190,1448.650693217251,52,4,0.5,5,55.0,-631.0928763104886,False,51,3,46,1,PPO,balanced
191,1482.38515075136,51,0,1.0,16,,-655.0684086117525,False,51,2,47,1,PPO,balanced
192,1489.7993078763225,51,1,0.875,16,,-669.4426163916557,False,51,1,48,1,PPO,balanced
193,1489.7993078763225,51,5,0.375,5,60.0,-660.0721440816968,False,50,2,48,1,PPO,balanced
194,1489.7993078763225,50,2,0.75,9,67.0,-649.9218292722071,False,49,3,48,1,PPO,balanced
195,1518.9768036378273,49,0,1.0,16,,-669.2214011781057,False,49,2,49,1,PPO,balanced
196,1518.9768036378273,49,3,0.625,11,88.0,-672.1365581681783,False,48,3,49,1,PPO,balanced
197,1638.9869528429297,48,1,0.875,16,,-759.0940812664605,False,48,2,50,1,PPO,balanced
198,1638.9869528429297,48,4,0.5,5,61.0,-771.500138788981,False,47,3,50,1,PPO,balanced
199,1640.1500814749336,47,0,1.0,16,,-770.3026975450637,False,47,2,51,1,PPO,balanced
200,1640.1500814749336,47,2,0.75,12,98.0,-765.699008438445,False,46,3,51,1,PPO,balanced
201,1664.4652911383766,46,0,1.0,16,,-779.9901989129519,False,46,2,52,1,PPO,balanced
202,1664.4652911383766,46,2,0.75,2,45.0,-768.8461256693806,False,45,3,52,1,PPO,balanced
203,1703.362127482514,45,0,1.0,16,,-792.12906929307,False,45,2,53,1,PPO,balanced
204,1703.362127482514,45,2,0.75,15,31.0,-780.4581768978829,False,44,3,53,1,PPO,balanced
205,1705.9886453903905,44,0,1.0,16,,-780.1128831798451,False,44,2,54,1,PPO,balanced
206,1743.7814373218853,44,2,0.75,16,,-806.9410210693743,False,44,1,55,1,PPO,balanced
207,1743.7814373218853,44,4,0.5,5,26.0,-788.524430949424,False,43,2,55,1,PPO,balanced
208,1766.236016321086,43,0,1.0,16,,-800.2217241389363,False,43,1,56,1,PPO,balanced
209,1766.236016321086,43,4,0.5,5,59.0,-789.2472389933671,False,42,2,56,1,PPO,balanced
210,1887.3163670735273,42,0,1.0,16,,-858.6846459373073,False,42,1,57,1,PPO,balanced
211,1887.3163670735273,42,4,0.5,5,76.0,-874.6040802542656,False,41,2,57,1,PPO,balanced
212,1908.581848652786,41,0,1.0,16,,-884.7254047544429,False,41,1,58,1,PPO,balanced
213,1908.581848652786,41,4,0.5,5,85.0,-877.6151432026084,False,40,2,58,1,PPO,balanced
214,1908.581848652786,40,1,0.875,15,56.0,-855.9486582363038,False,39,3,58,1,PPO,balanced
215,1950.067020593729,39,0,1.0,16,,-875.9357993650035,False,39,2,59,1,PPO,balanced
216,1950.067020593729,39,4,0.5,5,94.0,-874.1934405011264,False,38,3,59,1,PPO,balanced
217,1950.067020593729,38,1,0.875,12,47.0,-849.8757671933005,False,37,4,59,1,PPO,balanced
218,2016.1994987773876,37,0,1.0,16,,-880.2806815032932,False,37,3,60,1,PPO,balanced
219,2016.1994987773876,37,1,0.875,15,77.0,-880.0137862518795,False,36,4,60,1,PPO,balanced
220,2061.8770116621513,36,0,1.0,16,,-899.4822173077184,False,36,3,61,1,PPO,balanced
221,2061.8770116621513,36,3,0.625,11,46.0,-885.9871684152292,False,35,4,61,1,PPO,balanced
222,2068.2902198902148,35,0,1.0,16,,-886.8731121178578,False,35,3,62,1,PPO,balanced
223,2068.2902198902148,35,3,0.625,11,53.0,-864.7184265377911,False,34,4,62,1,PPO,balanced
224,2068.2902198902148,34,2,0.75,15,90.0,-847.5455479083361,False,33,5,62,1,PPO,balanced
225,2068.492440883582,33,1,0.875,16,,-845.6347779216593,False,33,4,63,1,PPO,balanced
226,2068.492440883582,33,2,0.75,12,70.0,-826.4551948840526,False,32,5,63,1,PPO,balanced
227,2155.551239605599,32,0,1.0,16,,-858.4081263856394,False,32,4,64,1,PPO,balanced
228,2156.7143880845265,32,1,0.875,16,,-880.6628023628919,False,32,3,65,1,PPO,balanced
229,2177.8009273506755,32,2,0.75,16,,-890.4589001105896,False,32,2,66,1,PPO,balanced
230,2177.8009273506755,32,5,0.375,5,97.0,-878.6083847654598,False,31,3,66,1,PPO,balanced
231,2220.485955373601,31,1,0.875,16,,-893.7357522596586,False,31,2,67,1,PPO,balanced
232,2240.013427881292,31,2,0.75,16,,-911.5187339992499,False,31,1,68,1,PPO,balanced
233,2240.013427881292,31,4,0.5,5,3.0,-874.1607030758177,False,30,2,68,1,PPO,balanced
234,2328.024579366597,30,0,1.0,16,,-902.9646060956744,False,30,1,69,1,PPO,balanced
235,2328.024579366597,30,4,0.5,5,9.0,-883.1274888115014,False,29,2,69,1,PPO,balanced
236,2371.676399190585,29,1,0.875,16,,-896.8967087229169,False,29,1,70,1,PPO,balanced
237,2371.676399190585,29,5,0.375,5,13.0,-864.5220756684118,False,28,2,70,1,PPO,balanced
238,2371.676399190585,28,2,0.75,15,42.0,-830.6640274061642,False,27,3,70,1,PPO,balanced
239,2472.6467867952847,27,0,1.0,16,,-857.9454398115273,False,27,2,71,1,PPO,balanced
240,2472.6467867952847,27,3,0.625,15,48.0,-850.6213497673903,False,26,3,71,1,PPO,balanced
241,2477.591931922072,26,0,1.0,16,,-849.9565389516227,False,26,2,72,1,PPO,balanced
242,2477.591931922072,26,2,0.75,15,51.0,-819.2109146719691,False,25,3,72,1,PPO,balanced
243,2503.4949754657578,25,1,0.875,16,,-824.4961456686309,False,25,2,73,1,PPO,balanced
244,2503.4949754657578,25,4,0.5,5,18.0,-786.3498523356394,False,24,3,73,1,PPO,balanced
245,2532.2245047219208,24,0,1.0,16,,-790.9576440645569,False,24,2,74,1,PPO,balanced
246,2596.7543755312286,24,1,0.875,16,,-814.9984551275294,False,24,1,75,1,PPO,balanced
247,2596.7543755312286,24,4,0.5,5,41.0,-792.6031978388689,False,23,2,75,1,PPO,balanced
248,2624.112324438511,23,0,1.0,16,,-796.3483671093984,False,23,1,76,1,PPO,balanced
249,2624.112324438511,23,4,0.5,5,69.0,-772.5826961343299,False,22,2,76,1,PPO,balanced
250,2624.112324438511,22,1,0.875,15,72.0,-740.2989702115987,False,21,3,76,1,PPO,balanced
251,2658.0914542965397,21,0,1.0,16,,-744.0754222874635,False,21,2,77,1,PPO,balanced
252,2658.0914542965397,21,4,0.5,5,80.0,-723.8042089808738,False,20,3,77,1,PPO,balanced
253,2666.1639685742925,20,0,1.0,16,,-723.0150861225367,False,20,2,78,1,PPO,balanced
254,2743.363613343301,20,1,0.875,16,,-739.0256503063576,False,20,1,79,1,PPO,balanced
255,2743.363613343301,20,4,0.5,5,89.0,-727.2309748893317,False,19,2,79,1,PPO,balanced
256,2761.646658768669,19,0,1.0,16,,-727.6077707946296,False,19,1,80,1,PPO,balanced
257,2761.646658768669,19,4,0.5,5,95.0,-703.9266785631655,False,18,2,80,1,PPO,balanced
258,2795.988794158955,18,0,1.0,16,,-705.7043134560969,False,18,1,81,1,PPO,balanced
259,2795.988794158955,18,4,0.5,5,4.0,-662.1797484692673,False,17,2,81,1,PPO,balanced
260,2857.9053126612953,17,0,1.0,16,,-665.7522351344779,False,17,1,82,1,PPO,balanced
261,2857.9053126612953,17,4,0.5,5,17.0,-630.1583888720013,False,16,2,82,1,PPO,balanced
262,2883.336217297749,16,0,1.0,16,,-629.9385521965531,False,16,1,83,1,PPO,balanced
263,2883.336217297749,16,4,0.5,5,38.0,-592.772737891445,False,15,2,83,1,PPO,balanced
264,2907.95727147177,15,0,1.0,16,,-592.0037906001461,False,15,1,84,1,PPO,balanced
265,2907.95727147177,15,4,0.5,5,39.0,-555.0821158335519,False,14,2,84,1,PPO,balanced
266,2952.6538526793547,14,1,0.875,16,,-555.8197814325164,False,14,1,85,1,PPO,balanced
267,2952.6538526793547,14,4,0.5,5,54.0,-524.3062261436964,False,13,2,85,1,PPO,balanced
268,2994.6265529701486,13,0,1.0,16,,-522.7259531466043,False,13,1,86,1,PPO,balanced
269,2994.6265529701486,13,4,0.5,5,63.0,-492.640404112269,False,12,2,86,1,PPO,balanced
270,2994.6265529701486,12,2,0.75,5,65.0,-450.3396225021003,False,11,3,86,1,PPO,balanced
271,3058.967886549667,11,0,1.0,16,,-446.40938249471475,False,11,2,87,1,PPO,balanced
272,3058.967886549667,11,2,0.75,5,74.0,-424.36373484520294,False,10,3,87,1,PPO,balanced
273,3086.413198881645,10,0,1.0,16,,-420.99146922860405,False,10,2,88,1,PPO,balanced
274,3086.413198881645,10,2,0.75,5,75.0,-389.36041293836286,False,9,3,88,1,PPO,balanced
275,3117.94197145969,9,0,1.0,16,,-385.1533988578997,False,9,2,89,1,PPO,balanced
276,3126.762927357712,9,2,0.75,16,,-392.96943483317585,False,9,1,90,1,PPO,balanced
277,3126.762927357712,9,6,0.25,5,78.0,-355.7811986310558,False,8,2,90,1,PPO,balanced
278,3149.8988198901056,8,2,0.75,16,,-353.144961586415,False,8,1,91,1,PPO,balanced
279,3149.8988198901056,8,4,0.5,5,79.0,-318.74401604918427,False,7,2,91,1,PPO,balanced
280,3201.377799381504,7,0,1.0,16,,-311.08132830513046,False,7,1,92,1,PPO,balanced
281,3201.377799381504,7,4,0.5,5,86.0,-285.74712446738624,False,6,2,92,1,PPO,balanced
282,3279.763104739357,6,1,0.875,16,,-276.0065755632982,False,6,1,93,1,PPO,balanced
283,3279.763104739357,6,5,0.375,5,91.0,-253.8112551920345,False,5,2,93,1,PPO,balanced
284,3351.417742328188,5,1,0.875,16,,-243.30226697836082,False,5,1,94,1,PPO,balanced
285,3351.417742328188,5,4,0.5,4,62.0,-211.19297237185617,False,4,2,94,1,PPO,balanced
286,3375.239952564798,4,1,0.875,16,,-205.88764070152652,False,4,1,95,1,PPO,balanced
287,3375.239952564798,4,4,0.5,0,25.0,-152.60816321580472,False,3,2,95,1,PPO,balanced
288,3410.3703690811926,3,1,0.875,16,,-145.0312095938271,False,3,1,96,1,PPO,balanced
289,3410.3703690811926,3,5,0.375,0,36.0,-98.36103585808945,False,2,2,96,1,PPO,balanced
290,3514.954826017056,2,1,0.875,16,,-77.6665641808039,False,2,1,97,1,PPO,balanced
291,3514.954826017056,2,4,0.5,0,64.0,-49.757727950869665,False,1,2,97,1,PPO,balanced
292,3554.1934566891623,1,0,1.0,16,,-38.73284289628519,False,1,1,98,1,PPO,balanced
293,3655.7902782828824,1,4,0.5,0,73.0,24.062255636922828,False,0,0,100,1,PPO,balanced
1,4.358050031525709,1,8,0.0,0,0.0,0.3418482289344847,False,1,1,0,2,PPO,balanced
2,10.776537448830862,1,4,0.5,0,1.0,1.00288865895393,False,1,2,0,2,PPO,balanced
3,19.620134998725973,1,3,0.625,0,2.0,1.934536964039556,False,1,3,0,2,PPO,balanced
4,34.7845653088465,1,1,0.875,16,,3.013930524136455,False,2,3,0,2,PPO,balanced
5,34.7845653088465,2,1,0.875,1,4.0,-0.3032886062024106,False,1,4,0,2,PPO,balanced
6,51.531730842125555,1,0,1.0,16,,3.5485594664517714,False,2,4,0,2,PPO,balanced
7,54.6269157153622,2,0,1.0,16,,0.011756906511704246,False,3,4,0,2,PPO,balanced
8,56.80800160782472,3,0,1.0,16,,-0.3476329922295789,False,4,4,0,2,PPO,balanced
9,63.12862611524208,4,0,1.0,16,,0.18160170091574201,False,5,4,0,2,PPO,balanced
10,70.31827137754945,5,0,1.0,16,,-0.3201076365924913,False,6,4,0,2,PPO,balanced
11,93.41819828029189,6,0,1.0,16,,0.8854715451871824,False,7,4,0,2,PPO,balanced
12,97.8757418020428,7,0,1.0,16,,-4.399180393105827,False,8,4,0,2,PPO,balanced
13,109.46417104982905,8,0,1.0,16,,-4.4706076412427915,False,9,4,0,2,PPO,balanced
14,119.75569243851365,9,0,1.0,16,,-4.647308455981433,False,9,3,1,2,PPO,balanced
15,119.75569243851365,9,4,0.5,5,8.0,-8.08764747668715,False,8,4,1,2,PPO,balanced
16,119.75569243851365,8,1,0.875,6,7.0,-6.828693660073372,False,7,5,1,2,PPO,balanced
17,120.86024676977611,7,0,1.0,16,,-4.707192683634501,False,7,4,2,2,PPO,balanced
18,120.86024676977611,7,2,0.75,4,12.0,-6.755409752051175,False,6,5,2,2,PPO,balanced
19,122.8193882545103,6,1,0.875,16,,-6.561944530433676,False,7,5,2,2,PPO,balanced
20,128.34763310450256,7,1,0.875,16,,-6.5551574482823876,False,8,5,2,2,PPO,balanced
21,128.34763310450256,8,1,0.875,3,14.0,-7.764461009218196,False,7,6,2,2,PPO,balanced
22,163.2146261272741,7,0,1.0,16,,-3.9290917767133298,False,8,6,2,2,PPO,balanced
23,178.25724334321797,8,0,1.0,16,,-9.292004482971263,False,8,5,3,2,PPO,balanced
24,181.15111017114373,8,1,0.875,16,,-12.882644110816594,False,8,4,4,2,PPO,balanced
25,181.15111017114373,8,2,0.75,6,15.0,-15.156947798547959,False,7,5,4,2,PPO,balanced
26,183.87173828134652,7,0,1.0,16,,-14.857678706425652,False,8,5,4,2,PPO,balanced
27,199.31703362705636,8,0,1.0,16,,-12.147759152862466,False,8,4,5,2,PPO,balanced
28,201.45811113989598,8,1,0.875,16,,-15.883294685410593,False,8,3,6,2,PPO,balanced
29,219.24032987323045,8,2,0.75,16,,-17.862644376177567,False,9,3,6,2,PPO,balanced
30,220.17023662467403,9,2,0.75,16,,-21.189836088041954,False,10,3,6,2,PPO,balanced
31,220.17023662467403,10,2,0.75,4,18.0,-21.364193603937625,False,9,4,6,2,PPO,balanced
32,222.09152431076603,9,0,1.0,16,,-21.229703465911186,False,10,4,6,2,PPO,balanced
33,223.18847201357636,10,0,1.0,16,,-21.655178002293667,False,11,4,6,2,PPO,balanced
34,228.650866928335,11,0,1.0,16,,-19.76554308055349,False,11,3,7,2,PPO,balanced
35,230.97311319910102,11,1,0.875,16,,-23.134044617081607,False,12,3,7,2,PPO,balanced
36,253.99061054984625,12,1,0.875,16,,-24.131157807515013,False,13,3,7,2,PPO,balanced
37,271.60064882487825,13,1,0.875,16,,-27.8926494318356,False,13,2,8,2,PPO,balanced
38,271.60064882487825,13,4,0.5,5,22.0,-33.392644538998205,False,12,3,8,2,PPO,balanced
39,273.1661643755693,12,0,1.0,16,,-33.3769893834913,False,13,3,8,2,PPO,balanced
40,282.98060542865704,13,0,1.0,16,,-33.866512681694935,False,14,3,8,2,PPO,balanced
41,296.8067440134128,14,0,1.0,16,,-36.734907102509545,False,15,3,8,2,PPO,balanced
42,308.9690561753446,15,0,1.0,16,,-40.79955735679508,False,16,3,8,2,PPO,balanced
43,315.36477745770236,16,0,1.0,16,,-42.287835887043066,False,16,2,9,2,PPO,balanced
44,315.36477745770236,16,2,0.75,15,25.0,-45.515605538746726,False,15,3,9,2,PPO,balanced
45,315.36477745770236,15,1,0.875,7,26.0,-45.387691113099564,False,14,4,9,2,PPO,balanced
46,323.34601883949387,14,0,1.0,16,,-45.62712835455331,False,15,4,9,2,PPO,balanced
47,330.28968515467926,15,0,1.0,16,,-47.96962201576045,False,16,4,9,2,PPO,balanced
48,332.0770706942595,16,0,1.0,16,,-47.83065558232742,False,16,3,10,2,PPO,balanced
49,332.0770706942595,16,2,0.75,15,28.0,-50.241754256430866,False,15,4,10,2,PPO,balanced
50,336.60534413241356,15,1,0.875,16,,-50.609676473280885,False,16,4,10,2,PPO,balanced
51,339.32647904838666,16,1,0.875,16,,-51.87575119811937,False,17,4,10,2,PPO,balanced
52,344.075354020476,17,1,0.875,16,,-53.046800551354316,False,18,4,10,2,PPO,balanced
53,344.075354020476,18,1,0.875,14,31.0,-54.08561695149887,False,17,5,10,2,PPO,balanced
54,361.50574036774526,17,0,1.0,16,,-55.6543517227531,False,18,5,10,2,PPO,balanced
55,372.15649640169073,18,0,1.0,16,,-61.18353147330441,False,19,5,10,2,PPO,balanced
56,396.09188860406994,19,0,1.0,16,,-66.95782146810008,False,20,5,10,2,PPO,balanced
57,405.10001022655877,20,0,1.0,16,,-74.2928877620682,False,21,5,10,2,PPO,balanced
58,409.76090213847,21,0,1.0,16,,-77.33726979271532,False,22,5,10,2,PPO,balanced
59,423.0075698301804,22,0,1.0,16,,-81.0193596321181,False,23,5,10,2,PPO,balanced
60,443.7772732654203,23,0,1.0,16,,-86.69266427644608,False,23,4,11,2,PPO,balanced
61,443.7772732654203,23,1,0.875,10,33.0,-92.45267459798148,False,22,5,11,2,PPO,balanced
62,447.235377434578,22,0,1.0,16,,-91.10971439012144,False,22,4,12,2,PPO,balanced
63,447.235377434578,22,4,0.5,5,30.0,-91.81606246468704,False,21,5,12,2,PPO,balanced
64,447.235377434578,21,1,0.875,10,35.0,-90.97335512052665,False,20,6,12,2,PPO,balanced
65,453.2684552499357,20,0,1.0,16,,-89.8783167928303,False,20,5,13,2,PPO,balanced
66,453.2684552499357,20,1,0.875,15,37.0,-92.78136853827462,False,19,6,13,2,PPO,balanced
67,467.0192459050374,19,0,1.0,16,,-94.56897132343784,False,20,6,13,2,PPO,balanced
68,478.9294143447016,20,0,1.0,16,,-99.79319425316291,False,21,6,13,2,PPO,balanced
69,483.3080040529999,21,0,1.0,16,,-101.51509661348966,False,21,5,14,2,PPO,balanced
70,483.3080040529999,21,1,0.875,5,39.0,-104.52217224639826,False,20,6,14,2,PPO,balanced
71,491.91434775210274,20,0,1.0,16,,-105.81312380126369,False,21,6,14,2,PPO,balanced
72,495.6227437955628,21,0,1.0,16,,-108.5951370534276,False,22,6,14,2,PPO,balanced
73,502.7225339054544,22,0,1.0,16,,-108.87119618517202,False,22,5,15,2,PPO,balanced
74,502.873000768841,22,1,0.875,16,,-112.6794345061692,False,23,5,15,2,PPO,balanced
75,506.1280565831901,23,1,0.875,16,,-111.49763134774673,False,23,4,16,2,PPO,balanced
76,506.1280565831901,23,2,0.75,4,27.0,-110.55403405226168,False,22,5,16,2,PPO,balanced
77,527.6177084865624,22,0,1.0,16,,-114.63706791390243,False,23,5,16,2,PPO,balanced
78,527.8848378328164,23,0,1.0,16,,-118.06557805245883,False,23,4,17,2,PPO,balanced
79,533.4755771207434,23,1,0.875,16,,-121.48112624223474,False,24,4,17,2,PPO,balanced
80,534.8508721892592,24,1,0.875,16,,-123.06339629811853,False,25,4,17,2,PPO,balanced
81,549.8131905391443,25,1,0.875,16,,-127.57239413026156,False,26,4,17,2,PPO,balanced
82,552.9599290707816,26,1,0.875,16,,-131.79335625195466,False,27,4,17,2,PPO,balanced
83,556.2136169090642,27,1,0.875,16,,-133.52695252379857,False,28,4,17,2,PPO,balanced
84,557.2252816654945,28,1,0.875,16,,-134.58392733655475,False,29,4,17,2,PPO,balanced
85,557.4502171426636,29,1,0.875,16,,-132.88648694315123,False,29,3,18,2,PPO,balanced
86,557.4502171426636,29,3,0.625,15,13.0,-126.2430750010189,False,28,4,18,2,PPO,balanced
87,567.2513333260225,28,0,1.0,16,,-129.28142101786014,False,29,4,18,2,PPO,balanced
88,576.2897495331961,29,0,1.0,16,,-134.71437741206714,False,30,4,18,2,PPO,balanced
89,577.9601004415624,30,0,1.0,16,,-135.55860428178875,False,30,3,19,2,PPO,balanced
90,577.9601004415624,30,3,0.625,15,51.0,-137.94278499071302,False,29,4,19,2,PPO,balanced
91,581.5997267652317,29,1,0.875,16,,-137.25760000013855,False,29,3,20,2,PPO,balanced
92,581.5997267652317,29,4,0.5,5,47.0,-139.4809723045522,False,28,4,20,2,PPO,balanced
93,587.4289067108608,28,0,1.0,16,,-141.28801808769722,False,29,4,20,2,PPO,balanced
94,590.5842514874164,29,0,1.0,16,,-141.78657685036785,False,29,3,21,2,PPO,balanced
95,595.0765760999492,29,1,0.875,16,,-144.19826531078422,False,29,2,22,2,PPO,balanced
96,595.0765760999492,29,2,0.75,3,20.0,-139.7431992380483,False,28,3,22,2,PPO,balanced
97,620.771068718562,28,0,1.0,16,,-147.70849194981827,False,29,3,22,2,PPO,balanced
98,625.7035976467471,29,0,1.0,16,,-155.75984965077257,False,30,3,22,2,PPO,balanced
99,639.587666873259,30,0,1.0,16,,-159.85240611209798,False,30,2,23,2,PPO,balanced
100,647.7595552145294,30,2,0.75,16,,-168.69432735950002,False,31,2,23,2,PPO,balanced
101,652.0766324486267,31,2,0.75,16,,-172.09369232723532,False,32,2,23,2,PPO,balanced
102,652.0766324486267,32,2,0.75,8,56.0,-172.90314430862855,False,31,3,23,2,PPO,balanced
103,665.0122381643682,31,0,1.0,16,,-175.6893184234529,False,31,2,24,2,PPO,balanced
104,671.2901725107934,31,2,0.75,16,,-183.63842645721718,False,32,2,24,2,PPO,balanced
105,674.7345459516014,32,2,0.75,16,,-186.37411812913749,False,33,2,24,2,PPO,balanced
106,675.5646636028482,33,2,0.75,16,,-185.41216873950313,False,33,1,25,2,PPO,balanced
107,675.5646636028482,33,4,0.5,5,36.0,-182.25174056982436,False,32,2,25,2,PPO,balanced
108,680.3903375009197,32,1,0.875,16,,-184.284555699387,False,33,2,25,2,PPO,balanced
109,680.3903375009197,33,1,0.875,13,59.0,-185.34017186459013,False,32,3,25,2,PPO,balanced
110,684.5156584997873,32,0,1.0,16,,-186.94904705414848,False,33,3,25,2,PPO,balanced
111,685.8640334732604,33,0,1.0,16,,-188.53321104298934,False,34,3,25,2,PPO,balanced
112,695.6423402737738,34,0,1.0,16,,-193.07497671057837,False,35,3,25,2,PPO,balanced
113,703.1367762947622,35,0,1.0,16,,-198.89204962015148,False,36,3,25,2,PPO,balanced
114,703.6701047334146,36,0,1.0,16,,-201.01632299156523,False,37,3,25,2,PPO,balanced
115,704.823971993214,37,0,1.0,16,,-199.71505005853004,False,37,2,26,2,PPO,balanced
116,704.823971993214,37,4,0.5,5,3.0,-188.29944013359008,False,36,3,26,2,PPO,balanced
117,721.8569654782904,36,0,1.0,16,,-196.304947071576,False,37,3,26,2,PPO,balanced
118,727.0801669195905,37,0,1.0,16,,-203.1225641490822,False,38,3,26,2,PPO,balanced
119,754.3924015019948,38,0,1.0,16,,-216.3576041464334,False,38,2,27,2,PPO,balanced
120,754.3924015019948,38,4,0.5,5,66.0,-224.63941810038637,False,37,3,27,2,PPO,balanced
121,754.3924015019948,37,2,0.75,15,63.0,-223.61430559624173,False,36,4,27,2,PPO,balanced
122,754.3924015019948,36,1,0.875,14,62.0,-222.43930437167728,False,35,5,27,2,PPO,balanced
123,763.5683814792415,35,0,1.0,16,,-226.5684953614383,False,36,5,27,2,PPO,balanced
124,770.6427676930127,36,0,1.0,16,,-230.18745187622247,False,36,4,28,2,PPO,balanced
125,779.6011429545453,36,1,0.875,16,,-238.44643402950848,False,37,4,28,2,PPO,balanced
126,781.8537238877365,37,1,0.875,16,,-241.58023642939463,False,38,4,28,2,PPO,balanced
127,789.668757327981,38,1,0.875,16,,-246.30287535806255,False,39,4,28,2,PPO,balanced
128,804.7187621633262,39,1,0.875,16,,-256.4592291369536,False,40,4,28,2,PPO,balanced
129,824.1574348884823,40,1,0.875,16,,-269.05014621618227,False,40,3,29,2,PPO,balanced
130,824.1574348884823,40,2,0.75,9,69.0,-274.45628165479525,False,39,4,29,2,PPO,balanced
131,829.5959646688929,39,0,1.0,16,,-275.33870243841284,False,39,3,30,2,PPO,balanced
132,835.1053775487424,39,1,0.875,16,,-279.790492862331,False,39,2,31,2,PPO,balanced
133,835.1053775487424,39,3,0.625,5,68.0,-281.8855922379142,False,38,3,31,2,PPO,balanced
134,851.2614628450908,38,0,1.0,16,,-288.1251957390519,False,38,2,32,2,PPO,balanced
135,851.2614628450908,38,3,0.625,12,40.0,-286.97727476127926,False,37,3,32,2,PPO,balanced
136,869.8253621238966,37,0,1.0,16,,-296.0735854078941,False,38,3,32,2,PPO,balanced
137,893.8031215609708,38,0,1.0,16,,-310.9432175405034,False,38,2,33,2,PPO,balanced
138,893.8031215609708,38,2,0.75,7,64.0,-315.1349970632208,False,37,3,33,2,PPO,balanced
139,899.152245292204,37,0,1.0,16,,-317.75606769152506,False,38,3,33,2,PPO,balanced
140,906.5641613966617,38,0,1.0,16,,-322.87342583760676,False,39,3,33,2,PPO,balanced
141,915.7708729112486,39,0,1.0,16,,-329.60596196645224,False,40,3,33,2,PPO,balanced
142,932.2533300008386,40,0,1.0,16,,-338.9729912443735,False,40,2,34,2,PPO,balanced
143,932.2533300008386,40,3,0.625,5,73.0,-344.43158382259827,False,39,3,34,2,PPO,balanced
144,932.2533300008386,39,2,0.75,15,75.0,-344.10193468080644,False,38,4,34,2,PPO,balanced
145,945.0839344939869,38,1,0.875,16,,-351.046499362723,False,39,4,34,2,PPO,balanced
146,956.1972871279564,39,1,0.875,16,,-360.0905632614146,False,40,4,34,2,PPO,balanced
147,986.9350053251209,40,1,0.875,16,,-380.38790785219726,False,41,4,34,2,PPO,balanced
148,987.8088290417974,41,1,0.875,16,,-385.63717021747874,False,41,3,35,2,PPO,balanced
149,987.8088290417974,41,3,0.625,5,78.0,-387.8108426811682,False,40,4,35,2,PPO,balanced
150,987.88772456157,40,0,1.0,16,,-387.8542352170432,False,41,4,35,2,PPO,balanced
151,989.4214312405517,41,0,1.0,16,,-388.74817190400586,False,42,4,35,2,PPO,balanced
152,994.341061640381,42,0,1.0,16,,-392.0341805096506,False,43,4,35,2,PPO,balanced
153,1007.1506496452198,43,0,1.0,16,,-399.07793679255957,False,43,3,36,2,PPO,balanced
154,1007.1506496452198,43,1,0.875,10,79.0,-403.8950752920963,False,42,4,36,2,PPO,balanced
155,1011.7334637226872,42,0,1.0,16,,-406.59893559780204,False,43,4,36,2,PPO,balanced
156,1022.5131411351698,43,0,1.0,16,,-412.32024233878326,False,43,3,37,2,PPO,balanced
157,1022.5131411351698,43,3,0.625,15,46.0,-407.5611626799834,False,42,4,37,2,PPO,balanced
158,1029.498683222287,42,0,1.0,16,,-409.6826325113825,False,42,3,38,2,PPO,balanced
159,1029.498683222287,42,3,0.625,9,76.0,-411.7407230585958,False,41,4,38,2,PPO,balanced
160,1046.733149794387,41,0,1.0,16,,-421.5643690046928,False,42,4,38,2,PPO,balanced
161,1046.9517012334927,42,0,1.0,16,,-426.00193099679024,False,43,4,38,2,PPO,balanced
162,1052.780813652343,43,0,1.0,16,,-429.61232743206546,False,44,4,38,2,PPO,balanced
163,1052.9661927049262,44,0,1.0,16,,-431.18639433990535,False,45,4,38,2,PPO,balanced
164,1060.776859882821,45,0,1.0,16,,-436.30967276868284,False,46,4,38,2,PPO,balanced
165,1062.087358021167,46,0,1.0,16,,-439.14037331584825,False,47,4,38,2,PPO,balanced
166,1064.56966077296,47,0,1.0,16,,-441.18078674917194,False,48,4,38,2,PPO,balanced
167,1075.2631837862853,48,0,1.0,16,,-447.39376377658107,False,48,3,39,2,PPO,balanced
168,1075.2631837862853,48,1,0.875,11,88.0,-451.80362801461007,False,47,4,39,2,PPO,balanced
169,1101.0383762059566,47,0,1.0,16,,-469.58851078418337,False,48,4,39,2,PPO,balanced
170,1109.1421828689217,48,0,1.0,16,,-481.7860116198064,False,49,4,39,2,PPO,balanced
171,1114.1664758507122,49,0,1.0,16,,-487.47969716225475,False,50,4,39,2,PPO,balanced
172,1115.0931186125295,50,0,1.0,16,,-489.4307524790653,False,51,4,39,2,PPO,balanced
173,1129.4385740768078,51,0,1.0,16,,-500.7084138770138,False,52,4,39,2,PPO,balanced
174,1132.430051057517,52,0,1.0,16,,-506.65804455784365,False,53,4,39,2,PPO,balanced
175,1141.5688688416642,53,0,1.0,16,,-514.8083562081803,False,54,4,39,2,PPO,balanced
176,1141.653063453071,54,0,1.0,16,,-517.1629421816847,False,55,4,39,2,PPO,balanced
177,1147.9776569279838,55,0,1.0,16,,-520.5598952882123,False,55,3,40,2,PPO,balanced
178,1147.9776569279838,55,3,0.625,6,92.0,-523.4648200353951,False,54,4,40,2,PPO,balanced
179,1147.9776569279838,54,1,0.875,6,93.0,-522.807129269086,False,53,5,40,2,PPO,balanced
180,1152.5323011436687,53,0,1.0,16,,-526.4963910837907,False,54,5,40,2,PPO,balanced
181,1154.956903205718,54,0,1.0,16,,-527.6474718492129,False,54,4,41,2,PPO,balanced
182,1154.956903205718,54,3,0.625,6,95.0,-529.8030853217612,False,53,5,41,2,PPO,balanced
183,1162.82477562426,53,1,0.875,16,,-536.4219329938596,False,54,5,41,2,PPO,balanced
184,1166.3849582975236,54,1,0.875,16,,-539.209237412764,False,54,4,42,2,PPO,balanced
185,1202.320312884917,54,2,0.75,16,,-572.060331341789,False,54,3,43,2,PPO,balanced
186,1202.320312884917,54,4,0.5,5,89.0,-578.0431972846862,False,53,4,43,2,PPO,balanced
187,1214.98655072377,53,0,1.0,16,,-586.3028499341572,False,53,3,44,2,PPO,balanced
188,1228.0737158358259,53,1,0.875,16,,-600.4789870443873,False,53,2,45,2,PPO,balanced
189,1228.0737158358259,53,3,0.625,6,98.0,-603.8309761188063,False,52,3,45,2,PPO,balanced
190,1263.1985603525065,52,0,1.0,16,,-629.5796032869841,False,52,2,46,2,PPO,balanced
191,1263.1985603525065,52,4,0.5,5,97.0,-637.9299044781657,False,51,3,46,2,PPO,balanced
192,1268.632620298547,51,0,1.0,16,,-640.1141306366167,False,51,2,47,2,PPO,balanced
193,1322.4189657554105,51,1,0.875,16,,-684.5689549204386,False,51,1,48,2,PPO,balanced
194,1322.4189657554105,51,5,0.375,5,45.0,-682.5833561178046,False,50,2,48,2,PPO,balanced
195,1331.7596490686976,50,1,0.875,16,,-687.8807649563101,False,50,1,49,2,PPO,balanced
196,1331.7596490686976,50,4,0.5,5,54.0,-677.8029184026527,False,49,2,49,2,PPO,balanced
197,1381.3874462513936,49,0,1.0,16,,-712.0312103460208,False,49,1,50,2,PPO,balanced
198,1381.3874462513936,49,4,0.5,5,71.0,-714.9047859599334,False,48,2,50,2,PPO,balanced
199,1399.8366639633741,48,1,0.875,16,,-726.5802685889389,False,48,1,51,2,PPO,balanced
200,1399.8366639633741,48,5,0.375,5,72.0,-722.0158089266451,False,47,2,51,2,PPO,balanced
201,1550.0941852490546,47,1,0.875,16,,-828.3890461539422,False,47,1,52,2,PPO,balanced
202,1550.0941852490546,47,5,0.375,5,82.0,-852.4906645046575,False,46,2,52,2,PPO,balanced
203,1553.8638691224623,46,1,0.875,16,,-853.1341553208847,False,46,1,53,2,PPO,balanced
204,1553.8638691224623,46,4,0.5,5,9.0,-826.2878617132944,False,45,2,53,2,PPO,balanced
205,1618.7324455819767,45,0,1.0,16,,-866.4524364119786,False,45,1,54,2,PPO,balanced
206,1618.7324455819767,45,4,0.5,5,19.0,-856.736762101433,False,44,2,54,2,PPO,balanced
207,1638.8246577773511,44,0,1.0,16,,-867.394855784519,False,44,1,55,2,PPO,balanced
208,1638.8246577773511,44,4,0.5,5,34.0,-849.5632534498969,False,43,2,55,2,PPO,balanced
209,1689.2855996776693,43,0,1.0,16,,-878.3444280090911,False,43,1,56,2,PPO,balanced
210,1689.2855996776693,43,4,0.5,5,42.0,-869.2314115059941,False,42,2,56,2,PPO,balanced
211,1746.3099669957303,42,0,1.0,16,,-900.87578822365,False,42,1,57,2,PPO,balanced
212,1746.3099669957303,42,4,0.5,5,70.0,-897.9990558598101,False,41,2,57,2,PPO,balanced
213,1749.5797214494269,41,0,1.0,16,,-897.8628158984175,False,41,1,58,2,PPO,balanced
214,1749.5797214494269,41,4,0.5,5,80.0,-885.4770887076639,False,40,2,58,2,PPO,balanced
215,1749.5797214494269,40,2,0.75,12,24.0,-856.1451063872486,False,39,3,58,2,PPO,balanced
216,1777.9906743288595,39,0,1.0,16,,-869.2029114133479,False,39,2,59,2,PPO,balanced
217,1777.9906743288595,39,2,0.75,13,48.0,-853.8701084848101,False,38,3,59,2,PPO,balanced
218,1854.7391114247202,38,1,0.875,16,,-893.4102000629448,False,38,2,60,2,PPO,balanced
219,1854.7391114247202,38,5,0.375,5,81.0,-894.9909596819774,False,37,3,60,2,PPO,balanced
220,1895.459932027388,37,1,0.875,16,,-914.2166874211181,False,37,2,61,2,PPO,balanced
221,1895.459932027388,37,5,0.375,5,85.0,-908.2707845604507,False,36,3,61,2,PPO,balanced
222,1895.459932027388,36,2,0.75,11,52.0,-882.1101640541202,False,35,4,61,2,PPO,balanced
223,1896.8214712059985,35,0,1.0,16,,-880.7228566844949,False,35,3,62,2,PPO,balanced
224,1921.8539487805526,35,1,0.875,16,,-893.1101213119018,False,35,2,63,2,PPO,balanced
225,1921.8539487805526,35,3,0.625,12,57.0,-875.5747002559402,False,34,3,63,2,PPO,balanced
226,1921.8539487805526,34,1,0.875,15,67.0,-852.4089889099141,False,33,4,63,2,PPO,balanced
227,1924.8649315490359,33,0,1.0,16,,-851.6434918449921,False,33,3,64,2,PPO,balanced
228,1924.8649315490359,33,2,0.75,15,74.0,-834.0302221340654,False,32,4,64,2,PPO,balanced
229,1953.7776851525773,32,1,0.875,16,,-844.2097195895572,False,32,3,65,2,PPO,balanced
230,1953.7776851525773,32,2,0.75,15,77.0,-832.5827764798396,False,31,4,65,2,PPO,balanced
231,2026.21267478568,31,0,1.0,16,,-857.3837226440876,False,31,3,66,2,PPO,balanced
232,2026.21267478568,31,3,0.625,15,83.0,-857.9028795525373,False,30,4,66,2,PPO,balanced
233,2032.58088586613,30,1,0.875,16,,-858.330760026959,False,30,3,67,2,PPO,balanced
234,2032.58088586613,30,3,0.625,15,87.0,-842.2877256811412,False,29,4,67,2,PPO,balanced
235,2038.4869327196755,29,0,1.0,16,,-842.2367211428112,False,29,3,68,2,PPO,balanced
236,2038.4869327196755,29,1,0.875,15,91.0,-827.1263378591824,False,28,4,68,2,PPO,balanced
237,2067.0316899756435,28,0,1.0,16,,-833.9752126085325,False,28,3,69,2,PPO,balanced
238,2067.0316899756435,28,2,0.75,15,99.0,-825.027263635497,False,27,4,69,2,PPO,balanced
239,2075.845273654952,27,0,1.0,16,,-825.5832029024965,False,27,3,70,2,PPO,balanced
240,2075.845273654952,27,2,0.75,13,60.0,-801.9600065192202,False,26,4,70,2,PPO,balanced
241,2136.1634429599526,26,0,1.0,16,,-816.2459122315704,False,26,3,71,2,PPO,balanced
242,2144.193220135561,26,2,0.75,16,,-833.9953554687104,False,26,2,72,2,PPO,balanced
243,2144.193220135561,26,4,0.5,5,86.0,-815.6763981405243,False,25,3,72,2,PPO,balanced
244,2151.4317507732403,25,0,1.0,16,,-815.486030799944,False,25,2,73,2,PPO,balanced
245,2151.4317507732403,25,3,0.625,6,17.0,-780.6518350413637,False,24,3,73,2,PPO,balanced
246,2213.064626876271,24,0,1.0,16,,-792.8273965450608,False,24,2,74,2,PPO,balanced
247,2229.047356015814,24,1,0.875,16,,-812.4111035585239,False,24,1,75,2,PPO,balanced
248,2229.047356015814,24,4,0.5,5,96.0,-796.1577558143159,False,23,2,75,2,PPO,balanced
249,2304.1425374429377,23,0,1.0,16,,-809.9277439140119,False,23,1,76,2,PPO,balanced
250,2304.1425374429377,23,4,0.5,5,21.0,-789.2381507859162,False,22,2,76,2,PPO,balanced
251,2336.4924909156343,22,0,1.0,16,,-793.3846419457286,False,22,1,77,2,PPO,balanced
252,2336.4924909156343,22,4,0.5,5,23.0,-762.2056037831014,False,21,2,77,2,PPO,balanced
253,2424.099024926659,21,0,1.0,16,,-775.0987145649756,False,21,1,78,2,PPO,balanced
254,2424.099024926659,21,4,0.5,5,38.0,-759.8587524872992,False,20,2,78,2,PPO,balanced
255,2477.8271391902263,20,0,1.0,16,,-765.9179696268343,False,20,1,79,2,PPO,balanced
256,2477.8271391902263,20,4,0.5,5,53.0,-744.2088767832929,False,19,2,79,2,PPO,balanced
257,2526.8702621789453,19,0,1.0,16,,-748.5844827718264,False,19,1,80,2,PPO,balanced
258,2526.8702621789453,19,4,0.5,5,58.0,-725.8025491944593,False,18,2,80,2,PPO,balanced
259,2526.8702621789453,18,1,0.875,10,43.0,-685.8174981206116,False,17,3,80,2,PPO,balanced
260,2554.926090318739,17,0,1.0,16,,-686.3425226531931,False,17,2,81,2,PPO,balanced
261,2554.926090318739,17,3,0.625,10,44.0,-654.9274694241816,False,16,3,81,2,PPO,balanced
262,2582.070327945919,16,0,1.0,16,,-654.8275660580842,False,16,2,82,2,PPO,balanced
263,2582.070327945919,16,3,0.625,15,94.0,-634.560990387497,False,15,3,82,2,PPO,balanced
264,2582.070327945919,15,2,0.75,12,55.0,-595.8747749328692,False,14,4,82,2,PPO,balanced
265,2586.917565187961,14,0,1.0,16,,-594.0201920501305,False,14,3,83,2,PPO,balanced
266,2586.917565187961,14,4,0.5,5,65.0,-559.9307893664475,False,13,4,83,2,PPO,balanced
267,2604.2225387847384,13,0,1.0,16,,-558.1038391024153,False,13,3,84,2,PPO,balanced
268,2604.229011153022,13,1,0.875,16,,-562.4303494868014,False,13,2,85,2,PPO,balanced
269,2604.229011153022,13,2,0.75,11,84.0,-533.2862191189728,False,12,3,85,2,PPO,balanced
270,2626.3280472053307,12,0,1.0,16,,-531.0652287584497,False,12,2,86,2,PPO,balanced
271,2626.3280472053307,12,4,0.5,5,11.0,-488.02094166346114,False,11,3,86,2,PPO,balanced
272,2660.288410605511,11,0,1.0,16,,-485.00213076145576,False,11,2,87,2,PPO,balanced
273,2735.828397212511,11,2,0.75,16,,-495.94727117622836,False,11,1,88,2,PPO,balanced
274,2735.828397212511,11,6,0.25,5,16.0,-461.07188548641756,False,10,2,88,2,PPO,balanced
275,2735.828397212511,10,3,0.625,6,32.0,-413.5854323495222,False,9,3,88,2,PPO,balanced
276,2738.76911368658,9,0,1.0,16,,-411.3795821963373,False,9,2,89,2,PPO,balanced
277,2801.1823915648893,9,2,0.75,16,,-411.64666173076733,False,9,1,90,2,PPO,balanced
278,2801.1823915648893,9,5,0.375,5,29.0,-376.0576103843008,False,8,2,90,2,PPO,balanced
279,2906.8541198408448,8,1,0.875,16,,-367.8493963480884,False,8,1,91,2,PPO,balanced
280,2906.8541198408448,8,4,0.5,5,49.0,-345.9725101449466,False,7,2,91,2,PPO,balanced
281,2937.635383329365,7,0,1.0,16,,-340.5865711612094,False,7,1,92,2,PPO,balanced
282,2937.635383329365,7,4,0.5,5,50.0,-302.8742060332726,False,6,2,92,2,PPO,balanced
283,2952.318337539011,6,1,0.875,16,,-299.42426430507015,False,6,1,93,2,PPO,balanced
284,2952.318337539011,6,5,0.375,5,90.0,-267.61056131176906,False,5,2,93,2,PPO,balanced
285,3004.9310240609825,5,1,0.875,16,,-259.36280478728486,False,5,1,94,2,PPO,balanced
286,3004.9310240609825,5,5,0.375,4,61.0,-226.49049015221175,False,4,2,94,2,PPO,balanced
287,3089.3266542354454,4,1,0.875,16,,-212.780596465505,False,4,1,95,2,PPO,balanced
288,3089.3266542354454,4,4,0.5,0,5.0,-172.4862420983024,False,3,2,95,2,PPO,balanced
289,3093.70398504173,3,0,1.0,16,,-169.6545492451083,False,3,1,96,2,PPO,balanced
290,3093.70398504173,3,4,0.5,0,6.0,-111.96734056015212,False,2,2,96,2,PPO,balanced
291,3117.7637971756935,2,0,1.0,16,,-104.91478001201978,False,2,1,97,2,PPO,balanced
292,3117.7637971756935,2,4,0.5,0,10.0,-52.442821067602615,False,1,2,97,2,PPO,balanced
293,3127.482515473962,1,0,1.0,16,,-48.207515859000885,False,1,1,98,2,PPO,balanced
294,3292.5954744055844,1,4,0.5,0,41.0,32.05050817120127,False,0,0,100,2,PPO,balanced
1,6.245896078146796,1,8,0.0,0,0.0,0.4566291487191842,False,1,1,0,3,PPO,balanced
2,23.740158054637277,1,5,0.375,0,1.0,2.18678274706131,False,1,2,0,3,PPO,balanced
3,51.242009251904534,1,4,0.5,0,2.0,5.156597099487611,False,1,3,0,3,PPO,balanced
4,54.21238395048956,1,2,0.75,16,,2.4975377620129913,False,1,2,1,3,PPO,balanced
5,55.53568199150856,1,5,0.375,0,3.0,0.24811838269106268,False,1,3,1,3,PPO,balanced
6,58.75862602990708,1,2,0.75,0,4.0,0.8057360095996291,False,1,4,1,3,PPO,balanced
7,64.19045745573224,1,0,1.0,16,,1.2493212279397883,False,2,4,1,3,PPO,balanced
8,65.47287333119986,2,0,1.0,16,,0.16067070533169697,False,3,4,1,3,PPO,balanced
9,77.98489291818345,3,0,1.0,16,,2.2173504579916727,False,4,4,1,3,PPO,balanced
10,78.813743410487,4,0,1.0,16,,-0.7697498550626182,False,5,4,1,3,PPO,balanced
11,84.45449819492654,5,0,1.0,16,,-0.1308492604725775,False,6,4,1,3,PPO,balanced
12,87.12160233939518,6,0,1.0,16,,0.8056855821984596,False,6,3,2,3,PPO,balanced
13,89.13912135071577,6,1,0.875,16,,0.33813954844921,False,6,2,3,3,PPO,balanced
14,89.13912135071577,6,4,0.5,5,8.0,-1.8801081666265222,False,5,3,3,3,PPO,balanced
15,99.55641039888634,5,2,0.75,16,,1.0314046250884026,False,5,2,4,3,PPO,balanced
16,99.55641039888634,5,4,0.5,4,7.0,-2.24016633008985,False,4,3,4,3,PPO,balanced
17,126.2999792698435,4,1,0.875,16,,1.4705038507554544,False,5,3,4,3,PPO,balanced
18,129.6316215051729,5,1,0.875,16,,-3.984019324321058,False,6,3,4,3,PPO,balanced
19,145.69845221136816,6,1,0.875,16,,-3.12621653106258,False,7,3,4,3,PPO,balanced
20,145.69845221136816,7,1,0.875,6,13.0,-6.640835748042795,False,6,4,4,3,PPO,balanced
21,152.14865303102272,6,0,1.0,16,,-5.802309641487703,False,7,4,4,3,PPO,balanced
22,160.0008690052635,7,0,1.0,16,,-4.551116089234856,False,7,3,5,3,PPO,balanced
23,165.60321237226643,7,2,0.75,16,,-6.248058772862413,False,7,2,6,3,PPO,balanced
24,165.60321237226643,7,4,0.5,5,11.0,-8.512433492127002,False,6,3,6,3,PPO,balanced
25,174.39109050424875,6,0,1.0,16,,-5.3700093349693,False,6,2,7,3,PPO,balanced
26,174.39109050424875,6,3,0.625,4,12.0,-8.671789487983364,False,5,3,7,3,PPO,balanced
27,177.5768473022394,5,0,1.0,16,,-8.193925968284766,False,6,3,7,3,PPO,balanced
28,188.92271871254962,6,0,1.0,16,,-7.515401884442101,False,7,3,7,3,PPO,balanced
29,204.72189114305374,7,0,1.0,16,,-6.613960769664205,False,7,2,8,3,PPO,balanced
30,207.48285784886605,7,1,0.875,16,,-12.34632774920751,False,8,2,8,3,PPO,balanced
31,207.48285784886605,8,1,0.875,0,17.0,-12.950289216103954,False,7,3,8,3,PPO,balanced
32,211.0989529953521,7,0,1.0,16,,-12.552518749990488,False,8,3,8,3,PPO,balanced
33,213.3205432948557,8,0,1.0,16,,-13.25659940965668,False,9,3,8,3,PPO,balanced
34,213.3430374072596,9,0,1.0,16,,-13.810422396664304,False,10,3,8,3,PPO,balanced
35,227.90584914176188,10,0,1.0,16,,-13.087905338040166,False,11,3,8,3,PPO,balanced
36,239.08613336658118,11,0,1.0,16,,-16.393199744921155,False,12,3,8,3,PPO,balanced
37,247.6481605451848,12,0,1.0,16,,-17.102650529339947,False,12,2,9,3,PPO,balanced
38,247.6481605451848,12,3,0.625,5,18.0,-20.512173172994196,False,11,3,9,3,PPO,balanced
39,250.46476926449571,11,0,1.0,16,,-18.42767491141487,False,11,2,10,3,PPO,balanced
40,250.46476926449571,11,1,0.875,10,21.0,-20.68064868878792,False,10,3,10,3,PPO,balanced
41,254.2886199733049,10,0,1.0,16,,-20.48945615334746,False,11,3,10,3,PPO,balanced
42,262.45850660153314,11,0,1.0,16,,-21.200322231702906,False,12,3,10,3,PPO,balanced
43,267.618805325145,12,0,1.0,16,,-21.191190901523854,False,12,2,11,3,PPO,balanced
44,267.618805325145,12,4,0.5,5,19.0,-23.39530034182103,False,11,3,11,3,PPO,balanced
45,269.64114069727395,11,0,1.0,16,,-23.334630280657162,False,12,3,11,3,PPO,balanced
46,276.13290852253226,12,0,1.0,16,,-21.77529644543682,False,12,2,12,3,PPO,balanced
47,276.13290852253226,12,3,0.625,5,10.0,-21.56467019519928,False,11,3,12,3,PPO,balanced
48,277.0137029744165,11,0,1.0,16,,-21.538246361642752,False,12,3,12,3,PPO,balanced
49,284.3128578348477,12,0,1.0,16,,-21.685453426009502,False,13,3,12,3,PPO,balanced
50,284.8297400187425,13,0,1.0,16,,-23.51541096295625,False,14,3,12,3,PPO,balanced
51,311.79064942413413,14,0,1.0,16,,-24.453458791091688,False,15,3,12,3,PPO,balanced
52,329.47026022356073,15,0,1.0,16,,-32.077666682410936,False,16,3,12,3,PPO,balanced
53,330.289990290302,16,0,1.0,16,,-36.554950486939475,False,17,3,12,3,PPO,balanced
54,348.5079775658144,17,0,1.0,16,,-38.399501858420905,False,18,3,12,3,PPO,balanced
55,386.7759145596382,18,0,1.0,16,,-47.16347174661962,False,19,3,12,3,PPO,balanced
56,389.3467591627439,19,0,1.0,16,,-57.064665793479314,False,20,3,12,3,PPO,balanced
57,399.03044370974965,20,0,1.0,16,,-59.159929626306614,False,21,3,12,3,PPO,balanced
58,400.6313705696344,21,0,1.0,16,,-61.85300832923845,False,22,3,12,3,PPO,balanced
59,406.03340450156907,22,0,1.0,16,,-61.27962649127723,False,22,2,13,3,PPO,balanced
60,406.03340450156907,22,1,0.875,6,25.0,-61.90228969817499,False,21,3,13,3,PPO,balanced
61,409.19729429859376,21,0,1.0,16,,-60.44015096366919,False,21,2,14,3,PPO,balanced
62,409.19729429859376,21,3,0.625,5,9.0,-56.62345239516322,False,20,3,14,3,PPO,balanced
63,410.4716472716136,20,0,1.0,16,,-54.8146053411162,False,20,2,15,3,PPO,balanced
64,410.4716472716136,20,4,0.5,5,28.0,-54.62035543931375,False,19,3,15,3,PPO,balanced
65,410.4716472716136,19,3,0.625,5,29.0,-52.64673548236416,False,18,4,15,3,PPO,balanced
66,410.4716472716136,18,1,0.875,10,33.0,-52.17282082812465,False,17,5,15,3,PPO,balanced
67,416.0030061388305,17,0,1.0,16,,-52.67064312617416,False,18,5,15,3,PPO,balanced
68,442.59414702421617,18,0,1.0,16,,-56.97850834037081,False,19,5,15,3,PPO,balanced
69,445.9011301997092,19,0,1.0,16,,-62.05620137453133,False,19,4,16,3,PPO,balanced
70,445.9011301997092,19,3,0.625,5,32.0,-62.93508411572669,False,18,5,16,3,PPO,balanced
71,445.9011301997092,18,1,0.875,6,35.0,-61.9976703859275,False,17,6,16,3,PPO,balanced
72,451.62887090476875,17,0,1.0,16,,-60.51316704938285,False,17,5,17,3,PPO,balanced
73,451.62887090476875,17,1,0.875,6,26.0,-60.45279886704069,False,16,6,17,3,PPO,balanced
74,453.91907003849644,16,0,1.0,16,,-60.61311280640163,False,17,6,17,3,PPO,balanced
75,470.2225141467467,17,0,1.0,16,,-60.652972559576085,False,17,5,18,3,PPO,balanced
76,470.2225141467467,17,2,0.75,5,34.0,-65.11131848695858,False,16,6,18,3,PPO,balanced
77,470.8598870787796,16,0,1.0,16,,-65.15593459220088,False,17,6,18,3,PPO,balanced
78,485.3249551094523,17,0,1.0,16,,-66.61713394796966,False,18,6,18,3,PPO,balanced
79,494.80184640911426,18,0,1.0,16,,-71.27585899860064,False,19,6,18,3,PPO,balanced
80,516.9294982379017,19,0,1.0,16,,-76.52167656125852,False,20,6,18,3,PPO,balanced
81,520.2282303657282,20,0,1.0,16,,-80.54839933762935,False,20,5,19,3,PPO,balanced
82,520.2282303657282,20,1,0.875,5,40.0,-82.38571550384701,False,19,6,19,3,PPO,balanced
83,521.7889689853146,19,0,1.0,16,,-82.58861152439323,False,20,6,19,3,PPO,balanced
84,532.874685867488,20,0,1.0,16,,-82.64165371161583,False,20,5,20,3,PPO,balanced
85,532.874685867488,20,1,0.875,11,23.0,-81.84136161427553,False,19,6,20,3,PPO,balanced
86,539.8398780765926,19,0,1.0,16,,-80.74683660145912,False,19,5,21,3,PPO,balanced
87,539.8398780765926,19,2,0.75,6,30.0,-80.28074229667466,False,18,6,21,3,PPO,balanced
88,547.2739547783609,18,0,1.0,16,,-79.09849073386917,False,18,5,22,3,PPO,balanced
89,547.2739547783609,18,2,0.75,6,41.0,-81.71802991593306,False,17,6,22,3,PPO,balanced
90,547.2905739937376,17,0,1.0,16,,-81.71952564531695,False,18,6,22,3,PPO,balanced
91,562.0157261101248,18,0,1.0,16,,-81.3434471819637,False,18,5,23,3,PPO,balanced
92,562.0157261101248,18,1,0.875,1,27.0,-81.47067784555497,False,17,6,23,3,PPO,balanced
93,602.1957667818623,17,0,1.0,16,,-83.08688150601134,False,17,5,24,3,PPO,balanced
94,602.7917275691788,17,1,0.875,16,,-95.20415191940785,False,18,5,24,3,PPO,balanced
95,604.5314136857576,18,1,0.875,16,,-93.58024900560008,False,18,4,25,3,PPO,balanced
96,604.5314136857576,18,2,0.75,11,31.0,-90.4759768756926,False,17,5,25,3,PPO,balanced
97,605.2489976661503,17,0,1.0,16,,-90.54055943392794,False,18,5,25,3,PPO,balanced
98,634.9956096245805,18,0,1.0,16,,-93.99208274445344,False,19,5,25,3,PPO,balanced
99,636.4743606784073,19,0,1.0,16,,-99.62097337105848,False,19,4,26,3,PPO,balanced
100,643.9189268454735,19,1,0.875,16,,-103.19109742895458,False,20,4,26,3,PPO,balanced
101,650.3836941874995,20,1,0.875,16,,-105.99133535874253,False,21,4,26,3,PPO,balanced
102,652.938372408852,21,1,0.875,16,,-107.91963220685791,False,22,4,26,3,PPO,balanced
103,657.251692090226,22,1,0.875,16,,-107.43279004728281,False,22,3,27,3,PPO,balanced
104,657.251692090226,22,3,0.625,5,45.0,-108.17710636565359,False,21,4,27,3,PPO,balanced
105,666.4601860702394,21,0,1.0,16,,-107.74255034225585,False,21,3,28,3,PPO,balanced
106,666.4601860702394,21,2,0.75,5,49.0,-111.59384865276387,False,20,4,28,3,PPO,balanced
107,669.9716583601619,20,0,1.0,16,,-110.12056949625224,False,20,3,29,3,PPO,balanced
108,692.052096342813,20,1,0.875,16,,-117.00051695308838,False,21,3,29,3,PPO,balanced
109,692.052096342813,21,1,0.875,3,52.0,-121.8306127617933,False,20,4,29,3,PPO,balanced
110,693.6198169074753,20,0,1.0,16,,-122.06577084649265,False,21,4,29,3,PPO,balanced
111,709.295752877049,21,0,1.0,16,,-123.12261010248577,False,21,3,30,3,PPO,balanced
112,709.295752877049,21,3,0.625,6,46.0,-126.91151358872182,False,20,4,30,3,PPO,balanced
113,711.945318532445,20,0,1.0,16,,-127.3089484370312,False,21,4,30,3,PPO,balanced
114,719.5967418992938,21,0,1.0,16,,-129.27208182324446,False,22,4,30,3,PPO,balanced
115,722.9327449240066,22,0,1.0,16,,-129.81877823965212,False,22,3,31,3,PPO,balanced
116,722.9327449240066,22,2,0.75,10,15.0,-121.74566104339496,False,21,4,31,3,PPO,balanced
117,740.289159488133,21,0,1.0,16,,-122.69625151929645,False,21,3,32,3,PPO,balanced
118,740.289159488133,21,2,0.75,7,47.0,-126.33455192388841,False,20,4,32,3,PPO,balanced
119,751.0595731639432,20,0,1.0,16,,-127.95011397525994,False,21,4,32,3,PPO,balanced
120,754.6277839228671,21,0,1.0,16,,-129.24931322322956,False,21,3,33,3,PPO,balanced
121,765.5258682957642,21,1,0.875,16,,-134.3346053930061,False,22,3,33,3,PPO,balanced
122,818.7036857340058,22,1,0.875,16,,-148.4841534577883,False,23,3,33,3,PPO,balanced
123,818.7036857340058,23,1,0.875,5,58.0,-160.11680102240365,False,22,4,33,3,PPO,balanced
124,821.2748997190552,22,0,1.0,16,,-160.60533167956302,False,23,4,33,3,PPO,balanced
125,823.6082113424526,23,0,1.0,16,,-161.7381306167388,False,24,4,33,3,PPO,balanced
126,842.1444104060433,24,0,1.0,16,,-164.58478430721405,False,24,3,34,3,PPO,balanced
127,846.1297565157682,24,1,0.875,16,,-172.26000574427732,False,25,3,34,3,PPO,balanced
128,847.3921682217597,25,1,0.875,16,,-171.48685349808977,False,25,2,35,3,PPO,balanced
129,847.3921682217597,25,4,0.5,5,5.0,-157.99033521493834,False,24,3,35,3,PPO,balanced
130,851.6146660921859,24,1,0.875,16,,-159.09346278358717,False,25,3,35,3,PPO,balanced
131,851.6146660921859,25,1,0.875,5,62.0,-160.0171341927429,False,24,4,35,3,PPO,balanced
132,867.316181819787,24,0,1.0,16,,-161.62848281009116,False,24,3,36,3,PPO,balanced
133,867.316181819787,24,2,0.75,6,59.0,-166.63303609997678,False,23,4,36,3,PPO,balanced
134,881.873753837695,23,0,1.0,16,,-167.69012622373745,False,23,3,37,3,PPO,balanced
135,885.8667898637538,23,1,0.875,16,,-174.29283916950115,False,24,3,37,3,PPO,balanced
136,892.8421602308384,24,1,0.875,16,,-174.9886313086024,False,24,2,38,3,PPO,balanced
137,892.8421602308384,24,3,0.625,11,22.0,-165.43937303911702,False,23,3,38,3,PPO,balanced
138,899.7712923100266,23,0,1.0,16,,-166.89449077574653,False,24,3,38,3,PPO,balanced
139,906.6327943668779,24,0,1.0,16,,-170.20491926861936,False,25,3,38,3,PPO,balanced
140,909.0663779958963,25,0,1.0,16,,-170.5286906900868,False,25,2,39,3,PPO,balanced
141,909.0663779958963,25,2,0.75,9,50.0,-167.96343292117348,False,24,3,39,3,PPO,balanced
142,948.907754016147,24,0,1.0,16,,-177.12694940583114,False,25,3,39,3,PPO,balanced
143,949.9288629957223,25,0,1.0,16,,-187.34257065578763,False,26,3,39,3,PPO,balanced
144,959.0752254086309,26,0,1.0,16,,-188.06736575216675,False,26,2,40,3,PPO,balanced
145,959.0752254086309,26,2,0.75,4,56.0,-188.19364331050016,False,25,3,40,3,PPO,balanced
146,963.5730049115091,25,0,1.0,16,,-189.3180881862197,False,26,3,40,3,PPO,balanced
147,973.5852644517065,26,0,1.0,16,,-193.14584313779255,False,27,3,40,3,PPO,balanced
148,974.560616850401,27,0,1.0,16,,-195.9317602184633,False,28,3,40,3,PPO,balanced
149,976.478663010671,28,0,1.0,16,,-196.77019262782062,False,29,3,40,3,PPO,balanced
150,977.6914149706677,29,0,1.0,16,,-195.64991231468701,False,29,2,41,3,PPO,balanced
151,977.6914149706677,29,3,0.625,11,57.0,-193.70978937118812,False,28,3,41,3,PPO,balanced
152,978.0836759845641,28,0,1.0,16,,-193.83139028549604,False,29,3,41,3,PPO,balanced
153,982.1852862994269,29,0,1.0,16,,-195.28298694287489,False,30,3,41,3,PPO,balanced
154,986.0723771844008,30,0,1.0,16,,-197.66887133133145,False,31,3,41,3,PPO,balanced
155,990.3786240231611,31,0,1.0,16,,-200.23395538291624,False,32,3,41,3,PPO,balanced
156,997.4772383864727,32,0,1.0,16,,-204.0789766942978,False,33,3,41,3,PPO,balanced
157,999.9450987697242,33,0,1.0,16,,-206.8654530422588,False,34,3,41,3,PPO,balanced
158,1002.130630157586,34,0,1.0,16,,-206.42219663485227,False,34,2,42,3,PPO,balanced
159,1002.130630157586,34,3,0.625,5,75.0,-208.73353935912922,False,33,3,42,3,PPO,balanced
160,1002.130630157586,33,1,0.875,9,73.0,-208.33463248196605,False,32,4,42,3,PPO,balanced
161,1030.3708658493135,32,0,1.0,16,,-219.34832440173977,False,33,4,42,3,PPO,balanced
162,1043.3099869107914,33,0,1.0,16,,-231.7134229598776,False,34,4,42,3,PPO,balanced
163,1046.6783834309635,34,0,1.0,16,,-234.3966137289211,False,34,3,43,3,PPO,balanced
164,1046.6783834309635,34,1,0.875,9,78.0,-236.91256250733113,False,33,4,43,3,PPO,balanced
165,1061.5032148538603,33,0,1.0,16,,-240.9907433907188,False,33,3,44,3,PPO,balanced
166,1061.5032148538603,33,2,0.75,14,74.0,-245.18833449305382,False,32,4,44,3,PPO,balanced
167,1064.5402632436517,32,0,1.0,16,,-246.37278336507245,False,33,4,44,3,PPO,balanced
168,1076.6118753891938,33,0,1.0,16,,-250.08140644219253,False,33,3,45,3,PPO,balanced
169,1076.6118753891938,33,2,0.75,7,65.0,-251.69972785813175,False,32,4,45,3,PPO,balanced
170,1077.9348870000933,32,1,0.875,16,,-250.25704649922318,False,32,3,46,3,PPO,balanced
171,1077.9348870000933,32,4,0.5,5,6.0,-232.27156669822023,False,31,4,46,3,PPO,balanced
172,1086.099896002684,31,0,1.0,16,,-233.2926200291788,False,31,3,47,3,PPO,balanced
173,1089.957030866756,31,2,0.75,16,,-239.00208310853762,False,32,3,47,3,PPO,balanced
174,1091.0287114808568,32,2,0.75,16,,-240.21023137343172,False,33,3,47,3,PPO,balanced
175,1091.0287114808568,33,2,0.75,5,82.0,-240.41117148857563,False,32,4,47,3,PPO,balanced
176,1102.9273432432215,32,1,0.875,16,,-245.42347011847173,False,33,4,47,3,PPO,balanced
177,1114.9519118763662,33,1,0.875,16,,-253.33213672586413,False,34,4,47,3,PPO,balanced
178,1114.9519118763662,34,1,0.875,13,84.0,-255.96251111436453,False,33,5,47,3,PPO,balanced
179,1115.4983064599633,33,0,1.0,16,,-256.18653289363937,False,34,5,47,3,PPO,balanced
180,1124.5831680802723,34,0,1.0,16,,-258.22962203627145,False,34,4,48,3,PPO,balanced
181,1133.304291710563,34,1,0.875,16,,-264.52345571582026,False,34,3,49,3,PPO,balanced
182,1157.4707607868795,34,2,0.75,16,,-280.33318753003226,False,35,3,49,3,PPO,balanced
183,1159.111455258768,35,2,0.75,16,,-285.70525639868447,False,36,3,49,3,PPO,balanced
184,1159.111455258768,36,2,0.75,14,87.0,-286.0128866121636,False,35,4,49,3,PPO,balanced
185,1170.6998711251968,35,0,1.0,16,,-291.2276737520565,False,36,4,49,3,PPO,balanced
186,1209.5703947662112,36,0,1.0,16,,-312.3939238299405,False,37,4,49,3,PPO,balanced
187,1211.3125621378824,37,0,1.0,16,,-320.965216752313,False,37,3,50,3,PPO,balanced
188,1215.0388808803764,37,1,0.875,16,,-325.34310223975575,False,38,3,50,3,PPO,balanced
189,1221.9481003625406,38,1,0.875,16,,-329.8978495093977,False,39,3,50,3,PPO,balanced
190,1229.1571336604065,39,1,0.875,16,,-333.4553112095484,False,39,2,51,3,PPO,balanced
191,1229.1571336604065,39,5,0.375,5,88.0,-335.86314199275233,False,38,3,51,3,PPO,balanced
192,1242.3743258650347,38,1,0.875,16,,-343.0169472735074,False,39,3,51,3,PPO,balanced
193,1244.5412784175753,39,1,0.875,16,,-347.12441018838325,False,40,3,51,3,PPO,balanced
194,1253.9764608007767,40,1,0.875,16,,-353.08263081948735,False,41,3,51,3,PPO,balanced
195,1253.9764608007767,41,1,0.875,5,94.0,-355.14657696581264,False,40,4,51,3,PPO,balanced
196,1256.6146427338597,40,0,1.0,16,,-354.5975770290082,False,40,3,52,3,PPO,balanced
197,1260.5656527533029,40,1,0.875,16,,-359.55364708608033,False,41,3,52,3,PPO,balanced
198,1264.6486260374174,41,1,0.875,16,,-360.8728182149074,False,41,2,53,3,PPO,balanced
199,1264.6486260374174,41,3,0.625,6,67.0,-357.47157335997355,False,40,3,53,3,PPO,balanced
200,1278.7372734957876,40,0,1.0,16,,-365.2203294620771,False,41,3,53,3,PPO,balanced
201,1292.5870107428063,41,0,1.0,16,,-376.63684155747035,False,42,3,53,3,PPO,balanced
202,1302.6056052456663,42,0,1.0,16,,-386.01024662591243,False,43,3,53,3,PPO,balanced
203,1315.1285085863622,43,0,1.0,16,,-396.1538662894519,False,44,3,53,3,PPO,balanced
204,1321.6739390774705,44,0,1.0,16,,-401.40821333402414,False,44,2,54,3,PPO,balanced
205,1321.6739390774705,44,3,0.625,6,79.0,-399.47729191346764,False,43,3,54,3,PPO,balanced
206,1380.9396097064875,43,0,1.0,16,,-433.62935099716805,False,43,2,55,3,PPO,balanced
207,1381.4913418201886,43,1,0.875,16,,-448.79956687233306,False,43,1,56,3,PPO,balanced
208,1381.4913418201886,43,5,0.375,5,64.0,-441.285857282002,False,42,2,56,3,PPO,balanced
209,1393.5515087249576,42,1,0.875,16,,-446.7782359715896,False,42,1,57,3,PPO,balanced
210,1393.5515087249576,42,4,0.5,5,81.0,-445.3445079248438,False,41,2,57,3,PPO,balanced
211,1468.628321105734,41,1,0.875,16,,-488.48444136878555,False,41,1,58,3,PPO,balanced
212,1468.628321105734,41,4,0.5,5,93.0,-502.42575322331726,False,40,2,58,3,PPO,balanced
213,1503.346951251528,40,0,1.0,16,,-519.520999803504,False,40,1,59,3,PPO,balanced
214,1503.346951251528,40,4,0.5,5,98.0,-526.1858304198354,False,39,2,59,3,PPO,balanced
215,1519.4083522892045,39,2,0.75,16,,-533.7022105346587,False,39,1,60,3,PPO,balanced
216,1519.4083522892045,39,6,0.25,5,43.0,-518.6641461481969,False,38,2,60,3,PPO,balanced
217,1582.7272673370485,38,2,0.75,16,,-552.9142250130876,False,38,1,61,3,PPO,balanced
218,1582.7272673370485,38,4,0.5,5,55.0,-549.5239110758033,False,37,2,61,3,PPO,balanced
219,1582.7272673370485,37,1,0.875,15,63.0,-535.5867015263374,False,36,3,61,3,PPO,balanced
220,1637.9869646097638,36,0,1.0,16,,-559.5587592445136,False,36,2,62,3,PPO,balanced
221,1637.9869646097638,36,4,0.5,5,61.0,-559.5365394008124,False,35,3,62,3,PPO,balanced
222,1681.6200582015035,35,1,0.875,16,,-578.5349656918372,False,35,2,63,3,PPO,balanced
223,1681.6200582015035,35,2,0.75,14,76.0,-576.3968485187297,False,34,3,63,3,PPO,balanced
224,1709.2741909762533,34,0,1.0,16,,-586.2881256118721,False,34,2,64,3,PPO,balanced
225,1731.0601657592763,34,2,0.75,16,,-603.9312513861983,False,34,1,65,3,PPO,balanced
226,1731.0601657592763,34,5,0.375,5,69.0,-594.8666236318638,False,33,2,65,3,PPO,balanced
227,1739.568879100768,33,1,0.875,16,,-596.621093393797,False,33,1,66,3,PPO,balanced
228,1739.568879100768,33,4,0.5,5,86.0,-588.8404120709706,False,32,2,66,3,PPO,balanced
229,1803.1369018720125,32,0,1.0,16,,-611.631940951756,False,32,1,67,3,PPO,balanced
230,1803.1369018720125,32,4,0.5,5,95.0,-618.6725216621927,False,31,2,67,3,PPO,balanced
231,1901.7840728192261,31,0,1.0,16,,-653.1719749126619,False,31,1,68,3,PPO,balanced
232,1901.7840728192261,31,4,0.5,5,96.0,-667.3728316629965,False,30,2,68,3,PPO,balanced
233,1933.7512587950378,30,0,1.0,16,,-676.5613467545304,False,30,1,69,3,PPO,balanced
234,1933.7512587950378,30,4,0.5,5,97.0,-673.7298582874389,False,29,2,69,3,PPO,balanced
235,1979.607087948595,29,0,1.0,16,,-686.8622819081128,False,29,1,70,3,PPO,balanced
236,1979.607087948595,29,4,0.5,5,24.0,-665.9832675695609,False,28,2,70,3,PPO,balanced
237,2054.269988089009,28,0,1.0,16,,-687.1287666130892,False,28,1,71,3,PPO,balanced
238,2054.269988089009,28,4,0.5,5,38.0,-675.5609748268969,False,27,2,71,3,PPO,balanced
239,2078.839073324441,27,0,1.0,16,,-680.686009545172,False,27,1,72,3,PPO,balanced
240,2078.839073324441,27,4,0.5,5,42.0,-657.1475363157234,False,26,2,72,3,PPO,balanced
241,2132.7807481325976,26,1,0.875,16,,-671.3974658516806,False,26,1,73,3,PPO,balanced
242,2132.7807481325976,26,4,0.5,5,48.0,-655.2415044458046,False,25,2,73,3,PPO,balanced
243,2179.7906108104826,25,0,1.0,16,,-664.9939701152757,False,25,1,74,3,PPO,balanced
244,2179.7906108104826,25,4,0.5,5,77.0,-655.1495255439319,False,24,2,74,3,PPO,balanced
245,2241.149299964448,24,1,0.875,16,,-669.1794830854054,False,24,1,75,3,PPO,balanced
246,2241.149299964448,24,4,0.5,5,90.0,-664.0794879561538,False,23,2,75,3,PPO,balanced
247,2245.1683418467305,23,0,1.0,16,,-662.9234867514332,False,23,1,76,3,PPO,balanced
248,2245.1683418467305,23,4,0.5,5,99.0,-647.3274505567965,False,22,2,76,3,PPO,balanced
249,2245.1683418467305,22,2,0.75,10,53.0,-616.2964800580114,False,21,3,76,3,PPO,balanced
250,2307.828955471906,21,0,1.0,16,,-624.9487843742911,False,21,2,77,3,PPO,balanced
251,2307.828955471906,21,2,0.75,15,80.0,-617.74816393602,False,20,3,77,3,PPO,balanced
252,2307.828955471906,20,1,0.875,13,70.0,-591.0827971635898,False,19,4,77,3,PPO,balanced
253,2309.467417105533,19,0,1.0,16,,-589.2957971759614,False,19,3,78,3,PPO,balanced
254,2309.467417105533,19,4,0.5,5,14.0,-548.559037302878,False,18,4,78,3,PPO,balanced
255,2335.1482545109393,18,0,1.0,16,,-549.3839294174727,False,18,3,79,3,PPO,balanced
256,2335.1482545109393,18,1,0.875,12,72.0,-530.6628471982966,False,17,4,79,3,PPO,balanced
257,2342.785686693322,17,0,1.0,16,,-529.3502160947112,False,17,3,80,3,PPO,balanced
258,2342.785686693322,17,2,0.75,15,91.0,-510.8428224136912,False,16,4,80,3,PPO,balanced
259,2383.823317481298,16,0,1.0,16,,-511.7154565688495,False,16,3,81,3,PPO,balanced
260,2383.823317481298,16,4,0.5,5,16.0,-480.0768522904686,False,15,4,81,3,PPO,balanced
261,2424.568163426854,15,0,1.0,16,,-480.11409458774637,False,15,3,82,3,PPO,balanced
262,2424.568163426854,15,1,0.875,14,92.0,-468.65642932289893,False,14,4,82,3,PPO,balanced
263,2463.590311039221,14,0,1.0,16,,-467.82709375126996,False,14,3,83,3,PPO,balanced
264,2489.7134515581592,14,1,0.875,16,,-479.1826730111467,False,14,2,84,3,PPO,balanced
265,2489.7134515581592,14,3,0.625,5,37.0,-445.4229010912778,False,13,3,84,3,PPO,balanced
266,2510.728508046733,13,0,1.0,16,,-443.6330516561636,False,13,2,85,3,PPO,balanced
267,2510.728508046733,13,4,0.5,5,39.0,-409.7506270181423,False,12,3,85,3,PPO,balanced
268,2510.728508046733,12,2,0.75,5,51.0,-372.5948243053847,False,11,4,85,3,PPO,balanced
269,2573.8935155403606,11,0,1.0,16,,-368.6998740805759,False,11,3,86,3,PPO,balanced
270,2573.8935155403606,11,3,0.625,10,89.0,-359.20466353849974,False,10,4,86,3,PPO,balanced
271,2595.8515339418827,10,1,0.875,16,,-356.7929506934712,False,10,3,87,3,PPO,balanced
272,2613.604175990661,10,2,0.75,16,,-361.81817524441385,False,10,2,88,3,PPO,balanced
273,2613.604175990661,10,4,0.5,5,60.0,-331.34687633559577,False,9,3,88,3,PPO,balanced
274,2636.336627654451,9,0,1.0,16,,-327.7556047191304,False,9,2,89,3,PPO,balanced
275,2667.07193539833,9,2,0.75,16,,-333.2082028269988,False,9,1,90,3,PPO,balanced
276,2667.07193539833,9,4,0.5,5,66.0,-306.6077894013324,False,8,2,90,3,PPO,balanced
277,2688.7530897950755,8,0,1.0,16,,-302.6564855056253,False,8,1,91,3,PPO,balanced
278,2688.7530897950755,8,4,0.5,5,68.0,-275.57317240714036,False,7,2,91,3,PPO,balanced
279,2761.5464833452916,7,0,1.0,16,,-265.56589911661666,False,7,1,92,3,PPO,balanced
280,2761.5464833452916,7,4,0.5,5,83.0,-252.59186470212924,False,6,2,92,3,PPO,balanced
281,2787.070731356965,6,0,1.0,16,,-247.27371246061168,False,6,1,93,3,PPO,balanced
282,2787.070731356965,6,4,0.5,5,85.0,-222.22332596559002,False,5,2,93,3,PPO,balanced
283,2860.8560499013747,5,1,0.875,16,,-211.46131938844144,False,5,1,94,3,PPO,balanced
284,2860.8560499013747,5,5,0.375,4,71.0,-191.9143100822169,False,4,2,94,3,PPO,balanced
285,2960.3614530095097,4,1,0.875,16,,-176.10793540096319,False,4,1,95,3,PPO,balanced
286,2960.3614530095097,4,4,0.5,0,20.0,-144.93437401882272,False,3,2,95,3,PPO,balanced
287,2981.7960887295794,3,0,1.0,16,,-138.86179323200946,False,3,1,96,3,PPO,balanced
288,2981.7960887295794,3,4,0.5,0,36.0,-94.59715779882798,False,2,2,96,3,PPO,balanced
289,2997.189881009682,2,0,1.0,16,,-89.36446142000648,False,2,1,97,3,PPO,balanced
290,2997.189881009682,2,4,0.5,0,44.0,-45.70489124954474,False,1,2,97,3,PPO,balanced
291,3023.5045057583325,1,1,0.875,16,,-38.47485958075043,False,1,1,98,3,PPO,balanced
292,3183.9742387832734,1,5,0.375,0,54.0,20.47224391769089,False,0,0,100,3,PPO,balanced
1,52.87031773701226,1,8,0.0,0,0.0,0.5048422926702689,False,1,1,0,4,PPO,balanced
2,93.3728077680156,1,5,0.375,0,1.0,5.062811253875418,False,1,2,0,4,PPO,balanced
3,95.13770436783828,1,4,0.5,0,2.0,0.4412241499556693,False,1,3,0,4,PPO,balanced
4,106.89082627094493,1,0,1.0,16,,2.7032180377145285,False,2,3,0,4,PPO,balanced
5,116.82925580979445,2,0,1.0,16,,1.852007765096266,False,3,3,0,4,PPO,balanced
6,124.50916503678192,3,0,1.0,16,,0.8265831335115068,False,4,3,0,4,PPO,balanced
7,143.48277652190754,4,0,1.0,16,,2.1321197792359907,False,5,3,0,4,PPO,balanced
8,152.18884589991492,5,0,1.0,16,,-1.3053726853443037,False,6,3,0,4,PPO,balanced
9,160.08333934308425,6,0,1.0,16,,-0.45560588223413756,False,6,2,1,4,PPO,balanced
10,160.08333934308425,6,4,0.5,5,7.0,-4.097217986602935,False,5,3,1,4,PPO,balanced
11,160.08333934308425,5,3,0.625,4,6.0,-3.385734500476888,False,4,4,1,4,PPO,balanced
12,170.7686102133622,4,0,1.0,16,,-1.5692384525296372,False,5,4,1,4,PPO,balanced
13,182.3247208511755,5,0,1.0,16,,-2.5071395744271285,False,6,4,1,4,PPO,balanced
14,188.33128936215803,6,0,1.0,16,,-2.615313327452725,False,6,3,2,4,PPO,balanced
15,188.33128936215803,6,3,0.625,5,9.0,-5.765701872222442,False,5,4,2,4,PPO,balanced
16,188.33128936215803,5,1,0.875,2,3.0,-3.901830172336047,False,4,5,2,4,PPO,balanced
17,191.18210852552102,4,0,1.0,16,,-1.4171909145643395,False,4,4,3,4,PPO,balanced
18,194.03670870167392,4,1,0.875,16,,-3.73381993096387,False,5,4,3,4,PPO,balanced
19,194.60086604254633,5,1,0.875,16,,-4.291270035268718,False,6,4,3,4,PPO,balanced
20,213.2737768036552,6,1,0.875,16,,-2.5707295159250583,False,7,4,3,4,PPO,balanced
21,271.52632181001064,7,1,0.875,16,,-2.068040825667131,False,8,4,3,4,PPO,balanced
22,275.2876936350363,8,1,0.875,16,,-12.589804451087126,False,8,3,4,4,PPO,balanced
23,275.2876936350363,8,2,0.75,0,4.0,-12.044667190529664,False,7,4,4,4,PPO,balanced
24,282.6425880333248,7,0,1.0,16,,-11.23562880671793,False,8,4,4,4,PPO,balanced
25,296.60190488886735,8,0,1.0,16,,-9.818013889291219,False,8,3,5,4,PPO,balanced
26,296.60190488886735,8,2,0.75,7,12.0,-13.26782232625044,False,7,4,5,4,PPO,balanced
27,297.3027745753486,7,0,1.0,16,,-13.190726660737502,False,8,4,5,4,PPO,balanced
28,300.25459577196284,8,0,1.0,16,,-13.10028017466254,False,9,4,5,4,PPO,balanced
29,305.31785255760286,9,0,1.0,16,,-13.483807498821292,False,10,4,5,4,PPO,balanced
30,315.850513443562,10,0,1.0,16,,-12.222988650933338,False,10,3,6,4,PPO,balanced
31,315.850513443562,10,3,0.625,4,18.0,-16.645500654703948,False,9,4,6,4,PPO,balanced
32,338.33763015866674,9,1,0.875,16,,-13.774124881993643,False,9,3,7,4,PPO,balanced
33,338.33763015866674,9,2,0.75,8,17.0,-19.93152097568872,False,8,4,7,4,PPO,balanced
34,339.44579706650444,8,0,1.0,16,,-19.831785953983324,False,9,4,7,4,PPO,balanced
35,355.2357427725996,9,0,1.0,16,,-17.00353148151609,False,9,3,8,4,PPO,balanced
36,355.2357427725996,9,2,0.75,3,15.0,-21.499154813254385,False,8,4,8,4,PPO,balanced
37,363.48852642780406,8,0,1.0,16,,-18.75640428428599,False,8,3,9,4,PPO,balanced
38,368.9794856819414,8,2,0.75,16,,-20.66859881859832,False,8,2,10,4,PPO,balanced
39,368.9794856819414,8,4,0.5,5,8.0,-19.36234088310854,False,7,3,10,4,PPO,balanced
40,387.57652958156996,7,0,1.0,16,,-17.3166660541494,False,8,3,10,4,PPO,balanced
41,388.20240088716594,8,0,1.0,16,,-19.9095986115529,False,8,2,11,4,PPO,balanced
42,396.280528141255,8,2,0.75,16,,-21.84391793846444,False,9,2,11,4,PPO,balanced
43,397.59468621211585,9,2,0.75,16,,-23.348710613074694,False,10,2,11,4,PPO,balanced
44,397.59468621211585,10,2,0.75,6,22.0,-23.5951152513611,False,9,3,11,4,PPO,balanced
45,416.5814272962484,9,1,0.875,16,,-22.859379034350958,False,10,3,11,4,PPO,balanced
46,416.5814272962484,10,1,0.875,6,23.0,-27.01272864650496,False,9,4,11,4,PPO,balanced
47,447.76764036113434,9,0,1.0,16,,-24.829693731962948,False,10,4,11,4,PPO,balanced
48,452.83216618411967,10,0,1.0,16,,-32.37302070703516,False,11,4,11,4,PPO,balanced
49,461.61472912508526,11,0,1.0,16,,-33.37567527455253,False,12,4,11,4,PPO,balanced
50,462.54500056816613,12,0,1.0,16,,-35.562013295363116,False,13,4,11,4,PPO,balanced
51,465.1122575159445,13,0,1.0,16,,-35.82025372561112,False,14,4,11,4,PPO,balanced
52,466.5562805541175,14,0,1.0,16,,-34.505388653700905,False,14,3,12,4,PPO,balanced
53,466.5562805541175,14,4,0.5,5,11.0,-31.416002976195276,False,13,4,12,4,PPO,balanced
54,470.61055381480435,13,0,1.0,16,,-31.456545708802146,False,14,4,12,4,PPO,balanced
55,473.82614364450757,14,0,1.0,16,,-32.56658171886495,False,15,4,12,4,PPO,balanced
56,495.3504304922403,15,0,1.0,16,,-32.4466935186774,False,15,3,13,4,PPO,balanced
57,495.3504304922403,15,2,0.75,6,25.0,-38.97739994444817,False,14,4,13,4,PPO,balanced
58,495.3504304922403,14,1,0.875,6,29.0,-38.48260241089945,False,13,5,13,4,PPO,balanced
59,518.834881049728,13,0,1.0,16,,-36.71744691647432,False,13,4,14,4,PPO,balanced
60,518.834881049728,13,1,0.875,10,28.0,-43.51410708517057,False,12,5,14,4,PPO,balanced
61,535.111246126127,12,0,1.0,16,,-41.35134343440658,False,12,4,15,4,PPO,balanced
62,535.111246126127,12,1,0.875,11,27.0,-45.96910979234711,False,11,5,15,4,PPO,balanced
63,542.1344968212388,11,0,1.0,16,,-43.75841227149376,False,11,4,16,4,PPO,balanced
64,544.8240672635214,11,1,0.875,16,,-45.51758690832458,False,11,3,17,4,PPO,balanced
65,544.8240672635214,11,2,0.75,10,24.0,-46.16480190452616,False,10,4,17,4,PPO,balanced
66,555.3058141370249,10,0,1.0,16,,-45.64071456085099,False,11,4,17,4,PPO,balanced
67,556.2784777281961,11,0,1.0,16,,-48.23197137149171,False,12,4,17,4,PPO,balanced
68,567.9956902702306,12,0,1.0,16,,-46.35796514386417,False,12,3,18,4,PPO,balanced
69,567.9956902702306,12,2,0.75,7,32.0,-51.05292402853211,False,11,4,18,4,PPO,balanced
70,570.6951673064452,11,1,0.875,16,,-51.05629837482737,False,12,4,18,4,PPO,balanced
71,572.00236679512,12,1,0.875,16,,-51.67458696563367,False,13,4,18,4,PPO,balanced
72,585.6938094016378,13,1,0.875,16,,-52.525308861300125,False,14,4,18,4,PPO,balanced
73,585.6938094016378,14,1,0.875,9,35.0,-55.52031193147591,False,13,5,18,4,PPO,balanced
74,593.5250866141325,13,0,1.0,16,,-53.598624703600855,False,13,4,19,4,PPO,balanced
75,602.8377678597576,13,1,0.875,16,,-55.94059210810656,False,13,3,20,4,PPO,balanced
76,602.8377678597576,13,2,0.75,5,34.0,-59.3610331092943,False,12,4,20,4,PPO,balanced
77,608.7425284970523,12,0,1.0,16,,-59.30198550292135,False,13,4,20,4,PPO,balanced
78,612.8675359932115,13,0,1.0,16,,-58.8194257372066,False,13,3,21,4,PPO,balanced
79,612.8675359932115,13,4,0.5,5,19.0,-56.38224283271227,False,12,4,21,4,PPO,balanced
80,632.3312882278551,12,0,1.0,16,,-56.18760531036584,False,13,4,21,4,PPO,balanced
81,659.979332805107,13,0,1.0,16,,-61.33002381479926,False,14,4,21,4,PPO,balanced
82,666.8245645232674,14,0,1.0,16,,-68.44739191065705,False,15,4,21,4,PPO,balanced
83,667.6370766778825,15,0,1.0,16,,-70.1993254479279,False,16,4,21,4,PPO,balanced
84,669.3073074139012,16,0,1.0,16,,-70.51936963810299,False,17,4,21,4,PPO,balanced
85,686.1974173576814,17,0,1.0,16,,-72.45703721704787,False,18,4,21,4,PPO,balanced
86,691.3457682609707,18,0,1.0,16,,-77.24588330235474,False,19,4,21,4,PPO,balanced
87,702.200473212508,19,0,1.0,16,,-79.9440826718769,False,20,4,21,4,PPO,balanced
88,717.6559631043738,20,0,1.0,16,,-82.97608239354112,False,20,3,22,4,PPO,balanced
89,717.6559631043738,20,1,0.875,5,37.0,-87.1334613689772,False,19,4,22,4,PPO,balanced
90,718.3242840381704,19,0,1.0,16,,-87.22034309037075,False,20,4,22,4,PPO,balanced
91,733.3979430226834,20,0,1.0,16,,-87.64847217149685,False,20,3,23,4,PPO,balanced
92,733.3979430226834,20,4,0.5,5,40.0,-92.10166959072909,False,19,4,23,4,PPO,balanced
93,733.3979430226834,19,2,0.75,15,44.0,-91.47772019452557,False,18,5,23,4,PPO,balanced
94,733.3979430226834,18,1,0.875,14,42.0,-90.53370968122555,False,17,6,23,4,PPO,balanced
95,736.6482909217967,17,0,1.0,16,,-90.82624099214574,False,18,6,23,4,PPO,balanced
96,744.2765756695158,18,0,1.0,16,,-92.47793928917315,False,19,6,23,4,PPO,balanced
97,755.6413383969959,19,0,1.0,16,,-95.86242963067535,False,20,6,23,4,PPO,balanced
98,756.0432715942267,20,0,1.0,16,,-98.76391029212999,False,21,6,23,4,PPO,balanced
99,757.8499232753662,21,0,1.0,16,,-97.1715243772314,False,21,5,24,4,PPO,balanced
100,769.3264959273653,21,1,0.875,16,,-99.9328475437311,False,21,4,25,4,PPO,balanced
101,769.3264959273653,21,3,0.625,5,43.0,-102.883733258028,False,20,5,25,4,PPO,balanced
102,784.5105046570094,20,0,1.0,16,,-103.16133456747463,False,20,4,26,4,PPO,balanced
103,799.8004996314141,20,1,0.875,16,,-111.72864833899652,False,21,4,26,4,PPO,balanced
104,802.3964984852305,21,1,0.875,16,,-115.59577950897807,False,22,4,26,4,PPO,balanced
105,810.5894991788159,22,1,0.875,16,,-117.97635566170618,False,23,4,26,4,PPO,balanced
106,812.6333070457571,23,1,0.875,16,,-118.26164321132755,False,23,3,27,4,PPO,balanced
107,812.6333070457571,23,2,0.75,8,45.0,-118.8225457220692,False,22,4,27,4,PPO,balanced
108,819.0373452537722,22,0,1.0,16,,-120.03931298159208,False,23,4,27,4,PPO,balanced
109,827.8105250065526,23,0,1.0,16,,-123.48269028167972,False,24,4,27,4,PPO,balanced
110,830.2853782012431,24,0,1.0,16,,-124.24520145465365,False,24,3,28,4,PPO,balanced
111,830.2853782012431,24,3,0.625,10,39.0,-123.59469847976678,False,23,4,28,4,PPO,balanced
112,835.4093794095157,23,0,1.0,16,,-124.67073873350402,False,24,4,28,4,PPO,balanced
113,864.7332588460015,24,0,1.0,16,,-132.6962313059639,False,25,4,28,4,PPO,balanced
114,871.6286774104998,25,0,1.0,16,,-141.75105580620993,False,26,4,28,4,PPO,balanced
115,888.424347861093,26,0,1.0,16,,-148.00974146899466,False,27,4,28,4,PPO,balanced
116,902.3368839671372,27,0,1.0,16,,-156.24329455239578,False,28,4,28,4,PPO,balanced
117,903.8643821511073,28,0,1.0,16,,-158.19495301593756,False,28,3,29,4,PPO,balanced
118,903.8643821511073,28,1,0.875,15,55.0,-159.20772750709824,False,27,4,29,4,PPO,balanced
119,904.3241072988933,27,0,1.0,16,,-157.34104779995621,False,27,3,30,4,PPO,balanced
120,904.3241072988933,27,2,0.75,11,54.0,-157.9257074410559,False,26,4,30,4,PPO,balanced
121,909.7029329656145,26,0,1.0,16,,-157.3779903710706,False,26,3,31,4,PPO,balanced
122,909.7029329656145,26,3,0.625,6,57.0,-159.96121167664865,False,25,4,31,4,PPO,balanced
123,919.0151656866999,25,0,1.0,16,,-162.28926985692,False,26,4,31,4,PPO,balanced
124,920.169536911792,26,0,1.0,16,,-164.92900826796617,False,27,4,31,4,PPO,balanced
125,932.5563667646329,27,0,1.0,16,,-168.80978173156308,False,28,4,31,4,PPO,balanced
126,963.0617447653185,28,0,1.0,16,,-181.36315637498586,False,29,4,31,4,PPO,balanced
127,964.4813893904548,29,0,1.0,16,,-189.45798360145218,False,30,4,31,4,PPO,balanced
128,965.9056624312374,30,0,1.0,16,,-190.3113903220102,False,31,4,31,4,PPO,balanced
129,966.6847727838023,31,0,1.0,16,,-188.95572941265485,False,31,3,32,4,PPO,balanced
130,966.6847727838023,31,2,0.75,6,63.0,-191.07804644042636,False,30,4,32,4,PPO,balanced
131,988.6066160971789,30,0,1.0,16,,-196.75069160010818,False,30,3,33,4,PPO,balanced
132,988.6066160971789,30,2,0.75,6,64.0,-203.74864789431786,False,29,4,33,4,PPO,balanced
133,1017.7822511162628,29,0,1.0,16,,-213.37660745061555,False,30,4,33,4,PPO,balanced
134,1029.2909268700105,30,0,1.0,16,,-224.69855271919823,False,31,4,33,4,PPO,balanced
135,1033.333739390631,31,0,1.0,16,,-229.07156229026478,False,32,4,33,4,PPO,balanced
136,1034.5006914217195,32,0,1.0,16,,-230.53737671254441,False,33,4,33,4,PPO,balanced
137,1043.538044639457,33,0,1.0,16,,-234.53442953958887,False,34,4,33,4,PPO,balanced
138,1054.5704439166182,34,0,1.0,16,,-241.53769953320256,False,35,4,33,4,PPO,balanced
139,1060.6159452212426,35,0,1.0,16,,-247.01627493957383,False,36,4,33,4,PPO,balanced
140,1063.9999049426076,36,0,1.0,16,,-248.1181113347715,False,36,3,34,4,PPO,balanced
141,1063.9999049426076,36,3,0.625,10,33.0,-241.0980065123895,False,35,4,34,4,PPO,balanced
142,1066.487612189661,35,0,1.0,16,,-242.21747477356354,False,36,4,34,4,PPO,balanced
143,1067.062350312928,36,0,1.0,16,,-241.10952850326234,False,36,3,35,4,PPO,balanced
144,1067.062350312928,36,1,0.875,7,69.0,-242.60197985625493,False,35,4,35,4,PPO,balanced
145,1071.2396829379916,35,0,1.0,16,,-244.48177953753358,False,36,4,35,4,PPO,balanced
146,1082.4803023733846,36,0,1.0,16,,-250.8092038284342,False,37,4,35,4,PPO,balanced
147,1087.5972071663352,37,0,1.0,16,,-256.12664203582824,False,38,4,35,4,PPO,balanced
148,1097.6618003158733,38,0,1.0,16,,-262.53881074033035,False,39,4,35,4,PPO,balanced
149,1098.4325797091894,39,0,1.0,16,,-265.4634721061724,False,40,4,35,4,PPO,balanced
150,1104.6966724085737,40,0,1.0,16,,-269.1014179391628,False,41,4,35,4,PPO,balanced
151,1108.1106687731333,41,0,1.0,16,,-270.6134190418078,False,41,3,36,4,PPO,balanced
152,1108.1106687731333,41,2,0.75,12,59.0,-269.35144243682777,False,40,4,36,4,PPO,balanced
153,1108.4461275216827,40,0,1.0,16,,-269.53594474852997,False,41,4,36,4,PPO,balanced
154,1119.8154109711902,41,0,1.0,16,,-274.1003010018866,False,41,3,37,4,PPO,balanced
155,1119.8154109711902,41,3,0.625,10,41.0,-269.9324597931177,False,40,4,37,4,PPO,balanced
156,1120.7716965896054,40,0,1.0,16,,-268.45841688324606,False,40,3,38,4,PPO,balanced
157,1120.7716965896054,40,2,0.75,15,68.0,-268.94872914387037,False,39,4,38,4,PPO,balanced
158,1120.7716965896054,39,1,0.875,15,73.0,-267.8630474558715,False,38,5,38,4,PPO,balanced
159,1139.9917467473147,38,0,1.0,16,,-277.66527303630323,False,39,5,38,4,PPO,balanced
160,1149.809135304864,39,0,1.0,16,,-287.6735015112316,False,40,5,38,4,PPO,balanced
161,1160.6990162232214,40,0,1.0,16,,-296.11728315571554,False,41,5,38,4,PPO,balanced
162,1168.5098948149976,41,0,1.0,16,,-303.29195418261736,False,42,5,38,4,PPO,balanced
163,1184.4482782465784,42,0,1.0,16,,-314.64832005519406,False,43,5,38,4,PPO,balanced
164,1185.1328610225648,43,0,1.0,16,,-319.050511406441,False,44,5,38,4,PPO,balanced
165,1188.1068661913628,44,0,1.0,16,,-321.09528035678034,False,45,5,38,4,PPO,balanced
166,1188.7150921017578,45,0,1.0,16,,-322.23412849073657,False,46,5,38,4,PPO,balanced
167,1201.099272283815,46,0,1.0,16,,-330.6835856903137,False,47,5,38,4,PPO,balanced
168,1209.6292072779706,47,0,1.0,16,,-337.66528588179534,False,47,4,39,4,PPO,balanced
169,1209.6292072779706,47,1,0.875,10,87.0,-341.36732280860207,False,46,5,39,4,PPO,balanced
170,1210.1931758702224,46,0,1.0,16,,-341.74518176541073,False,47,5,39,4,PPO,balanced
171,1211.315269911979,47,0,1.0,16,,-342.6604188022857,False,48,5,39,4,PPO,balanced
172,1211.4891268145782,48,0,1.0,16,,-341.0643807135703,False,48,4,40,4,PPO,balanced
173,1211.4891268145782,48,1,0.875,15,84.0,-342.2482602992285,False,47,5,40,4,PPO,balanced
174,1218.7953553923899,47,0,1.0,16,,-347.2895580179186,False,48,5,40,4,PPO,balanced
175,1227.2126135750138,48,0,1.0,16,,-353.09236847203454,False,48,4,41,4,PPO,balanced
176,1227.2126135750138,48,1,0.875,9,85.0,-356.3413963111218,False,47,5,41,4,PPO,balanced
177,1232.8463798134599,47,0,1.0,16,,-360.2286950156495,False,48,5,41,4,PPO,balanced
178,1236.2994883962651,48,0,1.0,16,,-362.0888436690528,False,48,4,42,4,PPO,balanced
179,1236.2994883962651,48,2,0.75,15,92.0,-364.6020381546766,False,47,5,42,4,PPO,balanced
180,1241.7956728851755,47,0,1.0,16,,-368.3944054520247,False,48,5,42,4,PPO,balanced
181,1253.8342207861072,48,0,1.0,16,,-376.3158205839138,False,48,4,43,4,PPO,balanced
182,1253.8342207861072,48,3,0.625,14,86.0,-379.95143036387594,False,47,5,43,4,PPO,balanced
183,1253.8342207861072,47,1,0.875,13,83.0,-378.08872627261815,False,46,6,43,4,PPO,balanced
184,1258.1545786279084,46,0,1.0,16,,-380.9833660266251,False,47,6,43,4,PPO,balanced
185,1272.9071108072799,47,0,1.0,16,,-392.24270269084167,False,48,6,43,4,PPO,balanced
186,1277.8563021549737,48,0,1.0,16,,-397.44476159254714,False,48,5,44,4,PPO,balanced
187,1277.8563021549737,48,2,0.75,7,70.0,-395.99569427916026,False,47,6,44,4,PPO,balanced
188,1285.2022429298186,47,0,1.0,16,,-401.06439341380326,False,48,6,44,4,PPO,balanced
189,1286.0717145717701,48,0,1.0,16,,-403.5182034733,False,49,6,44,4,PPO,balanced
190,1289.245991699468,49,0,1.0,16,,-406.0527936870074,False,50,6,44,4,PPO,balanced
191,1342.807276466121,50,0,1.0,16,,-445.0173265439217,False,50,5,45,4,PPO,balanced
192,1342.807276466121,50,1,0.875,9,97.0,-459.25554706485883,False,49,6,45,4,PPO,balanced
193,1343.118365802261,49,0,1.0,16,,-457.482642280241,False,49,5,46,4,PPO,balanced
194,1354.3028143476365,49,1,0.875,16,,-466.0745760694431,False,49,4,47,4,PPO,balanced
195,1354.3028143476365,49,2,0.75,12,98.0,-469.1565521932267,False,48,5,47,4,PPO,balanced
196,1372.674759553586,48,0,1.0,16,,-480.2006332894508,False,48,4,48,4,PPO,balanced
197,1402.617434318442,48,1,0.875,16,,-506.9886272603877,False,48,3,49,4,PPO,balanced
198,1402.617434318442,48,3,0.625,0,10.0,-491.13273309585463,False,47,4,49,4,PPO,balanced
199,1408.5968060500988,47,0,1.0,16,,-493.25849959069785,False,47,3,50,4,PPO,balanced
200,1467.5566754441966,47,2,0.75,16,,-539.1206442426706,False,47,2,51,4,PPO,balanced
201,1467.5566754441966,47,4,0.5,5,65.0,-542.1425994938047,False,46,3,51,4,PPO,balanced
202,1481.9119314570469,46,0,1.0,16,,-549.7606210224144,False,46,2,52,4,PPO,balanced
203,1499.0863118663913,46,1,0.875,16,,-565.3929692876798,False,46,1,53,4,PPO,balanced
204,1499.0863118663913,46,5,0.375,5,78.0,-563.1367903590798,False,45,2,53,4,PPO,balanced
205,1524.043790792025,45,1,0.875,16,,-578.1390728771678,False,45,1,54,4,PPO,balanced
206,1524.043790792025,45,4,0.5,5,91.0,-579.3439509745492,False,44,2,54,4,PPO,balanced
207,1544.5964221662307,44,0,1.0,16,,-590.2921087402989,False,44,1,55,4,PPO,balanced
208,1544.5964221662307,44,4,0.5,5,30.0,-576.0148610134158,False,43,2,55,4,PPO,balanced
209,1560.3839074425289,43,0,1.0,16,,-583.6452270319578,False,43,1,56,4,PPO,balanced
210,1560.3839074425289,43,4,0.5,5,52.0,-574.596210185758,False,42,2,56,4,PPO,balanced
211,1596.0431481483083,42,0,1.0,16,,-593.635162202168,False,42,1,57,4,PPO,balanced
212,1596.0431481483083,42,4,0.5,5,62.0,-591.2802367509393,False,41,2,57,4,PPO,balanced
213,1708.0685164297827,41,0,1.0,16,,-653.1346966713795,False,41,1,58,4,PPO,balanced
214,1708.0685164297827,41,4,0.5,5,99.0,-674.7645882471418,False,40,2,58,4,PPO,balanced
215,1742.5435673550735,40,0,1.0,16,,-691.7258662560517,False,40,1,59,4,PPO,balanced
216,1742.5435673550735,40,4,0.5,5,49.0,-682.6146230721575,False,39,2,59,4,PPO,balanced
217,1845.0697009461157,39,0,1.0,16,,-734.9534738754099,False,39,1,60,4,PPO,balanced
218,1845.0697009461157,39,4,0.5,5,50.0,-741.6796232468764,False,38,2,60,4,PPO,balanced
219,1849.7046829239623,38,0,1.0,16,,-742.0434640555782,False,38,1,61,4,PPO,balanced
220,1849.7046829239623,38,4,0.5,5,66.0,-728.563760913886,False,37,2,61,4,PPO,balanced
221,1870.90745033781,37,0,1.0,16,,-736.9531169466712,False,37,1,62,4,PPO,balanced
222,1870.90745033781,37,4,0.5,5,80.0,-729.0045823438106,False,36,2,62,4,PPO,balanced
223,1870.90745033781,36,1,0.875,15,67.0,-712.1722518744546,False,35,3,62,4,PPO,balanced
224,1904.791918452257,35,0,1.0,16,,-725.4202625259559,False,35,2,63,4,PPO,balanced
225,1904.791918452257,35,3,0.625,5,89.0,-721.8175266311987,False,34,3,63,4,PPO,balanced
226,1953.2864233241712,34,0,1.0,16,,-740.6701637261219,False,34,2,64,4,PPO,balanced
227,1953.2864233241712,34,4,0.5,5,94.0,-740.5639749353204,False,33,3,64,4,PPO,balanced
228,1966.3229598207902,33,0,1.0,16,,-743.9089548989343,False,33,2,65,4,PPO,balanced
229,1975.3109830276792,33,1,0.875,16,,-751.1340542631287,False,33,1,66,4,PPO,balanced
230,1975.3109830276792,33,4,0.5,5,5.0,-717.9305497952781,False,32,2,66,4,PPO,balanced
231,1975.3109830276792,32,1,0.875,15,81.0,-701.2241650696707,False,31,3,66,4,PPO,balanced
232,2056.379570575768,31,0,1.0,16,,-729.2195424624636,False,31,2,67,4,PPO,balanced
233,2056.379570575768,31,4,0.5,5,16.0,-716.3051534294774,False,30,3,67,4,PPO,balanced
234,2126.4843582021385,30,0,1.0,16,,-738.8418290987071,False,30,2,68,4,PPO,balanced
235,2126.4843582021385,30,1,0.875,14,90.0,-740.0422023586615,False,29,3,68,4,PPO,balanced
236,2139.0637430597153,29,0,1.0,16,,-742.1933993616617,False,29,2,69,4,PPO,balanced
237,2139.0637430597153,29,3,0.625,5,21.0,-712.4825812776867,False,28,3,69,4,PPO,balanced
238,2172.518659923153,28,0,1.0,16,,-720.8536055053524,False,28,2,70,4,PPO,balanced
239,2200.140055827644,28,1,0.875,16,,-738.6431360736196,False,28,1,71,4,PPO,balanced
240,2200.140055827644,28,5,0.375,5,46.0,-717.41548112961,False,27,2,71,4,PPO,balanced
241,2200.140055827644,27,2,0.75,11,75.0,-695.0622860605248,False,26,3,71,4,PPO,balanced
242,2235.7151661723315,26,0,1.0,16,,-702.6675658535903,False,26,2,72,4,PPO,balanced
243,2235.7151661723315,26,3,0.625,5,51.0,-684.8949700860202,False,25,3,72,4,PPO,balanced
244,2273.164338853628,25,0,1.0,16,,-692.2572632563442,False,25,2,73,4,PPO,balanced
245,2273.164338853628,25,3,0.625,5,53.0,-674.5370165546713,False,24,3,73,4,PPO,balanced
246,2300.304496857476,24,0,1.0,16,,-678.7792528955564,False,24,2,74,4,PPO,balanced
247,2300.304496857476,24,2,0.75,12,38.0,-654.7577891154709,False,23,3,74,4,PPO,balanced
248,2300.304496857476,23,1,0.875,15,71.0,-629.8431080566537,False,22,4,74,4,PPO,balanced
249,2365.2763172676023,22,0,1.0,16,,-640.1877539345777,False,22,3,75,4,PPO,balanced
250,2365.2763172676023,22,3,0.625,5,58.0,-628.8936696489792,False,21,4,75,4,PPO,balanced
251,2367.123911491299,21,0,1.0,16,,-627.2077606670076,False,21,3,76,4,PPO,balanced
252,2367.123911491299,21,1,0.875,12,48.0,-597.4400077610458,False,20,4,76,4,PPO,balanced
253,2416.0013026818624,20,0,1.0,16,,-602.7716164396303,False,20,3,77,4,PPO,balanced
254,2416.0013026818624,20,3,0.625,11,47.0,-583.5564696970241,False,19,4,77,4,PPO,balanced
255,2416.0013026818624,19,1,0.875,11,61.0,-553.6398343816228,False,18,5,77,4,PPO,balanced
256,2456.8441393600915,18,0,1.0,16,,-556.1325464162279,False,18,4,78,4,PPO,balanced
257,2456.8441393600915,18,1,0.875,12,77.0,-541.1596088049008,False,17,5,78,4,PPO,balanced
258,2477.554764057026,17,0,1.0,16,,-541.023565027625,False,17,4,79,4,PPO,balanced
259,2477.554764057026,17,1,0.875,14,88.0,-522.4244277627532,False,16,5,79,4,PPO,balanced
260,2506.6668412644462,16,0,1.0,16,,-522.4622731672727,False,16,4,80,4,PPO,balanced
261,2506.6668412644462,16,3,0.625,11,76.0,-503.3588997871655,False,15,5,80,4,PPO,balanced
262,2506.6668412644462,15,1,0.875,14,95.0,-478.38865453443475,False,14,6,80,4,PPO,balanced
263,2521.302693289322,14,0,1.0,16,,-476.82773009518104,False,14,5,81,4,PPO,balanced
264,2546.383007339773,14,1,0.875,16,,-482.02286233699004,False,14,4,82,4,PPO,balanced
265,2566.585957829564,14,2,0.75,16,,-489.37795395583186,False,14,3,83,4,PPO,balanced
266,2566.585957829564,14,4,0.5,5,60.0,-462.21459132981045,False,13,4,83,4,PPO,balanced
267,2586.803035031169,13,0,1.0,16,,-460.41676210182646,False,13,3,84,4,PPO,balanced
268,2638.7198859419163,13,1,0.875,16,,-467.6126015022961,False,13,2,85,4,PPO,balanced
269,2638.7198859419163,13,5,0.375,5,72.0,-449.4073338246085,False,12,3,85,4,PPO,balanced
270,2671.719102951339,12,2,0.75,16,,-449.1397927176032,False,12,2,86,4,PPO,balanced
271,2671.719102951339,12,3,0.625,5,74.0,-425.31755750660307,False,11,3,86,4,PPO,balanced
272,2673.1267083401817,11,0,1.0,16,,-423.2753293449378,False,11,2,87,4,PPO,balanced
273,2704.4622267318723,11,2,0.75,16,,-424.64563503987836,False,11,1,88,4,PPO,balanced
274,2704.4622267318723,11,5,0.375,5,96.0,-403.8899424198285,False,10,2,88,4,PPO,balanced
275,2713.7924680227384,10,2,0.75,16,,-402.00657043596436,False,10,1,89,4,PPO,balanced
276,2713.7924680227384,10,5,0.375,5,31.0,-362.5862576002874,False,9,2,89,4,PPO,balanced
277,2726.447735113578,9,2,0.75,16,,-360.49134309710615,False,9,1,90,4,PPO,balanced
278,2726.447735113578,9,5,0.375,5,36.0,-322.51010154430804,False,8,2,90,4,PPO,balanced
279,2793.2258425168143,8,1,0.875,16,,-316.5868877343679,False,8,1,91,4,PPO,balanced
280,2793.2258425168143,8,5,0.375,5,79.0,-299.42401532666105,False,7,2,91,4,PPO,balanced
281,2876.1589223396827,7,1,0.875,16,,-290.8930352906102,False,7,1,92,4,PPO,balanced
282,2876.1589223396827,7,4,0.5,5,82.0,-276.50765076116625,False,6,2,92,4,PPO,balanced
283,2882.3541907422004,6,0,1.0,16,,-273.702265868839,False,6,1,93,4,PPO,balanced
284,2882.3541907422004,6,4,0.5,5,93.0,-244.2609267508936,False,5,2,93,4,PPO,balanced
285,2910.3013650634716,5,0,1.0,16,,-238.06885060270292,False,5,1,94,4,PPO,balanced
286,2910.3013650634716,5,4,0.5,4,56.0,-206.1442820586713,False,4,2,94,4,PPO,balanced
287,2998.3937895323193,4,0,1.0,16,,-189.1685698989672,False,4,1,95,4,PPO,balanced
288,2998.3937895323193,4,4,0.5,0,13.0,-157.48927576160582,False,3,2,95,4,PPO,balanced
289,3047.6948627860493,3,0,1.0,16,,-146.12207184339712,False,3,1,96,4,PPO,balanced
290,3047.6948627860493,3,4,0.5,0,14.0,-104.92396933730886,False,2,2,96,4,PPO,balanced
291,3104.055367906185,2,1,0.875,16,,-92.84952904708466,False,2,1,97,4,PPO,balanced
292,3104.055367906185,2,5,0.375,0,20.0,-52.848812775621994,False,1,2,97,4,PPO,balanced
293,3175.2570747120376,1,2,0.75,16,,-38.92252688564165,False,1,1,98,4,PPO,balanced
294,3349.67960448589,1,5,0.375,0,26.0,26.304315422410017,False,0,0,100,4,PPO,balanced
