job_id,arrival_time,start_time,completion_time,waiting_time,turnaround_time,gpu_requirement,memory_requirement,execution_time,priority,scheduler,scenario,seed,status,assigned_gpus
0,0.7073808067519769,0.7073808067519769,66.85477511574565,0.0,66.14739430899368,4,39.38665331234641,66.14739430899368,5,FCFS,bursty,0,completed,"0,1,2,3"
1,0.788428188224412,0.788428188224412,121.02946217538498,0.0,120.24103398716056,2,53.814774374370984,120.24103398716056,3,FCFS,bursty,0,completed,"4,5"
2,20.443530782476135,66.85477511574565,175.2726167991516,46.41124433326952,154.82908601667546,3,28.686647021134128,108.41784168340595,5,FCFS,bursty,0,completed,"0,1,2"
3,78.65568916313275,78.65568916313275,121.93145527297783,0.0,43.27576610984508,1,55.50430766340336,43.27576610984508,3,FCFS,bursty,0,completed,3
4,102.71222318696246,121.02946217538498,147.92016434629764,18.317238988422517,45.20794115933518,4,58.95770185308863,26.890702170912668,3,FCFS,bursty,0,completed,"4,5,6,7"
5,129.68727168072644,147.92016434629764,300.6888019907941,18.2328926655712,171.00153031006766,3,31.26150609278858,152.76863764449644,5,FCFS,bursty,0,completed,"3,4,5"
6,230.28677093343094,230.28677093343094,262.8675768799333,0.0,32.58080594650238,1,28.442584834463155,32.58080594650238,1,FCFS,bursty,0,completed,0
7,446.6350952349514,446.6350952349514,579.0594265405172,0.0,132.42433130556577,2,23.335549521575203,132.4243313055658,4,FCFS,bursty,0,completed,"0,1"
8,452.3078318956187,452.3078318956187,610.6723591597425,0.0,158.36452726412386,3,15.101757726629874,158.36452726412386,5,FCFS,bursty,0,completed,"2,3,4"
9,452.4890761079184,452.4890761079184,541.2529258964906,0.0,88.76384978857226,2,29.32314846540981,88.76384978857226,1,FCFS,bursty,0,completed,"5,6"
10,455.16257686333665,541.2529258964906,685.3635159927832,86.09034903315398,230.2009391294465,2,62.68189002841849,144.11059009629253,3,FCFS,bursty,0,completed,"5,6"
11,457.284909437198,457.284909437198,615.3841421074889,0.0,158.09923267029086,1,23.11085998804481,158.09923267029086,2,FCFS,bursty,0,completed,7
12,465.1596810690442,610.6723591597425,685.7596761137146,145.51267809069833,220.59999504467038,3,36.59956431044414,75.08731695397204,5,FCFS,bursty,0,completed,"2,3,4"
13,466.04470617452733,685.7596761137146,734.9936567419646,219.71496993918726,268.9489505674373,3,25.69283854059121,49.233980628249995,5,FCFS,bursty,0,completed,"2,3,4"
14,466.8124840235982,579.0594265405172,705.9217314319334,112.24694251691898,239.1092474083352,2,53.49078229423022,126.8623048914162,5,FCFS,bursty,0,completed,"0,1"
15,470.54303255641327,705.9217314319334,845.641491960214,235.37869887552012,375.09845940380075,3,59.84001632400745,139.71976052828066,5,FCFS,bursty,0,completed,"0,1,6"
16,473.11852782304436,734.9936567419646,777.5931058461297,261.87512891892027,304.4745780230853,3,21.84021745803802,42.59944910416506,5,FCFS,bursty,0,completed,"2,3,4"
17,475.05489836797733,615.3841421074889,662.1126107126524,140.32924373951153,187.0577123446751,1,48.018638052666155,46.72846860516355,4,FCFS,bursty,0,completed,7
18,479.39909464307897,777.5931058461297,887.4172286541653,298.1940112030507,408.0181340110864,3,58.97432290809907,109.82412280803567,2,FCFS,bursty,0,completed,"2,3,4"
19,480.4332698576657,845.641491960214,949.8050517390741,365.2082221025483,469.37178188140837,3,18.871267281884442,104.16355977886002,3,FCFS,bursty,0,completed,"0,1,5"
20,481.55379676603604,1877.1774450046855,2054.2882759049585,1395.6236482386494,1572.7344791389223,4,12.980395853791231,177.110830900273,3,FCFS,bursty,0,completed,"2,3,4,6"
21,486.1840276484868,662.1126107126524,805.7364829087146,175.92858306416565,319.5524552602278,1,8.35889742920137,143.62387219606217,3,FCFS,bursty,0,completed,7
22,490.4970616737943,887.4172286541653,958.5662904593918,396.92016698037105,468.0692287855975,3,41.03272158597323,71.1490618052264,5,FCFS,bursty,0,completed,"2,3,4"
23,491.30570985767076,2054.2882759049585,2105.505459658047,1562.9825660472877,1614.1997498003764,4,45.66149149934468,51.217183753088804,1,FCFS,bursty,0,completed,"0,2,3,4"
24,510.53157426018447,949.8050517390741,1123.7927466389751,439.2734774788896,613.2611723787907,3,41.725393877259044,173.98769489990096,3,FCFS,bursty,0,completed,"0,1,5"
25,541.0560418929474,685.3635159927832,824.4191126780069,144.30747409983576,283.36307078505945,1,35.99847812488264,139.05559668522372,1,FCFS,bursty,0,completed,5
26,578.5104065454403,846.1209643565396,876.184244109335,267.6105578110993,297.6738375638947,2,29.731736979933075,30.063279752795413,1,FCFS,bursty,0,completed,"6,7"
27,622.5165009703603,958.5662904593918,1041.7809637966666,336.04978948903147,419.26446282630627,3,12.91500165853126,83.21467333727482,4,FCFS,bursty,0,completed,"2,3,4"
28,727.0939764458268,2089.7943870381514,2255.8138964206933,1362.7004105923247,1528.7199199748666,4,34.44881885800064,166.01950938254168,5,FCFS,bursty,0,completed,"1,5,6,7"
29,732.5828606811175,805.7364829087146,846.1209643565396,73.15362222759711,113.53810367542212,1,59.25814176625889,40.38448144782501,4,FCFS,bursty,0,completed,7
30,784.9330362234682,1041.7809637966666,1200.7976508922377,256.8479275731984,415.8646146687695,3,11.93827019987621,159.0166870955711,1,FCFS,bursty,0,completed,"2,3,4"
31,825.08437654737,1123.7927466389751,1169.959693230412,298.70837009160516,344.8753166830421,3,35.80801485273577,46.16694659143684,4,FCFS,bursty,0,completed,"0,1,5"
32,841.8231145587946,876.184244109335,1009.9250222318863,34.361129550540454,168.10190767309166,2,25.80897371936469,133.74077812255118,4,FCFS,bursty,0,completed,"6,7"
33,871.0055187187078,1009.9250222318863,1156.2715394254656,138.91950351317848,285.2660207067578,1,36.41831219049352,146.34651719357925,3,FCFS,bursty,0,completed,6
34,880.4508500884912,1009.9250222318863,1061.4826137992252,129.4741721433951,181.03176371073403,1,40.41047618611614,51.55759156733897,1,FCFS,bursty,0,completed,7
35,907.0873675529632,1169.959693230412,1348.1509465692632,262.8723256774489,441.06357901629997,3,35.375378023238554,178.19125333885114,5,FCFS,bursty,0,completed,"0,1,5"
36,910.8752981236285,1200.7976508922377,1348.9443767496152,289.92235276860924,438.0690786259868,3,61.92907184695897,148.14672585737745,1,FCFS,bursty,0,completed,"2,3,4"
37,969.6948478975688,1348.1509465692632,1464.6067714078417,378.45609867169435,494.9119235102729,3,53.557907594059586,116.45582483857862,3,FCFS,bursty,0,completed,"0,1,5"
38,1051.096211025401,2105.505459658047,2135.948726283854,1054.409248632646,1084.8525152584527,4,59.16668271161378,30.443266625806622,4,FCFS,bursty,0,completed,"0,2,3,4"
39,1070.814156544612,1348.9443767496152,1421.031675325728,278.1302202050033,350.21751878111604,3,29.381627678109375,72.08729857611272,5,FCFS,bursty,0,completed,"2,3,4"
40,1071.5130135214258,1421.031675325728,1518.717297530462,349.51866180430216,447.2042840090362,3,51.74666811627718,97.68562220473405,5,FCFS,bursty,0,completed,"2,3,4"
41,1072.2561352290068,1072.2561352290068,1106.1465147833899,0.0,33.89037955438312,1,57.14161872882058,33.89037955438306,3,FCFS,bursty,0,completed,7
42,1074.1650275713282,2135.948726283854,2283.820147038432,1061.7836987125256,1209.6551194671038,4,52.192658927488175,147.87142075457837,4,FCFS,bursty,0,completed,"0,2,3,4"
43,1076.5043907225765,1464.6067714078417,1520.6593221079481,388.1023806852652,444.1549313853716,3,52.61179423377906,56.05255070010642,2,FCFS,bursty,0,completed,"0,1,5"
44,1077.844247749535,1299.0959026228213,1405.7215000036476,221.25165487328627,327.8772522541126,2,31.37709428344527,106.62559738082633,2,FCFS,bursty,0,completed,"6,7"
45,1078.1556328347906,1518.717297530462,1538.7654079475697,440.5616646956714,460.60977511277906,3,30.789076835801144,20.048110417107665,1,FCFS,bursty,0,completed,"2,3,4"
46,1083.150611226215,1405.7215000036476,1447.9505686628793,322.57088877743263,364.7999574366643,2,55.70505108511839,42.22906865923161,4,FCFS,bursty,0,completed,"6,7"
47,1084.3942710148608,1447.9505686628793,1625.0431003223662,363.5562976480185,540.6488293075054,2,53.98177295009977,177.092531659487,4,FCFS,bursty,0,completed,"6,7"
48,1094.9835439642047,1106.1465147833899,1282.896708144935,11.162970819185148,187.9131641807303,1,31.74996318486472,176.75019336154503,5,FCFS,bursty,0,completed,7
49,1109.8379055755563,1520.6593221079481,1661.210768281373,410.8214165323918,551.3728627058167,3,36.20591083523242,140.55144617342484,5,FCFS,bursty,0,completed,"0,1,5"
50,1118.8332940046469,1538.7654079475697,1696.9712065231033,419.9321139429228,578.1379125184565,3,34.66423603025017,158.20579857553358,5,FCFS,bursty,0,completed,"2,3,4"
51,1137.2320943262598,1156.2715394254656,1299.0959026228213,19.03944509920575,161.8638082965615,1,24.459758334575227,142.82436319735578,4,FCFS,bursty,0,completed,6
52,1172.8644035887237,1661.210768281373,1743.8316364901193,488.34636469264933,570.9672329013956,3,13.25532859226515,82.62086820874627,3,FCFS,bursty,0,completed,"0,1,5"
53,1176.3224453468051,2255.8138964206933,2344.380233723561,1079.4914510738881,1168.057788376756,4,34.665349940151756,88.56633730286781,1,FCFS,bursty,0,completed,"1,5,6,7"
54,1218.555639299028,1696.9712065231033,1736.601712151275,478.4155672240754,518.0460728522471,3,40.83281980108392,39.63050562817175,3,FCFS,bursty,0,completed,"2,3,4"
55,1321.4164522543347,1625.0431003223662,1776.8481176652097,303.6266480680315,455.431665410875,2,46.30682509220185,151.80501734284346,5,FCFS,bursty,0,completed,"6,7"
56,1339.5199224854734,1736.601712151275,1763.036627496011,397.0817896658016,423.51670501053763,3,40.66592262771465,26.434915344736112,5,FCFS,bursty,0,completed,"2,3,4"
57,1385.443057396339,1743.8316364901193,1895.9847920373832,358.3885790937802,510.54173464104406,1,39.865447838748054,152.15315554726388,4,FCFS,bursty,0,completed,0
58,1457.5439191006906,2283.820147038432,2463.3417939300307,826.2762279377414,1005.7978748293401,4,53.541669340394776,179.5216468915987,3,FCFS,bursty,0,completed,"0,2,3,4"
59,1487.757908848803,1743.8316364901193,1826.4996044027437,256.0737276413163,338.74169555394064,2,17.57720064115775,82.66796791262445,2,FCFS,bursty,0,completed,"1,5"
60,1514.3316503225506,1763.036627496011,1877.1774450046855,248.70497717346052,362.84579468213497,3,32.596820184065166,114.14081750867437,4,FCFS,bursty,0,completed,"2,3,4"
61,1535.7860222385357,2344.380233723561,2409.193418022201,808.5942114850254,873.4073957836654,4,48.662916612302894,64.81318429863991,1,FCFS,bursty,0,completed,"1,5,6,7"
62,1538.3816363837905,2409.193418022201,2519.4994694014963,870.8117816384106,981.1178330177058,4,56.325199920658896,110.30605137929506,1,FCFS,bursty,0,completed,"1,5,6,7"
63,1697.4024965253873,1776.8481176652097,1810.6101074349701,79.44562113982238,113.20761090958285,2,58.334130853915134,33.76198976976042,3,FCFS,bursty,0,completed,"6,7"
64,1760.0822247014955,1810.6101074349701,1858.6756674325832,50.5278827334746,98.59344273108763,1,26.36700822681774,48.06555999761297,4,FCFS,bursty,0,completed,6
65,1796.3290260115275,2463.3417939300307,2536.1251271290603,667.0127679185032,739.7961011175328,4,28.31802924832442,72.78333319902973,4,FCFS,bursty,0,completed,"0,2,3,4"
66,1796.7593605023767,1826.4996044027437,1928.4473896567813,29.740243900366977,131.6880291544046,3,19.160707078051225,101.94778525403761,5,FCFS,bursty,0,completed,"1,5,7"
67,1845.6994938613748,1928.4473896567813,2089.7943870381514,82.74789579540652,244.09489317677662,3,17.148613103669547,161.3469973813699,1,FCFS,bursty,0,completed,"1,5,7"
68,1896.1878201723268,1896.1878201723268,1951.7803635309444,0.0,55.592543358617604,1,39.18278744302346,55.59254335861765,4,FCFS,bursty,0,completed,0
69,1914.2287562282627,2519.4994694014963,2653.578450351564,605.2707131732336,739.3496941233011,4,8.680205462362302,134.07898095006732,3,FCFS,bursty,0,completed,"1,5,6,7"
70,1914.7051869796169,2536.1251271290603,2653.9393166130926,621.4199401494434,739.2341296334757,2,44.17852131971587,117.8141894840322,4,FCFS,bursty,0,completed,"0,2"
71,2012.2981629677372,2536.1251271290603,2648.0256148247295,523.8269641613231,635.7274518569923,2,21.79873426685463,111.90048769566911,1,FCFS,bursty,0,completed,"3,4"
72,2013.9336795904096,2653.578450351564,2821.377707531593,639.6447707611542,807.4440279411833,3,63.55330080056092,167.799257180029,2,FCFS,bursty,0,completed,"1,5,6"
73,2117.147929397955,2648.0256148247295,2779.4200318012827,530.8776854267744,662.2721024033276,1,41.03779318837372,131.39441697655306,1,FCFS,bursty,0,completed,3
74,2211.586865871283,2821.377707531593,2955.924563039672,609.79084166031,744.3376971683892,4,25.50535623766559,134.5468555080791,1,FCFS,bursty,0,completed,"1,3,5,6"
75,2325.3510557026902,2653.9393166130926,2712.1703104836974,328.58826091040237,386.8192547810072,2,27.137588411543575,58.23099387060489,5,FCFS,bursty,0,completed,"0,2"
76,2403.516010179781,2955.924563039672,3052.1787105125954,552.4085528598912,648.6627003328144,4,40.759030092637985,96.25414747292326,5,FCFS,bursty,0,completed,"1,3,5,6"
77,2415.872919911483,3052.1787105125954,3075.0413378561116,636.3057906011122,659.1684179446283,4,12.068867524305976,22.862627343516042,2,FCFS,bursty,0,completed,"1,3,5,6"
78,2499.5126809397284,2648.0256148247295,2824.110891373021,148.51293388500108,324.5982104332925,1,18.70217531376419,176.08527654829126,3,FCFS,bursty,0,completed,4
79,2517.9536185494608,3075.0413378561116,3158.1869053874652,557.0877193066508,640.2332868380045,4,33.31697214631807,83.1455675313536,1,FCFS,bursty,0,completed,"1,3,5,6"
80,2547.894022022382,3158.1869053874652,3281.179667320315,610.2928833650831,733.2856452979327,4,49.93032060022036,122.99276193284966,2,FCFS,bursty,0,completed,"1,3,5,6"
81,2578.7679788396213,2653.578450351564,2730.017396862989,74.81047151194252,151.24941802336753,1,12.637280250203704,76.43894651142482,4,FCFS,bursty,0,completed,7
82,2582.4786212733716,2840.7884675767255,2867.2872774763646,258.3098463033539,284.808656202993,3,31.8963840488935,26.498809899639237,3,FCFS,bursty,0,completed,"0,2,4"
83,2607.8710336360928,2712.1703104836974,2758.181466444228,104.29927684760469,150.31043280813537,2,60.92138030505909,46.011155960530914,1,FCFS,bursty,0,completed,"0,2"
84,2742.685690618233,2758.181466444228,2840.7884675767255,15.495775825995224,98.10277695849254,2,54.03968090760864,82.60700113249727,5,FCFS,bursty,0,completed,"0,2"
85,2745.8910309303424,2745.8910309303424,2874.8008430215764,0.0,128.90981209123402,1,54.14410122839548,128.909812091234,3,FCFS,bursty,0,completed,7
86,2801.337632638191,2867.2872774763646,2997.8907141868613,65.94964483817375,196.55308154867043,3,50.42540880659893,130.60343671049674,5,FCFS,bursty,0,completed,"0,2,4"
87,2801.9045659535273,2997.8907141868613,3046.54074420014,195.986148233334,244.63617824661287,2,54.07719945329697,48.65003001327892,5,FCFS,bursty,0,completed,"0,2"
88,2839.4627386654874,3281.179667320315,3369.3166657673582,441.71692865482737,529.8539271018708,3,12.854154094414397,88.13699844704345,4,FCFS,bursty,0,completed,"0,1,2"
89,2844.9878942050905,3369.3166657673582,3539.3814831491163,524.3287715622678,694.3935889440259,4,19.32141326262714,170.0648173817583,2,FCFS,bursty,0,completed,"0,1,2,4"
90,2880.621424660385,3434.090749803152,3505.7580783893886,553.469325142767,625.1366537290037,4,8.274367239360235,71.66732858623654,1,FCFS,bursty,0,completed,"3,5,6,7"
91,2887.6984916017805,3281.179667320315,3434.090749803152,393.48117571853436,546.3922582013715,3,22.822927189752633,152.91108248283695,5,FCFS,bursty,0,completed,"3,5,6"
92,2909.4961560213756,3046.54074420014,3219.8862378288427,137.04458817876457,310.39008180746714,2,40.83718786870915,173.3454936287027,1,FCFS,bursty,0,completed,"0,2"
93,2941.2488341142944,3505.7580783893886,3617.687142243635,564.5092442750943,676.4383081293408,3,62.90844660999523,111.92906385424635,4,FCFS,bursty,0,completed,"3,5,6"
94,2957.5166333685015,3539.3814831491163,3683.901199325425,581.8648497806148,726.3845659569233,3,54.874633776320216,144.51971617630852,5,FCFS,bursty,0,completed,"0,1,2"
95,2964.129658693969,2964.129658693969,3041.14798611422,0.0,77.01832742025135,1,43.36352496665053,77.01832742025144,5,FCFS,bursty,0,completed,7
96,2964.3647992904544,2997.8907141868613,3142.297774007934,33.5259148964069,177.93297471747974,1,20.68402215821236,144.40705982107286,3,FCFS,bursty,0,completed,4
97,2970.633915450321,3041.14798611422,3146.8918148468783,70.51407066389902,176.25789939655715,1,40.32308514324908,105.7438287326583,1,FCFS,bursty,0,completed,7
98,2974.574068685129,3142.297774007934,3179.8702357781594,167.72370532280502,205.29616709303036,1,50.587249525254,37.57246177022543,4,FCFS,bursty,0,completed,4
99,2976.5403482938395,3179.8702357781594,3298.142465485032,203.3298874843199,321.6021171911925,2,31.181529418050793,118.2722297068726,4,FCFS,bursty,0,completed,"4,7"
0,0.7073808067519769,0.7073808067519769,66.85477511574565,0.0,66.14739430899368,4,39.38665331234641,66.14739430899368,5,SJF,bursty,0,completed,"0,1,2,3"
1,0.788428188224412,0.788428188224412,121.02946217538498,0.0,120.24103398716056,2,53.814774374370984,120.24103398716056,3,SJF,bursty,0,completed,"4,5"
2,20.443530782476135,66.85477511574565,175.2726167991516,46.41124433326952,154.82908601667546,3,28.686647021134128,108.41784168340595,5,SJF,bursty,0,completed,"0,1,2"
3,78.65568916313275,78.65568916313275,121.93145527297783,0.0,43.27576610984508,1,55.50430766340336,43.27576610984508,3,SJF,bursty,0,completed,3
4,102.71222318696246,121.02946217538498,147.92016434629764,18.317238988422517,45.20794115933518,4,58.95770185308863,26.890702170912668,3,SJF,bursty,0,completed,"4,5,6,7"
5,129.68727168072644,147.92016434629764,300.6888019907941,18.2328926655712,171.00153031006766,3,31.26150609278858,152.76863764449644,5,SJF,bursty,0,completed,"3,4,5"
6,230.28677093343094,230.28677093343094,262.8675768799333,0.0,32.58080594650238,1,28.442584834463155,32.58080594650238,1,SJF,bursty,0,completed,0
7,446.6350952349514,446.6350952349514,579.0594265405172,0.0,132.42433130556577,2,23.335549521575203,132.4243313055658,4,SJF,bursty,0,completed,"0,1"
8,452.3078318956187,452.3078318956187,610.6723591597425,0.0,158.36452726412386,3,15.101757726629874,158.36452726412386,5,SJF,bursty,0,completed,"2,3,4"
9,452.4890761079184,452.4890761079184,541.2529258964906,0.0,88.76384978857226,2,29.32314846540981,88.76384978857226,1,SJF,bursty,0,completed,"5,6"
10,455.16257686333665,680.3085225817143,824.4191126780069,225.14594571837767,369.2565358146702,2,62.68189002841849,144.11059009629253,3,SJF,bursty,0,completed,"6,7"
11,457.284909437198,457.284909437198,615.3841421074889,0.0,158.09923267029086,1,23.11085998804481,158.09923267029086,2,SJF,bursty,0,completed,7
12,465.1596810690442,772.9673421289425,848.0546590829146,307.8076610598983,382.89497801387034,3,36.59956431044414,75.08731695397204,5,SJF,bursty,0,completed,"0,1,5"
13,466.04470617452733,653.2718082639076,702.5057888921576,187.22710208938025,236.4610827176303,3,25.69283854059121,49.233980628249995,5,SJF,bursty,0,completed,"2,3,4"
14,466.8124840235982,609.1227062933126,735.9850111847288,142.31022226971442,269.17252716113063,2,53.49078229423022,126.8623048914162,5,SJF,bursty,0,completed,"0,1"
15,470.54303255641327,1399.5453413165587,1539.2651018448394,929.0023087601455,1068.7220692884262,3,59.84001632400745,139.71976052828066,5,SJF,bursty,0,completed,"4,5,7"
16,473.11852782304436,610.6723591597425,653.2718082639076,137.55383133669818,180.15328044086323,3,21.84021745803802,42.59944910416506,5,SJF,bursty,0,completed,"2,3,4"
17,475.05489836797733,541.2529258964906,587.9813945016542,66.19802752851331,112.92649613367689,1,48.018638052666155,46.72846860516355,4,SJF,bursty,0,completed,5
18,479.39909464307897,975.5638926813458,1085.3880154893814,496.16479803826684,605.9889208463023,3,58.97432290809907,109.82412280803567,2,SJF,bursty,0,completed,"5,6,7"
19,480.4332698576657,856.8695240346589,961.0330838135189,376.43625417699315,480.5998139558532,3,18.871267281884442,104.16355977886002,3,SJF,bursty,0,completed,"2,3,4"
20,481.55379676603604,3456.700488022574,3633.811318922847,2975.146691256538,3152.257522156811,4,12.980395853791231,177.110830900273,3,SJF,bursty,0,completed,"3,4,5,6"
21,486.1840276484868,587.9813945016542,731.6052666977164,101.79736685316743,245.4212390492296,1,8.35889742920137,143.62387219606217,3,SJF,bursty,0,completed,5
22,490.4970616737943,702.5057888921576,773.6548506973841,212.00872721836333,283.15778902358977,3,41.03272158597323,71.1490618052264,5,SJF,bursty,0,completed,"2,3,4"
23,491.30570985767076,961.0330838135189,1012.2502675666077,469.7273739558482,520.9445577089369,4,45.66149149934468,51.217183753088804,1,SJF,bursty,0,completed,"0,2,3,4"
24,510.53157426018447,3352.230485503761,3526.218180403662,2841.6989112435767,3015.6866061434775,3,41.725393877259044,173.98769489990096,3,SJF,bursty,0,completed,"0,1,2"
25,541.0560418929474,541.2529258964906,680.3085225817143,0.1968840035432322,139.25248068876692,1,35.99847812488264,139.05559668522372,1,SJF,bursty,0,completed,6
26,578.5104065454403,579.0594265405172,609.1227062933126,0.5490199950768329,30.61229974787227,2,29.731736979933075,30.063279752795413,1,SJF,bursty,0,completed,"0,1"
27,622.5165009703603,773.6548506973841,856.8695240346589,151.13834972702375,234.35302306429855,3,12.91500165853126,83.21467333727482,4,SJF,bursty,0,completed,"2,3,4"
28,727.0939764458268,2719.1000644874025,2885.1195738699444,1992.0060880415758,2158.0255974241177,4,34.44881885800064,166.01950938254168,5,SJF,bursty,0,completed,"0,1,2,6"
29,732.5828606811175,732.5828606811175,772.9673421289425,0.0,40.38448144782501,1,59.25814176625889,40.38448144782501,4,SJF,bursty,0,completed,5
30,784.9330362234682,2124.198650663406,2283.215337758977,1339.265614439938,1498.2823015355089,3,11.93827019987621,159.0166870955711,1,SJF,bursty,0,completed,"5,6,7"
31,825.08437654737,848.0546590829146,894.2216056743514,22.970282535544584,69.13722912698142,3,35.80801485273577,46.16694659143684,4,SJF,bursty,0,completed,"0,1,5"
32,841.8231145587946,841.8231145587946,975.5638926813458,0.0,133.7407781225512,2,25.80897371936469,133.74077812255118,4,SJF,bursty,0,completed,"6,7"
33,871.0055187187078,894.2216056743514,1040.5681228679307,23.21608695564362,169.56260414922292,1,36.41831219049352,146.34651719357925,3,SJF,bursty,0,completed,1
34,880.4508500884912,894.2216056743514,945.7791972416903,13.770755585860229,65.32834715319916,1,40.41047618611614,51.55759156733897,1,SJF,bursty,0,completed,0
35,907.0873675529632,3526.218180403662,3704.409433742513,2619.1308128506985,2797.32206618955,3,35.375378023238554,178.19125333885114,5,SJF,bursty,0,completed,"0,1,2"
36,910.8752981236285,1718.5363039150507,1866.6830297724282,807.6610057914222,955.8077316487997,3,61.92907184695897,148.14672585737745,1,SJF,bursty,0,completed,"2,3,7"
37,969.6948478975688,1012.2502675666077,1128.7060924051864,42.55541966903888,159.01124450761756,3,53.557907594059586,116.45582483857862,3,SJF,bursty,0,completed,"0,2,3"
38,1051.096211025401,1184.7586431052928,1215.2019097310995,133.6624320798917,164.1056987056984,4,59.16668271161378,30.443266625806622,4,SJF,bursty,0,completed,"0,2,3,5"
39,1070.814156544612,1215.2019097310995,1287.2892083072122,144.38775318648754,216.4750517626003,3,29.381627678109375,72.08729857611272,5,SJF,bursty,0,completed,"0,2,3"
40,1071.5130135214258,1326.919713935384,1424.605336140118,255.4067004139581,353.09232261869215,3,51.74666811627718,97.68562220473405,5,SJF,bursty,0,completed,"0,2,3"
41,1072.2561352290068,1072.2561352290068,1106.1465147833899,0.0,33.89037955438312,1,57.14161872882058,33.89037955438306,3,SJF,bursty,0,completed,1
42,1074.1650275713282,2183.8513953008205,2331.7228160553987,1109.6863677294923,1257.5577884840704,4,52.192658927488175,147.87142075457837,4,SJF,bursty,0,completed,"0,1,2,3"
43,1076.5043907225765,1128.7060924051864,1184.7586431052928,52.20170168260984,108.25425238271623,3,52.61179423377906,56.05255070010642,2,SJF,bursty,0,completed,"0,2,3"
44,1077.844247749535,1106.1465147833899,1212.7721121642162,28.302267033854832,134.92786441468115,2,31.37709428344527,106.62559738082633,2,SJF,bursty,0,completed,"1,6"
45,1078.1556328347906,1085.3880154893814,1105.436125906489,7.232382654590765,27.2804930716984,3,30.789076835801144,20.048110417107665,1,SJF,bursty,0,completed,"4,5,6"
46,1083.150611226215,1105.436125906489,1147.6651945657206,22.28551468027399,64.51458333950563,2,55.70505108511839,42.22906865923161,4,SJF,bursty,0,completed,"4,5"
47,1084.3942710148608,1212.7721121642162,1389.8646438237033,128.3778411493554,305.4703728088425,2,53.98177295009977,177.092531659487,4,SJF,bursty,0,completed,"1,6"
48,1094.9835439642047,1094.9835439642047,1271.7337373257496,0.0,176.75019336154492,1,31.74996318486472,176.75019336154503,5,SJF,bursty,0,completed,7
49,1109.8379055755563,1424.605336140118,1565.1567823135429,314.76743056456166,455.31887673798656,3,36.20591083523242,140.55144617342484,5,SJF,bursty,0,completed,"0,2,3"
50,1118.8332940046469,1736.0738872661382,1894.2796858416718,617.2405932614913,775.446391837025,3,34.66423603025017,158.20579857553358,5,SJF,bursty,0,completed,"4,5,6"
51,1137.2320943262598,1147.6651945657206,1290.4895577630764,10.433100239460828,153.25746343681658,1,24.459758334575227,142.82436319735578,4,SJF,bursty,0,completed,4
52,1172.8644035887237,1290.4895577630764,1373.1104259718227,117.6251541743527,200.246022383099,3,13.25532859226515,82.62086820874627,3,SJF,bursty,0,completed,"4,5,7"
53,1176.3224453468051,1629.9699666121828,1718.5363039150507,453.6475212653777,542.2138585682455,4,34.665349940151756,88.56633730286781,1,SJF,bursty,0,completed,"0,1,2,3"
54,1218.555639299028,1287.2892083072122,1326.919713935384,68.7335690081843,108.36407463635601,3,40.83281980108392,39.63050562817175,3,SJF,bursty,0,completed,"0,2,3"
55,1321.4164522543347,1389.8646438237033,1541.6696611665468,68.44819156936865,220.25320891221213,2,46.30682509220185,151.80501734284346,5,SJF,bursty,0,completed,"1,6"
56,1339.5199224854734,1373.1104259718227,1399.5453413165587,33.590503486349235,60.02541883108529,3,40.66592262771465,26.434915344736112,5,SJF,bursty,0,completed,"4,5,7"
57,1385.443057396339,1539.2651018448394,1691.4182573921032,153.82204444850026,305.9751999957641,1,39.865447838748054,152.15315554726388,4,SJF,bursty,0,completed,7
58,1457.5439191006906,3633.811318922847,3813.3329658144457,2176.267399822156,2355.789046713755,4,53.541669340394776,179.5216468915987,3,SJF,bursty,0,completed,"3,4,5,6"
59,1487.757908848803,1539.2651018448394,1621.9330697574637,51.50719299603634,134.1751609086607,2,17.57720064115775,82.66796791262445,2,SJF,bursty,0,completed,"4,5"
60,1514.3316503225506,1621.9330697574637,1736.0738872661382,107.60141943491317,221.7422369435876,3,32.596820184065166,114.14081750867437,4,SJF,bursty,0,completed,"4,5,6"
61,1535.7860222385357,1565.1567823135429,1629.9699666121828,29.370760075007183,94.18394437364714,4,48.662916612302894,64.81318429863991,1,SJF,bursty,0,completed,"0,1,2,3"
62,1538.3816363837905,1939.466362971458,2049.772414350753,401.08472658766755,511.39077796696256,4,56.325199920658896,110.30605137929506,1,SJF,bursty,0,completed,"0,1,2,3"
63,1697.4024965253873,1718.5363039150507,1752.2982936848111,21.13380738966339,54.895797159423864,2,58.334130853915134,33.76198976976042,3,SJF,bursty,0,completed,"0,1"
64,1760.0822247014955,1760.0822247014955,1808.1477846991086,0.0,48.065559997613036,1,26.36700822681774,48.06555999761297,4,SJF,bursty,0,completed,0
65,1796.3290260115275,1866.6830297724282,1939.466362971458,70.3540037609007,143.1373369599305,4,28.31802924832442,72.78333319902973,4,SJF,bursty,0,completed,"0,1,2,3"
66,1796.7593605023767,1894.2796858416718,1996.2274710957095,97.52032533929514,199.46811059333277,3,19.160707078051225,101.94778525403761,5,SJF,bursty,0,completed,"4,5,6"
67,1845.6994938613748,2389.9538099260035,2551.3008073073734,544.2543160646287,705.6013134459986,3,17.148613103669547,161.3469973813699,1,SJF,bursty,0,completed,"0,1,2"
68,1896.1878201723268,1896.1878201723268,1951.7803635309444,0.0,55.592543358617604,1,39.18278744302346,55.59254335861765,4,SJF,bursty,0,completed,7
69,1914.2287562282627,2049.772414350753,2183.8513953008205,135.54365812249034,269.62263907255783,4,8.680205462362302,134.07898095006732,3,SJF,bursty,0,completed,"0,1,2,3"
70,1914.7051869796169,1996.2274710957095,2114.041660579742,81.52228411609258,199.33647360012492,2,44.17852131971587,117.8141894840322,4,SJF,bursty,0,completed,"4,5"
71,2012.2981629677372,2012.2981629677372,2124.198650663406,0.0,111.90048769566897,2,21.79873426685463,111.90048769566911,1,SJF,bursty,0,completed,"6,7"
72,2013.9336795904096,2551.3008073073734,2719.1000644874025,537.3671277169638,705.1663848969929,3,63.55330080056092,167.799257180029,2,SJF,bursty,0,completed,"0,1,2"
73,2117.147929397955,2117.147929397955,2248.5423463745083,0.0,131.3944169765532,1,41.03779318837372,131.39441697655306,1,SJF,bursty,0,completed,4
74,2211.586865871283,2283.215337758977,2417.7621932670563,71.6284718876941,206.17532739577337,4,25.50535623766559,134.5468555080791,1,SJF,bursty,0,completed,"4,5,6,7"
75,2325.3510557026902,2331.7228160553987,2389.9538099260035,6.371760352708407,64.60275422331324,2,27.137588411543575,58.23099387060489,5,SJF,bursty,0,completed,"0,1"
76,2403.516010179781,2440.6248206105724,2536.8789680834957,37.108810430791436,133.3629579037147,4,40.759030092637985,96.25414747292326,5,SJF,bursty,0,completed,"3,4,5,6"
77,2415.872919911483,2417.7621932670563,2440.6248206105724,1.8892733555730956,24.75190069908922,4,12.068867524305976,22.862627343516042,2,SJF,bursty,0,completed,"3,4,5,6"
78,2499.5126809397284,2499.5126809397284,2675.59795748802,0.0,176.0852765482914,1,18.70217531376419,176.08527654829126,3,SJF,bursty,0,completed,7
79,2517.9536185494608,2536.8789680834957,2620.0245356148494,18.925349534034922,102.07091706538858,4,33.31697214631807,83.1455675313536,1,SJF,bursty,0,completed,"3,4,5,6"
80,2547.894022022382,2692.534501475019,2815.5272634078688,144.640479452637,267.6332413854866,4,49.93032060022036,122.99276193284966,2,SJF,bursty,0,completed,"3,4,5,7"
81,2578.7679788396213,2620.0245356148494,2696.4634821262744,41.25655677522809,117.69550328665309,1,12.637280250203704,76.43894651142482,4,SJF,bursty,0,completed,6
82,2582.4786212733716,2620.0245356148494,2646.5233455144885,37.54591434147778,64.04472424111691,3,31.8963840488935,26.498809899639237,3,SJF,bursty,0,completed,"3,4,5"
83,2607.8710336360928,2646.5233455144885,2692.534501475019,38.65231187839572,84.66346783892641,2,60.92138030505909,46.011155960530914,1,SJF,bursty,0,completed,"3,4"
84,2742.685690618233,2815.5272634078688,2898.134264540366,72.84157278963585,155.44857392213316,2,54.03968090760864,82.60700113249727,5,SJF,bursty,0,completed,"5,7"
85,2745.8910309303424,2864.1772934211476,2993.0871055123816,118.28626249080526,247.19607458203927,1,54.14410122839548,128.909812091234,3,SJF,bursty,0,completed,3
86,2801.337632638191,3068.7159663104276,3199.3194030209243,267.37833367223675,397.98177038273343,3,50.42540880659893,130.60343671049674,5,SJF,bursty,0,completed,"0,1,2"
87,2801.9045659535273,2815.5272634078688,2864.1772934211476,13.622697454341505,62.27272746762037,2,54.07719945329697,48.65003001327892,5,SJF,bursty,0,completed,"3,4"
88,2839.4627386654874,2898.134264540366,2986.2712629874095,58.671525874878625,146.80852432192205,3,12.854154094414397,88.13699844704345,4,SJF,bursty,0,completed,"5,6,7"
89,2844.9878942050905,3286.635670640816,3456.700488022574,441.6477764357255,611.7125938174836,4,19.32141326262714,170.0648173817583,2,SJF,bursty,0,completed,"3,4,5,6"
90,2880.621424660385,2885.1195738699444,2956.786902456181,4.498149209559415,76.16547779579605,4,8.274367239360235,71.66732858623654,1,SJF,bursty,0,completed,"0,1,2,4"
91,2887.6984916017805,3199.3194030209243,3352.230485503761,311.6209114191438,464.5319939019805,3,22.822927189752633,152.91108248283695,5,SJF,bursty,0,completed,"0,1,2"
92,2909.4961560213756,3092.0150917200676,3265.36058534877,182.51893569869208,355.86442932739465,2,40.83718786870915,173.3454936287027,1,SJF,bursty,0,completed,"4,6"
93,2941.2488341142944,2956.786902456181,3068.7159663104276,15.538068341886628,127.4671321961332,3,62.90844660999523,111.92906385424635,4,SJF,bursty,0,completed,"0,1,2"
94,2957.5166333685015,3142.1159544645075,3286.635670640816,184.59932109600595,329.1190372723145,3,54.874633776320216,144.51971617630852,5,SJF,bursty,0,completed,"3,5,7"
95,2964.129658693969,2964.129658693969,3041.14798611422,0.0,77.01832742025135,1,43.36352496665053,77.01832742025144,5,SJF,bursty,0,completed,4
96,2964.3647992904544,2986.2712629874095,3130.6783228084823,21.906463696955143,166.31352351802798,1,20.68402215821236,144.40705982107286,3,SJF,bursty,0,completed,7
97,2970.633915450321,2986.2712629874095,3092.0150917200676,15.637347537088317,121.38117626974645,1,40.32308514324908,105.7438287326583,1,SJF,bursty,0,completed,6
98,2974.574068685129,2986.2712629874095,3023.843724757635,11.697194302280423,49.26965607250577,1,50.587249525254,37.57246177022543,4,SJF,bursty,0,completed,5
99,2976.5403482938395,3023.843724757635,3142.1159544645075,47.3033764637953,165.57560617066792,2,31.181529418050793,118.2722297068726,4,SJF,bursty,0,completed,"3,5"
0,0.7073808067519769,0.7073808067519769,66.85477511574565,0.0,66.14739430899368,4,39.38665331234641,66.14739430899368,5,Priority,bursty,0,completed,"0,1,2,3"
1,0.788428188224412,0.788428188224412,121.02946217538498,0.0,120.24103398716056,2,53.814774374370984,120.24103398716056,3,Priority,bursty,0,completed,"4,5"
2,20.443530782476135,66.85477511574565,175.2726167991516,46.41124433326952,154.82908601667546,3,28.686647021134128,108.41784168340595,5,Priority,bursty,0,completed,"0,1,2"
3,78.65568916313275,78.65568916313275,121.93145527297783,0.0,43.27576610984508,1,55.50430766340336,43.27576610984508,3,Priority,bursty,0,completed,3
4,102.71222318696246,121.02946217538498,147.92016434629764,18.317238988422517,45.20794115933518,4,58.95770185308863,26.890702170912668,3,Priority,bursty,0,completed,"4,5,6,7"
5,129.68727168072644,147.92016434629764,300.6888019907941,18.2328926655712,171.00153031006766,3,31.26150609278858,152.76863764449644,5,Priority,bursty,0,completed,"3,4,5"
6,230.28677093343094,230.28677093343094,262.8675768799333,0.0,32.58080594650238,1,28.442584834463155,32.58080594650238,1,Priority,bursty,0,completed,0
7,446.6350952349514,446.6350952349514,579.0594265405172,0.0,132.42433130556577,2,23.335549521575203,132.4243313055658,4,Priority,bursty,0,completed,"0,1"
8,452.3078318956187,452.3078318956187,610.6723591597425,0.0,158.36452726412386,3,15.101757726629874,158.36452726412386,5,Priority,bursty,0,completed,"2,3,4"
9,452.4890761079184,452.4890761079184,541.2529258964906,0.0,88.76384978857226,2,29.32314846540981,88.76384978857226,1,Priority,bursty,0,completed,"5,6"
10,455.16257686333665,772.9673421289425,917.077932225235,317.80476526560585,461.9153553618984,2,62.68189002841849,144.11059009629253,3,Priority,bursty,0,completed,"1,7"
11,457.284909437198,457.284909437198,615.3841421074889,0.0,158.09923267029086,1,23.11085998804481,158.09923267029086,2,Priority,bursty,0,completed,7
12,465.1596810690442,610.6723591597425,685.7596761137146,145.51267809069833,220.59999504467038,3,36.59956431044414,75.08731695397204,5,Priority,bursty,0,completed,"2,3,4"
13,466.04470617452733,668.1152307879069,717.3492114161569,202.07052461337952,251.30450524162956,3,25.69283854059121,49.233980628249995,5,Priority,bursty,0,completed,"0,5,6"
14,466.8124840235982,541.2529258964906,668.1152307879069,74.44044187289245,201.30274676430867,2,53.49078229423022,126.8623048914162,5,Priority,bursty,0,completed,"5,6"
15,470.54303255641327,685.7596761137146,825.4794366419952,215.21664355730132,354.93640408558196,3,59.84001632400745,139.71976052828066,5,Priority,bursty,0,completed,"2,3,4"
16,473.11852782304436,717.3492114161569,759.9486605203219,244.23068359311253,286.8301326972776,3,21.84021745803802,42.59944910416506,5,Priority,bursty,0,completed,"0,5,6"
17,475.05489836797733,579.0594265405172,625.7878951456807,104.00452817253984,150.73299677770342,1,48.018638052666155,46.72846860516355,4,Priority,bursty,0,completed,0
18,479.39909464307897,2163.829156291578,2273.6532790996134,1684.4300616484988,1794.2541844565344,3,58.97432290809907,109.82412280803567,2,Priority,bursty,0,completed,"3,6,7"
19,480.4332698576657,1416.6836532252773,1520.8472130041373,936.2503833676117,1040.4139431464716,3,18.871267281884442,104.16355977886002,3,Priority,bursty,0,completed,"4,5,6"
20,481.55379676603604,1972.0986093049985,2149.2094402052717,1490.5448125389626,1667.6556434392355,4,12.980395853791231,177.110830900273,3,Priority,bursty,0,completed,"0,1,4,5"
21,486.1840276484868,579.0594265405172,722.6832987365793,92.87539889203038,236.49927108809254,1,8.35889742920137,143.62387219606217,3,Priority,bursty,0,completed,1
22,490.4970616737943,759.9486605203219,831.0977223255484,269.45159884652765,340.6006606517541,3,41.03272158597323,71.1490618052264,5,Priority,bursty,0,completed,"0,5,6"
23,491.30570985767076,2526.8490348661203,2578.066218619209,2035.5433250084495,2086.7605087615384,4,45.66149149934468,51.217183753088804,1,Priority,bursty,0,completed,"2,3,5,6"
24,510.53157426018447,1591.9566143339885,1765.9443092338895,1081.425040073804,1255.412734973705,3,41.725393877259044,173.98769489990096,3,Priority,bursty,0,completed,"2,3,7"
25,541.0560418929474,615.3841421074889,754.4397387927125,74.32810021454145,213.38369689976514,1,35.99847812488264,139.05559668522372,1,Priority,bursty,0,completed,7
26,578.5104065454403,917.077932225235,947.1412119780305,338.5675256797947,368.63080543259014,2,29.731736979933075,30.063279752795413,1,Priority,bursty,0,completed,"1,7"
27,622.5165009703603,825.4794366419952,908.69410997927,202.9629356716349,286.1776090089097,3,12.91500165853126,83.21467333727482,4,Priority,bursty,0,completed,"2,3,4"
28,727.0939764458268,1011.0054470395364,1177.024956422078,283.9114705937096,449.93097997625125,4,34.44881885800064,166.01950938254168,5,Priority,bursty,0,completed,"0,1,5,7"
29,732.5828606811175,732.5828606811175,772.9673421289425,0.0,40.38448144782501,1,59.25814176625889,40.38448144782501,4,Priority,bursty,0,completed,1
30,784.9330362234682,2701.0589805520585,2860.0756676476294,1916.1259443285903,2075.142631424161,3,11.93827019987621,159.0166870955711,1,Priority,bursty,0,completed,"0,2,3"
31,825.08437654737,831.0977223255484,877.2646689169852,6.0133457781784045,52.180292369615245,3,35.80801485273577,46.16694659143684,4,Priority,bursty,0,completed,"0,5,6"
32,841.8231145587946,877.2646689169852,1011.0054470395364,35.441554358190615,169.18233248074182,2,25.80897371936469,133.74077812255118,4,Priority,bursty,0,completed,"0,5"
33,871.0055187187078,877.2646689169852,1023.6111861105644,6.259150198277439,152.60566739185663,1,36.41831219049352,146.34651719357925,3,Priority,bursty,0,completed,6
34,880.4508500884912,947.1412119780305,998.6988035453694,66.6903618895393,118.24795345687824,1,40.41047618611614,51.55759156733897,1,Priority,bursty,0,completed,1
35,907.0873675529632,908.69410997927,1086.885363318121,1.6067424263068233,179.7979957651579,3,35.375378023238554,178.19125333885114,5,Priority,bursty,0,completed,"2,3,4"
36,910.8752981236285,2702.096767387659,2850.2434932450365,1791.2214692640305,1939.368195121408,3,61.92907184695897,148.14672585737745,1,Priority,bursty,0,completed,"1,4,5"
37,969.6948478975688,1634.9880305128117,1751.4438553513903,665.2931826152429,781.7490074538215,3,53.557907594059586,116.45582483857862,3,Priority,bursty,0,completed,"4,5,6"
38,1051.096211025401,1317.576402595503,1348.0196692213096,266.48019157010185,296.92345819590855,4,59.16668271161378,30.443266625806622,4,Priority,bursty,0,completed,"0,1,5,6"
39,1070.814156544612,1086.885363318121,1158.9726618942339,16.071206773509175,88.15850534962192,3,29.381627678109375,72.08729857611272,5,Priority,bursty,0,completed,"2,3,4"
40,1071.5130135214258,1158.9726618942339,1256.658284098968,87.45964837280803,185.14527057754208,3,51.74666811627718,97.68562220473405,5,Priority,bursty,0,completed,"2,3,4"
41,1072.2561352290068,1072.2561352290068,1106.1465147833899,0.0,33.89037955438312,1,57.14161872882058,33.89037955438306,3,Priority,bursty,0,completed,6
42,1074.1650275713282,1751.4438553513903,1899.3152761059687,677.2788277800621,825.1502485346405,4,52.192658927488175,147.87142075457837,4,Priority,bursty,0,completed,"0,1,4,5"
43,1076.5043907225765,2386.9620809674752,2443.014631667582,1310.4576902448987,1366.5102409450053,3,52.61179423377906,56.05255070010642,2,Priority,bursty,0,completed,"0,1,4"
44,1077.844247749535,1499.8246865641531,1606.4502839449794,421.9804388146181,528.6060361954444,2,31.37709428344527,106.62559738082633,2,Priority,bursty,0,completed,"0,1"
45,1078.1556328347906,3320.237308475581,3340.2854188926885,2242.0816756407903,2262.129786057898,3,30.789076835801144,20.048110417107665,1,Priority,bursty,0,completed,"1,4,5"
46,1083.150611226215,1374.4545845660457,1416.6836532252773,291.3039733398307,333.53304199906233,2,55.70505108511839,42.22906865923161,4,Priority,bursty,0,completed,"5,6"
47,1084.3942710148608,1414.8640826745016,1591.9566143339885,330.46981165964075,507.56234331912765,2,53.98177295009977,177.092531659487,4,Priority,bursty,0,completed,"2,3"
48,1094.9835439642047,1106.1465147833899,1282.896708144935,11.162970819185148,187.9131641807303,1,31.74996318486472,176.75019336154503,5,Priority,bursty,0,completed,6
49,1109.8379055755563,1177.024956422078,1317.576402595503,67.18705084652174,207.73849701994664,3,36.20591083523242,140.55144617342484,5,Priority,bursty,0,completed,"0,1,5"
50,1118.8332940046469,1256.658284098968,1414.8640826745016,137.82499009432104,296.0307886698547,3,34.66423603025017,158.20579857553358,5,Priority,bursty,0,completed,"2,3,4"
51,1137.2320943262598,1177.024956422078,1319.8493196194338,39.792862095818236,182.617225293174,1,24.459758334575227,142.82436319735578,4,Priority,bursty,0,completed,7
52,1172.8644035887237,1765.9443092338895,1848.5651774426358,593.0799056451658,675.7007738539121,3,13.25532859226515,82.62086820874627,3,Priority,bursty,0,completed,"2,3,7"
53,1176.3224453468051,3340.2854188926885,3428.8517561955564,2163.9629735458834,2252.5293108487513,4,34.665349940151756,88.56633730286781,1,Priority,bursty,0,completed,"1,4,5,7"
54,1218.555639299028,2124.198650663406,2163.829156291578,905.6430113643783,945.27351699255,3,40.83281980108392,39.63050562817175,3,Priority,bursty,0,completed,"3,6,7"
55,1321.4164522543347,1348.0196692213096,1499.8246865641531,26.60321696697497,178.40823430981845,2,46.30682509220185,151.80501734284346,5,Priority,bursty,0,completed,"0,1"
56,1339.5199224854734,1348.0196692213096,1374.4545845660457,8.499746735836197,34.93466208057225,3,40.66592262771465,26.434915344736112,5,Priority,bursty,0,completed,"5,6,7"
57,1385.443057396339,1385.443057396339,1537.596212943603,0.0,152.15315554726385,1,39.865447838748054,152.15315554726388,4,Priority,bursty,0,completed,7
58,1457.5439191006906,2149.2094402052717,2328.7310870968704,691.6655211045811,871.1871679961798,4,53.541669340394776,179.5216468915987,3,Priority,bursty,0,completed,"0,1,4,5"
59,1487.757908848803,1606.4502839449794,1689.1182518576038,118.69237509617642,201.36034300880078,2,17.57720064115775,82.66796791262445,2,Priority,bursty,0,completed,"0,1"
60,1514.3316503225506,1520.8472130041373,1634.9880305128117,6.515562681586744,120.65638019026119,3,32.596820184065166,114.14081750867437,4,Priority,bursty,0,completed,"4,5,6"
61,1535.7860222385357,3383.117629813514,3447.930814112154,1847.3316075749785,1912.1447918736185,4,48.662916612302894,64.81318429863991,1,Priority,bursty,0,completed,"0,2,3,6"
62,1538.3816363837905,3428.8517561955564,3539.1578075748516,1890.470119811766,2000.7761711910612,4,56.325199920658896,110.30605137929506,1,Priority,bursty,0,completed,"1,4,5,7"
63,1697.4024965253873,1697.4024965253873,1731.1644862951478,0.0,33.761989769760476,2,58.334130853915134,33.76198976976042,3,Priority,bursty,0,completed,"0,1"
64,1760.0822247014955,1760.0822247014955,1808.1477846991086,0.0,48.065559997613036,1,26.36700822681774,48.06555999761297,4,Priority,bursty,0,completed,6
65,1796.3290260115275,1899.3152761059687,1972.0986093049985,102.98625009444117,175.769583293471,4,28.31802924832442,72.78333319902973,4,Priority,bursty,0,completed,"0,1,4,5"
66,1796.7593605023767,1848.5651774426358,1950.5129626966734,51.80581694025909,153.75360219429672,3,19.160707078051225,101.94778525403761,5,Priority,bursty,0,completed,"2,3,6"
67,1845.6994938613748,3447.930814112154,3609.277811493524,1602.2313202507794,1763.5783176321493,3,17.148613103669547,161.3469973813699,1,Priority,bursty,0,completed,"0,2,3"
68,1896.1878201723268,1896.1878201723268,1951.7803635309444,0.0,55.592543358617604,1,39.18278744302346,55.59254335861765,4,Priority,bursty,0,completed,7
69,1914.2287562282627,2273.6532790996134,2407.732260049681,359.42452287135075,493.50350382141824,4,8.680205462362302,134.07898095006732,3,Priority,bursty,0,completed,"2,3,6,7"
70,1914.7051869796169,1950.5129626966734,2068.3271521807055,35.80777571705653,153.62196520108864,2,44.17852131971587,117.8141894840322,4,Priority,bursty,0,completed,"2,3"
71,2012.2981629677372,2012.2981629677372,2124.198650663406,0.0,111.90048769566897,2,21.79873426685463,111.90048769566911,1,Priority,bursty,0,completed,"6,7"
72,2013.9336795904096,2443.014631667582,2610.813888847611,429.08095207717224,596.8802092572014,3,63.55330080056092,167.799257180029,2,Priority,bursty,0,completed,"0,1,4"
73,2117.147929397955,2117.147929397955,2248.5423463745083,0.0,131.3944169765532,1,41.03779318837372,131.39441697655306,1,Priority,bursty,0,completed,2
74,2211.586865871283,3539.1578075748516,3673.704663082931,1327.5709417035687,1462.117797211648,4,25.50535623766559,134.5468555080791,1,Priority,bursty,0,completed,"1,4,5,6"
75,2325.3510557026902,2328.7310870968704,2386.9620809674752,3.3800313941801505,61.611025264784985,2,27.137588411543575,58.23099387060489,5,Priority,bursty,0,completed,"0,1"
76,2403.516010179781,2407.732260049681,2503.986407522604,4.216249869899912,100.47039734282316,4,40.759030092637985,96.25414747292326,5,Priority,bursty,0,completed,"2,3,5,6"
77,2415.872919911483,2503.986407522604,2526.8490348661203,88.11348761112095,110.97611495463707,4,12.068867524305976,22.862627343516042,2,Priority,bursty,0,completed,"2,3,5,6"
78,2499.5126809397284,2499.5126809397284,2675.59795748802,0.0,176.0852765482914,1,18.70217531376419,176.08527654829126,3,Priority,bursty,0,completed,7
79,2517.9536185494608,3609.277811493524,3692.4233790248777,1091.3241929440633,1174.469760475417,4,33.31697214631807,83.1455675313536,1,Priority,bursty,0,completed,"0,2,3,7"
80,2547.894022022382,2578.066218619209,2701.0589805520585,30.17219659682678,153.16495852967637,4,49.93032060022036,122.99276193284966,2,Priority,bursty,0,completed,"2,3,5,6"
81,2578.7679788396213,2610.813888847611,2687.252835359036,32.04591000798973,108.48485651941473,1,12.637280250203704,76.43894651142482,4,Priority,bursty,0,completed,0
82,2582.4786212733716,2675.59795748802,2702.096767387659,93.11933621464823,119.61814611428736,3,31.8963840488935,26.498809899639237,3,Priority,bursty,0,completed,"1,4,7"
83,2607.8710336360928,2610.813888847611,2656.8250448081417,2.9428552115182356,48.95401117204892,2,60.92138030505909,46.011155960530914,1,Priority,bursty,0,completed,"1,4"
84,2742.685690618233,2742.685690618233,2825.2926917507302,0.0,82.60700113249732,2,54.03968090760864,82.60700113249727,5,Priority,bursty,0,completed,"6,7"
85,2745.8910309303424,2873.942721764009,3002.852533855243,128.05169083366673,256.96150292490074,1,54.14410122839548,128.909812091234,3,Priority,bursty,0,completed,6
86,2801.337632638191,2850.2434932450365,2980.846929955533,48.905860606845636,179.50929731734232,3,50.42540880659893,130.60343671049674,5,Priority,bursty,0,completed,"1,4,5"
87,2801.9045659535273,2825.2926917507302,2873.942721764009,23.388125797202974,72.03815581048184,2,54.07719945329697,48.65003001327892,5,Priority,bursty,0,completed,"6,7"
88,2839.4627386654874,2860.0756676476294,2948.212666094673,20.612928982141966,108.74992742918539,3,12.854154094414397,88.13699844704345,4,Priority,bursty,0,completed,"0,2,3"
89,2844.9878942050905,3213.052812431756,3383.117629813514,368.06491822666567,538.1297356084237,4,19.32141326262714,170.0648173817583,2,Priority,bursty,0,completed,"0,2,3,6"
90,2880.621424660385,3673.704663082931,3745.3719916691675,793.083238422546,864.7505670087826,4,8.274367239360235,71.66732858623654,1,Priority,bursty,0,completed,"1,4,5,6"
91,2887.6984916017805,2948.212666094673,3101.12374857751,60.51417449289238,213.42525697572955,3,22.822927189752633,152.91108248283695,5,Priority,bursty,0,completed,"0,2,3"
92,2909.4961560213756,3146.8918148468783,3320.237308475581,237.39565882550278,410.74115245420535,2,40.83718786870915,173.3454936287027,1,Priority,bursty,0,completed,"5,7"
93,2941.2488341142944,3101.12374857751,3213.052812431756,159.87491446321565,271.80397831746177,3,62.90844660999523,111.92906385424635,4,Priority,bursty,0,completed,"0,2,3"
94,2957.5166333685015,2980.846929955533,3125.3666461318417,23.330296587031626,167.85001276334015,3,54.874633776320216,144.51971617630852,5,Priority,bursty,0,completed,"1,4,5"
95,2964.129658693969,2964.129658693969,3041.14798611422,0.0,77.01832742025135,1,43.36352496665053,77.01832742025144,5,Priority,bursty,0,completed,7
96,2964.3647992904544,3040.4249956254685,3184.8320554465413,76.0601963350141,220.46725615608693,1,20.68402215821236,144.40705982107286,3,Priority,bursty,0,completed,6
97,2970.633915450321,3041.14798611422,3146.8918148468783,70.51407066389902,176.25789939655715,1,40.32308514324908,105.7438287326583,1,Priority,bursty,0,completed,7
98,2974.574068685129,3002.852533855243,3040.4249956254685,28.278465170114032,65.85092694033938,1,50.587249525254,37.57246177022543,4,Priority,bursty,0,completed,6
99,2976.5403482938395,3125.3666461318417,3243.6388758387143,148.82629783800212,267.09852754487474,2,31.181529418050793,118.2722297068726,4,Priority,bursty,0,completed,"1,4"
0,0.7073808067519769,0.7073808067519769,66.85477511574565,0.0,66.14739430899368,4,39.38665331234641,66.14739430899368,5,BestFit,bursty,0,completed,"0,1,2,3"
1,0.788428188224412,0.788428188224412,121.02946217538498,0.0,120.24103398716056,2,53.814774374370984,120.24103398716056,3,BestFit,bursty,0,completed,"4,5"
2,20.443530782476135,66.85477511574565,175.2726167991516,46.41124433326952,154.82908601667546,3,28.686647021134128,108.41784168340595,5,BestFit,bursty,0,completed,"0,1,2"
3,78.65568916313275,78.65568916313275,121.93145527297783,0.0,43.27576610984508,1,55.50430766340336,43.27576610984508,3,BestFit,bursty,0,completed,3
4,102.71222318696246,121.02946217538498,147.92016434629764,18.317238988422517,45.20794115933518,4,58.95770185308863,26.890702170912668,3,BestFit,bursty,0,completed,"4,5,6,7"
5,129.68727168072644,147.92016434629764,300.6888019907941,18.2328926655712,171.00153031006766,3,31.26150609278858,152.76863764449644,5,BestFit,bursty,0,completed,"3,4,5"
6,230.28677093343094,230.28677093343094,262.8675768799333,0.0,32.58080594650238,1,28.442584834463155,32.58080594650238,1,BestFit,bursty,0,completed,0
7,446.6350952349514,446.6350952349514,579.0594265405172,0.0,132.42433130556577,2,23.335549521575203,132.4243313055658,4,BestFit,bursty,0,completed,"0,1"
8,452.3078318956187,452.3078318956187,610.6723591597425,0.0,158.36452726412386,3,15.101757726629874,158.36452726412386,5,BestFit,bursty,0,completed,"2,3,4"
9,452.4890761079184,452.4890761079184,541.2529258964906,0.0,88.76384978857226,2,29.32314846540981,88.76384978857226,1,BestFit,bursty,0,completed,"5,6"
10,455.16257686333665,615.3841421074889,759.4947322037814,160.2215652441522,304.33215534044473,2,62.68189002841849,144.11059009629253,3,BestFit,bursty,0,completed,"4,7"
11,457.284909437198,457.284909437198,615.3841421074889,0.0,158.09923267029086,1,23.11085998804481,158.09923267029086,2,BestFit,bursty,0,completed,7
12,465.1596810690442,772.1419523141294,847.2292692681015,306.9822712450852,382.06958819905725,3,36.59956431044414,75.08731695397204,5,BestFit,bursty,0,completed,"0,1,5"
13,466.04470617452733,722.9079716858794,772.1419523141294,256.86326551135204,306.0972461396021,3,25.69283854059121,49.233980628249995,5,BestFit,bursty,0,completed,"0,1,5"
14,466.8124840235982,610.6723591597425,737.5346640511588,143.85987513614435,270.72218002756057,2,53.49078229423022,126.8623048914162,5,BestFit,bursty,0,completed,"2,3"
15,470.54303255641327,1473.2214695971782,1612.9412301254588,1002.678437040765,1142.3981975690456,3,59.84001632400745,139.71976052828066,5,BestFit,bursty,0,completed,"4,5,6"
16,473.11852782304436,680.3085225817143,722.9079716858794,207.18999475866997,249.78944386283501,3,21.84021745803802,42.59944910416506,5,BestFit,bursty,0,completed,"1,5,6"
17,475.05489836797733,541.2529258964906,587.9813945016542,66.19802752851331,112.92649613367689,1,48.018638052666155,46.72846860516355,4,BestFit,bursty,0,completed,5
18,479.39909464307897,975.5638926813458,1085.3880154893814,496.16479803826684,605.9889208463023,3,58.97432290809907,109.82412280803567,2,BestFit,bursty,0,completed,"3,5,6"
19,480.4332698576657,930.4439426053763,1034.6075023842363,450.01067274771054,554.1742325265707,3,18.871267281884442,104.16355977886002,3,BestFit,bursty,0,completed,"0,1,4"
20,481.55379676603604,3638.1831179527017,3815.2939488529746,3156.6293211866655,3333.7401520869385,4,12.980395853791231,177.110830900273,3,BestFit,bursty,0,completed,"2,3,4,7"
21,486.1840276484868,579.0594265405172,722.6832987365793,92.87539889203038,236.49927108809254,1,8.35889742920137,143.62387219606217,3,BestFit,bursty,0,completed,0
22,490.4970616737943,759.4947322037814,830.6437940090078,268.9976705299871,340.1467323352135,3,41.03272158597323,71.1490618052264,5,BestFit,bursty,0,completed,"2,3,4"
23,491.30570985767076,2277.476433781495,2328.6936175345836,1786.1707239238242,1837.3879076769128,4,45.66149149934468,51.217183753088804,1,BestFit,bursty,0,completed,"0,2,4,7"
24,510.53157426018447,2073.0454722557874,2247.0331671556883,1562.513897995603,1736.5015928955038,3,41.725393877259044,173.98769489990096,3,BestFit,bursty,0,completed,"0,2,4"
25,541.0560418929474,541.2529258964906,680.3085225817143,0.1968840035432322,139.25248068876692,1,35.99847812488264,139.05559668522372,1,BestFit,bursty,0,completed,6
26,578.5104065454403,587.9813945016542,618.0446742544497,9.47098795621389,39.53426770900933,2,29.731736979933075,30.063279752795413,1,BestFit,bursty,0,completed,"1,5"
27,622.5165009703603,847.2292692681015,930.4439426053763,224.71276829774115,307.92744163501595,3,12.91500165853126,83.21467333727482,4,BestFit,bursty,0,completed,"0,1,5"
28,727.0939764458268,3472.16360857016,3638.1831179527017,2745.069632124333,2911.089141506875,4,34.44881885800064,166.01950938254168,5,BestFit,bursty,0,completed,"2,3,4,7"
29,732.5828606811175,732.5828606811175,772.9673421289425,0.0,40.38448144782501,1,59.25814176625889,40.38448144782501,4,BestFit,bursty,0,completed,6
30,784.9330362234682,1906.7541319916932,2065.770819087264,1121.821095768225,1280.8377828637958,3,11.93827019987621,159.0166870955711,1,BestFit,bursty,0,completed,"1,3,5"
31,825.08437654737,830.6437940090078,876.8107406004447,5.5594174616378496,51.72636405307469,3,35.80801485273577,46.16694659143684,4,BestFit,bursty,0,completed,"2,3,4"
32,841.8231145587946,841.8231145587946,975.5638926813458,0.0,133.7407781225512,2,25.80897371936469,133.74077812255118,4,BestFit,bursty,0,completed,"6,7"
33,871.0055187187078,876.8107406004447,1023.157257794024,5.805221881736884,152.1517390753162,1,36.41831219049352,146.34651719357925,3,BestFit,bursty,0,completed,2
34,880.4508500884912,880.4508500884912,932.0084416558301,0.0,51.55759156733893,1,40.41047618611614,51.55759156733897,1,BestFit,bursty,0,completed,3
35,907.0873675529632,2237.3938101950057,2415.585063533857,1330.3064426420424,1508.4976959808937,3,35.375378023238554,178.19125333885114,5,BestFit,bursty,0,completed,"3,5,6"
36,910.8752981236285,1656.659620880278,1804.8063467376555,745.7843227566495,893.9310486140271,3,61.92907184695897,148.14672585737745,1,BestFit,bursty,0,completed,"1,3,5"
37,969.6948478975688,1034.6075023842363,1151.063327222815,64.91265448666752,181.36847932524608,3,53.557907594059586,116.45582483857862,3,BestFit,bursty,0,completed,"0,1,2"
38,1051.096211025401,2247.0331671556883,2277.476433781495,1195.9369561302872,1226.3802227560939,4,59.16668271161378,30.443266625806622,4,BestFit,bursty,0,completed,"0,2,4,7"
39,1070.814156544612,1293.8876904201707,1365.9749889962834,223.07353387555872,295.16083245167147,3,29.381627678109375,72.08729857611272,5,BestFit,bursty,0,completed,"0,4,7"
40,1071.5130135214258,1392.4099043410195,1490.0955265457535,320.89689081959364,418.5825130243277,3,51.74666811627718,97.68562220473405,5,BestFit,bursty,0,completed,"0,2,3"
41,1072.2561352290068,1072.2561352290068,1106.1465147833899,0.0,33.89037955438312,1,57.14161872882058,33.89037955438306,3,BestFit,bursty,0,completed,4
42,1074.1650275713282,3450.1493486154814,3598.0207693700595,2375.984321044153,2523.8557417987313,4,52.192658927488175,147.87142075457837,4,BestFit,bursty,0,completed,"0,1,5,6"
43,1076.5043907225765,1212.0617232873153,1268.1142739874217,135.55733256473877,191.60988326484517,3,52.61179423377906,56.05255070010642,2,BestFit,bursty,0,completed,"1,2,6"
44,1077.844247749535,1085.3880154893814,1192.0136128702077,7.5437677398463165,114.16936512067264,2,31.37709428344527,106.62559738082633,2,BestFit,bursty,0,completed,"6,7"
45,1078.1556328347906,1192.0136128702077,1212.0617232873153,113.85798003541709,133.90609045252472,3,30.789076835801144,20.048110417107665,1,BestFit,bursty,0,completed,"1,2,6"
46,1083.150611226215,1085.3880154893814,1127.617084148613,2.237404263166354,44.466472922398,2,55.70505108511839,42.22906865923161,4,BestFit,bursty,0,completed,"3,5"
47,1084.3942710148608,1127.617084148613,1304.7096158081,43.2228131337522,220.3153447932391,2,53.98177295009977,177.092531659487,4,BestFit,bursty,0,completed,"3,5"
48,1094.9835439642047,1106.1465147833899,1282.896708144935,11.162970819185148,187.9131641807303,1,31.74996318486472,176.75019336154503,5,BestFit,bursty,0,completed,4
49,1109.8379055755563,1612.9412301254588,1753.4926762988837,503.1033245499025,643.6547707233274,3,36.20591083523242,140.55144617342484,5,BestFit,bursty,0,completed,"0,2,4"
50,1118.8332940046469,1753.4926762988837,1911.6984748744173,634.6593822942368,792.8651808697705,3,34.66423603025017,158.20579857553358,5,BestFit,bursty,0,completed,"0,2,4"
51,1137.2320943262598,1151.063327222815,1293.8876904201707,13.831232896555093,156.65559609391084,1,24.459758334575227,142.82436319735578,4,BestFit,bursty,0,completed,0
52,1172.8644035887237,1307.7447796155934,1390.3656478243397,134.88037602686973,217.501244235616,3,13.25532859226515,82.62086820874627,3,BestFit,bursty,0,completed,"1,2,3"
53,1176.3224453468051,2474.6004230473445,2563.1667603502124,1298.2779777005394,1386.8443150034072,4,34.665349940151756,88.56633730286781,1,BestFit,bursty,0,completed,"0,1,2,4"
54,1218.555639299028,1268.1142739874217,1307.7447796155934,49.558634688393795,89.1891403165655,3,40.83281980108392,39.63050562817175,3,BestFit,bursty,0,completed,"1,2,6"
55,1321.4164522543347,1321.4164522543347,1473.2214695971782,0.0,151.80501734284348,2,46.30682509220185,151.80501734284346,5,BestFit,bursty,0,completed,"5,6"
56,1339.5199224854734,1365.9749889962834,1392.4099043410195,26.455066510809957,52.88998185554601,3,40.66592262771465,26.434915344736112,5,BestFit,bursty,0,completed,"0,4,7"
57,1385.443057396339,1390.3656478243397,1542.5188033716036,4.922590428000603,157.07574597526445,1,39.865447838748054,152.15315554726388,4,BestFit,bursty,0,completed,1
58,1457.5439191006906,3768.0855867518176,3947.6072336434163,2310.5416676511268,2490.0633145427255,4,53.541669340394776,179.5216468915987,3,BestFit,bursty,0,completed,"0,1,5,6"
59,1487.757908848803,1490.0955265457535,1572.7634944583779,2.337617696950474,85.00558560957484,2,17.57720064115775,82.66796791262445,2,BestFit,bursty,0,completed,"0,2"
60,1514.3316503225506,1542.5188033716036,1656.659620880278,28.187153049052995,142.32797055772744,3,32.596820184065166,114.14081750867437,4,BestFit,bursty,0,completed,"1,3,7"
61,1535.7860222385357,2386.9246114051884,2451.7377957038284,851.1385891666528,915.9517734652927,4,48.662916612302894,64.81318429863991,1,BestFit,bursty,0,completed,"0,1,2,4"
62,1538.3816363837905,2694.2669216368026,2804.572973016098,1155.8852852530122,1266.1913366323074,4,56.325199920658896,110.30605137929506,1,BestFit,bursty,0,completed,"1,2,3,4"
63,1697.4024965253873,1697.4024965253873,1731.1644862951478,0.0,33.761989769760476,2,58.334130853915134,33.76198976976042,3,BestFit,bursty,0,completed,"6,7"
64,1760.0822247014955,1760.0822247014955,1808.1477846991086,0.0,48.065559997613036,1,26.36700822681774,48.06555999761297,4,BestFit,bursty,0,completed,6
65,1796.3290260115275,2415.585063533857,2488.3683967328866,619.2560375223295,692.0393707213591,4,28.31802924832442,72.78333319902973,4,BestFit,bursty,0,completed,"3,5,6,7"
66,1796.7593605023767,1804.8063467376555,1906.7541319916932,8.046986235278837,109.99477148931646,3,19.160707078051225,101.94778525403761,5,BestFit,bursty,0,completed,"1,3,5"
67,1845.6994938613748,1911.6984748744173,2073.0454722557874,65.99898101304257,227.34597839441267,3,17.148613103669547,161.3469973813699,1,BestFit,bursty,0,completed,"0,2,4"
68,1896.1878201723268,1896.1878201723268,1951.7803635309444,0.0,55.592543358617604,1,39.18278744302346,55.59254335861765,4,BestFit,bursty,0,completed,6
69,1914.2287562282627,3316.070367665414,3450.1493486154814,1401.8416114371512,1535.9205923872187,4,8.680205462362302,134.07898095006732,3,BestFit,bursty,0,completed,"0,1,5,6"
70,1914.7051869796169,1951.7803635309444,2069.5945530149766,37.07517655132756,154.88936603535967,2,44.17852131971587,117.8141894840322,4,BestFit,bursty,0,completed,"6,7"
71,2012.2981629677372,2065.770819087264,2177.6713067829332,53.472656119526846,165.37314381519604,2,21.79873426685463,111.90048769566911,1,BestFit,bursty,0,completed,"1,3"
72,2013.9336795904096,2069.5945530149766,2237.3938101950057,55.660873424566944,223.4601306045961,3,63.55330080056092,167.799257180029,2,BestFit,bursty,0,completed,"5,6,7"
73,2117.147929397955,2177.6713067829332,2309.0657237594864,60.523377384978176,191.91779436153138,1,41.03779318837372,131.39441697655306,1,BestFit,bursty,0,completed,1
74,2211.586865871283,3337.6167530620805,3472.16360857016,1126.0298871907976,1260.5767426988768,4,25.50535623766559,134.5468555080791,1,BestFit,bursty,0,completed,"2,3,4,7"
75,2325.3510557026902,2328.6936175345836,2386.9246114051884,3.342561831893363,61.5735557024982,2,27.137588411543575,58.23099387060489,5,BestFit,bursty,0,completed,"0,1"
76,2403.516010179781,2488.3683967328866,2584.62254420581,84.85238655310559,181.10653402602884,4,40.759030092637985,96.25414747292326,5,BestFit,bursty,0,completed,"3,5,6,7"
77,2415.872919911483,2451.7377957038284,2474.6004230473445,35.864875792345174,58.7275031358613,4,12.068867524305976,22.862627343516042,2,BestFit,bursty,0,completed,"0,1,2,4"
78,2499.5126809397284,2563.1667603502124,2739.252036898504,63.65407941048397,239.73935595877538,1,18.70217531376419,176.08527654829126,3,BestFit,bursty,0,completed,0
79,2517.9536185494608,2611.121354105449,2694.2669216368026,93.1677355559882,176.31330308734186,4,33.31697214631807,83.1455675313536,1,BestFit,bursty,0,completed,"2,3,4,7"
80,2547.894022022382,2739.252036898504,2862.2447988313534,191.35801487612162,314.3507768089712,4,49.93032060022036,122.99276193284966,2,BestFit,bursty,0,completed,"0,5,6,7"
81,2578.7679788396213,2578.7679788396213,2655.2069253510463,0.0,76.438946511425,1,12.637280250203704,76.43894651142482,4,BestFit,bursty,0,completed,1
82,2582.4786212733716,2584.62254420581,2611.121354105449,2.1439229324382723,28.6427328320774,3,31.8963840488935,26.498809899639237,3,BestFit,bursty,0,completed,"2,3,4"
83,2607.8710336360928,2607.8710336360928,2653.882189596624,0.0,46.01115596053114,2,60.92138030505909,46.011155960530914,1,BestFit,bursty,0,completed,"5,6"
84,2742.685690618233,2853.2230030293767,2935.830004161874,110.53731241114383,193.14431354364115,2,54.03968090760864,82.60700113249727,5,BestFit,bursty,0,completed,"2,3"
85,2745.8910309303424,2804.572973016098,2933.482785107332,58.68194208575551,187.59175417698953,1,54.14410122839548,128.909812091234,3,BestFit,bursty,0,completed,1
86,2801.337632638191,2935.830004161874,3066.4334408723707,134.49237152368323,265.0958082341799,3,50.42540880659893,130.60343671049674,5,BestFit,bursty,0,completed,"1,2,3"
87,2801.9045659535273,2804.572973016098,2853.2230030293767,2.6684070625706227,51.31843707584949,2,54.07719945329697,48.65003001327892,5,BestFit,bursty,0,completed,"2,3"
88,2839.4627386654874,2862.2447988313534,2950.381797278397,22.782060165865914,110.91905861290934,3,12.854154094414397,88.13699844704345,4,BestFit,bursty,0,completed,"0,4,5"
89,2844.9878942050905,3598.0207693700595,3768.0855867518176,753.032875164969,923.0976925467271,4,19.32141326262714,170.0648173817583,2,BestFit,bursty,0,completed,"0,1,5,6"
90,2880.621424660385,3244.4030390791772,3316.070367665414,363.7816144187923,435.4489430050289,4,8.274367239360235,71.66732858623654,1,BestFit,bursty,0,completed,"0,1,5,6"
91,2887.6984916017805,3184.7056705792434,3337.6167530620805,297.0071789774629,449.9182614603001,3,22.822927189752633,152.91108248283695,5,BestFit,bursty,0,completed,"2,3,4"
92,2909.4961560213756,2909.4961560213756,3082.841649650078,0.0,173.34549362870257,2,40.83718786870915,173.3454936287027,1,BestFit,bursty,0,completed,"6,7"
93,2941.2488341142944,2950.381797278397,3062.3108611326434,9.13296316410242,121.062027018349,3,62.90844660999523,111.92906385424635,4,BestFit,bursty,0,completed,"0,4,5"
94,2957.5166333685015,3099.8833229028687,3244.4030390791772,142.3666895343672,286.8864057106757,3,54.874633776320216,144.51971617630852,5,BestFit,bursty,0,completed,"0,6,7"
95,2964.129658693969,3062.3108611326434,3139.3291885528947,98.18120243867452,175.19952985892587,1,43.36352496665053,77.01832742025144,5,BestFit,bursty,0,completed,4
96,2964.3647992904544,3066.4334408723707,3210.8405006934436,102.06864158191638,246.47570140298922,1,20.68402215821236,144.40705982107286,3,BestFit,bursty,0,completed,1
97,2970.633915450321,3062.3108611326434,3168.0546898653015,91.67694568232218,197.42077441498031,1,40.32308514324908,105.7438287326583,1,BestFit,bursty,0,completed,5
98,2974.574068685129,3062.3108611326434,3099.8833229028687,87.73679244751429,125.30925421773964,1,50.587249525254,37.57246177022543,4,BestFit,bursty,0,completed,0
99,2976.5403482938395,3066.4334408723707,3184.7056705792434,89.8930925785312,208.16532228540382,2,31.181529418050793,118.2722297068726,4,BestFit,bursty,0,completed,"2,3"
0,0.7073808067519769,0.7073808067519769,66.85477511574565,0.0,66.14739430899368,4,39.38665331234641,66.14739430899368,5,PPO,bursty,0,completed,"0,1,2,3"
1,0.788428188224412,0.788428188224412,121.02946217538498,0.0,120.24103398716056,2,53.814774374370984,120.24103398716056,3,PPO,bursty,0,completed,"4,5"
2,20.443530782476135,66.85477511574565,175.2726167991516,46.41124433326952,154.82908601667546,3,28.686647021134128,108.41784168340595,5,PPO,bursty,0,completed,"0,1,2"
3,78.65568916313275,78.65568916313275,121.93145527297783,0.0,43.27576610984508,1,55.50430766340336,43.27576610984508,3,PPO,bursty,0,completed,3
4,102.71222318696246,121.02946217538498,147.92016434629764,18.317238988422517,45.20794115933518,4,58.95770185308863,26.890702170912668,3,PPO,bursty,0,completed,"4,5,6,7"
5,129.68727168072644,147.92016434629764,300.6888019907941,18.2328926655712,171.00153031006766,3,31.26150609278858,152.76863764449644,5,PPO,bursty,0,completed,"3,4,5"
6,230.28677093343094,230.28677093343094,262.8675768799333,0.0,32.58080594650238,1,28.442584834463155,32.58080594650238,1,PPO,bursty,0,completed,0
7,446.6350952349514,446.6350952349514,579.0594265405172,0.0,132.42433130556577,2,23.335549521575203,132.4243313055658,4,PPO,bursty,0,completed,"0,1"
8,452.3078318956187,452.3078318956187,610.6723591597425,0.0,158.36452726412386,3,15.101757726629874,158.36452726412386,5,PPO,bursty,0,completed,"2,3,4"
9,452.4890761079184,452.4890761079184,541.2529258964906,0.0,88.76384978857226,2,29.32314846540981,88.76384978857226,1,PPO,bursty,0,completed,"5,6"
10,455.16257686333665,579.0594265405172,723.1700166368097,123.89684967718051,268.00743977347304,2,62.68189002841849,144.11059009629253,3,PPO,bursty,0,completed,"0,1"
11,457.284909437198,457.284909437198,615.3841421074889,0.0,158.09923267029086,1,23.11085998804481,158.09923267029086,2,PPO,bursty,0,completed,7
12,465.1596810690442,2002.793040788845,2077.880357742817,1537.6333597198009,1612.720676673773,3,36.59956431044414,75.08731695397204,5,PPO,bursty,0,completed,"0,4,5"
13,466.04470617452733,3510.2796133924235,3559.5135940206733,3044.2349072178963,3093.468887846146,3,25.69283854059121,49.233980628249995,5,PPO,bursty,0,completed,"1,5,6"
14,466.8124840235982,714.9400778453482,841.8023827367645,248.12759382175005,374.98989871316627,2,53.49078229423022,126.8623048914162,5,PPO,bursty,0,completed,"6,7"
15,470.54303255641327,3543.7298947200698,3683.4496552483506,3073.1868621636563,3212.906622691937,3,59.84001632400745,139.71976052828066,5,PPO,bursty,0,completed,"0,2,3"
16,473.11852782304436,3559.5135940206733,3602.1130431248384,3086.3950661976287,3128.9945153017943,3,21.84021745803802,42.59944910416506,5,PPO,bursty,0,completed,"1,4,5"
17,475.05489836797733,541.2529258964906,587.9813945016542,66.19802752851331,112.92649613367689,1,48.018638052666155,46.72846860516355,4,PPO,bursty,0,completed,5
18,479.39909464307897,1478.4759433034183,1588.3000661114538,999.0768486603392,1108.9009714683748,3,58.97432290809907,109.82412280803567,2,PPO,bursty,0,completed,"2,3,4"
19,480.4332698576657,727.0369911868779,831.2005509657379,246.6037213292122,350.76728110807215,3,18.871267281884442,104.16355977886002,3,PPO,bursty,0,completed,"0,1,5"
20,481.55379676603604,979.4082706499697,1156.5191015502428,497.8544738839337,674.9653047842068,4,12.980395853791231,177.110830900273,3,PPO,bursty,0,completed,"2,3,4,7"
21,486.1840276484868,541.2529258964906,684.8767980925528,55.06889824800385,198.692770444066,1,8.35889742920137,143.62387219606217,3,PPO,bursty,0,completed,6
22,490.4970616737943,610.6723591597425,681.821420964969,120.17529748594825,191.3243592911747,3,41.03272158597323,71.1490618052264,5,PPO,bursty,0,completed,"2,3,4"
23,491.30570985767076,2276.0188632145514,2327.23604696764,1784.7131533568806,1835.9303371099693,4,45.66149149934468,51.217183753088804,1,PPO,bursty,0,completed,"1,2,6,7"
24,510.53157426018447,805.4205757500688,979.4082706499697,294.8890014898843,468.87669638978525,3,41.725393877259044,173.98769489990096,3,PPO,bursty,0,completed,"2,3,4"
25,541.0560418929474,587.9813945016542,727.0369911868779,46.92535260870682,185.9809492939305,1,35.99847812488264,139.05559668522372,1,PPO,bursty,0,completed,5
26,578.5104065454403,684.8767980925528,714.9400778453482,106.36639154711247,136.4296712999079,2,29.731736979933075,30.063279752795413,1,PPO,bursty,0,completed,"6,7"
27,622.5165009703603,681.821420964969,765.0360943022438,59.30491999460867,142.51959333188347,3,12.91500165853126,83.21467333727482,4,PPO,bursty,0,completed,"2,3,4"
28,727.0939764458268,3602.1130431248384,3768.1325525073803,2875.0190666790118,3041.0385760615536,4,34.44881885800064,166.01950938254168,5,PPO,bursty,0,completed,"1,4,5,6"
29,732.5828606811175,765.0360943022438,805.4205757500688,32.45323362112629,72.8377150689513,1,59.25814176625889,40.38448144782501,4,PPO,bursty,0,completed,2
30,784.9330362234682,2379.7585958729137,2538.7752829684846,1594.8255596494455,1753.8422467450164,3,11.93827019987621,159.0166870955711,1,PPO,bursty,0,completed,"0,3,4"
31,825.08437654737,831.2005509657379,877.3674975571747,6.116174418367905,52.283121009804745,3,35.80801485273577,46.16694659143684,4,PPO,bursty,0,completed,"0,1,5"
32,841.8231145587946,841.8231145587946,975.5638926813458,0.0,133.7407781225512,2,25.80897371936469,133.74077812255118,4,PPO,bursty,0,completed,"6,7"
33,871.0055187187078,877.3674975571747,1023.7140147507539,6.361978838466939,152.70849603204613,1,36.41831219049352,146.34651719357925,3,PPO,bursty,0,completed,0
34,880.4508500884912,880.4508500884912,932.0084416558301,0.0,51.55759156733893,1,40.41047618611614,51.55759156733897,1,PPO,bursty,0,completed,1
35,907.0873675529632,975.5638926813458,1153.755146020197,68.4765251283826,246.6677784672337,3,35.375378023238554,178.19125333885114,5,PPO,bursty,0,completed,"1,5,6"
36,910.8752981236285,1966.5251399758042,2114.6718658331815,1055.6498418521758,1203.796567709553,3,61.92907184695897,148.14672585737745,1,PPO,bursty,0,completed,"1,6,7"
37,969.6948478975688,1886.3372159502665,2002.793040788845,916.6423680526976,1033.098192891276,3,53.557907594059586,116.45582483857862,3,PPO,bursty,0,completed,"0,4,5"
38,1051.096211025401,1664.4007272286678,1694.8439938544745,613.3045162032668,643.7477828290735,4,59.16668271161378,30.443266625806622,4,PPO,bursty,0,completed,"1,2,3,4"
39,1070.814156544612,1153.755146020197,1225.8424445963096,82.94098947558496,155.0282880516977,3,29.381627678109375,72.08729857611272,5,PPO,bursty,0,completed,"1,5,6"
40,1071.5130135214258,1156.5191015502428,1254.2047237549768,85.00608802881698,182.69171023355102,3,51.74666811627718,97.68562220473405,5,PPO,bursty,0,completed,"2,3,4"
41,1072.2561352290068,1072.2561352290068,1106.1465147833899,0.0,33.89037955438312,1,57.14161872882058,33.89037955438306,3,PPO,bursty,0,completed,0
42,1074.1650275713282,1665.6824619966583,1813.5538827512366,591.5174344253301,739.3888551799084,4,52.192658927488175,147.87142075457837,4,PPO,bursty,0,completed,"0,5,6,7"
43,1076.5043907225765,1608.3481765285615,1664.4007272286678,531.8437858059849,587.8963365060913,3,52.61179423377906,56.05255070010642,2,PPO,bursty,0,completed,"2,3,4"
44,1077.844247749535,1299.3434647475985,1405.9690621284249,221.4992169980635,328.1248143788898,2,31.37709428344527,106.62559738082633,2,PPO,bursty,0,completed,"0,7"
45,1078.1556328347906,1588.3000661114538,1608.3481765285615,510.1444332766632,530.1925436937709,3,30.789076835801144,20.048110417107665,1,PPO,bursty,0,completed,"2,3,4"
46,1083.150611226215,1600.8668760252024,1643.095944684434,517.7162647989874,559.945333458219,2,55.70505108511839,42.22906865923161,4,PPO,bursty,0,completed,"1,5"
47,1084.3942710148608,1405.9690621284249,1583.061593787912,321.57479111356406,498.6673227730512,2,53.98177295009977,177.092531659487,4,PPO,bursty,0,completed,"0,7"
48,1094.9835439642047,1106.1465147833899,1282.896708144935,11.162970819185148,187.9131641807303,1,31.74996318486472,176.75019336154503,5,PPO,bursty,0,completed,0
49,1109.8379055755563,1225.8424445963096,1366.3938907697345,116.00453902075333,256.5559851941782,3,36.20591083523242,140.55144617342484,5,PPO,bursty,0,completed,"1,5,6"
50,1118.8332940046469,1254.2047237549768,1412.4105223305105,135.37142975032998,293.57722832586364,3,34.66423603025017,158.20579857553358,5,PPO,bursty,0,completed,"2,3,4"
51,1137.2320943262598,1156.5191015502428,1299.3434647475985,19.287007223982982,162.11137042133873,1,24.459758334575227,142.82436319735578,4,PPO,bursty,0,completed,7
52,1172.8644035887237,1583.061593787912,1665.6824619966583,410.1971901991883,492.8180584079346,3,13.25532859226515,82.62086820874627,3,PPO,bursty,0,completed,"0,6,7"
53,1176.3224453468051,3455.163557417202,3543.7298947200698,2278.841112070397,2367.4074493732646,4,34.665349940151756,88.56633730286781,1,PPO,bursty,0,completed,"0,2,3,4"
54,1218.555639299028,1438.8454376752466,1478.4759433034183,220.28979837621864,259.92030400439035,3,40.83281980108392,39.63050562817175,3,PPO,bursty,0,completed,"2,3,4"
55,1321.4164522543347,1366.3938907697345,1518.198908112578,44.977438515399854,196.78245585824334,2,46.30682509220185,151.80501734284346,5,PPO,bursty,0,completed,"1,5"
56,1339.5199224854734,1412.4105223305105,1438.8454376752466,72.89059984503706,99.32551518977311,3,40.66592262771465,26.434915344736112,5,PPO,bursty,0,completed,"2,3,4"
57,1385.443057396339,1385.443057396339,1537.596212943603,0.0,152.15315554726385,1,39.865447838748054,152.15315554726388,4,PPO,bursty,0,completed,6
58,1457.5439191006906,2327.23604696764,2506.7576938592388,869.6921278669495,1049.2137747585482,4,53.541669340394776,179.5216468915987,3,PPO,bursty,0,completed,"1,2,6,7"
59,1487.757908848803,1518.198908112578,1600.8668760252024,30.440999263774984,113.10896717639935,2,17.57720064115775,82.66796791262445,2,PPO,bursty,0,completed,"1,5"
60,1514.3316503225506,1694.8439938544745,1808.984811363149,180.512343531924,294.65316104059843,3,32.596820184065166,114.14081750867437,4,PPO,bursty,0,completed,"1,2,3"
61,1535.7860222385357,2681.7057352506854,2746.5189195493253,1145.9197130121497,1210.7328973107897,4,48.662916612302894,64.81318429863991,1,PPO,bursty,0,completed,"4,5,6,7"
62,1538.3816363837905,2748.8672306085277,2859.173281987823,1210.4855942247373,1320.7916456040325,4,56.325199920658896,110.30605137929506,1,PPO,bursty,0,completed,"0,1,2,3"
63,1697.4024965253873,1886.3372159502665,1920.099205720027,188.93471942487918,222.69670919463965,2,58.334130853915134,33.76198976976042,3,PPO,bursty,0,completed,"6,7"
64,1760.0822247014955,1760.0822247014955,1808.1477846991086,0.0,48.065559997613036,1,26.36700822681774,48.06555999761297,4,PPO,bursty,0,completed,4
65,1796.3290260115275,1813.5538827512366,1886.3372159502665,17.22485673970914,90.00818993873895,4,28.31802924832442,72.78333319902973,4,PPO,bursty,0,completed,"0,4,5,6"
66,1796.7593605023767,1808.984811363149,1910.9325966171866,12.225450860772298,114.17323611480992,3,19.160707078051225,101.94778525403761,5,PPO,bursty,0,completed,"1,2,3"
67,1845.6994938613748,2114.6718658331815,2276.0188632145514,268.97237197180675,430.3193693531766,3,17.148613103669547,161.3469973813699,1,PPO,bursty,0,completed,"1,6,7"
68,1896.1878201723268,1910.9325966171866,1966.5251399758042,14.744776444859781,70.33731980347738,1,39.18278744302346,55.59254335861765,4,PPO,bursty,0,completed,1
69,1914.2287562282627,2245.679614922846,2379.7585958729137,331.45085869458353,465.529839644651,4,8.680205462362302,134.07898095006732,3,PPO,bursty,0,completed,"0,3,4,5"
70,1914.7051869796169,1914.7051869796169,2032.519376463649,0.0,117.81418948403211,2,44.17852131971587,117.8141894840322,4,PPO,bursty,0,completed,"2,3"
71,2012.2981629677372,2032.519376463649,2144.419864159318,20.221213495911798,132.12170119158077,2,21.79873426685463,111.90048769566911,1,PPO,bursty,0,completed,"2,3"
72,2013.9336795904096,2077.880357742817,2245.679614922846,63.94667815240746,231.7459353324366,3,63.55330080056092,167.799257180029,2,PPO,bursty,0,completed,"0,4,5"
73,2117.147929397955,2144.419864159318,2275.814281135871,27.2719347613629,158.6663517379161,1,41.03779318837372,131.39441697655306,1,PPO,bursty,0,completed,2
74,2211.586865871283,3320.6167019091226,3455.163557417202,1109.0298360378397,1243.576691545919,4,25.50535623766559,134.5468555080791,1,PPO,bursty,0,completed,"0,2,3,4"
75,2325.3510557026902,2538.7752829684846,2597.0062768390894,213.42422726579434,271.6552211363992,2,27.137588411543575,58.23099387060489,5,PPO,bursty,0,completed,"0,3"
76,2403.516010179781,2506.7576938592388,2603.011841332162,103.24168367945776,199.49583115238102,4,40.759030092637985,96.25414747292326,5,PPO,bursty,0,completed,"1,2,6,7"
77,2415.872919911483,2603.011841332162,2625.874468675678,187.1389214206788,210.00154876419492,4,12.068867524305976,22.862627343516042,2,PPO,bursty,0,completed,"0,1,2,3"
78,2499.5126809397284,2499.5126809397284,2675.59795748802,0.0,176.0852765482914,1,18.70217531376419,176.08527654829126,3,PPO,bursty,0,completed,5
79,2517.9536185494608,3355.466717274833,3438.612284806187,837.5130987253724,920.6586662567261,4,33.31697214631807,83.1455675313536,1,PPO,bursty,0,completed,"1,5,6,7"
80,2547.894022022382,2625.874468675678,2748.8672306085277,77.98044665329599,200.97320858614557,4,49.93032060022036,122.99276193284966,2,PPO,bursty,0,completed,"0,1,2,3"
81,2578.7679788396213,2578.7679788396213,2655.2069253510463,0.0,76.438946511425,1,12.637280250203704,76.43894651142482,4,PPO,bursty,0,completed,4
82,2582.4786212733716,2655.2069253510463,2681.7057352506854,72.7283040776747,99.22711397731382,3,31.8963840488935,26.498809899639237,3,PPO,bursty,0,completed,"4,6,7"
83,2607.8710336360928,2607.8710336360928,2653.882189596624,0.0,46.01115596053114,2,60.92138030505909,46.011155960530914,1,PPO,bursty,0,completed,"6,7"
84,2742.685690618233,2746.5189195493253,2829.1259206818227,3.8332289310924352,86.44023006358975,2,54.03968090760864,82.60700113249727,5,PPO,bursty,0,completed,"5,6"
85,2745.8910309303424,2746.5189195493253,2875.4287316405594,0.6278886189829791,129.537700710217,1,54.14410122839548,128.909812091234,3,PPO,bursty,0,completed,4
86,2801.337632638191,2875.4287316405594,3006.032168351056,74.09109900236854,204.69453571286522,3,50.42540880659893,130.60343671049674,5,PPO,bursty,0,completed,"3,4,7"
87,2801.9045659535273,2829.1259206818227,2877.7759506951015,27.22135472829541,75.87138474157427,2,54.07719945329697,48.65003001327892,5,PPO,bursty,0,completed,"5,6"
88,2839.4627386654874,2859.173281987823,2947.3102804348664,19.710543322335525,107.84754176937895,3,12.854154094414397,88.13699844704345,4,PPO,bursty,0,completed,"0,1,2"
89,2844.9878942050905,3150.5518845273646,3320.6167019091226,305.5639903222741,475.62880770403217,4,19.32141326262714,170.0648173817583,2,PPO,bursty,0,completed,"0,3,4,7"
90,2880.621424660385,3438.612284806187,3510.2796133924235,557.9908601458019,629.6581887320385,4,8.274367239360235,71.66732858623654,1,PPO,bursty,0,completed,"1,5,6,7"
91,2887.6984916017805,3202.555634791996,3355.466717274833,314.85714319021554,467.7682256730527,3,22.822927189752633,152.91108248283695,5,PPO,bursty,0,completed,"1,5,6"
92,2909.4961560213756,2909.4961560213756,3082.841649650078,0.0,173.34549362870257,2,40.83718786870915,173.3454936287027,1,PPO,bursty,0,completed,"5,6"
93,2941.2488341142944,2947.3102804348664,3059.2393442891125,6.061446320572031,117.99051017481816,3,62.90844660999523,111.92906385424635,4,PPO,bursty,0,completed,"0,1,2"
94,2957.5166333685015,3006.032168351056,3150.5518845273646,48.51553498255453,193.03525115886305,3,54.874633776320216,144.51971617630852,5,PPO,bursty,0,completed,"3,4,7"
95,2964.129658693969,3059.2393442891125,3136.257671709364,95.10968559514367,172.12801301539503,1,43.36352496665053,77.01832742025144,5,PPO,bursty,0,completed,0
96,2964.3647992904544,3059.2393442891125,3203.6464041101854,94.87454499865817,239.281604819731,1,20.68402215821236,144.40705982107286,3,PPO,bursty,0,completed,2
97,2970.633915450321,3096.811806059338,3202.555634791996,126.17789060901669,231.92171934167482,1,40.32308514324908,105.7438287326583,1,PPO,bursty,0,completed,1
98,2974.574068685129,3059.2393442891125,3096.811806059338,84.66527560398345,122.23773737420879,1,50.587249525254,37.57246177022543,4,PPO,bursty,0,completed,1
99,2976.5403482938395,3082.841649650078,3201.1138793569507,106.30130135623858,224.5735310631112,2,31.181529418050793,118.2722297068726,4,PPO,bursty,0,completed,"5,6"
0,2.621707220759794,2.621707220759794,114.89366182123212,0.0,112.27195460047233,1,25.53068009391651,112.27195460047233,2,FCFS,bursty,1,completed,0
1,194.6015955281929,194.6015955281929,341.18302723584173,0.0,146.58143170764885,1,51.38119155572899,146.58143170764885,5,FCFS,bursty,1,completed,0
2,207.68827813175832,207.68827813175832,374.5190392791044,0.0,166.83076114734607,3,41.43131290933036,166.83076114734604,4,FCFS,bursty,1,completed,"1,2,3"
3,211.80835095700132,211.80835095700132,244.14176031708752,0.0,32.33340936008619,4,36.01996012126477,32.3334093600862,4,FCFS,bursty,1,completed,"4,5,6,7"
4,276.0868183018509,276.0868183018509,317.31822590933683,0.0,41.23140760748595,1,19.918535739058722,41.23140760748596,3,FCFS,bursty,1,completed,4
5,293.89535751093837,374.5190392791044,441.72007012798747,80.62368176816602,147.8247126170491,4,51.96477638542971,67.20103084888311,3,FCFS,bursty,1,completed,"0,1,2,3"
6,313.5889781117851,441.72007012798747,485.56775386730146,128.1310920162024,171.97877575551638,4,37.43525329708623,43.84768373931401,4,FCFS,bursty,1,completed,"0,1,2,3"
7,314.65017246758066,314.65017246758066,381.887653373612,0.0,67.23748090603135,1,30.49162853775698,67.23748090603132,5,FCFS,bursty,1,completed,5
8,322.8859578729104,322.8859578729104,460.260431644703,0.0,137.37447377179257,3,14.96977862086687,137.37447377179254,5,FCFS,bursty,1,completed,"4,6,7"
9,382.7864814627669,460.260431644703,517.3644121986451,77.47395018193606,134.57793073587823,3,29.979539456704618,57.10398055394215,1,FCFS,bursty,1,completed,"4,6,7"
10,390.23707352325096,390.23707352325096,566.1879235844173,0.0,175.9508500611663,1,29.844174908632258,175.95085006116628,5,FCFS,bursty,1,completed,5
11,418.3176277745545,485.56775386730146,589.0117734084882,67.25012609274694,170.69414563393372,1,46.84287874336325,103.4440195411868,4,FCFS,bursty,1,completed,0
12,422.91622841213655,485.56775386730146,656.1172238932057,62.651525455164915,233.20099548106919,3,30.15115957893601,170.54947002590427,2,FCFS,bursty,1,completed,"1,2,3"
13,455.8770766166853,589.0117734084882,730.3407113290991,133.13469679180292,274.4636347124138,4,63.34025846833189,141.32893792061094,2,FCFS,bursty,1,completed,"0,4,5,6"
14,472.3900767168148,656.1172238932057,737.0742701800998,183.72714717639093,264.684193463285,4,43.92476101231379,80.95704628689401,2,FCFS,bursty,1,completed,"1,2,3,7"
15,496.98793899945105,517.3644121986451,540.0400636603055,20.376473199194095,43.05212466085442,2,36.21296521089366,22.675651461660333,2,FCFS,bursty,1,completed,"4,6"
16,529.0873683799783,529.0873683799783,594.7618049856709,0.0,65.67443660569256,1,62.40951115302573,65.67443660569255,3,FCFS,bursty,1,completed,7
17,630.5147811623922,730.3407113290991,783.8256781479448,99.82593016670694,153.31089698555263,3,32.796177843947724,53.48496681884568,4,FCFS,bursty,1,completed,"0,4,5"
18,703.0452522248693,737.0742701800998,805.6356984360215,34.02901795523053,102.5904462111522,2,8.942327942091929,68.56142825592171,5,FCFS,bursty,1,completed,"1,2"
19,744.6823236770239,744.6823236770239,900.5294471745074,0.0,155.8471234974835,2,22.68022058663941,155.84712349748352,5,FCFS,bursty,1,completed,"3,6"
20,756.4183684146531,756.4183684146531,877.2692092856096,0.0,120.85084087095652,1,53.13799962151892,120.85084087095652,4,FCFS,bursty,1,completed,7
21,807.6579488455583,807.6579488455583,831.8954766701938,0.0,24.23752782463555,2,50.60417193667502,24.237527824635574,2,FCFS,bursty,1,completed,"0,1"
22,813.2920552608836,813.2920552608836,909.6238961628594,0.0,96.33184090197585,1,28.823855912725936,96.33184090197591,3,FCFS,bursty,1,completed,2
23,1114.1109680507118,1114.1109680507118,1224.0392224666653,0.0,109.92825441595346,4,20.460384492991256,109.9282544159535,1,FCFS,bursty,1,completed,"0,1,2,3"
24,1182.0485200117612,1182.0485200117612,1298.8703742961634,0.0,116.8218542844022,1,52.33274751305907,116.82185428440232,2,FCFS,bursty,1,completed,4
25,1193.474136418769,1193.474136418769,1309.7658880601393,0.0,116.29175164137041,2,49.012206890233855,116.2917516413704,5,FCFS,bursty,1,completed,"5,6"
26,1257.80431250944,1257.80431250944,1318.007125016813,0.0,60.20281250737298,2,51.834586203865435,60.20281250737309,2,FCFS,bursty,1,completed,"0,1"
27,1259.5119955502084,1259.5119955502084,1365.9137883656435,0.0,106.4017928154351,3,61.920416392820755,106.40179281543507,1,FCFS,bursty,1,completed,"2,3,7"
28,1307.9289621434152,1309.7658880601393,1427.6186449196307,1.8369259167241125,119.68968277621548,3,37.63647722730016,117.85275685949144,4,FCFS,bursty,1,completed,"4,5,6"
29,1350.6648006540365,1365.9137883656435,1493.8640916352078,15.248987711607015,143.19929098117132,3,18.460446043813278,127.95030326956439,1,FCFS,bursty,1,completed,"2,3,7"
30,1352.7800439240962,1352.7800439240962,1525.1047269202857,0.0,172.3246829961895,2,16.87908190325591,172.32468299618955,3,FCFS,bursty,1,completed,"0,1"
31,1392.197493340969,1493.8640916352078,1536.9045516382891,101.66659829423884,144.70705829732015,4,36.57698198536638,43.04046000308123,1,FCFS,bursty,1,completed,"2,3,5,6"
32,1412.3963732595244,1427.6186449196307,1469.080080939116,15.222271660106344,56.683707679591635,3,23.473528789328554,41.46143601948532,4,FCFS,bursty,1,completed,"4,5,6"
33,1434.0476217075363,1469.080080939116,1519.7678756148866,35.03245923157965,85.7202539073503,1,17.790790122266923,50.687794675770625,1,FCFS,bursty,1,completed,4
34,1475.706950422504,1536.9045516382891,1710.0716503988551,61.1976012157852,234.36469997635118,3,33.25817762559791,173.16709876056598,3,FCFS,bursty,1,completed,"0,1,2"
35,1494.5984067644235,1519.7678756148866,1647.2218970517993,25.16946885046309,152.62349028737572,2,52.6065821862321,127.45402143691253,5,FCFS,bursty,1,completed,"4,7"
36,1504.1833991034373,1536.9045516382891,1560.5233882602097,32.72115253485185,56.33998915677239,3,60.57010239487354,23.61883662192044,5,FCFS,bursty,1,completed,"3,5,6"
37,1540.8523928501988,1560.5233882602097,1595.4972847470256,19.670995410010846,54.64489189682672,1,28.174777542284016,34.97389648681596,1,FCFS,bursty,1,completed,3
38,1592.3601049196216,1766.5551972223643,1828.8495538835364,174.19509230274275,236.4894489639148,4,22.58039645149408,62.29435666117208,3,FCFS,bursty,1,completed,"3,4,5,6"
39,1621.3003458546332,1784.128322843536,1922.6794353616413,162.82797698890272,301.3790895070081,4,13.472076824725843,138.5511125181054,2,FCFS,bursty,1,completed,"0,1,2,7"
40,1622.1619725128066,1622.1619725128066,1647.6092656772507,0.0,25.44729316444409,3,41.9644530759107,25.44729316444407,4,FCFS,bursty,1,completed,"3,5,6"
41,1622.4746938518572,1647.2218970517993,1692.2373610363732,24.747203199942078,69.76266718451598,1,46.37140103439119,45.01546398457382,3,FCFS,bursty,1,completed,4
42,1622.5408593491156,1647.6092656772507,1680.7065452096094,25.068406328135097,58.165685860493795,2,9.110712146316466,33.097279532358726,2,FCFS,bursty,1,completed,"3,5"
43,1624.0841379979772,1647.2218970517993,1741.34030285778,23.137759053822037,117.25616485980277,1,31.220409023909923,94.11840580598079,2,FCFS,bursty,1,completed,7
44,1626.2675037703411,1828.8495538835364,1852.283774087887,202.58205011319524,226.01627031754583,4,25.732872761744744,23.43422020435062,5,FCFS,bursty,1,completed,"3,4,5,6"
45,1631.5142118094086,1680.7065452096094,1715.585264035566,49.19233340020082,84.07105222615746,3,11.463428380920075,34.87871882595654,5,FCFS,bursty,1,completed,"3,5,6"
46,1633.2708459597548,1710.0716503988551,1784.128322843536,76.80080443910038,150.85747688378115,3,50.188463415188075,74.0566724446808,5,FCFS,bursty,1,completed,"0,1,2"
47,1633.810807520726,1852.283774087887,1926.5549569327147,218.47296656716094,292.7441494119887,4,29.656912097624247,74.27118284482776,1,FCFS,bursty,1,completed,"3,4,5,6"
48,1652.3693024180307,1715.585264035566,1748.7124649980656,63.21596161753541,96.34316258003491,2,31.45016896958624,33.12720096249953,5,FCFS,bursty,1,completed,"3,5"
49,1696.802420523659,1922.6794353616413,1961.3530124466015,225.8770148379822,264.55059192294243,4,42.84954836805457,38.67357708496036,5,FCFS,bursty,1,completed,"0,1,2,7"
50,1706.6879469332011,1706.6879469332011,1741.4221814434597,0.0,34.7342345102586,1,34.0922615051988,34.73423451025859,1,FCFS,bursty,1,completed,4
51,1735.059858835732,1741.4221814434597,1766.5551972223643,6.3623226077277195,31.495338386632284,3,42.517492301314974,25.133015778904593,4,FCFS,bursty,1,completed,"4,6,7"
52,1746.3940179139465,1926.5549569327147,2093.0042799111643,180.1609390187682,346.6102619972178,3,52.06050661261192,166.44932297844935,5,FCFS,bursty,1,completed,"3,4,5"
53,1837.3667482070719,1926.5549569327147,1972.7536216452215,89.18820872564288,135.38687343814968,1,46.800285010772505,46.19866471250687,4,FCFS,bursty,1,completed,6
54,2039.8114320285945,2039.8114320285945,2214.1252464542517,0.0,174.31381442565726,4,11.671536535431516,174.31381442565717,1,FCFS,bursty,1,completed,"0,1,2,6"
55,2045.9493027267326,2093.0042799111643,2168.9057773306995,47.054977184431664,122.95647460396685,2,61.02677332363081,75.9014974195353,4,FCFS,bursty,1,completed,"3,4"
56,2050.8714445788505,2168.9057773306995,2215.4986038255747,118.03433275184898,164.6271592467242,4,11.66234206025334,46.59282649487538,4,FCFS,bursty,1,completed,"3,4,5,7"
57,2053.447963908598,2214.1252464542517,2323.3106672687973,160.67728254565372,269.86270336019925,4,38.81782209524153,109.18542081454561,2,FCFS,bursty,1,completed,"0,1,2,6"
58,2102.4262501132253,2215.4986038255747,2327.6114294798303,113.07235371234947,225.1851793666051,4,31.769960739396343,112.11282565425577,3,FCFS,bursty,1,completed,"3,4,5,7"
59,2174.855981131859,2323.3106672687973,2477.306094756542,148.4546861369381,302.4501136246827,2,33.65245538722267,153.99542748774476,5,FCFS,bursty,1,completed,"0,1"
60,2201.6421122454904,2327.6114294798303,2437.290860462614,125.96931723434,235.64874821712374,3,29.592886404883224,109.67943098278386,1,FCFS,bursty,1,completed,"3,4,5"
61,2224.4698788056385,2437.290860462614,2521.1774226204693,212.82098165697562,296.70754381483084,3,22.00102703619263,83.88656215785524,4,FCFS,bursty,1,completed,"3,4,5"
62,2242.798622791516,2521.1774226204693,2634.7720223664364,278.3787998289531,391.9733995749202,4,44.335642224669144,113.59459974596714,5,FCFS,bursty,1,completed,"2,3,4,5"
63,2266.9583279251697,2323.3106672687973,2377.1344189219276,56.35233934362759,110.17609099675792,1,10.921870428016272,53.823751653130344,1,FCFS,bursty,1,completed,2
64,2270.150792075056,2634.7720223664364,2655.211565982863,364.62123029138047,385.06077390780683,4,63.08999603930411,20.439543616426263,1,FCFS,bursty,1,completed,"2,3,4,5"
65,2270.333341153255,2477.306094756542,2599.70778408737,206.97275360328695,329.374442934115,2,11.271657178932891,122.40168933082826,2,FCFS,bursty,1,completed,"0,1"
66,2276.259031152594,2323.3106672687973,2356.1014681660963,47.0516361162031,79.84243701350215,1,11.830939590336449,32.79080089729902,1,FCFS,bursty,1,completed,6
67,2276.9055896365194,2599.70778408737,2748.5795629083063,322.8021944508505,471.67397327178696,2,40.27605180781243,148.87177882093658,2,FCFS,bursty,1,completed,"0,1"
68,2280.4500450408946,2327.6114294798303,2479.5285725121403,47.161384438935784,199.0785274712457,1,23.85757916789012,151.91714303230992,2,FCFS,bursty,1,completed,7
69,2281.236067547194,2655.211565982863,2804.22739553588,373.97549843566867,522.991327988686,2,15.101625908010739,149.0158295530171,4,FCFS,bursty,1,completed,"2,3"
70,2281.5214646497593,2655.211565982863,2775.523245754471,373.6901013331035,494.0017811047119,2,17.95824387975793,120.31167977160857,5,FCFS,bursty,1,completed,"4,5"
71,2283.0031860013623,2748.5795629083063,2847.620483760889,465.576376906944,564.6172977595265,2,21.635591873572622,99.04092085258272,1,FCFS,bursty,1,completed,"0,1"
72,2283.6054900828003,2775.523245754471,2882.1058142831444,491.9177556716709,598.500324200344,2,34.825876862298486,106.58256852867339,3,FCFS,bursty,1,completed,"4,5"
73,2284.2070185919456,3024.3414830549505,3088.797228979528,740.1344644630049,804.5902103875824,4,51.60050061516308,64.45574592457733,2,FCFS,bursty,1,completed,"0,1,6,7"
74,2285.9225132467577,3069.173841367484,3137.7632898386173,783.2513281207262,851.8407765918596,4,36.848697001017015,68.58944847113357,5,FCFS,bursty,1,completed,"2,3,4,5"
75,2289.950813945486,2356.1014681660963,2436.309036190313,66.15065422061025,146.35822224482672,1,35.1714218952977,80.20756802421637,1,FCFS,bursty,1,completed,6
76,2290.8847241935423,2804.22739553588,2830.1409472159917,513.3426713423378,539.2562230224494,2,35.913736626885196,25.913551680111482,4,FCFS,bursty,1,completed,"2,3"
77,2293.648639714881,3088.797228979528,3241.212455197002,795.148589264647,947.5638154821208,3,10.893740590686175,152.41522621747367,5,FCFS,bursty,1,completed,"0,1,6"
78,2298.5916992126763,2816.5832723394037,2942.887438923649,517.9915731267274,644.2957397109726,2,59.74305501610346,126.30416658424524,5,FCFS,bursty,1,completed,"6,7"
79,2300.15923196666,2830.1409472159917,2920.450172843267,529.9817152493315,620.2909408766068,2,32.74804704142611,90.30922562727528,1,FCFS,bursty,1,completed,"2,3"
80,2386.8986079464335,2386.8986079464335,2515.0071020214923,0.0,128.10849407505884,1,29.343701814626442,128.10849407505893,4,FCFS,bursty,1,completed,2
81,2410.18096239744,3137.7632898386173,3244.693435644594,727.5823274411773,834.512473247154,4,27.787643576207287,106.93014580597671,2,FCFS,bursty,1,completed,"2,3,4,5"
82,2444.599717185184,2444.599717185184,2619.1322165071847,0.0,174.5324993220006,1,14.861436443064013,174.5324993220007,3,FCFS,bursty,1,completed,6
83,2450.0481097607963,2479.5285725121403,2556.7222919184037,29.48046275134402,106.67418215760745,1,54.649964356297446,77.19371940626344,4,FCFS,bursty,1,completed,7
84,2502.6041155554044,2847.620483760889,3024.3414830549505,345.01636820548447,521.737367499546,2,53.497037630959184,176.72099929406176,5,FCFS,bursty,1,completed,"0,1"
85,2510.531271314586,2882.1058142831444,2963.8416533347236,371.5745429685585,453.3103820201377,2,34.721490689641584,81.7358390515791,1,FCFS,bursty,1,completed,"4,5"
86,2521.0607311356107,2920.450172843267,2956.525739203377,399.38944170765626,435.4650080677661,2,22.012305085405767,36.07556636010982,4,FCFS,bursty,1,completed,"2,3"
87,2552.5564309856927,2556.7222919184037,2638.1647588770134,4.165860932710984,85.60832789132064,1,43.81042844509947,81.44246695860957,3,FCFS,bursty,1,completed,7
88,2565.8637583944806,3241.212455197002,3309.182941987052,675.3486968025213,743.3191835925713,4,30.735371240338296,67.97048679005009,5,FCFS,bursty,1,completed,"0,1,6,7"
89,2570.4417274472544,2619.1322165071847,2682.846901739058,48.690489059930314,112.40517429180363,1,34.134628969836584,63.71468523187314,5,FCFS,bursty,1,completed,6
90,2583.107107170957,3244.693435644594,3418.5713153501815,661.586328473637,835.4642081792244,3,61.04072419767735,173.87787970558753,2,FCFS,bursty,1,completed,"2,3,4"
91,2591.571400955922,3309.182941987052,3443.0019889820896,717.61154103113,851.4305880261677,4,23.61100669378677,133.81904699503758,4,FCFS,bursty,1,completed,"0,1,5,6"
92,2604.4045941752656,3418.5713153501815,3525.249132902624,814.1667211749159,920.8445387273582,3,26.036742495180413,106.67781755244248,2,FCFS,bursty,1,completed,"2,3,4"
93,2640.7217636215655,2640.7217636215655,2816.5832723394037,0.0,175.8615087178382,1,27.657336307536863,175.8615087178381,3,FCFS,bursty,1,completed,7
94,2741.248475416189,3443.0019889820896,3469.1686112995058,701.7535135659004,727.9201358833166,4,42.37159930116739,26.16662231741593,1,FCFS,bursty,1,completed,"0,1,5,6"
95,2762.8268909077483,3469.1686112995058,3647.83840266182,706.3417203917575,885.0115117540718,3,19.759776280656574,178.66979136231436,1,FCFS,bursty,1,completed,"0,1,5"
96,2779.5497916738213,2942.887438923649,2970.8048444655237,163.33764724982757,191.25505279170238,2,56.610133355235135,27.917405541874647,4,FCFS,bursty,1,completed,"6,7"
97,2782.246368717428,2956.525739203377,3043.1529309722328,174.27937048594868,260.9065622548046,2,32.63644284841632,86.6271917688559,4,FCFS,bursty,1,completed,"2,3"
98,2793.5704103736,3525.249132902624,3627.403984625988,731.6787225290236,833.8335742523877,3,25.26586122999251,102.15485172336395,4,FCFS,bursty,1,completed,"2,3,4"
99,2813.9126637244362,2963.8416533347236,3069.173841367484,149.92898961028732,255.26117764304763,2,29.91862795317488,105.33218803276036,2,FCFS,bursty,1,completed,"4,5"
0,2.621707220759794,2.621707220759794,114.89366182123212,0.0,112.27195460047233,1,25.53068009391651,112.27195460047233,2,SJF,bursty,1,completed,0
1,194.6015955281929,194.6015955281929,341.18302723584173,0.0,146.58143170764885,1,51.38119155572899,146.58143170764885,5,SJF,bursty,1,completed,0
2,207.68827813175832,207.68827813175832,374.5190392791044,0.0,166.83076114734607,3,41.43131290933036,166.83076114734604,4,SJF,bursty,1,completed,"1,2,3"
3,211.80835095700132,211.80835095700132,244.14176031708752,0.0,32.33340936008619,4,36.01996012126477,32.3334093600862,4,SJF,bursty,1,completed,"4,5,6,7"
4,276.0868183018509,276.0868183018509,317.31822590933683,0.0,41.23140760748595,1,19.918535739058722,41.23140760748596,3,SJF,bursty,1,completed,4
5,293.89535751093837,521.8107425596052,589.0117734084882,227.9153850486668,295.11641589754987,4,51.96477638542971,67.20103084888311,3,SJF,bursty,1,completed,"0,1,2,3"
6,313.5889781117851,374.5190392791044,418.3667230184184,60.93006116731931,104.7777449066333,4,37.43525329708623,43.84768373931401,4,SJF,bursty,1,completed,"0,1,2,3"
7,314.65017246758066,314.65017246758066,381.887653373612,0.0,67.23748090603135,1,30.49162853775698,67.23748090603132,5,SJF,bursty,1,completed,5
8,322.8859578729104,322.8859578729104,460.260431644703,0.0,137.37447377179257,3,14.96977862086687,137.37447377179254,5,SJF,bursty,1,completed,"4,6,7"
9,382.7864814627669,418.3667230184184,475.47070357236055,35.58024155565147,92.68422210959363,3,29.979539456704618,57.10398055394215,1,SJF,bursty,1,completed,"0,1,2"
10,390.23707352325096,390.23707352325096,566.1879235844173,0.0,175.9508500611663,1,29.844174908632258,175.95085006116628,5,SJF,bursty,1,completed,5
11,418.3176277745545,418.3667230184184,521.8107425596052,0.049095243863860105,103.49311478505064,1,46.84287874336325,103.4440195411868,4,SJF,bursty,1,completed,3
12,422.91622841213655,460.260431644703,630.8099016706072,37.34420323256643,207.8936732584707,3,30.15115957893601,170.54947002590427,2,SJF,bursty,1,completed,"4,6,7"
13,455.8770766166853,669.9688196953823,811.2977576159933,214.091743078697,355.420680999308,4,63.34025846833189,141.32893792061094,2,SJF,bursty,1,completed,"0,1,2,3"
14,472.3900767168148,589.0117734084882,669.9688196953823,116.62169669167343,197.5787429785675,4,43.92476101231379,80.95704628689401,2,SJF,bursty,1,completed,"0,1,2,3"
15,496.98793899945105,496.98793899945105,519.6635904611114,0.0,22.67565146166038,2,36.21296521089366,22.675651461660333,2,SJF,bursty,1,completed,"0,1"
16,529.0873683799783,566.1879235844173,631.8623601901098,37.10055520443893,102.7749918101315,1,62.40951115302573,65.67443660569255,3,SJF,bursty,1,completed,5
17,630.5147811623922,630.8099016706072,684.2948684894529,0.29512050821506364,53.780087327060755,3,32.796177843947724,53.48496681884568,4,SJF,bursty,1,completed,"4,6,7"
18,703.0452522248693,703.0452522248693,771.6066804807909,0.0,68.56142825592167,2,8.942327942091929,68.56142825592171,5,SJF,bursty,1,completed,"4,5"
19,744.6823236770239,744.6823236770239,900.5294471745074,0.0,155.8471234974835,2,22.68022058663941,155.84712349748352,5,SJF,bursty,1,completed,"6,7"
20,756.4183684146531,771.6066804807909,892.4575213517475,15.188312066137883,136.0391529370944,1,53.13799962151892,120.85084087095652,4,SJF,bursty,1,completed,4
21,807.6579488455583,811.2977576159933,835.5352854406289,3.6398087704350246,27.877336595070574,2,50.60417193667502,24.237527824635574,2,SJF,bursty,1,completed,"0,1"
22,813.2920552608836,813.2920552608836,909.6238961628594,0.0,96.33184090197585,1,28.823855912725936,96.33184090197591,3,SJF,bursty,1,completed,2
23,1114.1109680507118,1114.1109680507118,1224.0392224666653,0.0,109.92825441595346,4,20.460384492991256,109.9282544159535,1,SJF,bursty,1,completed,"0,1,2,3"
24,1182.0485200117612,1182.0485200117612,1298.8703742961634,0.0,116.8218542844022,1,52.33274751305907,116.82185428440232,2,SJF,bursty,1,completed,4
25,1193.474136418769,1193.474136418769,1309.7658880601393,0.0,116.29175164137041,2,49.012206890233855,116.2917516413704,5,SJF,bursty,1,completed,"5,6"
26,1257.80431250944,1257.80431250944,1318.007125016813,0.0,60.20281250737298,2,51.834586203865435,60.20281250737309,2,SJF,bursty,1,completed,"0,1"
27,1259.5119955502084,1259.5119955502084,1365.9137883656435,0.0,106.4017928154351,3,61.920416392820755,106.40179281543507,1,SJF,bursty,1,completed,"2,3,7"
28,1307.9289621434152,1309.7658880601393,1427.6186449196307,1.8369259167241125,119.68968277621548,3,37.63647722730016,117.85275685949144,4,SJF,bursty,1,completed,"4,5,6"
29,1350.6648006540365,1365.9137883656435,1493.8640916352078,15.248987711607015,143.19929098117132,3,18.460446043813278,127.95030326956439,1,SJF,bursty,1,completed,"2,3,7"
30,1352.7800439240962,1352.7800439240962,1525.1047269202857,0.0,172.3246829961895,2,16.87908190325591,172.32468299618955,3,SJF,bursty,1,completed,"0,1"
31,1392.197493340969,1493.8640916352078,1536.9045516382891,101.66659829423884,144.70705829732015,4,36.57698198536638,43.04046000308123,1,SJF,bursty,1,completed,"2,3,5,6"
32,1412.3963732595244,1427.6186449196307,1469.080080939116,15.222271660106344,56.683707679591635,3,23.473528789328554,41.46143601948532,4,SJF,bursty,1,completed,"4,5,6"
33,1434.0476217075363,1469.080080939116,1519.7678756148866,35.03245923157965,85.7202539073503,1,17.790790122266923,50.687794675770625,1,SJF,bursty,1,completed,4
34,1475.706950422504,1536.9045516382891,1710.0716503988551,61.1976012157852,234.36469997635118,3,33.25817762559791,173.16709876056598,3,SJF,bursty,1,completed,"3,5,6"
35,1494.5984067644235,1519.7678756148866,1647.2218970517993,25.16946885046309,152.62349028737572,2,52.6065821862321,127.45402143691253,5,SJF,bursty,1,completed,"4,7"
36,1504.1833991034373,1536.9045516382891,1560.5233882602097,32.72115253485185,56.33998915677239,3,60.57010239487354,23.61883662192044,5,SJF,bursty,1,completed,"0,1,2"
37,1540.8523928501988,1560.5233882602097,1595.4972847470256,19.670995410010846,54.64489189682672,1,28.174777542284016,34.97389648681596,1,SJF,bursty,1,completed,0
38,1592.3601049196216,1784.128322843536,1846.422679504708,191.76821792391434,254.0625745850864,4,22.58039645149408,62.29435666117208,3,SJF,bursty,1,completed,"3,5,6,7"
39,1621.3003458546332,1896.5718547487754,2035.1229672668808,275.27150889414224,413.8226214122476,4,13.472076824725843,138.5511125181054,2,SJF,bursty,1,completed,"0,1,2,3"
40,1622.1619725128066,1622.1619725128066,1647.6092656772507,0.0,25.44729316444409,3,41.9644530759107,25.44729316444407,4,SJF,bursty,1,completed,"0,1,2"
41,1622.4746938518572,1682.4879845032074,1727.5034484877813,60.01329065135019,105.02875463592409,1,46.37140103439119,45.01546398457382,3,SJF,bursty,1,completed,0
42,1622.5408593491156,1647.2218970517993,1680.319176584158,24.681037702683625,57.77831723504232,2,9.110712146316466,33.097279532358726,2,SJF,bursty,1,completed,"4,7"
43,1624.0841379979772,1682.4879845032074,1776.606390309188,58.40384650523015,152.52225231121088,1,31.220409023909923,94.11840580598079,2,SJF,bursty,1,completed,1
44,1626.2675037703411,1760.1928746146366,1783.6270948189872,133.92537084429546,157.35959104864605,4,25.732872761744744,23.43422020435062,5,SJF,bursty,1,completed,"0,2,4,7"
45,1631.5142118094086,1647.6092656772507,1682.4879845032074,16.095053867842125,50.973772693798765,3,11.463428380920075,34.87871882595654,5,SJF,bursty,1,completed,"0,1,2"
46,1633.2708459597548,1710.0716503988551,1784.128322843536,76.80080443910038,150.85747688378115,3,50.188463415188075,74.0566724446808,5,SJF,bursty,1,completed,"3,5,6"
47,1633.810807520726,1822.3006719039477,1896.5718547487754,188.48986438322163,262.7610472280494,4,29.656912097624247,74.27118284482776,1,SJF,bursty,1,completed,"0,1,2,4"
48,1652.3693024180307,1680.319176584158,1713.4463775466575,27.9498741661273,61.0770751286268,2,31.45016896958624,33.12720096249953,5,SJF,bursty,1,completed,"4,7"
49,1696.802420523659,1783.6270948189872,1822.3006719039477,86.82467429532812,125.4982513802886,4,42.84954836805457,38.67357708496036,5,SJF,bursty,1,completed,"0,1,2,4"
50,1706.6879469332011,1706.6879469332011,1741.4221814434597,0.0,34.7342345102586,1,34.0922615051988,34.73423451025859,1,SJF,bursty,1,completed,2
51,1735.059858835732,1735.059858835732,1760.1928746146366,0.0,25.133015778904564,3,42.517492301314974,25.133015778904593,4,SJF,bursty,1,completed,"0,4,7"
52,1746.3940179139465,1846.422679504708,2012.8720024831573,100.02866159076143,266.4779845692108,3,52.06050661261192,166.44932297844935,5,SJF,bursty,1,completed,"5,6,7"
53,1837.3667482070719,1846.422679504708,1892.6213442172148,9.055931297636107,55.254596010142905,1,46.800285010772505,46.19866471250687,4,SJF,bursty,1,completed,3
54,2039.8114320285945,2039.8114320285945,2214.1252464542517,0.0,174.31381442565726,4,11.671536535431516,174.31381442565717,1,SJF,bursty,1,completed,"0,1,2,3"
55,2045.9493027267326,2045.9493027267326,2121.850800146268,0.0,75.90149741953519,2,61.02677332363081,75.9014974195353,4,SJF,bursty,1,completed,"4,5"
56,2050.8714445788505,2121.850800146268,2168.443626641143,70.97935556741731,117.57218206229254,4,11.66234206025334,46.59282649487538,4,SJF,bursty,1,completed,"4,5,6,7"
57,2053.447963908598,2168.443626641143,2277.6290474556886,114.99566273254504,224.18108354709057,4,38.81782209524153,109.18542081454561,2,SJF,bursty,1,completed,"4,5,6,7"
58,2102.4262501132253,3208.5891610324816,3320.701986686737,1106.1629109192563,1218.275736573512,4,31.769960739396343,112.11282565425577,3,SJF,bursty,1,completed,"3,4,6,7"
59,2174.855981131859,2748.5905481006785,2902.585975588423,573.7345669688193,727.7299944565639,2,33.65245538722267,153.99542748774476,5,SJF,bursty,1,completed,"5,6"
60,2201.6421122454904,2214.1252464542517,2323.8046774370355,12.483134208761385,122.16256519154513,3,29.592886404883224,109.67943098278386,1,SJF,bursty,1,completed,"0,1,2"
61,2224.4698788056385,2323.8046774370355,2407.6912395948907,99.334798631397,183.22136078925223,3,22.00102703619263,83.88656215785524,4,SJF,bursty,1,completed,"0,1,2"
62,2242.798622791516,3265.2589323443485,3378.8535320903156,1022.4603095528323,1136.0549092987994,4,44.335642224669144,113.59459974596714,5,SJF,bursty,1,completed,"0,1,2,5"
63,2266.9583279251697,2266.9583279251697,2320.7820795783,0.0,53.82375165313033,1,10.921870428016272,53.823751653130344,1,SJF,bursty,1,completed,3
64,2270.150792075056,2277.6290474556886,2298.068591072115,7.478255380632618,27.91779899705898,4,63.08999603930411,20.439543616426263,1,SJF,bursty,1,completed,"4,5,6,7"
65,2270.333341153255,2477.317079948914,2599.718769279742,206.98373879565906,329.3854281264871,2,11.271657178932891,122.40168933082826,2,SJF,bursty,1,completed,"6,7"
66,2276.259031152594,2298.068591072115,2330.859391969414,21.80955991952078,54.60036081681983,1,11.830939590336449,32.79080089729902,1,SJF,bursty,1,completed,6
67,2276.9055896365194,2599.718769279742,2748.5905481006785,322.8131796432226,471.6849584641591,2,40.27605180781243,148.87177882093658,2,SJF,bursty,1,completed,"5,6"
68,2280.4500450408946,2320.7820795783,2472.69922261061,40.332034537405434,192.24917756971536,1,23.85757916789012,151.91714303230992,2,SJF,bursty,1,completed,3
69,2281.236067547194,2633.9988979443024,2783.0147274973197,352.76283039710825,501.77865995012553,2,15.101625908010739,149.0158295530171,4,SJF,bursty,1,completed,"3,7"
70,2281.5214646497593,2414.291368379502,2534.60304815111,132.7699037297425,253.0815835013509,2,17.95824387975793,120.31167977160857,5,SJF,bursty,1,completed,"4,5"
71,2283.0031860013623,2378.2761590963314,2477.317079948914,95.27297309496907,194.3138939475516,2,21.635591873572622,99.04092085258272,1,SJF,bursty,1,completed,"6,7"
72,2283.6054900828003,2407.6912395948907,2514.273808123564,124.08574951209039,230.66831804076355,2,34.825876862298486,106.58256852867339,3,SJF,bursty,1,completed,"0,1"
73,2284.2070185919456,2855.1582536292467,2919.613999553824,570.9512350373011,635.4069809618786,4,51.60050061516308,64.45574592457733,2,SJF,bursty,1,completed,"0,1,2,4"
74,2285.9225132467577,2987.5844863438742,3056.1739348150077,701.6619730971165,770.25142156825,4,36.848697001017015,68.58944847113357,5,SJF,bursty,1,completed,"0,1,2,4"
75,2289.950813945486,2298.068591072115,2378.2761590963314,8.11777712662888,88.32534515084535,1,35.1714218952977,80.20756802421637,1,SJF,bursty,1,completed,7
76,2290.8847241935423,2298.068591072115,2323.9821427522265,7.183866878572644,33.09741855868424,2,35.913736626885196,25.913551680111482,4,SJF,bursty,1,completed,"4,5"
77,2293.648639714881,3056.1739348150077,3208.5891610324816,762.5252951001266,914.9405213176005,3,10.893740590686175,152.41522621747367,5,SJF,bursty,1,completed,"3,4,7"
78,2298.5916992126763,2596.009647175143,2722.3138137593883,297.41794796246677,423.72211454671196,2,59.74305501610346,126.30416658424524,5,SJF,bursty,1,completed,"0,1"
79,2300.15923196666,2323.9821427522265,2414.291368379502,23.822910785566364,114.13213641284165,2,32.74804704142611,90.30922562727528,1,SJF,bursty,1,completed,"4,5"
80,2386.8986079464335,2407.6912395948907,2535.7997336699495,20.792631648457245,148.9011257235161,1,29.343701814626442,128.10849407505893,4,SJF,bursty,1,completed,2
81,2410.18096239744,3158.328786538372,3265.2589323443485,748.1478241409318,855.0779699469085,4,27.787643576207287,106.93014580597671,2,SJF,bursty,1,completed,"0,1,2,5"
82,2444.599717185184,2535.7997336699495,2710.33223299195,91.20001648476546,265.73251580676606,1,14.861436443064013,174.5324993220007,3,SJF,bursty,1,completed,2
83,2450.0481097607963,2472.69922261061,2549.8929420168733,22.65111284981367,99.8448322560771,1,54.649964356297446,77.19371940626344,4,SJF,bursty,1,completed,3
84,2502.6041155554044,2902.585975588423,3079.3069748824846,399.9818600330186,576.7028593270802,2,53.497037630959184,176.72099929406176,5,SJF,bursty,1,completed,"5,6"
85,2510.531271314586,2514.273808123564,2596.009647175143,3.7425368089780022,85.47837586055721,2,34.721490689641584,81.7358390515791,1,SJF,bursty,1,completed,"0,1"
86,2521.0607311356107,2534.60304815111,2570.67861451122,13.54231701549952,49.61788337560938,2,22.012305085405767,36.07556636010982,4,SJF,bursty,1,completed,"4,5"
87,2552.5564309856927,2552.5564309856927,2633.9988979443024,0.0,81.44246695860966,1,43.81042844509947,81.44246695860957,3,SJF,bursty,1,completed,3
88,2565.8637583944806,2919.613999553824,2987.5844863438742,353.75024115934366,421.7207279493937,4,30.735371240338296,67.97048679005009,5,SJF,bursty,1,completed,"0,1,2,4"
89,2570.4417274472544,2570.67861451122,2634.3932997430934,0.23688706396569614,63.951572295839014,1,34.134628969836584,63.71468523187314,5,SJF,bursty,1,completed,4
90,2583.107107170957,3378.8535320903156,3552.731411795903,795.7464249193586,969.624304624946,3,61.04072419767735,173.87787970558753,2,SJF,bursty,1,completed,"0,1,2"
91,2591.571400955922,3320.701986686737,3454.521033681775,729.1305857308153,862.949632725853,4,23.61100669378677,133.81904699503758,4,SJF,bursty,1,completed,"3,4,6,7"
92,2604.4045941752656,2722.3138137593883,2828.9916313118306,117.90921958412264,224.58703713656496,3,26.036742495180413,106.67781755244248,2,SJF,bursty,1,completed,"0,1,2"
93,2640.7217636215655,2640.7217636215655,2816.5832723394037,0.0,175.8615087178382,1,27.657336307536863,175.8615087178381,3,SJF,bursty,1,completed,4
94,2741.248475416189,2828.9916313118306,2855.1582536292467,87.7431558956414,113.9097782130575,4,42.37159930116739,26.16662231741593,1,SJF,bursty,1,completed,"0,1,2,4"
95,2762.8268909077483,3454.521033681775,3633.1908250440893,691.6941427740267,870.363934136341,3,19.759776280656574,178.66979136231436,1,SJF,bursty,1,completed,"3,4,5"
96,2779.5497916738213,2783.0147274973197,2810.9321330391945,3.4649358234983083,31.382341365373122,2,56.610133355235135,27.917405541874647,4,SJF,bursty,1,completed,"3,7"
97,2782.246368717428,2810.9321330391945,2897.5593248080504,28.685764321766328,115.31295609062227,2,32.63644284841632,86.6271917688559,4,SJF,bursty,1,completed,"3,7"
98,2793.5704103736,3056.1739348150077,3158.328786538372,262.60352444140744,364.75837616477156,3,25.26586122999251,102.15485172336395,4,SJF,bursty,1,completed,"0,1,2"
99,2813.9126637244362,2897.5593248080504,3002.8915128408107,83.64666108361416,188.97884911637448,2,29.91862795317488,105.33218803276036,2,SJF,bursty,1,completed,"3,7"
0,2.621707220759794,2.621707220759794,114.89366182123212,0.0,112.27195460047233,1,25.53068009391651,112.27195460047233,2,Priority,bursty,1,completed,0
1,194.6015955281929,194.6015955281929,341.18302723584173,0.0,146.58143170764885,1,51.38119155572899,146.58143170764885,5,Priority,bursty,1,completed,0
2,207.68827813175832,207.68827813175832,374.5190392791044,0.0,166.83076114734607,3,41.43131290933036,166.83076114734604,4,Priority,bursty,1,completed,"1,2,3"
3,211.80835095700132,211.80835095700132,244.14176031708752,0.0,32.33340936008619,4,36.01996012126477,32.3334093600862,4,Priority,bursty,1,completed,"4,5,6,7"
4,276.0868183018509,276.0868183018509,317.31822590933683,0.0,41.23140760748595,1,19.918535739058722,41.23140760748596,3,Priority,bursty,1,completed,4
5,293.89535751093837,521.8107425596052,589.0117734084882,227.9153850486668,295.11641589754987,4,51.96477638542971,67.20103084888311,3,Priority,bursty,1,completed,"0,1,2,3"
6,313.5889781117851,374.5190392791044,418.3667230184184,60.93006116731931,104.7777449066333,4,37.43525329708623,43.84768373931401,4,Priority,bursty,1,completed,"0,1,2,3"
7,314.65017246758066,314.65017246758066,381.887653373612,0.0,67.23748090603135,1,30.49162853775698,67.23748090603132,5,Priority,bursty,1,completed,5
8,322.8859578729104,322.8859578729104,460.260431644703,0.0,137.37447377179257,3,14.96977862086687,137.37447377179254,5,Priority,bursty,1,completed,"4,6,7"
9,382.7864814627669,418.3667230184184,475.47070357236055,35.58024155565147,92.68422210959363,3,29.979539456704618,57.10398055394215,1,Priority,bursty,1,completed,"1,2,3"
10,390.23707352325096,390.23707352325096,566.1879235844173,0.0,175.9508500611663,1,29.844174908632258,175.95085006116628,5,Priority,bursty,1,completed,5
11,418.3176277745545,418.3667230184184,521.8107425596052,0.049095243863860105,103.49311478505064,1,46.84287874336325,103.4440195411868,4,Priority,bursty,1,completed,0
12,422.91622841213655,460.260431644703,630.8099016706072,37.34420323256643,207.8936732584707,3,30.15115957893601,170.54947002590427,2,Priority,bursty,1,completed,"4,6,7"
13,455.8770766166853,589.0117734084882,730.3407113290991,133.13469679180292,274.4636347124138,4,63.34025846833189,141.32893792061094,2,Priority,bursty,1,completed,"0,1,2,3"
14,472.3900767168148,684.2948684894529,765.2519147763469,211.90479177263813,292.8618380595321,4,43.92476101231379,80.95704628689401,2,Priority,bursty,1,completed,"4,5,6,7"
15,496.98793899945105,496.98793899945105,519.6635904611114,0.0,22.67565146166038,2,36.21296521089366,22.675651461660333,2,Priority,bursty,1,completed,"1,2"
16,529.0873683799783,566.1879235844173,631.8623601901098,37.10055520443893,102.7749918101315,1,62.40951115302573,65.67443660569255,3,Priority,bursty,1,completed,5
17,630.5147811623922,630.8099016706072,684.2948684894529,0.29512050821506364,53.780087327060755,3,32.796177843947724,53.48496681884568,4,Priority,bursty,1,completed,"4,6,7"
18,703.0452522248693,730.3407113290991,798.9021395850208,27.29545910422985,95.85688736015152,2,8.942327942091929,68.56142825592171,5,Priority,bursty,1,completed,"0,1"
19,744.6823236770239,744.6823236770239,900.5294471745074,0.0,155.8471234974835,2,22.68022058663941,155.84712349748352,5,Priority,bursty,1,completed,"2,3"
20,756.4183684146531,765.2519147763469,886.1027556473034,8.833546361693834,129.68438723265035,1,53.13799962151892,120.85084087095652,4,Priority,bursty,1,completed,4
21,807.6579488455583,807.6579488455583,831.8954766701938,0.0,24.23752782463555,2,50.60417193667502,24.237527824635574,2,Priority,bursty,1,completed,"0,1"
22,813.2920552608836,813.2920552608836,909.6238961628594,0.0,96.33184090197585,1,28.823855912725936,96.33184090197591,3,Priority,bursty,1,completed,5
23,1114.1109680507118,1114.1109680507118,1224.0392224666653,0.0,109.92825441595346,4,20.460384492991256,109.9282544159535,1,Priority,bursty,1,completed,"0,1,2,3"
24,1182.0485200117612,1182.0485200117612,1298.8703742961634,0.0,116.8218542844022,1,52.33274751305907,116.82185428440232,2,Priority,bursty,1,completed,4
25,1193.474136418769,1193.474136418769,1309.7658880601393,0.0,116.29175164137041,2,49.012206890233855,116.2917516413704,5,Priority,bursty,1,completed,"5,6"
26,1257.80431250944,1257.80431250944,1318.007125016813,0.0,60.20281250737298,2,51.834586203865435,60.20281250737309,2,Priority,bursty,1,completed,"0,1"
27,1259.5119955502084,1259.5119955502084,1365.9137883656435,0.0,106.4017928154351,3,61.920416392820755,106.40179281543507,1,Priority,bursty,1,completed,"2,3,7"
28,1307.9289621434152,1309.7658880601393,1427.6186449196307,1.8369259167241125,119.68968277621548,3,37.63647722730016,117.85275685949144,4,Priority,bursty,1,completed,"4,5,6"
29,1350.6648006540365,1365.9137883656435,1493.8640916352078,15.248987711607015,143.19929098117132,3,18.460446043813278,127.95030326956439,1,Priority,bursty,1,completed,"2,3,7"
30,1352.7800439240962,1352.7800439240962,1525.1047269202857,0.0,172.3246829961895,2,16.87908190325591,172.32468299618955,3,Priority,bursty,1,completed,"0,1"
31,1392.197493340969,1942.4159046448606,1985.4563646479419,550.2184113038916,593.2588713069729,4,36.57698198536638,43.04046000308123,1,Priority,bursty,1,completed,"2,3,4,7"
32,1412.3963732595244,1427.6186449196307,1469.080080939116,15.222271660106344,56.683707679591635,3,23.473528789328554,41.46143601948532,4,Priority,bursty,1,completed,"4,5,6"
33,1434.0476217075363,1469.080080939116,1519.7678756148866,35.03245923157965,85.7202539073503,1,17.790790122266923,50.687794675770625,1,Priority,bursty,1,completed,4
34,1475.706950422504,1493.8640916352078,1667.0311903957738,18.15714121270389,191.32423997326987,3,33.25817762559791,173.16709876056598,3,Priority,bursty,1,completed,"2,3,5"
35,1494.5984067644235,1494.5984067644235,1622.0524282013362,0.0,127.45402143691263,2,52.6065821862321,127.45402143691253,5,Priority,bursty,1,completed,"6,7"
36,1504.1833991034373,1525.1047269202857,1548.7235635422062,20.92132781684836,44.5401644387689,3,60.57010239487354,23.61883662192044,5,Priority,bursty,1,completed,"0,1,4"
37,1540.8523928501988,1548.7235635422062,1583.697460029022,7.871170692007354,42.84506717882323,1,28.174777542284016,34.97389648681596,1,Priority,bursty,1,completed,0
38,1592.3601049196216,1622.0524282013362,1684.3467848625082,29.692323281714607,91.98667994288667,4,22.58039645149408,62.29435666117208,3,Priority,bursty,1,completed,"0,1,4,6"
39,1621.3003458546332,1830.1620920576672,1968.7132045757726,208.86174620303404,347.4128587211394,4,13.472076824725843,138.5511125181054,2,Priority,bursty,1,completed,"0,1,5,6"
40,1622.1619725128066,1740.9082060293583,1766.3554991938024,118.74623351655168,144.19352668099577,3,41.9644530759107,25.44729316444407,4,Priority,bursty,1,completed,"0,1,6"
41,1622.4746938518572,1622.4746938518572,1667.490157836431,0.0,45.0154639845739,1,46.37140103439119,45.01546398457382,3,Priority,bursty,1,completed,7
42,1622.5408593491156,1707.7810050668588,1740.8782845992175,85.24014571774319,118.33742525010189,2,9.110712146316466,33.097279532358726,2,Priority,bursty,1,completed,"4,6"
43,1624.0841379979772,1667.490157836431,1761.6085636424118,43.40601983845386,137.5244256444346,1,31.220409023909923,94.11840580598079,2,Priority,bursty,1,completed,7
44,1626.2675037703411,1684.3467848625082,1707.7810050668588,58.07928109216709,81.51350129651769,4,25.732872761744744,23.43422020435062,5,Priority,bursty,1,completed,"0,1,4,6"
45,1631.5142118094086,1667.0311903957738,1701.9099092217305,35.51697858636521,70.39569741232185,3,11.463428380920075,34.87871882595654,5,Priority,bursty,1,completed,"2,3,5"
46,1633.2708459597548,1701.9099092217305,1775.9665816664112,68.6390632619757,142.69573570665648,3,50.188463415188075,74.0566724446808,5,Priority,bursty,1,completed,"2,3,5"
47,1633.810807520726,1968.7132045757726,2042.9843874206003,334.90239705504655,409.1735798998743,4,29.656912097624247,74.27118284482776,1,Priority,bursty,1,completed,"0,1,5,6"
48,1652.3693024180307,1707.7810050668588,1740.9082060293583,55.41170264882817,88.53890361132767,2,31.45016896958624,33.12720096249953,5,Priority,bursty,1,completed,"0,1"
49,1696.802420523659,1766.3554991938024,1805.0290762787627,69.55307867014335,108.2266557551036,4,42.84954836805457,38.67357708496036,5,Priority,bursty,1,completed,"0,1,6,7"
50,1706.6879469332011,1740.8782845992175,1775.6125191094761,34.190337666016376,68.92457217627498,1,34.0922615051988,34.73423451025859,1,Priority,bursty,1,completed,4
51,1735.059858835732,1805.0290762787627,1830.1620920576672,69.96921744303063,95.1022332219352,3,42.517492301314974,25.133015778904593,4,Priority,bursty,1,completed,"0,1,5"
52,1746.3940179139465,1775.9665816664112,1942.4159046448606,29.572563752464703,196.02188673091405,3,52.06050661261192,166.44932297844935,5,Priority,bursty,1,completed,"2,3,4"
53,1837.3667482070719,1837.3667482070719,1883.5654129195786,0.0,46.1986647125068,1,46.800285010772505,46.19866471250687,4,Priority,bursty,1,completed,7
54,2039.8114320285945,2039.8114320285945,2214.1252464542517,0.0,174.31381442565726,4,11.671536535431516,174.31381442565717,1,Priority,bursty,1,completed,"2,3,4,7"
55,2045.9493027267326,2045.9493027267326,2121.850800146268,0.0,75.90149741953519,2,61.02677332363081,75.9014974195353,4,Priority,bursty,1,completed,"0,1"
56,2050.8714445788505,2121.850800146268,2168.443626641143,70.97935556741731,117.57218206229254,4,11.66234206025334,46.59282649487538,4,Priority,bursty,1,completed,"0,1,5,6"
57,2053.447963908598,3163.497795215629,3272.6832160301747,1110.0498313070311,1219.2352521215767,4,38.81782209524153,109.18542081454561,2,Priority,bursty,1,completed,"4,5,6,7"
58,2102.4262501132253,2168.443626641143,2280.5564522953987,66.0173765279178,178.13020218217343,4,31.769960739396343,112.11282565425577,3,Priority,bursty,1,completed,"0,1,5,6"
59,2174.855981131859,2214.1252464542517,2368.1206739419963,39.269265322392584,193.26469281013715,2,33.65245538722267,153.99542748774476,5,Priority,bursty,1,completed,"2,3"
60,2201.6421122454904,3444.1456001718507,3553.8250311546344,1242.5034879263603,1352.182918909144,3,29.592886404883224,109.67943098278386,1,Priority,bursty,1,completed,"0,1,2"
61,2224.4698788056385,2615.155726729973,2699.0422888878284,390.68584792433467,474.5724100821899,3,22.00102703619263,83.88656215785524,4,Priority,bursty,1,completed,"0,1,5"
62,2242.798622791516,2280.5564522953987,2394.151052041366,37.757829503882476,151.3524292498496,4,44.335642224669144,113.59459974596714,5,Priority,bursty,1,completed,"0,1,5,6"
63,2266.9583279251697,2266.9583279251697,2320.7820795783,0.0,53.82375165313033,1,10.921870428016272,53.823751653130344,1,Priority,bursty,1,completed,4
64,2270.150792075056,3446.561095735762,3467.0006393521885,1176.4103036607062,1196.8498472771325,4,63.08999603930411,20.439543616426263,1,Priority,bursty,1,completed,"3,4,5,6"
65,2270.333341153255,2750.957260142638,2873.358949473466,480.6239189893831,603.0256083202112,2,11.271657178932891,122.40168933082826,2,Priority,bursty,1,completed,"4,5"
66,2276.259031152594,2276.259031152594,2309.049832049893,0.0,32.79080089729905,1,11.830939590336449,32.79080089729902,1,Priority,bursty,1,completed,7
67,2276.9055896365194,2844.5006778812785,2993.372456702215,567.5950882447592,716.4668670656956,2,40.27605180781243,148.87177882093658,2,Priority,bursty,1,completed,"6,7"
68,2280.4500450408946,2309.049832049893,2460.966975082203,28.599787008998646,180.51693004130857,1,23.85757916789012,151.91714303230992,2,Priority,bursty,1,completed,7
69,2281.236067547194,2696.1789872564595,2845.194816809477,414.9429197092654,563.9587492622827,2,15.101625908010739,149.0158295530171,4,Priority,bursty,1,completed,"2,3"
70,2281.5214646497593,2368.1206739419963,2488.4323537136047,86.59920929223699,206.9108890638454,2,17.95824387975793,120.31167977160857,5,Priority,bursty,1,completed,"2,3"
71,2283.0031860013623,2873.358949473466,2972.3998703260486,590.3557634721037,689.3966843246862,2,21.635591873572622,99.04092085258272,1,Priority,bursty,1,completed,"4,5"
72,2283.6054900828003,2724.95584056794,2831.5384090966136,441.35035048513964,547.9329190138133,2,34.825876862298486,106.58256852867339,3,Priority,bursty,1,completed,"0,1"
73,2284.2070185919456,3166.081890888854,3230.5376368134316,881.8748722969085,946.330618221486,4,51.60050061516308,64.45574592457733,2,Priority,bursty,1,completed,"0,1,2,3"
74,2285.9225132467577,2394.151052041366,2462.7405005124992,108.22853879460808,176.81798726574152,4,36.848697001017015,68.58944847113357,5,Priority,bursty,1,completed,"0,1,5,6"
75,2289.950813945486,2320.7820795783,2400.9896476025165,30.83126563281394,111.03883365703041,1,35.1714218952977,80.20756802421637,1,Priority,bursty,1,completed,4
76,2290.8847241935423,2699.0422888878284,2724.95584056794,408.15756469428607,434.07111637439766,2,35.913736626885196,25.913551680111482,4,Priority,bursty,1,completed,"0,1"
77,2293.648639714881,2462.7405005124992,2615.155726729973,169.0918607976182,321.5070870150921,3,10.893740590686175,152.41522621747367,5,Priority,bursty,1,completed,"0,1,5"
78,2298.5916992126763,2488.4323537136047,2614.73652029785,189.8406545009284,316.1448210851736,2,59.74305501610346,126.30416658424524,5,Priority,bursty,1,completed,"2,3"
79,2300.15923196666,2918.1656008654695,3008.474826492745,618.0063688988093,708.3155945260846,2,32.74804704142611,90.30922562727528,1,Priority,bursty,1,completed,"0,1"
80,2386.8986079464335,2400.9896476025165,2529.0981416775753,14.091039656083012,142.19953373114186,1,29.343701814626442,128.10849407505893,4,Priority,bursty,1,completed,4
81,2410.18096239744,3230.5376368134316,3337.4677826194084,820.3566744159916,927.2868202219684,4,27.787643576207287,106.93014580597671,2,Priority,bursty,1,completed,"0,1,2,3"
82,2444.599717185184,2462.7405005124992,2637.2729998345,18.140783327315148,192.67328264931575,1,14.861436443064013,174.5324993220007,3,Priority,bursty,1,completed,6
83,2450.0481097607963,2460.966975082203,2538.1606944884666,10.918865321406884,88.11258472767031,1,54.649964356297446,77.19371940626344,4,Priority,bursty,1,completed,7
84,2502.6041155554044,2538.1606944884666,2714.881693782528,35.556578933062156,212.27757822712374,2,53.497037630959184,176.72099929406176,5,Priority,bursty,1,completed,"4,7"
85,2510.531271314586,2950.527004842237,3032.2628438938164,439.9957335276513,521.7315725792305,2,34.721490689641584,81.7358390515791,1,Priority,bursty,1,completed,"2,3"
86,2521.0607311356107,2714.881693782528,2750.957260142638,193.82096264691745,229.8965290070273,2,22.012305085405767,36.07556636010982,4,Priority,bursty,1,completed,"4,5"
87,2552.5564309856927,2614.73652029785,2696.1789872564595,62.18008931215718,143.62255627076684,1,43.81042844509947,81.44246695860957,3,Priority,bursty,1,completed,3
88,2565.8637583944806,2993.372456702215,3061.342943492265,427.50869830773445,495.47918509778447,4,30.735371240338296,67.97048679005009,5,Priority,bursty,1,completed,"4,5,6,7"
89,2570.4417274472544,2614.73652029785,2678.451205529723,44.29479285059551,108.00947808246883,1,34.134628969836584,63.71468523187314,5,Priority,bursty,1,completed,2
90,2583.107107170957,3272.6832160301747,3446.561095735762,689.5761088592176,863.4539885648051,3,61.04072419767735,173.87787970558753,2,Priority,bursty,1,completed,"4,5,6"
91,2591.571400955922,3032.2628438938164,3166.081890888854,440.6914429378944,574.5104899329322,4,23.61100669378677,133.81904699503758,4,Priority,bursty,1,completed,"0,1,2,3"
92,2604.4045941752656,3337.4677826194084,3444.1456001718507,733.0631884441427,839.741005996585,3,26.036742495180413,106.67781755244248,2,Priority,bursty,1,completed,"0,1,2"
93,2640.7217636215655,2640.7217636215655,2816.5832723394037,0.0,175.8615087178382,1,27.657336307536863,175.8615087178381,3,Priority,bursty,1,completed,6
94,2741.248475416189,3467.0006393521885,3493.1672616696046,725.7521639359993,751.9187862534154,4,42.37159930116739,26.16662231741593,1,Priority,bursty,1,completed,"3,4,5,6"
95,2762.8268909077483,3493.1672616696046,3671.837053031919,730.3403707618563,909.0101621241706,3,19.759776280656574,178.66979136231436,1,Priority,bursty,1,completed,"3,4,5"
96,2779.5497916738213,2816.5832723394037,2844.5006778812785,37.033480665582374,64.95088620745719,2,56.610133355235135,27.917405541874647,4,Priority,bursty,1,completed,"6,7"
97,2782.246368717428,2831.5384090966136,2918.1656008654695,49.29204037918544,135.91923214804137,2,32.63644284841632,86.6271917688559,4,Priority,bursty,1,completed,"0,1"
98,2793.5704103736,3061.342943492265,3163.497795215629,267.7725331186648,369.9273848420289,3,25.26586122999251,102.15485172336395,4,Priority,bursty,1,completed,"4,5,6"
99,2813.9126637244362,2845.194816809477,2950.527004842237,31.28215308504059,136.6143411178009,2,29.91862795317488,105.33218803276036,2,Priority,bursty,1,completed,"2,3"
0,2.621707220759794,2.621707220759794,114.89366182123212,0.0,112.27195460047233,1,25.53068009391651,112.27195460047233,2,BestFit,bursty,1,completed,0
1,194.6015955281929,194.6015955281929,341.18302723584173,0.0,146.58143170764885,1,51.38119155572899,146.58143170764885,5,BestFit,bursty,1,completed,0
2,207.68827813175832,207.68827813175832,374.5190392791044,0.0,166.83076114734607,3,41.43131290933036,166.83076114734604,4,BestFit,bursty,1,completed,"1,2,3"
3,211.80835095700132,211.80835095700132,244.14176031708752,0.0,32.33340936008619,4,36.01996012126477,32.3334093600862,4,BestFit,bursty,1,completed,"4,5,6,7"
4,276.0868183018509,276.0868183018509,317.31822590933683,0.0,41.23140760748595,1,19.918535739058722,41.23140760748596,3,BestFit,bursty,1,completed,4
5,293.89535751093837,521.8107425596052,589.0117734084882,227.9153850486668,295.11641589754987,4,51.96477638542971,67.20103084888311,3,BestFit,bursty,1,completed,"0,1,2,3"
6,313.5889781117851,374.5190392791044,418.3667230184184,60.93006116731931,104.7777449066333,4,37.43525329708623,43.84768373931401,4,BestFit,bursty,1,completed,"0,1,2,3"
7,314.65017246758066,314.65017246758066,381.887653373612,0.0,67.23748090603135,1,30.49162853775698,67.23748090603132,5,BestFit,bursty,1,completed,5
8,322.8859578729104,322.8859578729104,460.260431644703,0.0,137.37447377179257,3,14.96977862086687,137.37447377179254,5,BestFit,bursty,1,completed,"4,6,7"
9,382.7864814627669,418.3667230184184,475.47070357236055,35.58024155565147,92.68422210959363,3,29.979539456704618,57.10398055394215,1,BestFit,bursty,1,completed,"1,2,3"
10,390.23707352325096,390.23707352325096,566.1879235844173,0.0,175.9508500611663,1,29.844174908632258,175.95085006116628,5,BestFit,bursty,1,completed,5
11,418.3176277745545,418.3667230184184,521.8107425596052,0.049095243863860105,103.49311478505064,1,46.84287874336325,103.4440195411868,4,BestFit,bursty,1,completed,0
12,422.91622841213655,460.260431644703,630.8099016706072,37.34420323256643,207.8936732584707,3,30.15115957893601,170.54947002590427,2,BestFit,bursty,1,completed,"4,6,7"
13,455.8770766166853,669.9688196953823,811.2977576159933,214.091743078697,355.420680999308,4,63.34025846833189,141.32893792061094,2,BestFit,bursty,1,completed,"0,1,2,3"
14,472.3900767168148,589.0117734084882,669.9688196953823,116.62169669167343,197.5787429785675,4,43.92476101231379,80.95704628689401,2,BestFit,bursty,1,completed,"0,1,2,3"
15,496.98793899945105,496.98793899945105,519.6635904611114,0.0,22.67565146166038,2,36.21296521089366,22.675651461660333,2,BestFit,bursty,1,completed,"1,2"
16,529.0873683799783,566.1879235844173,631.8623601901098,37.10055520443893,102.7749918101315,1,62.40951115302573,65.67443660569255,3,BestFit,bursty,1,completed,5
17,630.5147811623922,630.8099016706072,684.2948684894529,0.29512050821506364,53.780087327060755,3,32.796177843947724,53.48496681884568,4,BestFit,bursty,1,completed,"4,6,7"
18,703.0452522248693,703.0452522248693,771.6066804807909,0.0,68.56142825592167,2,8.942327942091929,68.56142825592171,5,BestFit,bursty,1,completed,"4,5"
19,744.6823236770239,744.6823236770239,900.5294471745074,0.0,155.8471234974835,2,22.68022058663941,155.84712349748352,5,BestFit,bursty,1,completed,"6,7"
20,756.4183684146531,771.6066804807909,892.4575213517475,15.188312066137883,136.0391529370944,1,53.13799962151892,120.85084087095652,4,BestFit,bursty,1,completed,4
21,807.6579488455583,811.2977576159933,835.5352854406289,3.6398087704350246,27.877336595070574,2,50.60417193667502,24.237527824635574,2,BestFit,bursty,1,completed,"0,1"
22,813.2920552608836,813.2920552608836,909.6238961628594,0.0,96.33184090197585,1,28.823855912725936,96.33184090197591,3,BestFit,bursty,1,completed,2
23,1114.1109680507118,1114.1109680507118,1224.0392224666653,0.0,109.92825441595346,4,20.460384492991256,109.9282544159535,1,BestFit,bursty,1,completed,"0,1,2,3"
24,1182.0485200117612,1182.0485200117612,1298.8703742961634,0.0,116.8218542844022,1,52.33274751305907,116.82185428440232,2,BestFit,bursty,1,completed,4
25,1193.474136418769,1193.474136418769,1309.7658880601393,0.0,116.29175164137041,2,49.012206890233855,116.2917516413704,5,BestFit,bursty,1,completed,"5,6"
26,1257.80431250944,1257.80431250944,1318.007125016813,0.0,60.20281250737298,2,51.834586203865435,60.20281250737309,2,BestFit,bursty,1,completed,"0,1"
27,1259.5119955502084,1259.5119955502084,1365.9137883656435,0.0,106.4017928154351,3,61.920416392820755,106.40179281543507,1,BestFit,bursty,1,completed,"2,3,7"
28,1307.9289621434152,1309.7658880601393,1427.6186449196307,1.8369259167241125,119.68968277621548,3,37.63647722730016,117.85275685949144,4,BestFit,bursty,1,completed,"4,5,6"
29,1350.6648006540365,1365.9137883656435,1493.8640916352078,15.248987711607015,143.19929098117132,3,18.460446043813278,127.95030326956439,1,BestFit,bursty,1,completed,"2,3,7"
30,1352.7800439240962,1352.7800439240962,1525.1047269202857,0.0,172.3246829961895,2,16.87908190325591,172.32468299618955,3,BestFit,bursty,1,completed,"0,1"
31,1392.197493340969,1622.0524282013362,1665.0928882044175,229.85493486036717,272.8953948634485,4,36.57698198536638,43.04046000308123,1,BestFit,bursty,1,completed,"0,1,4,6"
32,1412.3963732595244,1427.6186449196307,1469.080080939116,15.222271660106344,56.683707679591635,3,23.473528789328554,41.46143601948532,4,BestFit,bursty,1,completed,"4,5,6"
33,1434.0476217075363,1469.080080939116,1519.7678756148866,35.03245923157965,85.7202539073503,1,17.790790122266923,50.687794675770625,1,BestFit,bursty,1,completed,4
34,1475.706950422504,1493.8640916352078,1667.0311903957738,18.15714121270389,191.32423997326987,3,33.25817762559791,173.16709876056598,3,BestFit,bursty,1,completed,"2,3,5"
35,1494.5984067644235,1494.5984067644235,1622.0524282013362,0.0,127.45402143691263,2,52.6065821862321,127.45402143691253,5,BestFit,bursty,1,completed,"6,7"
36,1504.1833991034373,1525.1047269202857,1548.7235635422062,20.92132781684836,44.5401644387689,3,60.57010239487354,23.61883662192044,5,BestFit,bursty,1,completed,"0,1,4"
37,1540.8523928501988,1548.7235635422062,1583.697460029022,7.871170692007354,42.84506717882323,1,28.174777542284016,34.97389648681596,1,BestFit,bursty,1,completed,0
38,1592.3601049196216,1836.3228610922652,1898.6172177534372,243.9627561726436,306.25711283381565,4,22.58039645149408,62.29435666117208,3,BestFit,bursty,1,completed,"1,2,3,6"
39,1621.3003458546332,1926.642197593086,2065.1933101111913,305.34185173845276,443.8929642565581,4,13.472076824725843,138.5511125181054,2,BestFit,bursty,1,completed,"0,4,5,7"
40,1622.1619725128066,1667.490157836431,1692.9374510008752,45.32818532362444,70.77547848806853,3,41.9644530759107,25.44729316444407,4,BestFit,bursty,1,completed,"5,6,7"
41,1622.4746938518572,1622.4746938518572,1667.490157836431,0.0,45.0154639845739,1,46.37140103439119,45.01546398457382,3,BestFit,bursty,1,completed,7
42,1622.5408593491156,1665.0928882044175,1698.1901677367762,42.55202885530184,75.64930838766054,2,9.110712146316466,33.097279532358726,2,BestFit,bursty,1,completed,"1,4"
43,1624.0841379979772,1665.0928882044175,1759.2112940103982,41.008750206440254,135.12715601242098,1,31.220409023909923,94.11840580598079,2,BestFit,bursty,1,completed,0
44,1626.2675037703411,1774.215063802954,1797.6492840073047,147.94756003261296,171.38178023696355,4,25.732872761744744,23.43422020435062,5,BestFit,bursty,1,completed,"1,2,3,6"
45,1631.5142118094086,1692.9374510008752,1727.8161698268318,61.423239191466564,96.3019580174232,3,11.463428380920075,34.87871882595654,5,BestFit,bursty,1,completed,"5,6,7"
46,1633.2708459597548,1700.1583913582733,1774.215063802954,66.88754539851857,140.94421784319934,3,50.188463415188075,74.0566724446808,5,BestFit,bursty,1,completed,"1,2,3"
47,1633.810807520726,1898.6172177534372,1972.888400598265,264.8064102327112,339.07759307753895,4,29.656912097624247,74.27118284482776,1,BestFit,bursty,1,completed,"1,2,3,6"
48,1652.3693024180307,1667.0311903957738,1700.1583913582733,14.661887977743163,47.789088940242664,2,31.45016896958624,33.12720096249953,5,BestFit,bursty,1,completed,"2,3"
49,1696.802420523659,1797.6492840073047,1836.3228610922652,100.84686348364562,139.5204405686061,4,42.84954836805457,38.67357708496036,5,BestFit,bursty,1,completed,"1,2,3,6"
50,1706.6879469332011,1706.6879469332011,1741.4221814434597,0.0,34.7342345102586,1,34.0922615051988,34.73423451025859,1,BestFit,bursty,1,completed,4
51,1735.059858835732,1735.059858835732,1760.1928746146366,0.0,25.133015778904564,3,42.517492301314974,25.133015778904593,4,BestFit,bursty,1,completed,"5,6,7"
52,1746.3940179139465,1760.1928746146366,1926.642197593086,13.798856700690067,180.2481796791394,3,52.06050661261192,166.44932297844935,5,BestFit,bursty,1,completed,"0,4,5"
53,1837.3667482070719,1837.3667482070719,1883.5654129195786,0.0,46.1986647125068,1,46.800285010772505,46.19866471250687,4,BestFit,bursty,1,completed,7
54,2039.8114320285945,2039.8114320285945,2214.1252464542517,0.0,174.31381442565726,4,11.671536535431516,174.31381442565717,1,BestFit,bursty,1,completed,"1,2,3,6"
55,2045.9493027267326,2065.1933101111913,2141.0948075307265,19.244007384458655,95.14550480399384,2,61.02677332363081,75.9014974195353,4,BestFit,bursty,1,completed,"0,4"
56,2050.8714445788505,2141.0948075307265,2187.6876340256017,90.22336295187597,136.8161894467512,4,11.66234206025334,46.59282649487538,4,BestFit,bursty,1,completed,"0,4,5,7"
57,2053.447963908598,3349.778480743057,3458.9639015576026,1296.330516834459,1405.5159376490046,4,38.81782209524153,109.18542081454561,2,BestFit,bursty,1,completed,"1,2,4,6"
58,2102.4262501132253,3400.1752665302465,3512.288092184502,1297.7490164170213,1409.861842071277,4,31.769960739396343,112.11282565425577,3,BestFit,bursty,1,completed,"0,3,5,7"
59,2174.855981131859,2187.6876340256017,2341.6830615133463,12.831652893742557,166.82708038148712,2,33.65245538722267,153.99542748774476,5,BestFit,bursty,1,completed,"0,4"
60,2201.6421122454904,2214.1252464542517,2323.8046774370355,12.483134208761385,122.16256519154513,3,29.592886404883224,109.67943098278386,1,BestFit,bursty,1,completed,"1,2,3"
61,2224.4698788056385,2224.4698788056385,2308.3564409634937,0.0,83.88656215785522,3,22.00102703619263,83.88656215785524,4,BestFit,bursty,1,completed,"5,6,7"
62,2242.798622791516,3458.9639015576026,3572.5585013035698,1216.1652787660864,1329.7598785120535,4,44.335642224669144,113.59459974596714,5,BestFit,bursty,1,completed,"1,2,4,6"
63,2266.9583279251697,2308.3564409634937,2362.180192616624,41.39811303832403,95.22186469145436,1,10.921870428016272,53.823751653130344,1,BestFit,bursty,1,completed,6
64,2270.150792075056,3170.1271204135037,3190.56666402993,899.9763283384477,920.4158719548741,4,63.08999603930411,20.439543616426263,1,BestFit,bursty,1,completed,"1,2,4,6"
65,2270.333341153255,2468.762761145297,2591.1644504761252,198.4294199920423,320.83110932287036,2,11.271657178932891,122.40168933082826,2,BestFit,bursty,1,completed,"5,6"
66,2276.259031152594,2308.3564409634937,2341.1472418607927,32.097409810899535,64.88821070819859,1,11.830939590336449,32.79080089729902,1,BestFit,bursty,1,completed,5
67,2276.9055896365194,2598.408342114348,2747.2801209352847,321.50275247782884,470.3745312987653,2,40.27605180781243,148.87177882093658,2,BestFit,bursty,1,completed,"1,6"
68,2280.4500450408946,2323.8046774370355,2475.7218204693454,43.354632396140914,195.27177542845084,1,23.85757916789012,151.91714303230992,2,BestFit,bursty,1,completed,1
69,2281.236067547194,2623.29164929173,2772.3074788447475,342.0555817445361,491.07141129755337,2,15.101625908010739,149.0158295530171,4,BestFit,bursty,1,completed,"2,7"
70,2281.5214646497593,2431.9922871406216,2552.30396691223,150.47082249086225,270.78250226247064,2,17.95824387975793,120.31167977160857,5,BestFit,bursty,1,completed,"0,4"
71,2283.0031860013623,2349.718229117147,2448.7591499697296,66.71504311578474,165.75596396836727,2,21.635591873572622,99.04092085258272,1,BestFit,bursty,1,completed,"2,3"
72,2283.6054900828003,2362.180192616624,2468.762761145297,78.57470253382371,185.15727106249687,2,34.825876862298486,106.58256852867339,3,BestFit,bursty,1,completed,"5,6"
73,2284.2070185919456,3216.733286347346,3281.1890322719237,932.5262677554006,996.9820136799781,4,51.60050061516308,64.45574592457733,2,BestFit,bursty,1,completed,"1,2,4,6"
74,2285.9225132467577,3281.1890322719237,3349.778480743057,995.266519025166,1063.8559674962994,4,36.848697001017015,68.58944847113357,5,BestFit,bursty,1,completed,"1,2,4,6"
75,2289.950813945486,2308.3564409634937,2388.56400898771,18.405627018007635,98.6131950422241,1,35.1714218952977,80.20756802421637,1,BestFit,bursty,1,completed,7
76,2290.8847241935423,2323.8046774370355,2349.718229117147,32.91995324349318,58.83350492360478,2,35.913736626885196,25.913551680111482,4,BestFit,bursty,1,completed,"2,3"
77,2293.648639714881,2894.189616354432,3046.6048425719055,600.540976639551,752.9562028570244,3,10.893740590686175,152.41522621747367,5,BestFit,bursty,1,completed,"0,3,7"
78,2298.5916992126763,2591.1644504761252,2717.4686170603704,292.57275126344894,418.87691784769413,2,59.74305501610346,126.30416658424524,5,BestFit,bursty,1,completed,"3,5"
79,2300.15923196666,2341.6830615133463,2431.9922871406216,41.5238295466861,131.83305517396138,2,32.74804704142611,90.30922562727528,1,BestFit,bursty,1,completed,"0,4"
80,2386.8986079464335,2388.56400898771,2516.672503062769,1.6654010412767093,129.77389511633555,1,29.343701814626442,128.10849407505893,4,BestFit,bursty,1,completed,7
81,2410.18096239744,3293.24512072427,3400.1752665302465,883.0641583268298,989.9943041328065,4,27.787643576207287,106.93014580597671,2,BestFit,bursty,1,completed,"0,3,5,7"
82,2444.599717185184,2448.7591499697296,2623.29164929173,4.1594327845455155,178.69193210654612,1,14.861436443064013,174.5324993220007,3,BestFit,bursty,1,completed,2
83,2450.0481097607963,2450.0481097607963,2527.2418291670597,0.0,77.19371940626343,1,54.649964356297446,77.19371940626344,4,BestFit,bursty,1,completed,3
84,2502.6041155554044,2717.4686170603704,2894.189616354432,214.86450150496603,391.5855007990276,2,53.497037630959184,176.72099929406176,5,BestFit,bursty,1,completed,"0,3"
85,2510.531271314586,2516.672503062769,2598.408342114348,6.141231748183145,87.87707079976235,2,34.721490689641584,81.7358390515791,1,BestFit,bursty,1,completed,"1,7"
86,2521.0607311356107,2552.30396691223,2588.37953327234,31.243235776619258,67.31880213672912,2,22.012305085405767,36.07556636010982,4,BestFit,bursty,1,completed,"0,3"
87,2552.5564309856927,2552.5564309856927,2633.9988979443024,0.0,81.44246695860966,1,43.81042844509947,81.44246695860957,3,BestFit,bursty,1,completed,4
88,2565.8637583944806,3225.2746339342198,3293.24512072427,659.4108755397392,727.3813623297892,4,30.735371240338296,67.97048679005009,5,BestFit,bursty,1,completed,"0,3,5,7"
89,2570.4417274472544,2588.37953327234,2652.094218504213,17.937805825085434,81.65249105695875,1,34.134628969836584,63.71468523187314,5,BestFit,bursty,1,completed,0
90,2583.107107170957,2996.249240707916,3170.1271204135037,413.14213353695914,587.0200132425466,3,61.04072419767735,173.87787970558753,2,BestFit,bursty,1,completed,"1,2,4"
91,2591.571400955922,3512.288092184502,3646.10713917954,920.7166912285802,1054.535738223618,4,23.61100669378677,133.81904699503758,4,BestFit,bursty,1,completed,"0,3,5,7"
92,2604.4045941752656,2747.2801209352847,2853.957938487727,142.87552676001906,249.55334431246138,3,26.036742495180413,106.67781755244248,2,BestFit,bursty,1,completed,"1,5,6"
93,2640.7217636215655,2640.7217636215655,2816.5832723394037,0.0,175.8615087178382,1,27.657336307536863,175.8615087178381,3,BestFit,bursty,1,completed,4
94,2741.248475416189,3190.56666402993,3216.733286347346,449.31818861374086,475.48481093115697,4,42.37159930116739,26.16662231741593,1,BestFit,bursty,1,completed,"1,2,4,6"
95,2762.8268909077483,3046.6048425719055,3225.2746339342198,283.7779516641572,462.44774302647147,3,19.759776280656574,178.66979136231436,1,BestFit,bursty,1,completed,"0,3,5"
96,2779.5497916738213,2779.5497916738213,2807.467197215696,0.0,27.917405541874814,2,56.610133355235135,27.917405541874647,4,BestFit,bursty,1,completed,"2,7"
97,2782.246368717428,2807.467197215696,2894.094388984552,25.22082849826802,111.84802026712396,2,32.63644284841632,86.6271917688559,4,BestFit,bursty,1,completed,"2,7"
98,2793.5704103736,2894.094388984552,2996.249240707916,100.52397861095187,202.678830334316,3,25.26586122999251,102.15485172336395,4,BestFit,bursty,1,completed,"2,5,6"
99,2813.9126637244362,2853.957938487727,2959.2901265204873,40.04527476329076,145.37746279605108,2,29.91862795317488,105.33218803276036,2,BestFit,bursty,1,completed,"1,4"
0,2.621707220759794,2.621707220759794,114.89366182123212,0.0,112.27195460047233,1,25.53068009391651,112.27195460047233,2,PPO,bursty,1,completed,0
1,194.6015955281929,194.6015955281929,341.18302723584173,0.0,146.58143170764885,1,51.38119155572899,146.58143170764885,5,PPO,bursty,1,completed,0
2,207.68827813175832,207.68827813175832,374.5190392791044,0.0,166.83076114734607,3,41.43131290933036,166.83076114734604,4,PPO,bursty,1,completed,"1,2,3"
3,211.80835095700132,211.80835095700132,244.14176031708752,0.0,32.33340936008619,4,36.01996012126477,32.3334093600862,4,PPO,bursty,1,completed,"4,5,6,7"
4,276.0868183018509,276.0868183018509,317.31822590933683,0.0,41.23140760748595,1,19.918535739058722,41.23140760748596,3,PPO,bursty,1,completed,4
5,293.89535751093837,521.8107425596052,589.0117734084882,227.9153850486668,295.11641589754987,4,51.96477638542971,67.20103084888311,3,PPO,bursty,1,completed,"0,1,2,3"
6,313.5889781117851,374.5190392791044,418.3667230184184,60.93006116731931,104.7777449066333,4,37.43525329708623,43.84768373931401,4,PPO,bursty,1,completed,"0,1,2,3"
7,314.65017246758066,314.65017246758066,381.887653373612,0.0,67.23748090603135,1,30.49162853775698,67.23748090603132,5,PPO,bursty,1,completed,5
8,322.8859578729104,322.8859578729104,460.260431644703,0.0,137.37447377179257,3,14.96977862086687,137.37447377179254,5,PPO,bursty,1,completed,"4,6,7"
9,382.7864814627669,418.3667230184184,475.47070357236055,35.58024155565147,92.68422210959363,3,29.979539456704618,57.10398055394215,1,PPO,bursty,1,completed,"1,2,3"
10,390.23707352325096,390.23707352325096,566.1879235844173,0.0,175.9508500611663,1,29.844174908632258,175.95085006116628,5,PPO,bursty,1,completed,5
11,418.3176277745545,418.3667230184184,521.8107425596052,0.049095243863860105,103.49311478505064,1,46.84287874336325,103.4440195411868,4,PPO,bursty,1,completed,0
12,422.91622841213655,460.260431644703,630.8099016706072,37.34420323256643,207.8936732584707,3,30.15115957893601,170.54947002590427,2,PPO,bursty,1,completed,"4,6,7"
13,455.8770766166853,589.0117734084882,730.3407113290991,133.13469679180292,274.4636347124138,4,63.34025846833189,141.32893792061094,2,PPO,bursty,1,completed,"0,1,2,3"
14,472.3900767168148,684.2948684894529,765.2519147763469,211.90479177263813,292.8618380595321,4,43.92476101231379,80.95704628689401,2,PPO,bursty,1,completed,"4,5,6,7"
15,496.98793899945105,496.98793899945105,519.6635904611114,0.0,22.67565146166038,2,36.21296521089366,22.675651461660333,2,PPO,bursty,1,completed,"1,2"
16,529.0873683799783,566.1879235844173,631.8623601901098,37.10055520443893,102.7749918101315,1,62.40951115302573,65.67443660569255,3,PPO,bursty,1,completed,5
17,630.5147811623922,630.8099016706072,684.2948684894529,0.29512050821506364,53.780087327060755,3,32.796177843947724,53.48496681884568,4,PPO,bursty,1,completed,"4,6,7"
18,703.0452522248693,730.3407113290991,798.9021395850208,27.29545910422985,95.85688736015152,2,8.942327942091929,68.56142825592171,5,PPO,bursty,1,completed,"0,1"
19,744.6823236770239,744.6823236770239,900.5294471745074,0.0,155.8471234974835,2,22.68022058663941,155.84712349748352,5,PPO,bursty,1,completed,"2,3"
20,756.4183684146531,765.2519147763469,886.1027556473034,8.833546361693834,129.68438723265035,1,53.13799962151892,120.85084087095652,4,PPO,bursty,1,completed,4
21,807.6579488455583,807.6579488455583,831.8954766701938,0.0,24.23752782463555,2,50.60417193667502,24.237527824635574,2,PPO,bursty,1,completed,"0,1"
22,813.2920552608836,813.2920552608836,909.6238961628594,0.0,96.33184090197585,1,28.823855912725936,96.33184090197591,3,PPO,bursty,1,completed,5
23,1114.1109680507118,1114.1109680507118,1224.0392224666653,0.0,109.92825441595346,4,20.460384492991256,109.9282544159535,1,PPO,bursty,1,completed,"0,1,2,3"
24,1182.0485200117612,1182.0485200117612,1298.8703742961634,0.0,116.8218542844022,1,52.33274751305907,116.82185428440232,2,PPO,bursty,1,completed,4
25,1193.474136418769,1193.474136418769,1309.7658880601393,0.0,116.29175164137041,2,49.012206890233855,116.2917516413704,5,PPO,bursty,1,completed,"5,6"
26,1257.80431250944,1257.80431250944,1318.007125016813,0.0,60.20281250737298,2,51.834586203865435,60.20281250737309,2,PPO,bursty,1,completed,"0,1"
27,1259.5119955502084,1259.5119955502084,1365.9137883656435,0.0,106.4017928154351,3,61.920416392820755,106.40179281543507,1,PPO,bursty,1,completed,"2,3,7"
28,1307.9289621434152,1309.7658880601393,1427.6186449196307,1.8369259167241125,119.68968277621548,3,37.63647722730016,117.85275685949144,4,PPO,bursty,1,completed,"4,5,6"
29,1350.6648006540365,1365.9137883656435,1493.8640916352078,15.248987711607015,143.19929098117132,3,18.460446043813278,127.95030326956439,1,PPO,bursty,1,completed,"2,3,7"
30,1352.7800439240962,1352.7800439240962,1525.1047269202857,0.0,172.3246829961895,2,16.87908190325591,172.32468299618955,3,PPO,bursty,1,completed,"0,1"
31,1392.197493340969,1785.4430133817398,1828.483473384821,393.24552004077077,436.2859800438521,4,36.57698198536638,43.04046000308123,1,PPO,bursty,1,completed,"2,3,5,7"
32,1412.3963732595244,1427.6186449196307,1469.080080939116,15.222271660106344,56.683707679591635,3,23.473528789328554,41.46143601948532,4,PPO,bursty,1,completed,"4,5,6"
33,1434.0476217075363,1469.080080939116,1519.7678756148866,35.03245923157965,85.7202539073503,1,17.790790122266923,50.687794675770625,1,PPO,bursty,1,completed,4
34,1475.706950422504,1493.8640916352078,1667.0311903957738,18.15714121270389,191.32423997326987,3,33.25817762559791,173.16709876056598,3,PPO,bursty,1,completed,"2,3,5"
35,1494.5984067644235,1494.5984067644235,1622.0524282013362,0.0,127.45402143691263,2,52.6065821862321,127.45402143691253,5,PPO,bursty,1,completed,"6,7"
36,1504.1833991034373,1525.1047269202857,1548.7235635422062,20.92132781684836,44.5401644387689,3,60.57010239487354,23.61883662192044,5,PPO,bursty,1,completed,"0,1,4"
37,1540.8523928501988,1548.7235635422062,1583.697460029022,7.871170692007354,42.84506717882323,1,28.174777542284016,34.97389648681596,1,PPO,bursty,1,completed,0
38,1592.3601049196216,1622.0524282013362,1684.3467848625082,29.692323281714607,91.98667994288667,4,22.58039645149408,62.29435666117208,3,PPO,bursty,1,completed,"0,1,4,6"
39,1621.3003458546332,1684.3467848625082,1822.8978973806136,63.04643900787505,201.5975515259804,4,13.472076824725843,138.5511125181054,2,PPO,bursty,1,completed,"0,1,4,6"
40,1622.1619725128066,1700.1284699281325,1725.5757630925766,77.96649741532588,103.41379057976997,3,41.9644530759107,25.44729316444407,4,PPO,bursty,1,completed,"2,3,7"
41,1622.4746938518572,1622.4746938518572,1667.490157836431,0.0,45.0154639845739,1,46.37140103439119,45.01546398457382,3,PPO,bursty,1,completed,7
42,1622.5408593491156,1667.0311903957738,1700.1284699281325,44.490331046658184,77.58761057901688,2,9.110712146316466,33.097279532358726,2,PPO,bursty,1,completed,"2,3"
43,1624.0841379979772,1667.0311903957738,1761.1495962017545,42.9470523977966,137.06545820377733,1,31.220409023909923,94.11840580598079,2,PPO,bursty,1,completed,5
44,1626.2675037703411,1897.1690802254413,1920.603300429792,270.9015764551002,294.3357966594508,4,25.732872761744744,23.43422020435062,5,PPO,bursty,1,completed,"0,1,4,6"
45,1631.5142118094086,1920.603300429792,1955.4820192557486,289.08908862038334,323.96780744634,3,11.463428380920075,34.87871882595654,5,PPO,bursty,1,completed,"0,1,4"
46,1633.2708459597548,1955.4820192557486,2029.5386917004294,322.21117329599383,396.2678457406746,3,50.188463415188075,74.0566724446808,5,PPO,bursty,1,completed,"0,1,4"
47,1633.810807520726,1822.8978973806136,1897.1690802254413,189.08708985988756,263.3582727047153,4,29.656912097624247,74.27118284482776,1,PPO,bursty,1,completed,"0,1,4,6"
48,1652.3693024180307,1725.5757630925766,1758.702964055076,73.20646067454595,106.33366163704545,2,31.45016896958624,33.12720096249953,5,PPO,bursty,1,completed,"3,7"
49,1696.802420523659,1994.9327963632704,2033.606373448231,298.13037583961136,336.80395292457183,4,42.84954836805457,38.67357708496036,5,PPO,bursty,1,completed,"2,3,5,6"
50,1706.6879469332011,1725.5757630925766,1760.3099976028352,18.88781615937546,53.62205066963406,1,34.0922615051988,34.73423451025859,1,PPO,bursty,1,completed,2
51,1735.059858835732,1760.3099976028352,1785.4430133817398,25.25013876710318,50.383154546007745,3,42.517492301314974,25.133015778904593,4,PPO,bursty,1,completed,"2,3,7"
52,1746.3940179139465,1828.483473384821,1994.9327963632704,82.08945547087455,248.5387784493239,3,52.06050661261192,166.44932297844935,5,PPO,bursty,1,completed,"2,3,5"
53,1837.3667482070719,1837.3667482070719,1883.5654129195786,0.0,46.1986647125068,1,46.800285010772505,46.19866471250687,4,PPO,bursty,1,completed,7
54,2039.8114320285945,2039.8114320285945,2214.1252464542517,0.0,174.31381442565726,4,11.671536535431516,174.31381442565717,1,PPO,bursty,1,completed,"0,1,2,3"
55,2045.9493027267326,2045.9493027267326,2121.850800146268,0.0,75.90149741953519,2,61.02677332363081,75.9014974195353,4,PPO,bursty,1,completed,"4,5"
56,2050.8714445788505,2121.850800146268,2168.443626641143,70.97935556741731,117.57218206229254,4,11.66234206025334,46.59282649487538,4,PPO,bursty,1,completed,"4,5,6,7"
57,2053.447963908598,3319.5422843167808,3428.7277051313263,1266.0943204081827,1375.2797412227283,4,38.81782209524153,109.18542081454561,2,PPO,bursty,1,completed,"1,2,3,5"
58,2102.4262501132253,2168.443626641143,2280.5564522953987,66.0173765279178,178.13020218217343,4,31.769960739396343,112.11282565425577,3,PPO,bursty,1,completed,"4,5,6,7"
59,2174.855981131859,2214.1252464542517,2368.1206739419963,39.269265322392584,193.26469281013715,2,33.65245538722267,153.99542748774476,5,PPO,bursty,1,completed,"0,1"
60,2201.6421122454904,2280.5564522953987,2390.2358832781824,78.91434004990833,188.59377103269208,3,29.592886404883224,109.67943098278386,1,PPO,bursty,1,completed,"5,6,7"
61,2224.4698788056385,2368.1206739419963,2452.0072360998515,143.65079513635783,227.53735729421305,3,22.00102703619263,83.88656215785524,4,PPO,bursty,1,completed,"0,1,2"
62,2242.798622791516,3325.9869165485966,3439.5815162945637,1083.1882937570804,1196.7828935030475,4,44.335642224669144,113.59459974596714,5,PPO,bursty,1,completed,"0,4,6,7"
63,2266.9583279251697,2266.9583279251697,2320.7820795783,0.0,53.82375165313033,1,10.921870428016272,53.823751653130344,1,PPO,bursty,1,completed,2
64,2270.150792075056,3272.9361183829383,3293.3756619993646,1002.7853263078823,1023.2248699243087,4,63.08999603930411,20.439543616426263,1,PPO,bursty,1,completed,"1,2,3,5"
65,2270.333341153255,2558.5898046285247,2680.9914939593527,288.2564634752698,410.65815280609786,2,11.271657178932891,122.40168933082826,2,PPO,bursty,1,completed,"1,2"
66,2276.259031152594,2276.259031152594,2309.049832049893,0.0,32.79080089729905,1,11.830939590336449,32.79080089729902,1,PPO,bursty,1,completed,3
67,2276.9055896365194,2694.08689344323,2842.9586722641666,417.18130380671073,566.0530826276472,2,40.27605180781243,148.87177882093658,2,PPO,bursty,1,completed,"3,7"
68,2280.4500450408946,2280.5564522953987,2432.4735953277086,0.10640725450411992,152.02355028681404,1,23.85757916789012,151.91714303230992,2,PPO,bursty,1,completed,4
69,2281.236067547194,2390.2358832781824,2539.2517128311997,108.9998157309883,258.0156452840056,2,15.101625908010739,149.0158295530171,4,PPO,bursty,1,completed,"5,6"
70,2281.5214646497593,2976.2082658388017,3096.51994561041,694.6868011890424,814.9984809606508,2,17.95824387975793,120.31167977160857,5,PPO,bursty,1,completed,"3,7"
71,2283.0031860013623,2680.9914939593527,2780.0324148119353,397.9883079579904,497.02922881057293,2,21.635591873572622,99.04092085258272,1,PPO,bursty,1,completed,"1,2"
72,2283.6054900828003,2452.0072360998515,2558.5898046285247,168.4017460170512,274.9843145457244,2,34.825876862298486,106.58256852867339,3,PPO,bursty,1,completed,"1,2"
73,2284.2070185919456,3208.4803724583608,3272.9361183829383,924.2733538664152,988.7290997909927,4,51.60050061516308,64.45574592457733,2,PPO,bursty,1,completed,"1,2,3,5"
74,2285.9225132467577,3428.7277051313263,3497.3171536024597,1142.8051918845686,1211.394640355702,4,36.848697001017015,68.58944847113357,5,PPO,bursty,1,completed,"1,2,3,5"
75,2289.950813945486,2309.049832049893,2389.2574000741097,19.09901810440715,99.30658612862362,1,35.1714218952977,80.20756802421637,1,PPO,bursty,1,completed,3
76,2290.8847241935423,2432.4735953277086,2458.38714700782,141.5888711341663,167.5024228142779,2,35.913736626885196,25.913551680111482,4,PPO,bursty,1,completed,"4,7"
77,2293.648639714881,3056.065146240887,3208.4803724583608,762.4165065260058,914.8317327434797,3,10.893740590686175,152.41522621747367,5,PPO,bursty,1,completed,"1,2,5"
78,2298.5916992126763,2720.777803474762,2847.0819700590073,422.1861042620858,548.490270846331,2,59.74305501610346,126.30416658424524,5,PPO,bursty,1,completed,"0,6"
79,2300.15923196666,2632.919646329821,2723.228871957096,332.76041436316063,423.0696399904359,2,32.74804704142611,90.30922562727528,1,PPO,bursty,1,completed,"4,5"
80,2386.8986079464335,2389.2574000741097,2517.3658941491685,2.3587921276762245,130.46728620273507,1,29.343701814626442,128.10849407505893,4,PPO,bursty,1,completed,3
81,2410.18096239744,3219.05677074262,3325.9869165485966,808.8758083451798,915.8059541511566,4,27.787643576207287,106.93014580597671,2,PPO,bursty,1,completed,"0,4,6,7"
82,2444.599717185184,2458.38714700782,2632.919646329821,13.787429822636113,188.31992914463672,1,14.861436443064013,174.5324993220007,3,PPO,bursty,1,completed,4
83,2450.0481097607963,2452.0072360998515,2529.200955506115,1.959126339055274,79.1528457453187,1,54.649964356297446,77.19371940626344,4,PPO,bursty,1,completed,0
84,2502.6041155554044,2517.3658941491685,2694.08689344323,14.76177859376412,191.4827778878257,2,53.497037630959184,176.72099929406176,5,PPO,bursty,1,completed,"3,7"
85,2510.531271314586,2639.041964423183,2720.777803474762,128.51069310859702,210.24653216017623,2,34.721490689641584,81.7358390515791,1,PPO,bursty,1,completed,"0,6"
86,2521.0607311356107,2539.2517128311997,2575.3272791913096,18.190981695589016,54.26654805569888,2,22.012305085405767,36.07556636010982,4,PPO,bursty,1,completed,"0,5"
87,2552.5564309856927,2552.5564309856927,2633.9988979443024,0.0,81.44246695860966,1,43.81042844509947,81.44246695860957,3,PPO,bursty,1,completed,6
88,2565.8637583944806,3439.5815162945637,3507.5520030846137,873.7177579000831,941.6882446901332,4,30.735371240338296,67.97048679005009,5,PPO,bursty,1,completed,"0,4,6,7"
89,2570.4417274472544,2575.3272791913096,2639.041964423183,4.885551744055192,68.60023697592851,1,34.134628969836584,63.71468523187314,5,PPO,bursty,1,completed,0
90,2583.107107170957,2780.0324148119353,2953.9102945175227,196.9253076409782,370.80318734656566,3,61.04072419767735,173.87787970558753,2,PPO,bursty,1,completed,"1,2,5"
91,2591.571400955922,3497.3171536024597,3631.1362005974975,905.7457526465378,1039.5647996415755,4,23.61100669378677,133.81904699503758,4,PPO,bursty,1,completed,"1,2,3,5"
92,2604.4045941752656,2933.709161827863,3040.3869793803055,329.3045676525976,435.9823852050399,3,26.036742495180413,106.67781755244248,2,PPO,bursty,1,completed,"0,4,6"
93,2640.7217636215655,2723.228871957096,2899.0903806749343,82.50710833553057,258.3686170533688,1,27.657336307536863,175.8615087178381,3,PPO,bursty,1,completed,4
94,2741.248475416189,3293.3756619993646,3319.5422843167808,552.1271865831754,578.2938089005916,4,42.37159930116739,26.16662231741593,1,PPO,bursty,1,completed,"1,2,3,5"
95,2762.8268909077483,3040.3869793803055,3219.05677074262,277.56008847255725,456.22987983487155,3,19.759776280656574,178.66979136231436,1,PPO,bursty,1,completed,"0,4,6"
96,2779.5497916738213,2842.9586722641666,2870.8760778060414,63.408880590345234,91.32628613222005,2,56.610133355235135,27.917405541874647,4,PPO,bursty,1,completed,"3,7"
97,2782.246368717428,2847.0819700590073,2933.709161827863,64.83560134157915,151.4627931104351,2,32.63644284841632,86.6271917688559,4,PPO,bursty,1,completed,"0,6"
98,2793.5704103736,2953.9102945175227,3056.065146240887,160.33988414392252,262.49473586728664,3,25.26586122999251,102.15485172336395,4,PPO,bursty,1,completed,"1,2,5"
99,2813.9126637244362,2870.8760778060414,2976.2082658388017,56.96341408160515,162.29560211436547,2,29.91862795317488,105.33218803276036,2,PPO,bursty,1,completed,"3,7"
0,18.338535478014723,18.338535478014723,165.1307121267259,0.0,146.79217664871118,4,38.62007089009723,146.79217664871118,5,FCFS,bursty,2,completed,"0,1,2,3"
1,43.60595704914362,43.60595704914362,160.43142351730936,0.0,116.82546646816573,2,62.57098288983098,116.82546646816574,3,FCFS,bursty,2,completed,"4,5"
2,86.93290079234512,86.93290079234512,248.16372524717718,0.0,161.23082445483206,1,10.463310755158236,161.23082445483206,5,FCFS,bursty,2,completed,6
3,134.78194517314242,160.43142351730936,211.24661957795257,25.649478344166937,76.46467440481015,3,47.963785733692646,50.8151960606432,3,FCFS,bursty,2,completed,"4,5,7"
4,143.6253305252471,165.1307121267259,202.00758842539904,21.505381601478803,58.38225790015193,2,24.199563750827476,36.87687629867311,3,FCFS,bursty,2,completed,"0,1"
5,149.85700450371144,211.24661957795257,338.59130998368494,61.389615074241135,188.7343054799735,3,58.78304111241781,127.34469040573238,1,FCFS,bursty,2,completed,"1,4,5"
6,167.91593166776101,167.91593166776101,262.41102151124073,0.0,94.49508984347972,2,22.43784594351365,94.49508984347975,2,FCFS,bursty,2,completed,"2,3"
7,188.4577752743535,262.41102151124073,437.2565943374375,73.95324623688722,248.79881906308398,3,14.587033761194862,174.8455728261968,5,FCFS,bursty,2,completed,"2,3,6"
8,190.77546112391076,202.00758842539904,324.53268594570795,11.232127301488276,133.7572248217972,1,21.700965358787474,122.52509752030892,5,FCFS,bursty,2,completed,0
9,193.446504564847,338.59130998368494,372.49788600732546,145.14480541883793,179.05138144247846,3,47.0501072923127,33.90657602364055,2,FCFS,bursty,2,completed,"1,4,5"
10,194.55215353484544,372.49788600732546,492.73400375527467,177.94573247248002,298.1818502204292,3,40.95548500664525,120.23611774794924,3,FCFS,bursty,2,completed,"1,4,5"
11,201.52555213939976,427.4043151009295,486.0043486861177,225.87876296152976,284.47879654671794,2,57.91735688805634,58.60003358518816,4,FCFS,bursty,2,completed,"0,7"
12,205.65697457021426,677.2163494481928,788.2288530784517,471.5593748779785,582.5718785082374,4,29.873988483926645,111.01250363025889,1,FCFS,bursty,2,completed,"0,2,3,6"
13,212.73069288859105,212.73069288859105,350.8815009957317,0.0,138.15080810714065,1,47.78831279451943,138.15080810714068,5,FCFS,bursty,2,completed,7
14,212.91667423887978,437.2565943374375,498.77045442157794,224.3399200985577,285.8537801826982,2,22.993617114481033,61.51386008414047,5,FCFS,bursty,2,completed,"2,3"
15,213.30093177609817,486.0043486861177,610.1808903226728,272.70341691001954,396.8799585465746,3,24.54352041550505,124.17654163655506,3,FCFS,bursty,2,completed,"0,6,7"
16,279.06520992108454,324.53268594570795,427.4043151009295,45.46747602462341,148.33910517984498,1,16.596643582017364,102.87162915522157,5,FCFS,bursty,2,completed,0
17,333.85250656600755,788.2288530784517,954.4278676214944,454.3763465124442,620.5753610554868,4,35.6179493285434,166.19901454304278,4,FCFS,bursty,2,completed,"0,2,3,6"
18,361.89376671768684,361.89376671768684,399.776164816744,0.0,37.88239809905713,1,57.40190055419187,37.88239809905715,4,FCFS,bursty,2,completed,7
19,401.3970198169891,492.73400375527467,645.4251235096242,91.33698393828558,244.0281036926351,2,11.679436633802265,152.69111975434956,1,FCFS,bursty,2,completed,"1,4"
20,436.1464831367942,498.77045442157794,645.0510374410301,62.62397128478375,208.9045543042359,2,8.783497177592277,146.28058301945214,5,FCFS,bursty,2,completed,"2,3"
21,477.2235193200779,610.1808903226728,673.4425660441768,132.95737100259487,196.21904672409892,3,58.85846048558112,63.261675721504105,4,FCFS,bursty,2,completed,"0,6,7"
22,497.06256593489337,645.0510374410301,677.2163494481928,147.9884715061367,180.1537835132994,2,21.29568136227632,32.16531200716267,4,FCFS,bursty,2,completed,"2,3"
23,515.107305871277,515.107305871277,647.0424199764968,0.0,131.93511410521978,1,10.363926398571492,131.93511410521984,4,FCFS,bursty,2,completed,5
24,564.9084097206177,647.0424199764968,809.6877245959128,82.13401025587916,244.77931487529509,3,35.295710124736345,162.64530461941595,2,FCFS,bursty,2,completed,"1,4,5"
25,595.3391412461762,830.1813662859458,906.989277812385,234.8422250397697,311.65013656620886,4,34.22616538397606,76.80791152643913,2,FCFS,bursty,2,completed,"1,4,5,7"
26,663.7259761101167,906.989277812385,956.0501301342131,243.26330170226834,292.3241540240964,4,34.52448222718701,49.06085232182804,1,FCFS,bursty,2,completed,"1,4,5,7"
27,689.4634664600849,954.4278676214944,1019.7287880752307,264.96440116140957,330.2653216151458,4,42.43001193116114,65.30092045373628,4,FCFS,bursty,2,completed,"0,2,3,6"
28,702.780300494117,702.780300494117,830.1813662859458,0.0,127.40106579182884,1,27.335503290249626,127.4010657918289,5,FCFS,bursty,2,completed,7
29,740.6279224704325,956.0501301342131,977.9323383882627,215.42220766378057,237.30441591783017,4,22.852677849891826,21.882208254049633,4,FCFS,bursty,2,completed,"1,4,5,7"
30,866.3755683985953,977.9323383882627,1025.1688317351413,111.55676998966737,158.79326333654603,1,61.55932476113122,47.236493346878575,5,FCFS,bursty,2,completed,1
31,900.4046210833502,977.9323383882627,1093.5434692922213,77.52771730491247,193.13884820887108,2,32.2293754888303,115.61113090395865,1,FCFS,bursty,2,completed,"4,5"
32,921.1196410070022,1019.7287880752307,1197.7852424665857,98.60914706822848,276.6656014595835,4,61.95578257193267,178.05645439135515,5,FCFS,bursty,2,completed,"0,2,3,6"
33,991.8188059147775,1025.1688317351413,1114.9078947293383,33.35002582036384,123.0890888145608,2,41.537459300340196,89.73906299419704,2,FCFS,bursty,2,completed,"1,7"
34,1008.5555734410091,1093.5434692922213,1140.5400090931903,84.98789585121222,131.98443565218122,2,11.661132760136109,46.9965398009691,2,FCFS,bursty,2,completed,"4,5"
35,1012.4849879224829,1114.9078947293383,1159.0261333485312,102.4229068068554,146.54114542604827,2,12.929216906608776,44.118238619192844,2,FCFS,bursty,2,completed,"1,7"
36,1055.2344689221547,1159.0261333485312,1257.8607701271076,103.79166442637643,202.62630120495282,3,42.88275132676169,98.83463677857634,1,FCFS,bursty,2,completed,"1,5,7"
37,1064.2251504411186,1140.5400090931903,1228.451493518147,76.31485865207173,164.22634307702833,1,37.47552941324868,87.91148442495648,2,FCFS,bursty,2,completed,4
38,1073.52140140764,1197.7852424665857,1274.311979502359,124.26384105894567,200.79057809471897,4,60.22936430588568,76.52673703577328,4,FCFS,bursty,2,completed,"0,2,3,6"
39,1076.4118721402983,1257.8607701271076,1428.244673969665,181.44889798680924,351.83280182936664,4,20.25933733977765,170.38390384255746,4,FCFS,bursty,2,completed,"1,4,5,7"
40,1108.2380355050548,1274.311979502359,1335.4401492465222,166.07394399730424,227.20211374146743,3,16.889856505622177,61.12816974416327,4,FCFS,bursty,2,completed,"0,2,3"
41,1203.5013555270582,1335.4401492465222,1404.5279663134693,131.938793719464,201.02661078641108,4,18.031505930302608,69.0878170669472,1,FCFS,bursty,2,completed,"0,2,3,6"
42,1217.5942953218726,1404.5279663134693,1468.875161106909,186.93367099159673,251.28086578503644,3,33.59529289134286,64.3471947934397,5,FCFS,bursty,2,completed,"0,2,3"
43,1280.6113169441076,1428.244673969665,1565.633860557392,147.63335702555742,285.02254361328437,3,22.97430088549873,137.38918658772698,3,FCFS,bursty,2,completed,"1,4,5"
44,1292.9458233272426,1468.875161106909,1540.5945352131982,175.9293377796664,247.64871188595566,3,24.196799368247646,71.71937410628928,1,FCFS,bursty,2,completed,"0,2,3"
45,1347.84165207629,1540.5945352131982,1589.434113230592,192.75288313690817,241.59246115430187,2,49.336723869405745,48.83957801739378,1,FCFS,bursty,2,completed,"0,2"
46,1357.6827190500273,1565.633860557392,1706.5275625042539,207.95114150736458,348.8448434542265,3,11.1626874791502,140.89370194686197,2,FCFS,bursty,2,completed,"1,4,5"
47,1373.842123476651,1706.5275625042539,1761.285338855735,332.6854390276028,387.443215379084,3,44.73198999478968,54.75777635148109,2,FCFS,bursty,2,completed,"1,4,5"
48,1375.7977848367536,1540.5945352131982,1685.2447516607203,164.7967503764446,309.4469668239667,2,26.05541687654335,144.65021644752215,1,FCFS,bursty,2,completed,"3,6"
49,1377.2966720409513,1589.434113230592,1744.9446377972458,212.13744118964064,367.6479657562945,2,27.535026362105214,155.51052456665386,5,FCFS,bursty,2,completed,"0,2"
50,1377.403337728682,1404.5279663134693,1465.7155529264846,27.124628584787388,88.31221519780274,1,37.23841402011462,61.187586613015355,1,FCFS,bursty,2,completed,6
51,1381.040709877657,1685.2447516607203,1848.2154111486052,304.2040417830633,467.17470127094816,2,20.411942011151634,162.97065948788475,3,FCFS,bursty,2,completed,"3,6"
52,1382.0853501659171,1428.244673969665,1465.6991025969317,46.15932380374784,83.61375243101452,1,60.93634791400195,37.45442862726661,2,FCFS,bursty,2,completed,7
53,1389.3829930778472,1465.6991025969317,1599.2086694805025,76.31610951908442,209.8256764026553,1,32.83291625060625,133.5095668835709,3,FCFS,bursty,2,completed,7
54,1392.5895453729079,1465.7155529264846,1496.9874026125458,73.12600755357676,104.39785723963791,1,35.5797179620401,31.271849686061053,2,FCFS,bursty,2,completed,6
55,1393.040061559546,1791.422157819115,1828.367980524959,398.3820962595689,435.3279189654129,4,48.59912180046719,36.945822705843995,2,FCFS,bursty,2,completed,"0,2,4,5"
56,1579.058918589747,1744.9446377972458,1791.422157819115,165.88571920749882,212.363239229368,2,21.25670945582555,46.47752002186907,3,FCFS,bursty,2,completed,"0,2"
57,1662.8500133563396,1662.8500133563396,1792.715136482695,0.0,129.86512312635546,1,53.57649193350006,129.86512312635543,1,FCFS,bursty,2,completed,7
58,1684.0269165119328,1761.285338855735,1897.8385349327943,77.2584223438023,213.81161842086158,1,29.931892798114056,136.55319607705923,2,FCFS,bursty,2,completed,1
59,1710.3318065536096,1828.367980524959,1995.4741703220911,118.0361739713494,285.1423637684816,4,59.29685475892877,167.10618979713212,4,FCFS,bursty,2,completed,"0,2,4,5"
60,1794.083411075719,1897.8385349327943,2004.9853691624726,103.75512385707543,210.90195808675367,3,44.91157439027455,107.1468342296782,3,FCFS,bursty,2,completed,"1,3,6"
61,1825.8358471727745,1825.8358471727745,1961.2239854465004,0.0,135.38813827372587,1,33.396751790792464,135.38813827372593,2,FCFS,bursty,2,completed,7
62,1913.657899164673,1995.4741703220911,2093.4058979650313,81.81627115741821,179.74799880035835,4,43.41475652101006,97.9317276429403,3,FCFS,bursty,2,completed,"0,2,4,5"
63,1916.3799541259564,2004.9853691624726,2045.9109745573553,88.6054150365162,129.53102043139893,2,51.481841218797385,40.92560539488282,5,FCFS,bursty,2,completed,"1,3"
64,1966.072531503974,2004.9853691624726,2155.650679707834,38.912837658498574,189.5781482038601,2,59.38434427898257,150.66531054536145,5,FCFS,bursty,2,completed,"6,7"
65,2066.071634565973,2066.071634565973,2124.985933816539,0.0,58.91429925056582,1,28.602903794329194,58.914299250565705,2,FCFS,bursty,2,completed,1
66,2066.6960672491323,2093.4058979650313,2249.48272652582,26.70983071589899,182.78665927668771,4,34.43543535447846,156.07682856078856,1,FCFS,bursty,2,completed,"0,2,4,5"
67,2083.350674160133,2155.650679707834,2311.2011868171594,72.30000554770095,227.85051265702623,2,45.083138485659205,155.55050710932528,4,FCFS,bursty,2,completed,"6,7"
68,2083.880328596085,2083.880328596085,2232.385140886818,0.0,148.5048122907333,1,20.506671252584958,148.5048122907332,4,FCFS,bursty,2,completed,3
69,2106.196520532927,2249.48272652582,2321.7199314625736,143.28620599289297,215.52341092964662,4,57.84347033542127,72.23720493675356,2,FCFS,bursty,2,completed,"0,2,4,5"
70,2109.9408009282006,2124.985933816539,2162.209414155737,15.04513288833823,52.26861322753621,1,48.87429892325189,37.2234803391979,1,FCFS,bursty,2,completed,1
71,2117.0330945047526,2311.2011868171594,2456.0205786639694,194.16809231240677,338.9874841592168,2,31.067718861232457,144.8193918468099,5,FCFS,bursty,2,completed,"1,6"
72,2131.388217309868,2162.209414155737,2290.5124613136286,30.8211968458686,159.1242440037604,1,38.45491442043709,128.30304715789197,1,FCFS,bursty,2,completed,1
73,2134.0357680579173,2321.7199314625736,2364.6035499172176,187.68416340465637,230.56778185930034,3,42.07027799820403,42.88361845464394,1,FCFS,bursty,2,completed,"0,2,4"
74,2175.022783670141,2232.385140886818,2351.5188001498714,57.36235721667708,176.49601647973032,1,28.455971509548878,119.13365926305339,2,FCFS,bursty,2,completed,3
75,2183.5698607578815,2364.6035499172176,2509.6046037267847,181.03368915933606,326.0347429689032,3,18.35023679201372,145.0010538095671,1,FCFS,bursty,2,completed,"0,2,3"
76,2209.6807687125875,2321.7199314625736,2386.840413897053,112.03916274998619,177.15964518446572,2,33.4355174976475,65.12048243447948,4,FCFS,bursty,2,completed,"5,7"
77,2209.921324745178,2386.840413897053,2456.6835615919017,176.91908915187514,246.76223684672368,3,34.19928658597057,69.84314769484834,4,FCFS,bursty,2,completed,"4,5,7"
78,2241.004861004029,2456.6835615919017,2605.368818299273,215.67870058787275,364.36395729524384,4,19.303057806964368,148.68525670737117,5,FCFS,bursty,2,completed,"1,4,5,6"
79,2270.411930948575,2509.6046037267847,2638.7489959288337,239.19267277820973,368.3370649802587,3,44.17488704300699,129.1443922020491,4,FCFS,bursty,2,completed,"0,2,3"
80,2374.1353446886887,2605.368818299273,2772.6622346164063,231.23347361058404,398.52688992771755,4,57.33303732377337,167.29341631713334,4,FCFS,bursty,2,completed,"1,4,5,6"
81,2396.464726886782,2638.7489959288337,2802.1688492940175,242.28426904205162,405.70412240723545,4,17.177627468676167,163.41985336518374,2,FCFS,bursty,2,completed,"0,2,3,7"
82,2408.043047840968,2772.6622346164063,2921.5033531766408,364.61918677543827,513.4603053356727,4,20.430036523267646,148.84111856023458,2,FCFS,bursty,2,completed,"1,4,5,6"
83,2470.2957967346274,2802.1688492940175,2904.8457119439095,331.8730525593901,434.54991520928206,4,55.294539355135456,102.67686264989206,5,FCFS,bursty,2,completed,"0,2,3,7"
84,2470.9846661774823,2904.8457119439095,3042.6167331510687,433.8610457664272,571.6320669735865,3,63.358897003221166,137.77102120715932,2,FCFS,bursty,2,completed,"0,2,3"
85,2475.3400350275742,2475.3400350275742,2526.5707196522317,0.0,51.23068462465744,1,8.623211041340305,51.23068462465744,4,FCFS,bursty,2,completed,7
86,2477.448124679628,2526.5707196522317,2584.4052172365396,49.122594972603565,106.95709255691145,1,58.79426323578764,57.834497584307805,1,FCFS,bursty,2,completed,7
87,2668.4902164536234,2921.5033531766408,2973.999650181614,253.0131367230174,305.50943372799065,2,40.623792538373635,52.49629700497316,1,FCFS,bursty,2,completed,"1,4"
88,2671.973723602757,2904.8457119439095,3063.0711025049704,232.87198834115225,391.0973789022132,1,61.18833525847667,158.22539056106092,3,FCFS,bursty,2,completed,7
89,2674.7244456263443,3042.6167331510687,3126.5192035817977,367.89228752472445,451.7947579554534,4,59.305948067620534,83.90247043072902,2,FCFS,bursty,2,completed,"0,1,2,3"
90,2677.2562695354754,3092.87949293065,3272.8727867671373,415.6232233951746,595.6165172316619,4,26.198469867233555,179.99329383648714,3,FCFS,bursty,2,completed,"4,5,6,7"
91,2680.6898965212026,3126.5192035817977,3245.70256927667,445.82930706059506,565.0126727554675,3,49.28745576885905,119.18336569487239,2,FCFS,bursty,2,completed,"0,1,2"
92,2687.621043530337,3245.70256927667,3351.588778945162,558.0815257463332,663.9677354148253,4,13.824366938908742,105.88620966849209,4,FCFS,bursty,2,completed,"0,1,2,3"
93,2687.69952063778,2921.5033531766408,2972.990411323201,233.80383253886066,285.2908906854209,1,39.536032333945656,51.48705814656022,5,FCFS,bursty,2,completed,5
94,2691.1095036427723,3272.8727867671373,3412.171430984762,581.763283124365,721.0619273419898,3,26.47734051927282,139.29864421762468,1,FCFS,bursty,2,completed,"4,5,6"
95,2691.811542197862,3351.588778945162,3476.7100616169023,659.7772367473003,784.8985194190404,4,10.723739879104269,125.12128267173999,1,FCFS,bursty,2,completed,"0,1,2,3"
96,2739.667157109827,2972.990411323201,3092.87949293065,233.32325421337418,353.2123358208232,2,32.56990923084206,119.88908160744884,5,FCFS,bursty,2,completed,"5,6"
97,2748.0294355481224,3412.171430984762,3508.1678171063686,664.1419954366397,760.1383815582462,3,23.2635380059613,95.99638612160638,2,FCFS,bursty,2,completed,"4,5,6"
98,2757.524362357566,2973.999650181614,3017.7407395257987,216.47528782404788,260.2163771682326,2,33.41727758319259,43.741089344184516,2,FCFS,bursty,2,completed,"1,4"
99,2790.358680839186,3476.7100616169023,3511.780255115217,686.3513807777163,721.4215742760312,3,44.2852601151964,35.07019349831506,5,FCFS,bursty,2,completed,"0,1,2"
0,18.338535478014723,18.338535478014723,165.1307121267259,0.0,146.79217664871118,4,38.62007089009723,146.79217664871118,5,SJF,bursty,2,completed,"0,1,2,3"
1,43.60595704914362,43.60595704914362,160.43142351730936,0.0,116.82546646816573,2,62.57098288983098,116.82546646816574,3,SJF,bursty,2,completed,"4,5"
2,86.93290079234512,86.93290079234512,248.16372524717718,0.0,161.23082445483206,1,10.463310755158236,161.23082445483206,5,SJF,bursty,2,completed,6
3,134.78194517314242,165.1307121267259,215.94590818736913,30.348766953583493,81.16396301422671,3,47.963785733692646,50.8151960606432,3,SJF,bursty,2,completed,"0,1,2"
4,143.6253305252471,160.43142351730936,197.30829981598248,16.806092992062247,53.68296929073537,2,24.199563750827476,36.87687629867311,3,SJF,bursty,2,completed,"4,5"
5,149.85700450371144,428.68863554414713,556.0333259498796,278.8316310404357,406.1763214461681,3,58.78304111241781,127.34469040573238,1,SJF,bursty,2,completed,"0,1,7"
6,167.91593166776101,167.91593166776101,262.41102151124073,0.0,94.49508984347972,2,22.43784594351365,94.49508984347975,2,SJF,bursty,2,completed,"3,7"
7,188.4577752743535,781.9403062907996,956.7858791169964,593.4825310164462,768.3281038426429,3,14.587033761194862,174.8455728261968,5,SJF,bursty,2,completed,"0,1,7"
8,190.77546112391076,197.30829981598248,319.8333973362914,6.532838692071721,129.05793621238064,1,21.700965358787474,122.52509752030892,5,SJF,bursty,2,completed,4
9,193.446504564847,215.94590818736913,249.85248421100968,22.499403622522124,56.40597964616268,3,47.0501072923127,33.90657602364055,2,SJF,bursty,2,completed,"0,1,2"
10,194.55215353484544,308.45251779619787,428.68863554414713,113.90036426135242,234.1364820093017,3,40.95548500664525,120.23611774794924,3,SJF,bursty,2,completed,"0,1,7"
11,201.52555213939976,249.85248421100968,308.45251779619787,48.32693207160992,106.9269656567981,2,57.91735688805634,58.60003358518816,4,SJF,bursty,2,completed,"0,1"
12,205.65697457021426,590.2905219922986,701.3030256225575,384.63354742208435,495.6460510523432,4,29.873988483926645,111.01250363025889,1,SJF,bursty,2,completed,"2,3,4,5"
13,212.73069288859105,212.73069288859105,350.8815009957317,0.0,138.15080810714065,1,47.78831279451943,138.15080810714068,5,SJF,bursty,2,completed,5
14,212.91667423887978,249.85248421100968,311.36634429515016,36.9358099721299,98.44967005627038,2,22.993617114481033,61.51386008414047,5,SJF,bursty,2,completed,"2,6"
15,213.30093177609817,319.8333973362914,444.00993897284644,106.53246556019323,230.70900719674827,3,24.54352041550505,124.17654163655506,3,SJF,bursty,2,completed,"2,4,6"
16,279.06520992108454,279.06520992108454,381.9368390763061,0.0,102.87162915522157,1,16.596643582017364,102.87162915522157,5,SJF,bursty,2,completed,3
17,333.85250656600755,956.7858791169964,1122.9848936600392,622.9333725509889,789.1323870940316,4,35.6179493285434,166.19901454304278,4,SJF,bursty,2,completed,"0,1,4,5"
18,361.89376671768684,361.89376671768684,399.776164816744,0.0,37.88239809905713,1,57.40190055419187,37.88239809905715,4,SJF,bursty,2,completed,5
19,401.3970198169891,401.3970198169891,554.0881395713386,0.0,152.69111975434953,2,11.679436633802265,152.69111975434956,1,SJF,bursty,2,completed,"3,5"
20,436.1464831367942,444.00993897284644,590.2905219922986,7.863455836052253,154.14403885550445,2,8.783497177592277,146.28058301945214,5,SJF,bursty,2,completed,"2,4"
21,477.2235193200779,556.0333259498796,619.2950016713837,78.80980662980164,142.0714823513058,3,58.85846048558112,63.261675721504105,4,SJF,bursty,2,completed,"0,1,7"
22,497.06256593489337,554.0881395713386,586.2534515785013,57.025573636445245,89.19088564360794,2,21.29568136227632,32.16531200716267,4,SJF,bursty,2,completed,"3,5"
23,515.107305871277,515.107305871277,647.0424199764968,0.0,131.93511410521978,1,10.363926398571492,131.93511410521984,4,SJF,bursty,2,completed,6
24,564.9084097206177,619.2950016713837,781.9403062907996,54.38659195076605,217.03189657018197,3,35.295710124736345,162.64530461941595,2,SJF,bursty,2,completed,"0,1,7"
25,595.3391412461762,837.5470066521714,914.3549181786105,242.20786540599522,319.0157769324344,4,34.22616538397606,76.80791152643913,2,SJF,bursty,2,completed,"2,3,4,5"
26,663.7259761101167,701.3030256225575,750.3638779443855,37.577049512440794,86.63790183426886,4,34.52448222718701,49.06085232182804,1,SJF,bursty,2,completed,"2,3,4,5"
27,689.4634664600849,772.2460861984351,837.5470066521714,82.78261973835026,148.0835401920865,4,42.43001193116114,65.30092045373628,4,SJF,bursty,2,completed,"2,3,4,5"
28,702.780300494117,702.780300494117,830.1813662859458,0.0,127.40106579182884,1,27.335503290249626,127.4010657918289,5,SJF,bursty,2,completed,6
29,740.6279224704325,750.3638779443855,772.2460861984351,9.735955473953027,31.618163728002628,4,22.852677849891826,21.882208254049633,4,SJF,bursty,2,completed,"2,3,4,5"
30,866.3755683985953,866.3755683985953,913.6120617454739,0.0,47.23649334687855,1,61.55932476113122,47.236493346878575,5,SJF,bursty,2,completed,6
31,900.4046210833502,914.3549181786105,1029.9660490825693,13.95029709526034,129.56142799921906,2,32.2293754888303,115.61113090395865,1,SJF,bursty,2,completed,"2,3"
32,921.1196410070022,2059.1557130894407,2237.212167480796,1138.0360720824385,1316.0925264737937,4,61.95578257193267,178.05645439135515,5,SJF,bursty,2,completed,"2,3,4,5"
33,991.8188059147775,991.8188059147775,1081.5578689089746,0.0,89.73906299419707,2,41.537459300340196,89.73906299419704,2,SJF,bursty,2,completed,"6,7"
34,1008.5555734410091,1074.0842877017622,1121.0808275027312,65.52871426075308,112.52525406172208,2,11.661132760136109,46.9965398009691,2,SJF,bursty,2,completed,"2,3"
35,1012.4849879224829,1029.9660490825693,1074.0842877017622,17.48106116008637,61.59929977927925,2,12.929216906608776,44.118238619192844,2,SJF,bursty,2,completed,"2,3"
36,1055.2344689221547,1182.2089972468943,1281.0436340254707,126.9745283247396,225.809165103316,3,42.88275132676169,98.83463677857634,1,SJF,bursty,2,completed,"2,3,6"
37,1064.2251504411186,1081.5578689089746,1169.469353333931,17.33271846785601,105.24420289281238,1,37.47552941324868,87.91148442495648,2,SJF,bursty,2,completed,6
38,1073.52140140764,1122.9848936600392,1199.5116306958125,49.46349225239919,125.99022928817249,4,60.22936430588568,76.52673703577328,4,SJF,bursty,2,completed,"0,1,4,5"
39,1076.4118721402983,1199.5116306958125,1369.89553453837,123.0997585555142,293.4836623980716,4,20.25933733977765,170.38390384255746,4,SJF,bursty,2,completed,"0,1,4,5"
40,1108.2380355050548,1121.0808275027312,1182.2089972468943,12.842791997676386,73.97096174183957,3,16.889856505622177,61.12816974416327,4,SJF,bursty,2,completed,"2,3,7"
41,1203.5013555270582,1345.3908288189104,1414.4786458858575,141.88947329185225,210.97729035879934,4,18.031505930302608,69.0878170669472,1,SJF,bursty,2,completed,"2,3,6,7"
42,1217.5942953218726,1281.0436340254707,1345.3908288189104,63.44933870359819,127.7965334970379,3,33.59529289134286,64.3471947934397,5,SJF,bursty,2,completed,"2,3,6"
43,1280.6113169441076,1575.205777635757,1712.5949642234839,294.5944606916494,431.9836472793763,3,22.97430088549873,137.38918658772698,3,SJF,bursty,2,completed,"4,5,6"
44,1292.9458233272426,1574.2456371224175,1645.9650112287068,281.29981379517494,353.0191879014642,3,24.196799368247646,71.71937410628928,1,SJF,bursty,2,completed,"0,1,7"
45,1347.84165207629,1369.89553453837,1418.7351125557636,22.053882462079855,70.89346047947356,2,49.336723869405745,48.83957801739378,1,SJF,bursty,2,completed,"0,1"
46,1357.6827190500273,1645.9650112287068,1786.8587131755687,288.2822921786794,429.17599412554137,3,11.1626874791502,140.89370194686197,2,SJF,bursty,2,completed,"0,1,7"
47,1373.842123476651,1520.4480012842757,1575.205777635757,146.60587780762467,201.36365415910586,3,44.73198999478968,54.75777635148109,2,SJF,bursty,2,completed,"4,5,6"
48,1375.7977848367536,1375.7977848367536,1520.4480012842757,0.0,144.6502164475221,2,26.05541687654335,144.65021644752215,1,SJF,bursty,2,completed,"4,5"
49,1377.2966720409513,1418.7351125557636,1574.2456371224175,41.43844051481233,196.9489650814662,2,27.535026362105214,155.51052456665386,5,SJF,bursty,2,completed,"0,1"
50,1377.403337728682,1414.4786458858575,1475.666232498873,37.07530815717564,98.262894770191,1,37.23841402011462,61.187586613015355,1,SJF,bursty,2,completed,6
51,1381.040709877657,1451.9330745131242,1614.903734001009,70.89236463546717,233.86302412335203,2,20.411942011151634,162.97065948788475,3,SJF,bursty,2,completed,"2,3"
52,1382.0853501659171,1414.4786458858575,1451.9330745131242,32.3932957199404,69.84772434720708,1,60.93634791400195,37.45442862726661,2,SJF,bursty,2,completed,3
53,1389.3829930778472,1414.4786458858575,1547.9882127694284,25.0956528080103,158.60521969158117,1,32.83291625060625,133.5095668835709,3,SJF,bursty,2,completed,7
54,1392.5895453729079,1414.4786458858575,1445.7504955719187,21.889100512949653,53.16095019901081,1,35.5797179620401,31.271849686061053,2,SJF,bursty,2,completed,2
55,1393.040061559546,1786.8587131755687,1823.8045358814127,393.81865161602263,430.7644743218666,4,48.59912180046719,36.945822705843995,2,SJF,bursty,2,completed,"0,1,4,5"
56,1579.058918589747,1614.903734001009,1661.3812540228782,35.84481541126206,82.32233543313123,2,21.25670945582555,46.47752002186907,3,SJF,bursty,2,completed,"2,3"
57,1662.8500133563396,1662.8500133563396,1792.715136482695,0.0,129.86512312635546,1,53.57649193350006,129.86512312635543,1,SJF,bursty,2,completed,2
58,1684.0269165119328,1684.0269165119328,1820.580112588992,0.0,136.55319607705928,1,29.931892798114056,136.55319607705923,2,SJF,bursty,2,completed,3
59,1710.3318065536096,1823.8045358814127,1990.9107256785448,113.47272932780311,280.5789191249353,4,59.29685475892877,167.10618979713212,4,SJF,bursty,2,completed,"0,1,3,4"
60,1794.083411075719,1794.083411075719,1901.2302453053971,0.0,107.14683422967823,3,44.91157439027455,107.1468342296782,3,SJF,bursty,2,completed,"2,6,7"
61,1825.8358471727745,1825.8358471727745,1961.2239854465004,0.0,135.38813827372587,1,33.396751790792464,135.38813827372593,2,SJF,bursty,2,completed,5
62,1913.657899164673,1961.2239854465004,2059.1557130894407,47.56608628182744,145.4978139247678,4,43.41475652101006,97.9317276429403,3,SJF,bursty,2,completed,"2,5,6,7"
63,1916.3799541259564,1916.3799541259564,1957.305559520839,0.0,40.92560539488272,2,51.481841218797385,40.92560539488282,5,SJF,bursty,2,completed,"2,6"
64,1966.072531503974,1990.9107256785448,2141.576036223906,24.838194174570845,175.50350471993215,2,59.38434427898257,150.66531054536145,5,SJF,bursty,2,completed,"0,1"
65,2066.071634565973,2066.071634565973,2124.985933816539,0.0,58.91429925056582,1,28.602903794329194,58.914299250565705,2,SJF,bursty,2,completed,6
66,2066.6960672491323,3182.3537314202663,3338.430559981055,1115.657664171134,1271.7344927319227,4,34.43543535447846,156.07682856078856,1,SJF,bursty,2,completed,"0,1,2,4"
67,2083.350674160133,2307.028806002547,2462.579313111872,223.67813184241368,379.22863895173896,2,45.083138485659205,155.55050710932528,4,SJF,bursty,2,completed,"1,6"
68,2083.880328596085,2083.880328596085,2232.385140886818,0.0,148.5048122907333,1,20.506671252584958,148.5048122907332,4,SJF,bursty,2,completed,7
69,2106.196520532927,2349.9389336302884,2422.176138567042,243.74241309736135,315.979618034115,4,57.84347033542127,72.23720493675356,2,SJF,bursty,2,completed,"0,2,3,4"
70,2109.9408009282006,2124.985933816539,2162.209414155737,15.04513288833823,52.26861322753621,1,48.87429892325189,37.2234803391979,1,SJF,bursty,2,completed,6
71,2117.0330945047526,2162.209414155737,2307.028806002547,45.17631965098417,189.99571149779422,2,31.067718861232457,144.8193918468099,5,SJF,bursty,2,completed,"1,6"
72,2131.388217309868,2141.576036223906,2269.879083381798,10.187818914037962,138.49086607192976,1,38.45491442043709,128.30304715789197,1,SJF,bursty,2,completed,0
73,2134.0357680579173,2237.212167480796,2280.09578593544,103.1763994228786,146.06001787752257,3,42.07027799820403,42.88361845464394,1,SJF,bursty,2,completed,"2,3,4"
74,2175.022783670141,2232.385140886818,2351.5188001498714,57.36235721667708,176.49601647973032,1,28.455971509548878,119.13365926305339,2,SJF,bursty,2,completed,7
75,2183.5698607578815,2422.176138567042,2567.177192376609,238.60627780916047,383.6073316187276,3,18.35023679201372,145.0010538095671,1,SJF,bursty,2,completed,"4,5,7"
76,2209.6807687125875,2269.879083381798,2334.9995658162775,60.198314669210504,125.31879710369003,2,33.4355174976475,65.12048243447948,4,SJF,bursty,2,completed,"0,5"
77,2209.921324745178,2280.09578593544,2349.9389336302884,70.17446119026181,140.01760888511035,3,34.19928658597057,69.84314769484834,4,SJF,bursty,2,completed,"2,3,4"
78,2241.004861004029,2653.997393418983,2802.682650126354,412.992532414954,561.6777891223251,4,19.303057806964368,148.68525670737117,5,SJF,bursty,2,completed,"0,1,2,3"
79,2270.411930948575,2422.176138567042,2551.320530769091,151.76420761846703,280.908599820516,3,44.17488704300699,129.1443922020491,4,SJF,bursty,2,completed,"0,2,3"
80,2374.1353446886887,3338.430559981055,3505.7239762981885,964.2952152923663,1131.5886316094998,4,57.33303732377337,167.29341631713334,4,SJF,bursty,2,completed,"0,1,2,4"
81,2396.464726886782,3267.966175954354,3431.386029319538,871.5014490675721,1034.921302432756,4,17.177627468676167,163.41985336518374,2,SJF,bursty,2,completed,"3,5,6,7"
82,2408.043047840968,3119.1250573941197,3267.966175954354,711.0820095531517,859.9231281133862,4,20.430036523267646,148.84111856023458,2,SJF,bursty,2,completed,"3,5,6,7"
83,2470.2957967346274,2551.320530769091,2653.997393418983,81.02473403446356,183.70159668435554,4,55.294539355135456,102.67686264989206,5,SJF,bursty,2,completed,"0,1,2,3"
84,2470.9846661774823,2567.177192376609,2704.9482135837684,96.19252619912686,233.96354740628612,3,63.358897003221166,137.77102120715932,2,SJF,bursty,2,completed,"4,5,6"
85,2475.3400350275742,2475.3400350275742,2526.5707196522317,0.0,51.23068462465744,1,8.623211041340305,51.23068462465744,4,SJF,bursty,2,completed,1
86,2477.448124679628,2477.448124679628,2535.282622263936,0.0,57.83449758430788,1,58.79426323578764,57.834497584307805,1,SJF,bursty,2,completed,6
87,2668.4902164536234,2704.9482135837684,2757.4445105887417,36.45799713014503,88.95429413511829,2,40.623792538373635,52.49629700497316,1,SJF,bursty,2,completed,"5,6"
88,2671.973723602757,2671.973723602757,2830.199114163818,0.0,158.22539056106098,1,61.18833525847667,158.22539056106092,3,SJF,bursty,2,completed,7
89,2674.7244456263443,2973.329978317797,3057.232448748526,298.60553269145294,382.5080031221819,4,59.305948067620534,83.90247043072902,2,SJF,bursty,2,completed,"0,1,2,4"
90,2677.2562695354754,3431.386029319538,3611.3793231560253,754.1297597840626,934.1230536205499,4,26.198469867233555,179.99329383648714,3,SJF,bursty,2,completed,"3,5,6,7"
91,2680.6898965212026,2837.752843624669,2956.9362093195414,157.06294710346629,276.24631279833875,3,49.28745576885905,119.18336569487239,2,SJF,bursty,2,completed,"0,1,2"
92,2687.621043530337,3013.2388477256277,3119.1250573941197,325.6178041952908,431.5040138637828,4,13.824366938908742,105.88620966849209,4,SJF,bursty,2,completed,"3,5,6,7"
93,2687.69952063778,2704.9482135837684,2756.4352717303286,17.248692945988296,68.73575109254853,1,39.536032333945656,51.48705814656022,5,SJF,bursty,2,completed,4
94,2691.1095036427723,2873.940203508003,3013.2388477256277,182.8306998652306,322.12934408285537,3,26.47734051927282,139.29864421762468,1,SJF,bursty,2,completed,"3,6,7"
95,2691.811542197862,3057.232448748526,3182.3537314202663,365.4209065506643,490.54218922240443,4,10.723739879104269,125.12128267173999,1,SJF,bursty,2,completed,"0,1,2,4"
96,2739.667157109827,2853.440896710348,2973.329978317797,113.77373960052137,233.6628212079704,2,32.56990923084206,119.88908160744884,5,SJF,bursty,2,completed,"4,5"
97,2748.0294355481224,2757.4445105887417,2853.440896710348,9.415075040619286,105.4114611622258,3,23.2635380059613,95.99638612160638,2,SJF,bursty,2,completed,"4,5,6"
98,2757.524362357566,2830.199114163818,2873.940203508003,72.67475180625206,116.41584115043679,2,33.41727758319259,43.741089344184516,2,SJF,bursty,2,completed,"3,7"
99,2790.358680839186,2802.682650126354,2837.752843624669,12.323969287167984,47.39416278548288,3,44.2852601151964,35.07019349831506,5,SJF,bursty,2,completed,"0,1,2"
0,18.338535478014723,18.338535478014723,165.1307121267259,0.0,146.79217664871118,4,38.62007089009723,146.79217664871118,5,Priority,bursty,2,completed,"0,1,2,3"
1,43.60595704914362,43.60595704914362,160.43142351730936,0.0,116.82546646816573,2,62.57098288983098,116.82546646816574,3,Priority,bursty,2,completed,"4,5"
2,86.93290079234512,86.93290079234512,248.16372524717718,0.0,161.23082445483206,1,10.463310755158236,161.23082445483206,5,Priority,bursty,2,completed,6
3,134.78194517314242,160.43142351730936,211.24661957795257,25.649478344166937,76.46467440481015,3,47.963785733692646,50.8151960606432,3,Priority,bursty,2,completed,"4,5,7"
4,143.6253305252471,165.1307121267259,202.00758842539904,21.505381601478803,58.38225790015193,2,24.199563750827476,36.87687629867311,3,Priority,bursty,2,completed,"0,1"
5,149.85700450371144,868.3263525223467,995.6710429280791,718.4693480186353,845.8140384243677,3,58.78304111241781,127.34469040573238,1,Priority,bursty,2,completed,"0,1,4"
6,167.91593166776101,167.91593166776101,262.41102151124073,0.0,94.49508984347972,2,22.43784594351365,94.49508984347975,2,Priority,bursty,2,completed,"2,3"
7,188.4577752743535,211.24661957795257,386.0921924041494,22.788844303599063,197.63441712979588,3,14.587033761194862,174.8455728261968,5,Priority,bursty,2,completed,"1,4,5"
8,190.77546112391076,202.00758842539904,324.53268594570795,11.232127301488276,133.7572248217972,1,21.700965358787474,122.52509752030892,5,Priority,bursty,2,completed,0
9,193.446504564847,670.4287362644811,704.3353122881217,476.9822316996341,510.8888077232747,3,47.0501072923127,33.90657602364055,2,Priority,bursty,2,completed,"0,1,4"
10,194.55215353484544,386.0921924041494,506.32831015209865,191.54003886930394,311.7761566172532,3,40.95548500664525,120.23611774794924,3,Priority,bursty,2,completed,"1,4,5"
11,201.52555213939976,323.9248815953812,382.52491518056934,122.39932945598142,180.99936304116957,2,57.91735688805634,58.60003358518816,4,Priority,bursty,2,completed,"2,3"
12,205.65697457021426,898.8074517010873,1009.8199553313461,693.150477130873,804.1629807611318,4,29.873988483926645,111.01250363025889,1,Priority,bursty,2,completed,"2,3,5,7"
13,212.73069288859105,212.73069288859105,350.8815009957317,0.0,138.15080810714065,1,47.78831279451943,138.15080810714068,5,Priority,bursty,2,completed,7
14,212.91667423887978,262.41102151124073,323.9248815953812,49.494347272360955,111.0082073565014,2,22.993617114481033,61.51386008414047,5,Priority,bursty,2,completed,"2,3"
15,213.30093177609817,611.9856054451163,736.1621470816714,398.68467366901814,522.8612153055732,3,24.54352041550505,124.17654163655506,3,Priority,bursty,2,completed,"2,3,5"
16,279.06520992108454,279.06520992108454,381.9368390763061,0.0,102.87162915522157,1,16.596643582017364,102.87162915522157,5,Priority,bursty,2,completed,6
17,333.85250656600755,382.52491518056934,548.7239297236122,48.67240861456179,214.87142315760462,4,35.6179493285434,166.19901454304278,4,Priority,bursty,2,completed,"2,3,6,7"
18,361.89376671768684,361.89376671768684,399.776164816744,0.0,37.88239809905713,1,57.40190055419187,37.88239809905715,4,Priority,bursty,2,completed,0
19,401.3970198169891,548.7239297236122,701.4150494779617,147.3269099066231,300.0180296609726,2,11.679436633802265,152.69111975434956,1,Priority,bursty,2,completed,"6,7"
20,436.1464831367942,506.32831015209865,652.6088931715508,70.18182701530446,216.4624100347566,2,8.783497177592277,146.28058301945214,5,Priority,bursty,2,completed,"0,1"
21,477.2235193200779,548.7239297236122,611.9856054451163,71.50041040353426,134.76208612503842,3,58.85846048558112,63.261675721504105,4,Priority,bursty,2,completed,"2,3,5"
22,497.06256593489337,506.32831015209865,538.4936221592613,9.265744217205281,41.43105622436798,2,21.29568136227632,32.16531200716267,4,Priority,bursty,2,completed,"4,5"
23,515.107305871277,538.4936221592613,670.4287362644811,23.3863162879843,155.32143039320408,1,10.363926398571492,131.93511410521984,4,Priority,bursty,2,completed,4
24,564.9084097206177,736.1621470816714,898.8074517010873,171.2537373610537,333.89904198046963,3,35.295710124736345,162.64530461941595,2,Priority,bursty,2,completed,"2,3,5"
25,595.3391412461762,791.5184409959076,868.3263525223467,196.1792997497314,272.98721127617057,4,34.22616538397606,76.80791152643913,2,Priority,bursty,2,completed,"0,1,4,7"
26,663.7259761101167,3227.616657638425,3276.677509960253,2563.890681528308,2612.951533850136,4,34.52448222718701,49.06085232182804,1,Priority,bursty,2,completed,"0,1,4,6"
27,689.4634664600849,704.3353122881217,769.636232741858,14.87184582803684,80.17276628177308,4,42.43001193116114,65.30092045373628,4,Priority,bursty,2,completed,"0,1,4,7"
28,702.780300494117,702.780300494117,830.1813662859458,0.0,127.40106579182884,1,27.335503290249626,127.4010657918289,5,Priority,bursty,2,completed,6
29,740.6279224704325,769.636232741858,791.5184409959076,29.008310271425444,50.890518525475045,4,22.852677849891826,21.882208254049633,4,Priority,bursty,2,completed,"0,1,4,7"
30,866.3755683985953,866.3755683985953,913.6120617454739,0.0,47.23649334687855,1,61.55932476113122,47.236493346878575,5,Priority,bursty,2,completed,6
31,900.4046210833502,1100.934733751508,1216.5458646554666,200.5301126681578,316.1412435721164,2,32.2293754888303,115.61113090395865,1,Priority,bursty,2,completed,"3,5"
32,921.1196410070022,995.6710429280791,1173.7274973194344,74.55140192107694,252.6078563124322,4,61.95578257193267,178.05645439135515,5,Priority,bursty,2,completed,"0,1,4,6"
33,991.8188059147775,1009.8199553313461,1099.559018325543,18.001149416568637,107.7402124107656,2,41.537459300340196,89.73906299419704,2,Priority,bursty,2,completed,"2,3"
34,1008.5555734410091,1009.8199553313461,1056.8164951323151,1.264381890337063,48.260921691306066,2,11.661132760136109,46.9965398009691,2,Priority,bursty,2,completed,"5,7"
35,1012.4849879224829,1056.8164951323151,1100.934733751508,44.33150720983224,88.44974582902512,2,12.929216906608776,44.118238619192844,2,Priority,bursty,2,completed,"5,7"
36,1055.2344689221547,1654.0124874273995,1752.847124205976,598.7780185052447,697.6126552838211,3,42.88275132676169,98.83463677857634,1,Priority,bursty,2,completed,"0,1,4"
37,1064.2251504411186,1099.559018325543,1187.4705027504997,35.333867884424535,123.24535230938113,1,37.47552941324868,87.91148442495648,2,Priority,bursty,2,completed,2
38,1073.52140140764,1173.7274973194344,1250.2542343552077,100.20609591179436,176.73283294756766,4,60.22936430588568,76.52673703577328,4,Priority,bursty,2,completed,"0,1,4,6"
39,1076.4118721402983,1216.5458646554666,1386.929768498024,140.1339925151683,310.5178963577257,4,20.25933733977765,170.38390384255746,4,Priority,bursty,2,completed,"2,3,5,7"
40,1108.2380355050548,1314.6014291486474,1375.7295988928106,206.36339364359264,267.49156338775583,3,16.889856505622177,61.12816974416327,4,Priority,bursty,2,completed,"0,1,4"
41,1203.5013555270582,3244.400633214718,3313.488450281665,2040.8992776876596,2109.987094754607,4,18.031505930302608,69.0878170669472,1,Priority,bursty,2,completed,"2,3,5,7"
42,1217.5942953218726,1250.2542343552077,1314.6014291486474,32.65993903333515,97.00713382677486,3,33.59529289134286,64.3471947934397,5,Priority,bursty,2,completed,"0,1,4"
43,1280.6113169441076,1375.7295988928106,1513.1187854805376,95.11828194870304,232.50746853643,3,22.97430088549873,137.38918658772698,3,Priority,bursty,2,completed,"0,1,4"
44,1292.9458233272426,1718.3623591982612,1790.0817333045504,425.4165358710186,497.13590997730785,3,24.196799368247646,71.71937410628928,1,Priority,bursty,2,completed,"3,6,7"
45,1347.84165207629,1549.9004279859087,1598.7400060033024,202.0587759096186,250.8983539270123,2,49.336723869405745,48.83957801739378,1,Priority,bursty,2,completed,"5,7"
46,1357.6827190500273,1513.1187854805376,1654.0124874273995,155.4360664305102,296.32976837737215,3,11.1626874791502,140.89370194686197,2,Priority,bursty,2,completed,"0,1,4"
47,1373.842123476651,1645.2175260251715,1699.9753023766527,271.37540254852047,326.13317890000167,3,44.73198999478968,54.75777635148109,2,Priority,bursty,2,completed,"2,5,7"
48,1375.7977848367536,1573.712142750739,1718.3623591982612,197.91435791398544,342.56457436150754,2,26.05541687654335,144.65021644752215,1,Priority,bursty,2,completed,"3,6"
49,1377.2966720409513,1386.929768498024,1542.440293064678,9.633096457072725,165.1436210237266,2,27.535026362105214,155.51052456665386,5,Priority,bursty,2,completed,"2,3"
50,1377.403337728682,1377.403337728682,1438.5909243416972,0.0,61.187586613015355,1,37.23841402011462,61.187586613015355,1,Priority,bursty,2,completed,6
51,1381.040709877657,1386.929768498024,1549.9004279859087,5.8890586203669955,168.85971810825163,2,20.411942011151634,162.97065948788475,3,Priority,bursty,2,completed,"5,7"
52,1382.0853501659171,1542.440293064678,1579.8947216919446,160.35494289876078,197.80937152602746,1,60.93634791400195,37.45442862726661,2,Priority,bursty,2,completed,2
53,1389.3829930778472,1438.5909243416972,1572.1004912252681,49.207931263850014,182.71749814742088,1,32.83291625060625,133.5095668835709,3,Priority,bursty,2,completed,6
54,1392.5895453729079,1542.440293064678,1573.712142750739,149.85074769177004,181.1225973778312,1,35.5797179620401,31.271849686061053,2,Priority,bursty,2,completed,3
55,1393.040061559546,2055.119650744623,2092.065473450467,662.0795891850769,699.0254118909209,4,48.59912180046719,36.945822705843995,2,Priority,bursty,2,completed,"0,1,2,3"
56,1579.058918589747,1598.7400060033024,1645.2175260251715,19.68108741355536,66.15860743542453,2,21.25670945582555,46.47752002186907,3,Priority,bursty,2,completed,"2,5"
57,1662.8500133563396,1699.9753023766527,1829.8404255030082,37.125289020313176,166.99041214666863,1,53.57649193350006,129.86512312635543,1,Priority,bursty,2,completed,5
58,1684.0269165119328,1699.9753023766527,1836.528498453712,15.948385864719967,152.50158194177925,1,29.931892798114056,136.55319607705923,2,Priority,bursty,2,completed,2
59,1710.3318065536096,1790.0817333045504,1957.1879231016826,79.74992675094086,246.85611654807303,4,59.29685475892877,167.10618979713212,4,Priority,bursty,2,completed,"0,1,3,4"
60,1794.083411075719,1836.528498453712,1943.6753326833903,42.445087377993104,149.59192160767134,3,44.91157439027455,107.1468342296782,3,Priority,bursty,2,completed,"2,5,7"
61,1825.8358471727745,1825.8358471727745,1961.2239854465004,0.0,135.38813827372587,1,33.396751790792464,135.38813827372593,2,Priority,bursty,2,completed,6
62,1913.657899164673,1957.1879231016826,2055.119650744623,43.53002393700967,141.46175157995003,4,43.41475652101006,97.9317276429403,3,Priority,bursty,2,completed,"0,1,3,4"
63,1916.3799541259564,1943.6753326833903,1984.600938078273,27.295378557433878,68.2209839523166,2,51.481841218797385,40.92560539488282,5,Priority,bursty,2,completed,"2,5"
64,1966.072531503974,1966.072531503974,2116.7378420493355,0.0,150.66531054536154,2,59.38434427898257,150.66531054536145,5,Priority,bursty,2,completed,"6,7"
65,2066.071634565973,2066.071634565973,2124.985933816539,0.0,58.91429925056582,1,28.602903794329194,58.914299250565705,2,Priority,bursty,2,completed,4
66,2066.6960672491323,3276.677509960253,3432.7543385210415,1209.9814427111205,1366.0582712719092,4,34.43543535447846,156.07682856078856,1,Priority,bursty,2,completed,"0,1,4,6"
67,2083.350674160133,2092.065473450467,2247.615980559792,8.714799290333758,164.26530639965904,2,45.083138485659205,155.55050710932528,4,Priority,bursty,2,completed,"0,1"
68,2083.880328596085,2083.880328596085,2232.385140886818,0.0,148.5048122907333,1,20.506671252584958,148.5048122907332,4,Priority,bursty,2,completed,5
69,2106.196520532927,2590.5942514523767,2662.8314563891304,484.3977309194497,556.6349358562034,4,57.84347033542127,72.23720493675356,2,Priority,bursty,2,completed,"2,3,6,7"
70,2109.9408009282006,2109.9408009282006,2147.1642812673986,0.0,37.22348033919798,1,48.87429892325189,37.2234803391979,1,Priority,bursty,2,completed,2
71,2117.0330945047526,2117.0330945047526,2261.8524863515627,0.0,144.81939184681005,2,31.067718861232457,144.8193918468099,5,Priority,bursty,2,completed,"3,6"
72,2131.388217309868,2131.388217309868,2259.69126446776,0.0,128.3030471578918,1,38.45491442043709,128.30304715789197,1,Priority,bursty,2,completed,4
73,2134.0357680579173,3313.488450281665,3356.372068736309,1179.4526822237476,1222.3363006783916,3,42.07027799820403,42.88361845464394,1,Priority,bursty,2,completed,"2,3,5"
74,2175.022783670141,2175.022783670141,2294.1564429331943,0.0,119.13365926305323,1,28.455971509548878,119.13365926305339,2,Priority,bursty,2,completed,2
75,2183.5698607578815,3356.372068736309,3501.373122545876,1172.8022079784273,1317.8032617879944,3,18.35023679201372,145.0010538095671,1,Priority,bursty,2,completed,"2,3,5"
76,2209.6807687125875,2232.385140886818,2297.5056233212977,22.704372174230684,87.82485460871021,2,33.4355174976475,65.12048243447948,4,Priority,bursty,2,completed,"5,7"
77,2209.921324745178,2259.69126446776,2329.5344121626085,49.76993972258197,119.6130874174305,3,34.19928658597057,69.84314769484834,4,Priority,bursty,2,completed,"0,1,4"
78,2241.004861004029,2329.5344121626085,2478.2196688699796,88.52955115857958,237.21480786595066,4,19.303057806964368,148.68525670737117,5,Priority,bursty,2,completed,"0,1,4,5"
79,2270.411930948575,2294.1564429331943,2423.3008351352432,23.744511984619294,152.88890418666824,3,44.17488704300699,129.1443922020491,4,Priority,bursty,2,completed,"2,3,6"
80,2374.1353446886887,2423.3008351352432,2590.5942514523767,49.165490446554486,216.458906763688,4,57.33303732377337,167.29341631713334,4,Priority,bursty,2,completed,"2,3,6,7"
81,2396.464726886782,2662.8314563891304,2826.251309754314,266.36672950234833,429.78658286753216,4,17.177627468676167,163.41985336518374,2,Priority,bursty,2,completed,"2,3,6,7"
82,2408.043047840968,3078.7755390781904,3227.616657638425,670.7324912372223,819.5736097974568,4,20.430036523267646,148.84111856023458,2,Priority,bursty,2,completed,"0,1,4,6"
83,2470.2957967346274,2478.2196688699796,2580.8965315198716,7.923872135352212,110.60073478524419,4,55.294539355135456,102.67686264989206,5,Priority,bursty,2,completed,"0,1,4,5"
84,2470.9846661774823,2580.8965315198716,2718.667552727031,109.91186534238932,247.68288654954858,3,63.358897003221166,137.77102120715932,2,Priority,bursty,2,completed,"1,4,5"
85,2475.3400350275742,2580.8965315198716,2632.127216144529,105.55649649229736,156.7871811169548,1,8.623211041340305,51.23068462465744,4,Priority,bursty,2,completed,0
86,2477.448124679628,2632.127216144529,2689.961713728837,154.67909146490092,212.5135890492088,1,58.79426323578764,57.834497584307805,1,Priority,bursty,2,completed,0
87,2668.4902164536234,2718.667552727031,2771.163849732004,50.17733627340749,102.67363327838075,2,40.623792538373635,52.49629700497316,1,Priority,bursty,2,completed,"4,5"
88,2671.973723602757,2718.667552727031,2876.892943288092,46.693829124273634,204.9192196853346,1,61.18833525847667,158.22539056106092,3,Priority,bursty,2,completed,1
89,2674.7244456263443,3160.498162783989,3244.400633214718,485.77371715764457,569.6761875883735,4,59.305948067620534,83.90247043072902,2,Priority,bursty,2,completed,"2,3,5,7"
90,2677.2562695354754,2980.5048689475016,3160.498162783989,303.2485994120261,483.2418932485134,4,26.198469867233555,179.99329383648714,3,Priority,bursty,2,completed,"2,3,5,7"
91,2680.6898965212026,2861.321503252629,2980.5048689475016,180.63160673142647,299.81497242629894,3,49.28745576885905,119.18336569487239,2,Priority,bursty,2,completed,"2,3,5"
92,2687.621043530337,2972.8893294096983,3078.7755390781904,285.26828587936143,391.15449554785346,4,13.824366938908742,105.88620966849209,4,Priority,bursty,2,completed,"0,1,4,6"
93,2687.69952063778,2689.961713728837,2741.448771875397,2.2621930910568153,53.749251237617045,1,39.536032333945656,51.48705814656022,5,Priority,bursty,2,completed,0
94,2691.1095036427723,3432.7543385210415,3572.0529827386663,741.6448348782692,880.943479095894,3,26.47734051927282,139.29864421762468,1,Priority,bursty,2,completed,"0,1,4"
95,2691.811542197862,3501.373122545876,3626.494405217616,809.5615803480141,934.6828630197542,4,10.723739879104269,125.12128267173999,1,Priority,bursty,2,completed,"2,3,5,6"
96,2739.667157109827,2771.163849732004,2891.052931339453,31.496692622177306,151.38577422962635,2,32.56990923084206,119.88908160744884,5,Priority,bursty,2,completed,"0,4"
97,2748.0294355481224,2876.892943288092,2972.8893294096983,128.86350773996946,224.85989386157598,3,23.2635380059613,95.99638612160638,2,Priority,bursty,2,completed,"1,6,7"
98,2757.524362357566,2826.251309754314,2869.992399098499,68.72694739674807,112.4680367409328,2,33.41727758319259,43.741089344184516,2,Priority,bursty,2,completed,"6,7"
99,2790.358680839186,2826.251309754314,2861.321503252629,35.89262891512817,70.96282241344306,3,44.2852601151964,35.07019349831506,5,Priority,bursty,2,completed,"2,3,5"
0,18.338535478014723,18.338535478014723,165.1307121267259,0.0,146.79217664871118,4,38.62007089009723,146.79217664871118,5,BestFit,bursty,2,completed,"0,1,2,3"
1,43.60595704914362,43.60595704914362,160.43142351730936,0.0,116.82546646816573,2,62.57098288983098,116.82546646816574,3,BestFit,bursty,2,completed,"4,5"
2,86.93290079234512,86.93290079234512,248.16372524717718,0.0,161.23082445483206,1,10.463310755158236,161.23082445483206,5,BestFit,bursty,2,completed,6
3,134.78194517314242,165.1307121267259,215.94590818736913,30.348766953583493,81.16396301422671,3,47.963785733692646,50.8151960606432,3,BestFit,bursty,2,completed,"0,1,2"
4,143.6253305252471,160.43142351730936,197.30829981598248,16.806092992062247,53.68296929073537,2,24.199563750827476,36.87687629867311,3,BestFit,bursty,2,completed,"4,5"
5,149.85700450371144,428.688635544147,556.0333259498794,278.8316310404356,406.176321446168,3,58.78304111241781,127.34469040573238,1,BestFit,bursty,2,completed,"0,1,3"
6,167.91593166776101,167.91593166776101,262.41102151124073,0.0,94.49508984347972,2,22.43784594351365,94.49508984347975,2,BestFit,bursty,2,completed,"3,7"
7,188.4577752743535,619.2950016713835,794.1405744975802,430.83722639703,605.6827992232268,3,14.587033761194862,174.8455728261968,5,BestFit,bursty,2,completed,"0,1,3"
8,190.77546112391076,197.30829981598248,319.8333973362914,6.532838692071721,129.05793621238064,1,21.700965358787474,122.52509752030892,5,BestFit,bursty,2,completed,4
9,193.446504564847,274.5459417725573,308.4525177961978,81.09943720771028,115.0060132313508,3,47.0501072923127,33.90657602364055,2,BestFit,bursty,2,completed,"0,1,3"
10,194.55215353484544,308.4525177961978,428.688635544147,113.90036426135237,234.13648200930157,3,40.95548500664525,120.23611774794924,3,BestFit,bursty,2,completed,"0,1,3"
11,201.52555213939976,215.94590818736913,274.5459417725573,14.420356047969364,73.02038963315752,2,57.91735688805634,58.60003358518816,4,BestFit,bursty,2,completed,"0,1"
12,205.65697457021426,906.989277812385,1018.001781442644,701.3323032421707,812.3448068724297,4,29.873988483926645,111.01250363025889,1,BestFit,bursty,2,completed,"3,4,5,6"
13,212.73069288859105,212.73069288859105,350.8815009957317,0.0,138.15080810714065,1,47.78831279451943,138.15080810714068,5,BestFit,bursty,2,completed,5
14,212.91667423887978,248.16372524717718,309.67758533131763,35.247051008297404,96.76091109243785,2,22.993617114481033,61.51386008414047,5,BestFit,bursty,2,completed,"2,6"
15,213.30093177609817,319.8333973362914,444.00993897284644,106.53246556019323,230.70900719674827,3,24.54352041550505,124.17654163655506,3,BestFit,bursty,2,completed,"2,4,6"
16,279.06520992108454,279.06520992108454,381.9368390763061,0.0,102.87162915522157,1,16.596643582017364,102.87162915522157,5,BestFit,bursty,2,completed,7
17,333.85250656600755,1158.968627385078,1325.1676419281207,825.1161208190704,991.3151353621131,4,35.6179493285434,166.19901454304278,4,BestFit,bursty,2,completed,"1,2,5,6"
18,361.89376671768684,361.89376671768684,399.776164816744,0.0,37.88239809905713,1,57.40190055419187,37.88239809905715,4,BestFit,bursty,2,completed,5
19,401.3970198169891,401.3970198169891,554.0881395713386,0.0,152.69111975434953,2,11.679436633802265,152.69111975434956,1,BestFit,bursty,2,completed,"5,7"
20,436.1464831367942,444.00993897284644,590.2905219922986,7.863455836052253,154.14403885550445,2,8.783497177592277,146.28058301945214,5,BestFit,bursty,2,completed,"2,4"
21,477.2235193200779,556.0333259498794,619.2950016713835,78.80980662980153,142.07148235130558,3,58.85846048558112,63.261675721504105,4,BestFit,bursty,2,completed,"0,1,3"
22,497.06256593489337,554.0881395713386,586.2534515785013,57.025573636445245,89.19088564360794,2,21.29568136227632,32.16531200716267,4,BestFit,bursty,2,completed,"5,7"
23,515.107305871277,515.107305871277,647.0424199764968,0.0,131.93511410521978,1,10.363926398571492,131.93511410521984,4,BestFit,bursty,2,completed,6
24,564.9084097206177,590.2905219922986,752.9358266117146,25.382112271680967,188.0274168910969,3,35.295710124736345,162.64530461941595,2,BestFit,bursty,2,completed,"2,4,5"
25,595.3391412461762,830.1813662859458,906.989277812385,234.8422250397697,311.65013656620886,4,34.22616538397606,76.80791152643913,2,BestFit,bursty,2,completed,"4,5,6,7"
26,663.7259761101167,774.8180348657642,823.8788871875922,111.09205875564749,160.15291107747555,4,34.52448222718701,49.06085232182804,1,BestFit,bursty,2,completed,"2,4,5,7"
27,689.4634664600849,823.8788871875922,889.1798076413285,134.41542072750735,199.7163411812436,4,42.43001193116114,65.30092045373628,4,BestFit,bursty,2,completed,"0,1,2,3"
28,702.780300494117,702.780300494117,830.1813662859458,0.0,127.40106579182884,1,27.335503290249626,127.4010657918289,5,BestFit,bursty,2,completed,6
29,740.6279224704325,752.9358266117146,774.8180348657642,12.307904141282052,34.19011239533165,4,22.852677849891826,21.882208254049633,4,BestFit,bursty,2,completed,"2,4,5,7"
30,866.3755683985953,889.1798076413285,936.416300988207,22.80423924273316,70.04073258961171,1,61.55932476113122,47.236493346878575,5,BestFit,bursty,2,completed,0
31,900.4046210833502,900.4046210833502,1016.0157519873088,0.0,115.61113090395861,2,32.2293754888303,115.61113090395865,1,BestFit,bursty,2,completed,"1,2"
32,921.1196410070022,3424.65777867724,3602.714233068595,2503.538137670238,2681.594592061593,4,61.95578257193267,178.05645439135515,5,BestFit,bursty,2,completed,"1,2,3,6"
33,991.8188059147775,991.8188059147775,1081.5578689089746,0.0,89.73906299419707,2,41.537459300340196,89.73906299419704,2,BestFit,bursty,2,completed,"0,7"
34,1008.5555734410091,1018.001781442644,1064.998321243613,9.446208001634886,56.44274780260389,2,11.661132760136109,46.9965398009691,2,BestFit,bursty,2,completed,"3,4"
35,1012.4849879224829,1016.0157519873088,1060.1339906065016,3.5307640648259166,47.64900268401868,2,12.929216906608776,44.118238619192844,2,BestFit,bursty,2,completed,"1,2"
36,1055.2344689221547,1060.1339906065016,1158.968627385078,4.899521684346837,103.73415846292323,3,42.88275132676169,98.83463677857634,1,BestFit,bursty,2,completed,"1,2,5"
37,1064.2251504411186,1064.2251504411186,1152.136634866075,0.0,87.91148442495637,1,37.47552941324868,87.91148442495648,2,BestFit,bursty,2,completed,6
38,1073.52140140764,1081.5578689089746,1158.0846059447479,8.036467501334528,84.56320453710782,4,60.22936430588568,76.52673703577328,4,BestFit,bursty,2,completed,"0,3,4,7"
39,1076.4118721402983,2014.6553954435678,2185.0392992861252,938.2435233032695,1108.627427145827,4,20.25933733977765,170.38390384255746,4,BestFit,bursty,2,completed,"0,1,2,3"
40,1108.2380355050548,1158.0846059447479,1219.212775688911,49.846570439693096,110.97474018385628,3,16.889856505622177,61.12816974416327,4,BestFit,bursty,2,completed,"0,3,4"
41,1203.5013555270582,1680.5296609365482,1749.6174780034953,477.02830540949003,546.1161224764371,4,18.031505930302608,69.0878170669472,1,BestFit,bursty,2,completed,"0,1,2,6"
42,1217.5942953218726,1219.212775688911,1283.5599704823508,1.6184803670385008,65.96567516047821,3,33.59529289134286,64.3471947934397,5,BestFit,bursty,2,completed,"0,3,4"
43,1280.6113169441076,1283.5599704823508,1420.9491570700777,2.9486535382432066,140.33784012597016,3,22.97430088549873,137.38918658772698,3,BestFit,bursty,2,completed,"0,3,4"
44,1292.9458233272426,1325.1676419281207,1396.88701603441,32.22181860087812,103.94119270716737,3,24.196799368247646,71.71937410628928,1,BestFit,bursty,2,completed,"1,2,5"
45,1347.84165207629,1347.84165207629,1396.6812300936838,0.0,48.839578017393706,2,49.336723869405745,48.83957801739378,1,BestFit,bursty,2,completed,"6,7"
46,1357.6827190500273,1576.4596816367316,1717.3533835835935,218.77696258670426,359.6706645335662,3,11.1626874791502,140.89370194686197,2,BestFit,bursty,2,completed,"3,4,5"
47,1373.842123476651,1565.5993735175998,1620.357149869081,191.75725004094875,246.51502639242995,3,44.73198999478968,54.75777635148109,2,BestFit,bursty,2,completed,"0,1,2"
48,1375.7977848367536,1420.9491570700777,1565.5993735175998,45.15137223332408,189.80158868084618,2,26.05541687654335,144.65021644752215,1,BestFit,bursty,2,completed,"0,3"
49,1377.2966720409513,1420.9491570700777,1576.4596816367316,43.65248502912641,199.1630095957803,2,27.535026362105214,155.51052456665386,5,BestFit,bursty,2,completed,"4,5"
50,1377.403337728682,1396.88701603441,1458.0746026474253,19.483678305728063,80.67126491874342,1,37.23841402011462,61.187586613015355,1,BestFit,bursty,2,completed,1
51,1381.040709877657,1434.1356587209505,1597.106318208835,53.09494884329342,216.06560833117805,2,20.411942011151634,162.97065948788475,3,BestFit,bursty,2,completed,"6,7"
52,1382.0853501659171,1396.6812300936838,1434.1356587209505,14.595879927766646,52.050308555033325,1,60.93634791400195,37.45442862726661,2,BestFit,bursty,2,completed,7
53,1389.3829930778472,1396.88701603441,1530.3965829179808,7.5040229565627214,141.0135898401336,1,32.83291625060625,133.5095668835709,3,BestFit,bursty,2,completed,2
54,1392.5895453729079,1396.6812300936838,1427.953079779745,4.091684720775902,35.36353440683706,1,35.5797179620401,31.271849686061053,2,BestFit,bursty,2,completed,6
55,1393.040061559546,1643.5838382307043,1680.5296609365482,250.54377667115818,287.48959937700215,4,48.59912180046719,36.945822705843995,2,BestFit,bursty,2,completed,"0,1,2,6"
56,1579.058918589747,1597.106318208835,1643.5838382307043,18.047399619088083,64.52491964095725,2,21.25670945582555,46.47752002186907,3,BestFit,bursty,2,completed,"6,7"
57,1662.8500133563396,1662.8500133563396,1792.715136482695,0.0,129.86512312635546,1,53.57649193350006,129.86512312635543,1,BestFit,bursty,2,completed,7
58,1684.0269165119328,1717.3533835835935,1853.9065796606528,33.32646707166077,169.87966314872006,1,29.931892798114056,136.55319607705923,2,BestFit,bursty,2,completed,3
59,1710.3318065536096,1749.6174780034953,1916.7236678006275,39.28567144988574,206.3918612470179,4,59.29685475892877,167.10618979713212,4,BestFit,bursty,2,completed,"0,1,2,4"
60,1794.083411075719,1794.083411075719,1901.2302453053971,0.0,107.14683422967823,3,44.91157439027455,107.1468342296782,3,BestFit,bursty,2,completed,"5,6,7"
61,1825.8358471727745,1853.9065796606528,1989.2947179343787,28.07073248787833,163.4588707616042,1,33.396751790792464,135.38813827372593,2,BestFit,bursty,2,completed,3
62,1913.657899164673,1916.7236678006275,2014.6553954435678,3.065768635954555,100.99749627889491,4,43.41475652101006,97.9317276429403,3,BestFit,bursty,2,completed,"0,1,2,4"
63,1916.3799541259564,1916.3799541259564,1957.305559520839,0.0,40.92560539488272,2,51.481841218797385,40.92560539488282,5,BestFit,bursty,2,completed,"5,6"
64,1966.072531503974,1966.072531503974,2116.7378420493355,0.0,150.66531054536154,2,59.38434427898257,150.66531054536145,5,BestFit,bursty,2,completed,"5,6"
65,2066.071634565973,2066.071634565973,2124.985933816539,0.0,58.91429925056582,1,28.602903794329194,58.914299250565705,2,BestFit,bursty,2,completed,4
66,2066.6960672491323,3205.671330662093,3361.748159222882,1138.9752634129609,1295.0520919737496,4,34.43543535447846,156.07682856078856,1,BestFit,bursty,2,completed,"0,4,5,7"
67,2083.350674160133,2185.0392992861252,2340.5898063954505,101.68862512599208,257.23913223531736,2,45.083138485659205,155.55050710932528,4,BestFit,bursty,2,completed,"1,2"
68,2083.880328596085,2083.880328596085,2232.385140886818,0.0,148.5048122907333,1,20.506671252584958,148.5048122907332,4,BestFit,bursty,2,completed,7
69,2106.196520532927,2454.2923802031182,2526.529585139872,348.0958596701912,420.33306460694484,4,57.84347033542127,72.23720493675356,2,BestFit,bursty,2,completed,"3,4,5,6"
70,2109.9408009282006,2116.7378420493355,2153.9613223885335,6.797041121134953,44.02052146033293,1,48.87429892325189,37.2234803391979,1,BestFit,bursty,2,completed,5
71,2117.0330945047526,2124.985933816539,2269.805325663349,7.952839311786192,152.77223115859624,2,31.067718861232457,144.8193918468099,5,BestFit,bursty,2,completed,"4,6"
72,2131.388217309868,2153.9613223885335,2282.2643695464253,22.57310507866532,150.87615223655712,1,38.45491442043709,128.30304715789197,1,BestFit,bursty,2,completed,5
73,2134.0357680579173,2282.2643695464253,2325.1479880010693,148.22860148850805,191.112219943152,3,42.07027799820403,42.88361845464394,1,BestFit,bursty,2,completed,"4,5,6"
74,2175.022783670141,2185.0392992861252,2304.1729585491785,10.01651561598419,129.15017487903742,1,28.455971509548878,119.13365926305339,2,BestFit,bursty,2,completed,0
75,2183.5698607578815,2374.016106244027,2519.017160053594,190.44624548614547,335.4472992957126,3,18.35023679201372,145.0010538095671,1,BestFit,bursty,2,completed,"0,1,2"
76,2209.6807687125875,2232.385140886818,2297.5056233212977,22.704372174230684,87.82485460871021,2,33.4355174976475,65.12048243447948,4,BestFit,bursty,2,completed,"3,7"
77,2209.921324745178,2304.1729585491785,2374.016106244027,94.25163380400045,164.094781498849,3,34.19928658597057,69.84314769484834,4,BestFit,bursty,2,completed,"0,3,7"
78,2241.004861004029,2629.2475823021236,2777.9328390094947,388.2427212980947,536.9279780054658,4,19.303057806964368,148.68525670737117,5,BestFit,bursty,2,completed,"0,4,5,6"
79,2270.411930948575,2325.1479880010693,2454.2923802031182,54.73605705249429,183.88044925454324,3,44.17488704300699,129.1443922020491,4,BestFit,bursty,2,completed,"4,5,6"
80,2374.1353446886887,3361.748159222882,3529.0415755400154,987.6128145341931,1154.9062308513267,4,57.33303732377337,167.29341631713334,4,BestFit,bursty,2,completed,"0,4,5,7"
81,2396.464726886782,3261.237925312056,3424.65777867724,864.7731984252741,1028.193051790458,4,17.177627468676167,163.41985336518374,2,BestFit,bursty,2,completed,"1,2,3,6"
82,2408.043047840968,2664.300606347031,2813.1417249072656,256.2575585060631,405.09867706629757,4,20.430036523267646,148.84111856023458,2,BestFit,bursty,2,completed,"1,2,3,7"
83,2470.2957967346274,2526.5707196522317,2629.2475823021236,56.27492291760427,158.95178556749624,4,55.294539355135456,102.67686264989206,5,BestFit,bursty,2,completed,"4,5,6,7"
84,2470.9846661774823,2526.529585139872,2664.300606347031,55.5449189623896,193.31594016954887,3,63.358897003221166,137.77102120715932,2,BestFit,bursty,2,completed,"1,2,3"
85,2475.3400350275742,2475.3400350275742,2526.5707196522317,0.0,51.23068462465744,1,8.623211041340305,51.23068462465744,4,BestFit,bursty,2,completed,7
86,2477.448124679628,2519.017160053594,2576.851657637902,41.56903537396602,99.4035329582739,1,58.79426323578764,57.834497584307805,1,BestFit,bursty,2,completed,0
87,2668.4902164536234,2813.1417249072656,2865.638021912239,144.65150845364224,197.1478054586155,2,40.623792538373635,52.49629700497316,1,BestFit,bursty,2,completed,"1,2"
88,2671.973723602757,2777.9328390094947,2936.1582295705557,105.95911540673751,264.1845059677985,1,61.18833525847667,158.22539056106092,3,BestFit,bursty,2,completed,4
89,2674.7244456263443,3052.214172209587,3136.116642640316,377.4897265832428,461.3921970139718,4,59.305948067620534,83.90247043072902,2,BestFit,bursty,2,completed,"1,2,3,6"
90,2677.2562695354754,3529.0415755400154,3709.0348693765027,851.78530600454,1031.7785998410272,4,26.198469867233555,179.99329383648714,3,BestFit,bursty,2,completed,"0,4,5,7"
91,2680.6898965212026,2933.0308065147146,3052.214172209587,252.340909993512,371.5242756883845,3,49.28745576885905,119.18336569487239,2,BestFit,bursty,2,completed,"1,2,3"
92,2687.621043530337,3099.785120993601,3205.671330662093,412.1640774632642,518.0502871317562,4,13.824366938908742,105.88620966849209,4,BestFit,bursty,2,completed,"0,4,5,7"
93,2687.69952063778,2777.9328390094947,2829.419897156055,90.23331837171463,141.72037651827486,1,39.536032333945656,51.48705814656022,5,BestFit,bursty,2,completed,0
94,2691.1095036427723,2960.4864767759764,3099.785120993601,269.37697313320405,408.6756173508288,3,26.47734051927282,139.29864421762468,1,BestFit,bursty,2,completed,"0,4,5"
95,2691.811542197862,3136.116642640316,3261.237925312056,444.3051004424542,569.4263831141943,4,10.723739879104269,125.12128267173999,1,BestFit,bursty,2,completed,"1,2,3,6"
96,2739.667157109827,2813.1417249072656,2933.0308065147146,73.4745677974388,193.36364940488784,2,32.56990923084206,119.88908160744884,5,BestFit,bursty,2,completed,"3,7"
97,2748.0294355481224,2864.49009065437,2960.4864767759764,116.46065510624749,212.457041227854,3,23.2635380059613,95.99638612160638,2,BestFit,bursty,2,completed,"0,5,6"
98,2757.524362357566,2777.9328390094947,2821.6739283536795,20.408476651928595,64.14956599611332,2,33.41727758319259,43.741089344184516,2,BestFit,bursty,2,completed,"5,6"
99,2790.358680839186,2829.419897156055,2864.49009065437,39.06121631686892,74.13140981518382,3,44.2852601151964,35.07019349831506,5,BestFit,bursty,2,completed,"0,5,6"
0,18.338535478014723,18.338535478014723,165.1307121267259,0.0,146.79217664871118,4,38.62007089009723,146.79217664871118,5,PPO,bursty,2,completed,"0,1,2,3"
1,43.60595704914362,43.60595704914362,160.43142351730936,0.0,116.82546646816573,2,62.57098288983098,116.82546646816574,3,PPO,bursty,2,completed,"4,5"
2,86.93290079234512,86.93290079234512,248.16372524717718,0.0,161.23082445483206,1,10.463310755158236,161.23082445483206,5,PPO,bursty,2,completed,6
3,134.78194517314242,160.43142351730936,211.24661957795257,25.649478344166937,76.46467440481015,3,47.963785733692646,50.8151960606432,3,PPO,bursty,2,completed,"4,5,7"
4,143.6253305252471,165.1307121267259,202.00758842539904,21.505381601478803,58.38225790015193,2,24.199563750827476,36.87687629867311,3,PPO,bursty,2,completed,"0,1"
5,149.85700450371144,506.5506511022671,633.8953415079995,356.6936465985557,484.0383370042881,3,58.78304111241781,127.34469040573238,1,PPO,bursty,2,completed,"2,3,6"
6,167.91593166776101,167.91593166776101,262.41102151124073,0.0,94.49508984347972,2,22.43784594351365,94.49508984347975,2,PPO,bursty,2,completed,"2,3"
7,188.4577752743535,356.165699231852,531.0112720580488,167.70792395749848,342.5534967836953,3,14.587033761194862,174.8455728261968,5,PPO,bursty,2,completed,"0,1,4"
8,190.77546112391076,202.00758842539904,324.53268594570795,11.232127301488276,133.7572248217972,1,21.700965358787474,122.52509752030892,5,PPO,bursty,2,completed,0
9,193.446504564847,322.25912320821146,356.165699231852,128.81261864336446,162.71919466700498,3,47.0501072923127,33.90657602364055,2,PPO,bursty,2,completed,"1,4,5"
10,194.55215353484544,386.31453335431786,506.5506511022671,191.76237981947241,311.9984975674217,3,40.95548500664525,120.23611774794924,3,PPO,bursty,2,completed,"2,3,6"
11,201.52555213939976,323.9248815953812,382.52491518056934,122.39932945598142,180.99936304116957,2,57.91735688805634,58.60003358518816,4,PPO,bursty,2,completed,"2,3"
12,205.65697457021426,211.24661957795257,322.25912320821146,5.589645007738312,116.6021486379972,4,29.873988483926645,111.01250363025889,1,PPO,bursty,2,completed,"1,4,5,7"
13,212.73069288859105,248.16372524717718,386.31453335431786,35.43303235858613,173.5838404657268,1,47.78831279451943,138.15080810714068,5,PPO,bursty,2,completed,6
14,212.91667423887978,262.41102151124073,323.9248815953812,49.494347272360955,111.0082073565014,2,22.993617114481033,61.51386008414047,5,PPO,bursty,2,completed,"2,3"
15,213.30093177609817,531.0112720580488,655.1878136946038,317.7103402819506,441.88688191850565,3,24.54352041550505,124.17654163655506,3,PPO,bursty,2,completed,"0,1,4"
16,279.06520992108454,322.25912320821146,425.13075236343303,43.19391328712692,146.0655424423485,1,16.596643582017364,102.87162915522157,5,PPO,bursty,2,completed,7
17,333.85250656600755,801.468396714056,967.6674112570988,467.61589014804844,633.8149046910912,4,35.6179493285434,166.19901454304278,4,PPO,bursty,2,completed,"0,1,6,7"
18,361.89376671768684,361.89376671768684,399.776164816744,0.0,37.88239809905713,1,57.40190055419187,37.88239809905715,4,PPO,bursty,2,completed,5
19,401.3970198169891,425.13075236343303,577.8218721177826,23.733732546443946,176.42485230079353,2,11.679436633802265,152.69111975434956,1,PPO,bursty,2,completed,"5,7"
20,436.1464831367942,655.1878136946038,801.468396714056,219.04133055780966,365.3219135772618,2,8.783497177592277,146.28058301945214,5,PPO,bursty,2,completed,"0,1"
21,477.2235193200779,1727.3872443685966,1790.6489200901008,1250.1637250485187,1313.4254007700229,3,58.85846048558112,63.261675721504105,4,PPO,bursty,2,completed,"4,6,7"
22,497.06256593489337,759.7641053562668,791.9294173634295,262.7015394213734,294.8668514285361,2,21.29568136227632,32.16531200716267,4,PPO,bursty,2,completed,"6,7"
23,515.107305871277,577.8218721177826,709.7569862230025,62.71456624650557,194.64968035172546,1,10.363926398571492,131.93511410521984,4,PPO,bursty,2,completed,5
24,564.9084097206177,759.7641053562668,922.4094099756827,194.8556956356491,357.50100025506504,3,35.295710124736345,162.64530461941595,2,PPO,bursty,2,completed,"2,3,5"
25,595.3391412461762,633.8953415079995,710.7032530344387,38.55620026182339,115.36411178826256,4,34.22616538397606,76.80791152643913,2,PPO,bursty,2,completed,"2,3,6,7"
26,663.7259761101167,710.7032530344387,759.7641053562668,46.97727692432204,96.0381292461501,4,34.52448222718701,49.06085232182804,1,PPO,bursty,2,completed,"2,3,5,6"
27,689.4634664600849,1790.6489200901008,1855.9498405438371,1101.185453630016,1166.4863740837523,4,42.43001193116114,65.30092045373628,4,PPO,bursty,2,completed,"1,2,3,4"
28,702.780300494117,702.780300494117,830.1813662859458,0.0,127.40106579182884,1,27.335503290249626,127.4010657918289,5,PPO,bursty,2,completed,4
29,740.6279224704325,1855.9498405438371,1877.8320487978867,1115.3219180734045,1137.204126327454,4,22.852677849891826,21.882208254049633,4,PPO,bursty,2,completed,"1,2,3,4"
30,866.3755683985953,866.3755683985953,913.6120617454739,0.0,47.23649334687855,1,61.55932476113122,47.236493346878575,5,PPO,bursty,2,completed,4
31,900.4046210833502,922.4094099756827,1038.0205408796414,22.0047888923325,137.61591979629122,2,32.2293754888303,115.61113090395865,1,PPO,bursty,2,completed,"2,3"
32,921.1196410070022,967.6674112570988,1145.723865648454,46.54777025009662,224.60422464145176,4,61.95578257193267,178.05645439135515,5,PPO,bursty,2,completed,"0,1,4,5"
33,991.8188059147775,991.8188059147775,1081.5578689089746,0.0,89.73906299419707,2,41.537459300340196,89.73906299419704,2,PPO,bursty,2,completed,"6,7"
34,1008.5555734410091,1081.5578689089746,1128.5544087099436,73.0022954679655,119.9988352689345,2,11.661132760136109,46.9965398009691,2,PPO,bursty,2,completed,"6,7"
35,1012.4849879224829,1038.0205408796414,1082.1387794988343,25.53555295715853,69.65379157635141,2,12.929216906608776,44.118238619192844,2,PPO,bursty,2,completed,"2,3"
36,1055.2344689221547,1145.723865648454,1244.5585024270304,90.48939672629922,189.32403350487562,3,42.88275132676169,98.83463677857634,1,PPO,bursty,2,completed,"0,1,4"
37,1064.2251504411186,1082.1387794988343,1170.0502639237907,17.913629057715752,105.82511348267212,1,37.47552941324868,87.91148442495648,2,PPO,bursty,2,completed,2
38,1073.52140140764,1877.8320487978867,1954.35878583366,804.3106473902467,880.83738442602,4,60.22936430588568,76.52673703577328,4,PPO,bursty,2,completed,"1,2,3,4"
39,1076.4118721402983,1189.6825784541068,1360.0664822966642,113.27070631380843,283.65461015636583,4,20.25933733977765,170.38390384255746,4,PPO,bursty,2,completed,"2,3,5,6"
40,1108.2380355050548,1128.5544087099436,1189.6825784541068,20.316373204888805,81.44454294905199,3,16.889856505622177,61.12816974416327,4,PPO,bursty,2,completed,"3,6,7"
41,1203.5013555270582,1244.5585024270304,1313.6463194939774,41.05714689997217,110.14496396691925,4,18.031505930302608,69.0878170669472,1,PPO,bursty,2,completed,"0,1,4,7"
42,1217.5942953218726,1555.7179605950073,1620.065155388447,338.12366527313475,402.47086006657446,3,33.59529289134286,64.3471947934397,5,PPO,bursty,2,completed,"2,3,5"
43,1280.6113169441076,1313.6463194939774,1451.0355060817044,33.03500254986989,170.42418913759684,3,22.97430088549873,137.38918658772698,3,PPO,bursty,2,completed,"0,1,4"
44,1292.9458233272426,1657.010978094291,1728.7303522005802,364.0651547670484,435.78452887333765,3,24.196799368247646,71.71937410628928,1,PPO,bursty,2,completed,"1,2,3"
45,1347.84165207629,1360.0664822966642,1408.9060603140579,12.224830220374088,61.06440823776779,2,49.336723869405745,48.83957801739378,1,PPO,bursty,2,completed,"6,7"
46,1357.6827190500273,1360.0664822966642,1500.960184243526,2.3837632466368177,143.27746519349876,3,11.1626874791502,140.89370194686197,2,PPO,bursty,2,completed,"2,3,5"
47,1373.842123476651,1500.960184243526,1555.7179605950073,127.11806076687503,181.87583711835623,3,44.73198999478968,54.75777635148109,2,PPO,bursty,2,completed,"2,3,5"
48,1375.7977848367536,1519.7617843950322,1664.4120008425543,143.9639995582786,288.6142160058007,2,26.05541687654335,144.65021644752215,1,PPO,bursty,2,completed,"0,4"
49,1377.2966720409513,1571.8767198019427,1727.3872443685966,194.58004776099142,350.0905723276453,2,27.535026362105214,155.51052456665386,5,PPO,bursty,2,completed,"6,7"
50,1377.403337728682,1451.0355060817044,1512.2230926947198,73.63216835302251,134.81975496603786,1,37.23841402011462,61.187586613015355,1,PPO,bursty,2,completed,4
51,1381.040709877657,1408.9060603140579,1571.8767198019427,27.86535043640083,190.8360099242857,2,20.411942011151634,162.97065948788475,3,PPO,bursty,2,completed,"6,7"
52,1382.0853501659171,1482.3073557677656,1519.7617843950322,100.22200560184842,137.6764342291151,1,60.93634791400195,37.45442862726661,2,PPO,bursty,2,completed,0
53,1389.3829930778472,1451.0355060817044,1584.5450729652753,61.652513003857166,195.16207988742804,1,32.83291625060625,133.5095668835709,3,PPO,bursty,2,completed,1
54,1392.5895453729079,1451.0355060817044,1482.3073557677656,58.44596070879652,89.71781039485768,1,35.5797179620401,31.271849686061053,2,PPO,bursty,2,completed,0
55,1393.040061559546,1620.065155388447,1657.010978094291,227.02509382890094,263.9709165347449,4,48.59912180046719,36.945822705843995,2,PPO,bursty,2,completed,"1,2,3,5"
56,1579.058918589747,1664.4120008425543,1710.8895208644235,85.35308225280733,131.8306022746765,2,21.25670945582555,46.47752002186907,3,PPO,bursty,2,completed,"0,4"
57,1662.8500133563396,1662.8500133563396,1792.715136482695,0.0,129.86512312635546,1,53.57649193350006,129.86512312635543,1,PPO,bursty,2,completed,5
58,1684.0269165119328,1710.8895208644235,1847.4427169414828,26.862604352490735,163.41580042955002,1,29.931892798114056,136.55319607705923,2,PPO,bursty,2,completed,0
59,1710.3318065536096,1954.35878583366,2121.464975630792,244.02697928005045,411.13316907718263,4,59.29685475892877,167.10618979713212,4,PPO,bursty,2,completed,"1,2,3,4"
60,1794.083411075719,1794.083411075719,1901.2302453053971,0.0,107.14683422967823,3,44.91157439027455,107.1468342296782,3,PPO,bursty,2,completed,"5,6,7"
61,1825.8358471727745,1847.4427169414828,1982.8308552152087,21.606869768708293,156.99500804243416,1,33.396751790792464,135.38813827372593,2,PPO,bursty,2,completed,0
62,1913.657899164673,3458.003303360371,3555.935031003311,1544.345404195698,1642.277131838638,4,43.41475652101006,97.9317276429403,3,PPO,bursty,2,completed,"0,1,6,7"
63,1916.3799541259564,1916.3799541259564,1957.305559520839,0.0,40.92560539488272,2,51.481841218797385,40.92560539488282,5,PPO,bursty,2,completed,"5,6"
64,1966.072531503974,1966.072531503974,2116.7378420493355,0.0,150.66531054536154,2,59.38434427898257,150.66531054536145,5,PPO,bursty,2,completed,"5,6"
65,2066.071634565973,2066.071634565973,2124.985933816539,0.0,58.91429925056582,1,28.602903794329194,58.914299250565705,2,PPO,bursty,2,completed,0
66,2066.6960672491323,2121.464975630792,2277.541804191581,54.76890838165991,210.84573694244864,4,34.43543535447846,156.07682856078856,1,PPO,bursty,2,completed,"1,2,3,4"
67,2083.350674160133,2269.805325663349,2425.355832772674,186.4546515032157,342.005158612541,2,45.083138485659205,155.55050710932528,4,PPO,bursty,2,completed,"0,6"
68,2083.880328596085,2083.880328596085,2232.385140886818,0.0,148.5048122907333,1,20.506671252584958,148.5048122907332,4,PPO,bursty,2,completed,7
69,2106.196520532927,2277.541804191581,2349.7790091283346,171.3452836586539,243.58248859540754,4,57.84347033542127,72.23720493675356,2,PPO,bursty,2,completed,"1,2,3,4"
70,2109.9408009282006,2116.7378420493355,2153.9613223885335,6.797041121134953,44.02052146033293,1,48.87429892325189,37.2234803391979,1,PPO,bursty,2,completed,5
71,2117.0330945047526,2124.985933816539,2269.805325663349,7.952839311786192,152.77223115859624,2,31.067718861232457,144.8193918468099,5,PPO,bursty,2,completed,"0,6"
72,2131.388217309868,2153.9613223885335,2282.2643695464253,22.57310507866532,150.87615223655712,1,38.45491442043709,128.30304715789197,1,PPO,bursty,2,completed,5
73,2134.0357680579173,2349.7790091283346,2392.6626275829785,215.7432410704173,258.62685952506126,3,42.07027799820403,42.88361845464394,1,PPO,bursty,2,completed,"1,2,3"
74,2175.022783670141,2232.385140886818,2351.5188001498714,57.36235721667708,176.49601647973032,1,28.455971509548878,119.13365926305339,2,PPO,bursty,2,completed,7
75,2183.5698607578815,2392.6626275829785,2537.6636813925456,209.092766825097,354.0938206346641,3,18.35023679201372,145.0010538095671,1,PPO,bursty,2,completed,"1,2,3"
76,2209.6807687125875,2349.7790091283346,2414.899491562814,140.0982404157471,205.21872285022664,2,33.4355174976475,65.12048243447948,4,PPO,bursty,2,completed,"4,5"
77,2209.921324745178,2414.899491562814,2484.7426392576626,204.97816681763607,274.8213145124846,3,34.19928658597057,69.84314769484834,4,PPO,bursty,2,completed,"4,5,7"
78,2241.004861004029,3322.2397063156814,3470.9249630230524,1081.2348453116524,1229.9201020190235,4,19.303057806964368,148.68525670737117,5,PPO,bursty,2,completed,"2,3,4,5"
79,2270.411930948575,2806.9697444262215,2936.1141366282704,536.5578134776465,665.7022056796955,3,44.17488704300699,129.1443922020491,4,PPO,bursty,2,completed,"0,1,2"
80,2374.1353446886887,2771.3547790250564,2938.64819534219,397.2194343363676,564.5128506535011,4,57.33303732377337,167.29341631713334,4,PPO,bursty,2,completed,"4,5,6,7"
81,2396.464726886782,2537.6636813925456,2701.0835347577295,141.1989545057636,304.6188078709474,4,17.177627468676167,163.41985336518374,2,PPO,bursty,2,completed,"0,1,2,3"
82,2408.043047840968,2622.513660464822,2771.3547790250564,214.47061262385387,363.31173118408833,4,20.430036523267646,148.84111856023458,2,PPO,bursty,2,completed,"4,5,6,7"
83,2470.2957967346274,3355.326440710479,3458.003303360371,885.0306439758515,987.7075066257435,4,55.294539355135456,102.67686264989206,5,PPO,bursty,2,completed,"0,1,6,7"
84,2470.9846661774823,2484.7426392576626,2622.513660464822,13.757973080180363,151.52899428733963,3,63.358897003221166,137.77102120715932,2,PPO,bursty,2,completed,"4,5,7"
85,2475.3400350275742,2475.3400350275742,2526.5707196522317,0.0,51.23068462465744,1,8.623211041340305,51.23068462465744,4,PPO,bursty,2,completed,0
86,2477.448124679628,2477.448124679628,2535.282622263936,0.0,57.83449758430788,1,58.79426323578764,57.834497584307805,1,PPO,bursty,2,completed,6
87,2668.4902164536234,3182.9410620980566,3235.43735910303,514.4508456444332,566.9471426494065,2,40.623792538373635,52.49629700497316,1,PPO,bursty,2,completed,"0,1"
88,2671.973723602757,2806.9697444262215,2965.1951349872825,134.99602082346428,293.22141138452525,1,61.18833525847667,158.22539056106092,3,PPO,bursty,2,completed,3
89,2674.7244456263443,3099.0385916673276,3182.9410620980566,424.31414604098336,508.2166164717123,4,59.305948067620534,83.90247043072902,2,PPO,bursty,2,completed,"0,1,2,3"
90,2677.2562695354754,2938.64819534219,3118.641489178677,261.3919258067144,441.3852196432017,4,26.198469867233555,179.99329383648714,3,PPO,bursty,2,completed,"4,5,6,7"
91,2680.6898965212026,2979.855225972455,3099.0385916673276,299.16532945125255,418.348695146125,3,49.28745576885905,119.18336569487239,2,PPO,bursty,2,completed,"0,1,3"
92,2687.621043530337,2701.0835347577295,2806.9697444262215,13.462491227392547,119.34870089588458,4,13.824366938908742,105.88620966849209,4,PPO,bursty,2,completed,"0,1,2,3"
93,2687.69952063778,2936.1141366282704,2987.6011947748307,248.41461599049035,299.9016741370506,1,39.536032333945656,51.48705814656022,5,PPO,bursty,2,completed,2
94,2691.1095036427723,3182.9410620980566,3322.2397063156814,491.83155845528427,631.130202672909,3,26.47734051927282,139.29864421762468,1,PPO,bursty,2,completed,"2,3,7"
95,2691.811542197862,3470.9249630230524,3596.0462456947926,779.1134208251906,904.2347034969307,4,10.723739879104269,125.12128267173999,1,PPO,bursty,2,completed,"2,3,4,5"
96,2739.667157109827,3235.43735910303,3355.326440710479,495.77020199320305,615.6592836006521,2,32.56990923084206,119.88908160744884,5,PPO,bursty,2,completed,"0,1"
97,2748.0294355481224,3118.641489178677,3214.6378753002837,370.6120536305548,466.6084397521613,3,23.2635380059613,95.99638612160638,2,PPO,bursty,2,completed,"4,5,6"
98,2757.524362357566,2936.1141366282704,2979.855225972455,178.5897742707043,222.33086361488904,2,33.41727758319259,43.741089344184516,2,PPO,bursty,2,completed,"0,1"
99,2790.358680839186,3214.6378753002837,3249.7080687985986,424.27919446109763,459.3493879594125,3,44.2852601151964,35.07019349831506,5,PPO,bursty,2,completed,"4,5,6"
0,3.498852395298096,3.498852395298096,116.68549723877923,0.0,113.18664484348113,2,42.644766563268526,113.18664484348113,2,FCFS,bursty,3,completed,"0,1"
1,8.999222634751547,8.999222634751547,91.37600247158669,0.0,82.37677983683514,3,32.77538848730869,82.37677983683514,1,FCFS,bursty,3,completed,"2,3,4"
2,9.857957182672353,9.857957182672353,56.89126477627191,0.0,47.03330759359956,2,12.935439253381602,47.03330759359956,4,FCFS,bursty,3,completed,"5,6"
3,10.502545990352056,56.89126477627191,183.34673360534703,46.388718785919856,172.84418761499498,2,30.65724881547767,126.4554688290751,3,FCFS,bursty,3,completed,"5,6"
4,11.588912275517089,11.588912275517089,180.6841799977883,0.0,169.09526772227122,1,19.044251027319774,169.09526772227122,2,FCFS,bursty,3,completed,7
5,11.845395450610614,91.37600247158669,156.15906716250083,79.53060702097608,144.3136717118902,2,16.235601216261138,64.78306469091413,2,FCFS,bursty,3,completed,"2,3"
6,14.34779936800733,116.68549723877923,222.49612940900548,102.3376978707719,208.14833004099813,2,20.606495588924247,105.81063217022624,2,FCFS,bursty,3,completed,"0,1"
7,14.513569466468041,183.34673360534703,269.77307166668356,168.833164138879,255.25950220021554,3,15.057055684846194,86.42633806133657,5,FCFS,bursty,3,completed,"3,5,6"
8,24.03254728169489,676.1706518403569,856.1391363659886,652.138104558662,832.1065890842938,4,57.54403901918289,179.9684845256317,4,FCFS,bursty,3,completed,"0,1,4,7"
9,69.93777787082426,91.37600247158669,252.36808706766539,21.438224600762425,182.4303091968411,1,38.088672567929706,160.99208459607868,1,FCFS,bursty,3,completed,4
10,88.36692306983727,156.15906716250083,203.9848830646278,67.79214409266356,115.61795999479054,1,40.94441672792435,47.82581590212699,1,FCFS,bursty,3,completed,2
11,161.018906701885,856.1391363659886,962.2652471916973,695.1202296641036,801.2463404898124,4,60.50733794470708,106.12611082570866,4,FCFS,bursty,3,completed,"0,1,4,7"
12,193.43568215991422,203.9848830646278,290.4971908917034,10.549200904713587,97.06150873178916,2,11.598018012290359,86.51230782707557,1,FCFS,bursty,3,completed,"2,7"
13,246.4646511208183,962.2652471916973,1089.327258892845,715.800596070879,842.8626077720268,4,21.25894766953854,127.06201170114784,5,FCFS,bursty,3,completed,"0,1,4,7"
14,256.79635153934987,256.79635153934987,389.4186088236998,0.0,132.62225728434993,3,22.84869064940966,132.62225728434993,3,FCFS,bursty,3,completed,"0,1,4"
15,263.1437523950744,269.77307166668356,412.22272106951516,6.629319271609177,149.07896867444077,3,28.82533315573139,142.4496494028316,2,FCFS,bursty,3,completed,"3,5,6"
16,295.0874216088438,295.0874216088438,397.6955065960648,0.0,102.60808498722099,2,51.899439413483336,102.60808498722099,3,FCFS,bursty,3,completed,"2,7"
17,338.52309762805436,389.4186088236998,549.0610188449757,50.89551119564544,210.53792121692135,3,32.84707815512868,159.64241002127585,1,FCFS,bursty,3,completed,"0,1,4"
18,361.86563085156365,397.6955065960648,417.87925279508835,35.82987574450112,56.0136219435247,2,62.02967077686228,20.183746199023584,3,FCFS,bursty,3,completed,"2,7"
19,382.38744255368033,412.22272106951516,542.0068748804766,29.83527851583483,159.6194323267963,2,51.06680863472193,129.78415381096147,2,FCFS,bursty,3,completed,"3,5"
20,403.451906202659,412.22272106951516,572.4516655587504,8.770814866856142,168.99975935609137,1,45.16960968865809,160.22894448923526,3,FCFS,bursty,3,completed,6
21,424.3066343753197,1089.327258892845,1199.3222139995746,665.0206245175254,775.015579624255,4,38.64479929242441,109.99495510672959,4,FCFS,bursty,3,completed,"0,1,4,7"
22,425.783440615019,549.0610188449757,676.1706518403569,123.2775782299567,250.38721122533786,3,26.13908294823262,127.10963299538122,4,FCFS,bursty,3,completed,"0,1,4"
23,502.8146103447094,502.8146103447094,599.6506321700779,0.0,96.83602182536845,1,52.01100432770788,96.83602182536846,4,FCFS,bursty,3,completed,2
24,506.4582077998119,506.4582077998119,663.6883347498074,0.0,157.2301269499955,1,38.06760767972422,157.23012694999554,1,FCFS,bursty,3,completed,7
25,514.1117951985766,542.0068748804766,624.5586811177587,27.89507968190003,110.44688591918214,1,44.034457431617476,82.55180623728215,4,FCFS,bursty,3,completed,3
26,514.6259641191978,542.0068748804766,574.4513434188598,27.38091076127887,59.82537929966202,1,48.25878809270528,32.444468538383134,2,FCFS,bursty,3,completed,5
27,516.5627010285989,599.6506321700779,773.6417331860699,83.08793114147898,257.07903215747103,2,57.07223508565581,173.99110101599203,5,FCFS,bursty,3,completed,"2,5"
28,516.8828864005758,653.6060114019712,816.6495084591254,136.72312500139537,299.7666220585496,2,14.46114071086464,163.04349705715427,1,FCFS,bursty,3,completed,"3,6"
29,519.957213514415,572.4516655587504,653.6060114019712,52.49445204433539,133.64879788755616,1,23.14020559218224,81.15434584322075,3,FCFS,bursty,3,completed,6
30,525.2754416914921,1199.3222139995746,1297.2684366264623,674.0467723080825,771.9929949349702,4,17.043644165836653,97.94622262688769,4,FCFS,bursty,3,completed,"0,1,4,7"
31,527.5404262943482,773.6417331860699,795.6037440294127,246.10130689172172,268.0633177350645,2,48.363241495059434,21.96201084334282,4,FCFS,bursty,3,completed,"2,5"
32,554.6172585790968,842.490416642654,932.2182624522169,287.8731580635573,377.60100387312013,3,32.31405757093004,89.72784580956285,5,FCFS,bursty,3,completed,"2,5,6"
33,617.839120947061,932.2182624522169,1094.0937438381936,314.37914150515587,476.2546228911326,3,23.687588986336838,161.8754813859767,3,FCFS,bursty,3,completed,"2,5,6"
34,631.7233230825263,795.6037440294127,842.490416642654,163.88042094688637,210.7670935601277,2,38.39216475187111,46.886672613241274,2,FCFS,bursty,3,completed,"2,5"
35,704.5850516780206,816.6495084591254,977.8713726444256,112.06445678110481,273.286320966405,1,58.50677192834088,161.2218641853002,4,FCFS,bursty,3,completed,3
36,863.1597761792813,977.8713726444256,1140.679745254113,114.71159646514434,277.5199690748317,1,42.992649935428254,162.80837260968727,1,FCFS,bursty,3,completed,3
37,870.1805478849143,1297.2684366264623,1431.373266636639,427.087888741548,561.1927187517248,4,31.225508156244373,134.10483001017684,2,FCFS,bursty,3,completed,"0,1,4,7"
38,955.1708677661436,1094.0937438381936,1216.2727160954719,138.92287607205003,261.1018483293283,3,33.26595829404171,122.17897225727828,4,FCFS,bursty,3,completed,"2,5,6"
39,980.6660598258377,1216.2727160954719,1340.6044878931439,235.6066562696342,359.9384280673062,2,27.77487650666867,124.33177179767188,4,FCFS,bursty,3,completed,"2,5"
40,988.4888046126299,1364.993688586839,1466.8568929527737,376.50488397420906,478.3680883401438,3,47.05361339980349,101.86320436593469,3,FCFS,bursty,3,completed,"3,5,6"
41,988.8023487255624,1431.373266636639,1598.9670809674342,442.57091791107666,610.1647322418718,3,32.32652436262812,167.59381433079517,2,FCFS,bursty,3,completed,"0,1,4"
42,992.4674490505563,2322.35543443041,2344.2998955667495,1329.8879853798535,1351.8324465161932,4,16.304957627120245,21.944461136339477,1,FCFS,bursty,3,completed,"2,5,6,7"
43,993.9977337239261,1256.710538506044,1314.5452602294579,262.7128047821179,320.5475265055318,2,63.36429682637445,57.834721723413836,5,FCFS,bursty,3,completed,"3,6"
44,1000.290299976856,1140.679745254113,1256.710538506044,140.38944527725698,256.42023852918805,1,19.108843486685032,116.03079325193099,2,FCFS,bursty,3,completed,3
45,1003.1835590032201,1466.8568929527737,1520.409582490045,463.6733339495536,517.2260234868249,3,53.952262854086676,53.55268953727128,3,FCFS,bursty,3,completed,"3,5,6"
46,1013.8191224908685,2344.2998955667495,2493.5585854709716,1330.480773075881,1479.739462980103,4,33.98128486223156,149.25868990422205,5,FCFS,bursty,3,completed,"2,5,6,7"
47,1014.3333652878783,2493.5585854709716,2593.3687375258537,1479.2252201830934,1579.0353722379755,4,59.0020127705134,99.81015205488222,5,FCFS,bursty,3,completed,"2,5,6,7"
48,1030.0045355062146,1314.5452602294579,1364.993688586839,284.54072472324333,334.9891530806244,2,39.417721848033985,50.448428357381076,4,FCFS,bursty,3,completed,"3,6"
49,1127.8677462821227,1520.409582490045,1685.8333340435865,392.5418362079224,557.9655877614639,3,59.89067562193887,165.4237515535414,3,FCFS,bursty,3,completed,"3,5,6"
50,1167.5948961286167,1598.9670809674342,1671.2505423654957,431.3721848388175,503.65564623687897,3,45.147928930177514,72.2834613980614,1,FCFS,bursty,3,completed,"0,1,4"
51,1187.19918771962,2536.9216220098206,2684.115453082219,1349.7224342902005,1496.916265362599,4,15.808631279669667,147.1938310723984,1,FCFS,bursty,3,completed,"0,1,3,4"
52,1307.9847867175317,1340.6044878931439,1421.9677508259874,32.619701175612136,113.98296410845569,1,37.133478914012414,81.36326293284367,5,FCFS,bursty,3,completed,2
53,1310.9022409448896,2593.3687375258537,2732.847691224699,1282.466496580964,1421.9454502798092,4,54.44038749438158,139.4789536988452,3,FCFS,bursty,3,completed,"2,5,6,7"
54,1349.8855035614233,1671.2505423654957,1830.0833130388046,321.36503880407236,480.19780947738127,3,19.90169020475288,158.83277067330903,1,FCFS,bursty,3,completed,"0,1,4"
55,1378.4919593905586,1421.9677508259874,1566.3713412271732,43.475791435428846,187.87938183661458,1,44.83275869436172,144.40359040118574,3,FCFS,bursty,3,completed,2
56,1383.0777107445392,1685.8333340435865,1793.1360892444598,302.75562329904733,410.05837849992054,2,49.09811688934824,107.3027552008732,4,FCFS,bursty,3,completed,"3,5"
57,1394.7965973584328,1830.0833130388046,2009.04949501304,435.2867156803718,614.2528976546073,3,18.477280892389352,178.96618197423538,2,FCFS,bursty,3,completed,"0,1,4"
58,1405.902571315501,1846.9373869428787,2007.8420630061537,441.0348156273776,601.9394916906526,3,46.691080843622046,160.9046760632751,1,FCFS,bursty,3,completed,"2,6,7"
59,1418.206133711959,2684.115453082219,2767.9949442001853,1265.9093193702602,1349.7888104882263,4,10.718250407962639,83.87949111796635,2,FCFS,bursty,3,completed,"0,1,3,4"
60,1438.4878890357063,1438.4878890357063,1526.8744225441235,0.0,88.38653350841719,1,33.84900253631385,88.38653350841722,2,FCFS,bursty,3,completed,7
61,1445.5389187021392,1526.8744225441235,1697.9183540661295,81.33550384198429,252.3794353639903,1,14.68225600723841,171.04393152200603,5,FCFS,bursty,3,completed,7
62,1532.4696817866802,2007.8420630061537,2081.122173756916,475.3723812194735,548.6524919702356,3,60.54134834088195,73.28011075076212,1,FCFS,bursty,3,completed,"2,6,7"
63,1569.4385991051884,1569.4385991051884,1661.0027391259725,0.0,91.56414002078418,1,8.173232710693632,91.56414002078424,4,FCFS,bursty,3,completed,2
64,1572.500543716905,1697.9183540661295,1846.9373869428787,125.41781034922451,274.4368432259737,2,43.18619929300279,149.0190328767491,4,FCFS,bursty,3,completed,"6,7"
65,1606.4966344665183,1793.1360892444598,1911.3265608351446,186.6394547779414,304.8299263686263,2,30.46722773691027,118.19047159068496,1,FCFS,bursty,3,completed,"3,5"
66,1640.852544846932,1661.0027391259725,1747.600772684121,20.150194279040534,106.748227837189,1,54.79691098654157,86.59803355814851,1,FCFS,bursty,3,completed,2
67,1642.413672228638,2009.04949501304,2133.196593314349,366.6358227844021,490.78292108571077,3,20.45789866042122,124.14709830130877,2,FCFS,bursty,3,completed,"0,1,4"
68,1762.3349703055414,1762.3349703055414,1830.9617338794656,0.0,68.62676357392411,1,21.689434695699855,68.6267635739241,1,FCFS,bursty,3,completed,2
69,1767.0226687966517,1911.3265608351446,2026.1165583018471,144.3038920384929,259.0938895051954,2,48.913956326651125,114.78999746670242,2,FCFS,bursty,3,completed,"3,5"
70,1800.1324284150196,2026.1165583018471,2093.229471581466,225.98412988682753,293.0970431664464,2,47.254732918264764,67.11291327961894,5,FCFS,bursty,3,completed,"3,5"
71,1911.1910673893462,2081.122173756916,2139.9291386419486,169.93110636756956,228.73807125260237,2,14.90171177055205,58.80696488503284,2,FCFS,bursty,3,completed,"2,6"
72,1969.5517116821866,2081.122173756916,2148.4657726321248,111.57046207472922,178.91406094993818,1,48.9357957667986,67.34359887520908,4,FCFS,bursty,3,completed,7
73,1975.7430046894453,2133.196593314349,2306.5532850322134,157.45358862490343,330.810280342768,3,52.96201351516523,173.35669171786438,2,FCFS,bursty,3,completed,"0,1,4"
74,2002.7006686414497,2732.847691224699,2874.321054618622,730.147022583249,871.6203859771722,4,11.991051972688975,141.47336339392317,1,FCFS,bursty,3,completed,"2,5,6,7"
75,2021.526931362953,2093.229471581466,2214.599977775484,71.70254021851292,193.07304641253108,2,31.80067283002738,121.37050619401808,3,FCFS,bursty,3,completed,"3,5"
76,2073.4458477700523,2148.4657726321248,2322.35543443041,75.01992486207246,248.9095866603575,3,11.911506134500172,173.8896617982852,4,FCFS,bursty,3,completed,"2,6,7"
77,2113.016525618677,2306.5532850322134,2401.683443983504,193.5367594135364,288.66691836482687,3,31.332570647067072,95.13015895129064,5,FCFS,bursty,3,completed,"0,1,4"
78,2141.641081341134,2767.9949442001853,2820.818621961134,626.3538628590513,679.17754062,4,40.89914084083735,52.823677760948456,2,FCFS,bursty,3,completed,"0,1,3,4"
79,2177.4208051716932,2214.599977775484,2315.589164854632,37.1791726037909,138.1683596829389,2,58.642718058212964,100.98918707914792,3,FCFS,bursty,3,completed,"3,5"
80,2199.012101861351,2315.589164854632,2476.951983359019,116.57706299328129,277.939881497668,1,18.03479683371824,161.36281850438675,5,FCFS,bursty,3,completed,3
81,2299.062568122615,2401.683443983504,2536.9216220098206,102.62087586088865,237.8590538872054,3,19.920248351378547,135.23817802631652,1,FCFS,bursty,3,completed,"0,1,4"
82,2339.60544237,2820.818621961134,2854.7060144218717,481.21317959113367,515.1005720518715,4,14.65910345216873,33.8873924607379,2,FCFS,bursty,3,completed,"0,1,3,4"
83,2427.6357696556565,2476.951983359019,2505.9669047084963,49.31621370336234,78.33113505283973,1,9.106883882041956,29.014921349477447,4,FCFS,bursty,3,completed,3
84,2534.3892427896803,2854.7060144218717,2933.975600539596,320.3167716321914,399.5863577499158,4,51.800410175635534,79.26958611772437,5,FCFS,bursty,3,completed,"0,1,3,4"
85,2577.5932584986563,2874.321054618622,3020.3443148969345,296.72779611996566,442.75105639827825,3,56.56201488986389,146.02326027831276,1,FCFS,bursty,3,completed,"2,5,6"
86,2593.5966002175924,2874.321054618622,2978.3639331795052,280.72445440102956,384.76733296191287,1,37.70150469885175,104.04287856088314,4,FCFS,bursty,3,completed,7
87,2608.336784615856,2933.975600539596,2967.4206002255833,325.63881592374037,359.0838156097275,4,37.248269476960424,33.44499968598731,5,FCFS,bursty,3,completed,"0,1,3,4"
88,2613.565780349849,2967.4206002255833,3104.649249446437,353.8548198757344,491.08346909658803,2,41.35101148259429,137.22864922085373,1,FCFS,bursty,3,completed,"0,1"
89,2624.069447720625,2967.4206002255833,3034.4920044363926,343.35115250495846,410.42255671576777,2,49.597861267228694,67.07140421080945,4,FCFS,bursty,3,completed,"3,4"
90,2624.398462274308,3020.3443148969345,3099.9598338516926,395.9458526226267,475.56137157738476,3,22.859027393693047,79.61551895475819,2,FCFS,bursty,3,completed,"2,5,6"
91,2635.8252293005844,2978.3639331795052,3022.0164016238186,342.53870387892084,386.19117232323424,1,54.71174608241419,43.6524684443134,2,FCFS,bursty,3,completed,7
92,2638.684812459948,3034.4920044363926,3118.1594061591386,395.80719197644476,479.4745936991908,2,47.98821660911609,83.66740172274595,2,FCFS,bursty,3,completed,"3,4"
93,2640.999826793306,3099.9598338516926,3262.968021475326,458.9600070583865,621.9681946820201,2,62.56946425746053,163.0081876236336,2,FCFS,bursty,3,completed,"2,5"
94,2645.2899289283605,3158.706757262085,3257.4851521051714,513.4168283337244,612.1952231768109,4,16.699283578652704,98.77839484308643,2,FCFS,bursty,3,completed,"0,1,6,7"
95,2655.5648392470634,3257.4851521051714,3372.1146460502996,601.920312858108,716.5498068032362,4,27.41671597395581,114.62949394512822,3,FCFS,bursty,3,completed,"0,1,3,4"
96,2684.967936591208,3099.9598338516926,3158.706757262085,414.9918972604846,473.738820670877,2,53.61898359084092,58.74692341039221,4,FCFS,bursty,3,completed,"6,7"
97,2728.17859338837,3104.649249446437,3135.0183080652423,376.4706560580671,406.8397146768725,2,11.25338249047067,30.36905861880541,4,FCFS,bursty,3,completed,"0,1"
98,2779.4305584793724,3262.968021475326,3408.0489720338282,483.5374629959538,628.6184135544559,3,14.516936072714497,145.0809505585023,1,FCFS,bursty,3,completed,"2,5,6"
99,2786.055027429387,3118.1594061591386,3210.303361217722,332.1043787297517,424.248333788335,2,35.59794508474134,92.14395505858319,2,FCFS,bursty,3,completed,"3,4"
0,3.498852395298096,3.498852395298096,116.68549723877923,0.0,113.18664484348113,2,42.644766563268526,113.18664484348113,2,SJF,bursty,3,completed,"0,1"
1,8.999222634751547,8.999222634751547,91.37600247158669,0.0,82.37677983683514,3,32.77538848730869,82.37677983683514,1,SJF,bursty,3,completed,"2,3,4"
2,9.857957182672353,9.857957182672353,56.89126477627191,0.0,47.03330759359956,2,12.935439253381602,47.03330759359956,4,SJF,bursty,3,completed,"5,6"
3,10.502545990352056,116.68549723877923,243.14096606785432,106.18295124842717,232.63842007750227,2,30.65724881547767,126.4554688290751,3,SJF,bursty,3,completed,"0,1"
4,11.588912275517089,11.588912275517089,180.6841799977883,0.0,169.09526772227122,1,19.044251027319774,169.09526772227122,2,SJF,bursty,3,completed,7
5,11.845395450610614,56.89126477627191,121.67432946718604,45.0458693256613,109.82893401657543,2,16.235601216261138,64.78306469091413,2,SJF,bursty,3,completed,"5,6"
6,14.34779936800733,91.37600247158669,197.18663464181293,77.02820310357936,182.8388352738056,2,20.606495588924247,105.81063217022624,2,SJF,bursty,3,completed,"3,4"
7,14.513569466468041,180.6841799977883,267.11051805912484,166.17061053132028,252.59694859265682,3,15.057055684846194,86.42633806133657,5,SJF,bursty,3,completed,"2,6,7"
8,24.03254728169489,3398.076372414895,3578.0448569405266,3374.0438251332002,3554.012309658832,4,57.54403901918289,179.9684845256317,4,SJF,bursty,3,completed,"0,2,3,6"
9,69.93777787082426,121.67432946718604,282.6664140632647,51.73655159636178,212.72863619244043,1,38.088672567929706,160.99208459607868,1,SJF,bursty,3,completed,5
10,88.36692306983727,91.37600247158669,139.20181837371368,3.0090794017494176,50.83489530387641,1,40.94441672792435,47.82581590212699,1,SJF,bursty,3,completed,2
11,161.018906701885,267.11051805912484,373.2366288848335,106.09161135723986,212.21772218294853,4,60.50733794470708,106.12611082570866,4,SJF,bursty,3,completed,"0,1,2,6"
12,193.43568215991422,197.18663464181293,283.6989424688885,3.7509524818987074,90.26326030897428,2,11.598018012290359,86.51230782707557,1,SJF,bursty,3,completed,"3,4"
13,246.4646511208183,283.6989424688885,410.76095417003637,37.2342913480702,164.29630304921807,4,21.25894766953854,127.06201170114784,5,SJF,bursty,3,completed,"3,4,5,7"
14,256.79635153934987,410.76095417003637,543.3832114543864,153.9646026306865,286.5868599150365,3,22.84869064940966,132.62225728434993,3,SJF,bursty,3,completed,"3,4,5"
15,263.1437523950744,927.0357517030418,1069.4854011058733,663.8919993079674,806.3416487107988,3,28.82533315573139,142.4496494028316,2,SJF,bursty,3,completed,"1,5,7"
16,295.0874216088438,373.2366288848335,475.8447138720545,78.14920727598974,180.75729226321073,2,51.899439413483336,102.60808498722099,3,SJF,bursty,3,completed,"2,6"
17,338.52309762805436,1347.0802672663576,1506.7226772876334,1008.5571696383033,1168.199579659579,3,32.84707815512868,159.64241002127585,1,SJF,bursty,3,completed,"1,5,7"
18,361.86563085156365,373.2366288848335,393.4203750838571,11.37099803326987,31.554744232293444,2,62.02967077686228,20.183746199023584,3,SJF,bursty,3,completed,"0,1"
19,382.38744255368033,393.4203750838571,523.2045288948186,11.032932530176765,140.8170863411383,2,51.06680863472193,129.78415381096147,2,SJF,bursty,3,completed,"0,1"
20,403.451906202659,410.76095417003637,570.9898986592716,7.309047967377353,167.53799245661259,1,45.16960968865809,160.22894448923526,3,SJF,bursty,3,completed,7
21,424.3066343753197,799.905963347421,909.9009184541505,375.5993289721013,485.59428407883087,4,38.64479929242441,109.99495510672959,4,SJF,bursty,3,completed,"0,3,4,6"
22,425.783440615019,799.9261187076605,927.0357517030418,374.1426780926415,501.2523110880228,3,26.13908294823262,127.10963299538122,4,SJF,bursty,3,completed,"1,5,7"
23,502.8146103447094,502.8146103447094,599.6506321700779,0.0,96.83602182536845,1,52.01100432770788,96.83602182536846,4,SJF,bursty,3,completed,2
24,506.4582077998119,506.4582077998119,663.6883347498074,0.0,157.2301269499955,1,38.06760767972422,157.23012694999554,1,SJF,bursty,3,completed,6
25,514.1117951985766,543.3832114543864,625.9350176916685,29.271416255809754,111.82322249309186,1,44.034457431617476,82.55180623728215,4,SJF,bursty,3,completed,5
26,514.6259641191978,523.2045288948186,555.6489974332018,8.578564775620862,41.02303331400401,1,48.25878809270528,32.444468538383134,2,SJF,bursty,3,completed,0
27,516.5627010285989,625.9350176916685,799.9261187076605,109.37231666306957,283.3634176790616,2,57.07223508565581,173.99110101599203,5,SJF,bursty,3,completed,"1,5"
28,516.8828864005758,599.6506321700779,762.6941292272321,82.76774576950208,245.81124282665633,2,14.46114071086464,163.04349705715427,1,SJF,bursty,3,completed,"2,7"
29,519.957213514415,523.2045288948186,604.3588747380394,3.24731538040362,84.40166122362439,1,23.14020559218224,81.15434584322075,3,SJF,bursty,3,completed,1
30,525.2754416914921,701.9597407205333,799.905963347421,176.6842990290412,274.6305216559289,4,17.043644165836653,97.94622262688769,4,SJF,bursty,3,completed,"0,3,4,6"
31,527.5404262943482,543.3832114543864,565.3452222977292,15.842785160038147,37.80479600338094,2,48.363241495059434,21.96201084334282,4,SJF,bursty,3,completed,"3,4"
32,554.6172585790968,565.3452222977292,655.073068107292,10.727963718632395,100.45580952819523,3,32.31405757093004,89.72784580956285,5,SJF,bursty,3,completed,"0,3,4"
33,617.839120947061,2038.242505824899,2200.1179872108755,1420.4033848778379,1582.2788662638145,3,23.687588986336838,161.8754813859767,3,SJF,bursty,3,completed,"4,5,7"
34,631.7233230825263,655.073068107292,701.9597407205333,23.34974502476564,70.23641763800697,2,38.39216475187111,46.886672613241274,2,SJF,bursty,3,completed,"0,3"
35,704.5850516780206,762.6941292272321,923.9159934125323,58.10907754921152,219.33094173451173,1,58.50677192834088,161.2218641853002,4,SJF,bursty,3,completed,2
36,863.1597761792813,923.9159934125323,1086.7243660222196,60.75621723325105,223.5645898429383,1,42.992649935428254,162.80837260968727,1,SJF,bursty,3,completed,2
37,870.1805478849143,909.9009184541505,1044.0057484643273,39.72037056923625,173.82520057941304,4,31.225508156244373,134.10483001017684,2,SJF,bursty,3,completed,"0,3,4,6"
38,955.1708677661436,1224.9012950090794,1347.0802672663576,269.7304272429358,391.909399500214,3,33.26595829404171,122.17897225727828,4,SJF,bursty,3,completed,"1,5,7"
39,980.6660598258377,1116.3986379580479,1240.7304097557198,135.73257813221016,260.06434992988216,2,27.77487650666867,124.33177179767188,4,SJF,bursty,3,completed,"0,3"
40,988.4888046126299,1123.0380906431446,1224.9012950090794,134.54928603051474,236.41249039644947,3,47.05361339980349,101.86320436593469,3,SJF,bursty,3,completed,"1,5,7"
41,988.8023487255624,3056.5928962858147,3224.18671061661,2067.7905475602524,2235.384361891048,3,32.32652436262812,167.59381433079517,2,SJF,bursty,3,completed,"0,2,3"
42,992.4674490505563,1044.0057484643273,1065.9502096006668,51.53829941377103,73.48276055011047,4,16.304957627120245,21.944461136339477,1,SJF,bursty,3,completed,"0,3,4,6"
43,993.9977337239261,1065.9502096006668,1123.7849313240806,71.95247587674066,129.7871976001545,2,63.36429682637445,57.834721723413836,5,SJF,bursty,3,completed,"4,6"
44,1000.290299976856,1086.7243660222196,1202.7551592741506,86.43406604536358,202.46485929729465,1,19.108843486685032,116.03079325193099,2,SJF,bursty,3,completed,2
45,1003.1835590032201,1069.4854011058733,1123.0380906431446,66.30184210265315,119.85453163992452,3,53.952262854086676,53.55268953727128,3,SJF,bursty,3,completed,"1,5,7"
46,1013.8191224908685,2454.217300904554,2603.4759908087763,1440.3981784136856,1589.6568683179078,4,33.98128486223156,149.25868990422205,5,SJF,bursty,3,completed,"2,3,4,5"
47,1014.3333652878783,1275.0386206722121,1374.8487727270945,260.7052553843338,360.5154074392161,4,59.0020127705134,99.81015205488222,5,SJF,bursty,3,completed,"0,2,3,4"
48,1030.0045355062146,1065.9502096006668,1116.3986379580479,35.945674094452215,86.3941024518333,2,39.417721848033985,50.448428357381076,4,SJF,bursty,3,completed,"0,3"
49,1127.8677462821227,2278.4099922508412,2443.8337438043827,1150.5422459687186,1315.96599752226,3,59.89067562193887,165.4237515535414,3,SJF,bursty,3,completed,"0,1,7"
50,1167.5948961286167,1202.7551592741506,1275.0386206722121,35.16026314553392,107.44372454359541,3,45.147928930177514,72.2834613980614,1,SJF,bursty,3,completed,"2,4,6"
51,1187.19918771962,1891.0486747525006,2038.242505824899,703.8494870328805,851.0433181052788,4,15.808631279669667,147.1938310723984,1,SJF,bursty,3,completed,"0,4,5,7"
52,1307.9847867175317,1307.9847867175317,1389.3480496503753,0.0,81.36326293284355,1,37.133478914012414,81.36326293284367,5,SJF,bursty,3,completed,6
53,1310.9022409448896,1374.8487727270945,1514.3277264259395,63.94653178220483,203.42548548104992,4,54.44038749438158,139.4789536988452,3,SJF,bursty,3,completed,"0,2,3,4"
54,1349.8855035614233,1732.2159040791914,1891.0486747525006,382.3304005177681,541.1631711910773,3,19.90169020475288,158.83277067330903,1,SJF,bursty,3,completed,"4,5,7"
55,1378.4919593905586,1389.3480496503753,1533.751640051561,10.85609025981671,155.25968066100245,1,44.83275869436172,144.40359040118574,3,SJF,bursty,3,completed,6
56,1383.0777107445392,1506.7226772876334,1614.0254324885066,123.64496654309414,230.94772174396735,2,49.09811688934824,107.3027552008732,4,SJF,bursty,3,completed,"5,7"
57,1394.7965973584328,3320.8292164871523,3499.795398461388,1926.0326191287195,2104.998801102955,3,18.477280892389352,178.96618197423538,2,SJF,bursty,3,completed,"1,4,5"
58,1405.902571315501,1969.998032274379,2130.902708337654,564.095460958878,725.000137022153,3,46.691080843622046,160.9046760632751,1,SJF,bursty,3,completed,"2,3,6"
59,1418.206133711959,1514.3277264259395,1598.207217543906,96.12159271398059,180.00108383194697,4,10.718250407962639,83.87949111796635,2,SJF,bursty,3,completed,"0,2,3,4"
60,1438.4878890357063,1506.7226772876334,1595.1092107960505,68.23478825192706,156.62132176034424,1,33.84900253631385,88.38653350841722,2,SJF,bursty,3,completed,1
61,1445.5389187021392,1533.751640051561,1704.795571573567,88.21272134942183,259.25665287142783,1,14.68225600723841,171.04393152200603,5,SJF,bursty,3,completed,6
62,1532.4696817866802,1598.207217543906,1671.487328294668,65.73753575722571,139.01764650798782,3,60.54134834088195,73.28011075076212,1,SJF,bursty,3,completed,"0,2,3"
63,1569.4385991051884,1595.1092107960505,1686.6733508168347,25.670611690862188,117.23475171164637,1,8.173232710693632,91.56414002078424,4,SJF,bursty,3,completed,1
64,1572.500543716905,1704.795571573567,1853.8146044503162,132.29502785666205,281.3140607334112,2,43.18619929300279,149.0190328767491,4,SJF,bursty,3,completed,"1,6"
65,1606.4966344665183,1614.0254324885066,1732.2159040791914,7.528798021988223,125.71926961267309,2,30.46722773691027,118.19047159068496,1,SJF,bursty,3,completed,"4,5"
66,1640.852544846932,1640.852544846932,1727.4505784050805,0.0,86.59803355814847,1,54.79691098654157,86.59803355814851,1,SJF,bursty,3,completed,7
67,1642.413672228638,1671.487328294668,1795.6344265959767,29.073656066030026,153.2207543673387,3,20.45789866042122,124.14709830130877,2,SJF,bursty,3,completed,"0,2,3"
68,1762.3349703055414,1795.6344265959767,1864.2611901699008,33.29945629043527,101.92621986435938,1,21.689434695699855,68.6267635739241,1,SJF,bursty,3,completed,0
69,1767.0226687966517,1795.6344265959767,1910.4244240626792,28.611757799325005,143.40175526602752,2,48.913956326651125,114.78999746670242,2,SJF,bursty,3,completed,"2,3"
70,1800.1324284150196,1853.8146044503162,1920.927517729935,53.68217603529661,120.79508931491546,2,47.254732918264764,67.11291327961894,5,SJF,bursty,3,completed,"1,6"
71,1911.1910673893462,1911.1910673893462,1969.998032274379,0.0,58.80696488503281,2,14.90171177055205,58.80696488503284,2,SJF,bursty,3,completed,"2,3"
72,1969.5517116821866,1969.5517116821866,2036.8953105573958,0.0,67.34359887520918,1,48.9357957667986,67.34359887520908,4,SJF,bursty,3,completed,1
73,1975.7430046894453,3147.4725247692877,3320.8292164871523,1171.7295200798424,1345.086211797707,3,52.96201351516523,173.35669171786438,2,SJF,bursty,3,completed,"1,4,5"
74,2002.7006686414497,2278.856545049893,2420.3299084438163,276.1558764084434,417.62923980236656,4,11.991051972688975,141.47336339392317,1,SJF,bursty,3,completed,"2,3,5,6"
75,2021.526931362953,2038.242505824899,2159.613012018917,16.715574461945835,138.08608065596377,2,31.80067283002738,121.37050619401808,3,SJF,bursty,3,completed,"0,1"
76,2073.4458477700523,3224.18671061661,3398.076372414895,1150.7408628465578,1324.6305246448428,3,11.911506134500172,173.8896617982852,4,SJF,bursty,3,completed,"0,2,3"
77,2113.016525618677,2130.902708337654,2226.0328672889445,17.886182718977125,113.0163416702676,3,31.332570647067072,95.13015895129064,5,SJF,bursty,3,completed,"2,3,6"
78,2141.641081341134,2226.0328672889445,2278.856545049893,84.3917859478106,137.21546370875922,4,40.89914084083735,52.823677760948456,2,SJF,bursty,3,completed,"2,3,5,6"
79,2177.4208051716932,2177.4208051716932,2278.4099922508412,0.0,100.989187079148,2,58.642718058212964,100.98918707914792,3,SJF,bursty,3,completed,"0,1"
80,2199.012101861351,2200.1179872108755,2361.4808057152622,1.1058853495246694,162.4687038539114,1,18.03479683371824,161.36281850438675,5,SJF,bursty,3,completed,4
81,2299.062568122615,2443.8337438043827,2579.0719218306995,144.77117568176755,280.0093537080843,3,19.920248351378547,135.23817802631652,1,SJF,bursty,3,completed,"0,1,7"
82,2339.60544237,2420.3299084438163,2454.217300904554,80.72446607381607,114.6118585345539,4,14.65910345216873,33.8873924607379,2,SJF,bursty,3,completed,"2,3,4,5"
83,2427.6357696556565,2427.6357696556565,2456.650691005134,0.0,29.01492134947739,1,9.106883882041956,29.014921349477447,4,SJF,bursty,3,completed,6
84,2534.3892427896803,2579.0719218306995,2658.341507948424,44.68267904101913,123.95226515874356,4,51.800410175635534,79.26958611772437,5,SJF,bursty,3,completed,"0,1,6,7"
85,2577.5932584986563,2603.4759908087763,2749.499251087089,25.88273231011999,171.90599258843258,3,56.56201488986389,146.02326027831276,1,SJF,bursty,3,completed,"3,4,5"
86,2593.5966002175924,2603.4759908087763,2707.5188693696596,9.879390591183892,113.9222691520672,1,37.70150469885175,104.04287856088314,4,SJF,bursty,3,completed,2
87,2608.336784615856,2658.341507948424,2691.786507634411,50.00472333256812,83.44972301855523,4,37.248269476960424,33.44499968598731,5,SJF,bursty,3,completed,"0,1,6,7"
88,2613.565780349849,2750.5334310448034,2887.762080265657,136.9676506949545,274.19629991580814,2,41.35101148259429,137.22864922085373,1,SJF,bursty,3,completed,"1,6"
89,2624.069447720625,2707.5188693696596,2774.590273580469,83.44942164903478,150.52082585984408,2,49.597861267228694,67.07140421080945,4,SJF,bursty,3,completed,"2,7"
90,2624.398462274308,2878.19898248797,2957.814501442728,253.80052021366237,333.4160391684204,3,22.859027393693047,79.61551895475819,2,SJF,bursty,3,completed,"0,3,4"
91,2635.8252293005844,2691.786507634411,2735.4389760787244,55.96127833382661,99.61374677814001,1,54.71174608241419,43.6524684443134,2,SJF,bursty,3,completed,0
92,2638.684812459948,2749.499251087089,2833.166652809835,110.81443862714104,194.48184034988708,2,47.98821660911609,83.66740172274595,2,SJF,bursty,3,completed,"4,5"
93,2640.999826793306,2774.590273580469,2937.5984612041025,133.59044678716282,296.5986344107964,2,62.56946425746053,163.0081876236336,2,SJF,bursty,3,completed,"2,7"
94,2645.2899289283605,2957.814501442728,3056.5928962858147,312.5245725143677,411.30296735745424,4,16.699283578652704,98.77839484308643,2,SJF,bursty,3,completed,"0,2,3,4"
95,2655.5648392470634,3032.8430308241595,3147.4725247692877,377.2781915770961,491.90768552222426,4,27.41671597395581,114.62949394512822,3,SJF,bursty,3,completed,"1,5,6,7"
96,2684.967936591208,2691.786507634411,2750.5334310448034,6.818571043203065,65.56549445359542,2,53.61898359084092,58.74692341039221,4,SJF,bursty,3,completed,"1,6"
97,2728.17859338837,2749.499251087089,2779.8683097058943,21.32065769871906,51.68971631752447,2,11.25338249047067,30.36905861880541,4,SJF,bursty,3,completed,"0,3"
98,2779.4305584793724,2887.762080265657,3032.8430308241595,108.33152178628461,253.41247234478715,3,14.516936072714497,145.0809505585023,1,SJF,bursty,3,completed,"1,5,6"
99,2786.055027429387,2786.055027429387,2878.19898248797,0.0,92.14395505858329,2,35.59794508474134,92.14395505858319,2,SJF,bursty,3,completed,"0,3"
0,3.498852395298096,3.498852395298096,116.68549723877923,0.0,113.18664484348113,2,42.644766563268526,113.18664484348113,2,Priority,bursty,3,completed,"0,1"
1,8.999222634751547,8.999222634751547,91.37600247158669,0.0,82.37677983683514,3,32.77538848730869,82.37677983683514,1,Priority,bursty,3,completed,"2,3,4"
2,9.857957182672353,9.857957182672353,56.89126477627191,0.0,47.03330759359956,2,12.935439253381602,47.03330759359956,4,Priority,bursty,3,completed,"5,6"
3,10.502545990352056,56.89126477627191,183.34673360534703,46.388718785919856,172.84418761499498,2,30.65724881547767,126.4554688290751,3,Priority,bursty,3,completed,"5,6"
4,11.588912275517089,11.588912275517089,180.6841799977883,0.0,169.09526772227122,1,19.044251027319774,169.09526772227122,2,Priority,bursty,3,completed,7
5,11.845395450610614,116.68549723877923,181.46856192969335,104.84010178816862,169.62316647908273,2,16.235601216261138,64.78306469091413,2,Priority,bursty,3,completed,"0,1"
6,14.34779936800733,177.80234053292327,283.6129727031495,163.45454116491595,269.2651733351422,2,20.606495588924247,105.81063217022624,2,Priority,bursty,3,completed,"2,3"
7,14.513569466468041,91.37600247158669,177.80234053292327,76.86243300511865,163.28877106645524,3,15.057055684846194,86.42633806133657,5,Priority,bursty,3,completed,"2,3,4"
8,24.03254728169489,183.34673360534703,363.31521813097874,159.31418632365214,339.2826708492838,4,57.54403901918289,179.9684845256317,4,Priority,bursty,3,completed,"0,1,5,6"
9,69.93777787082426,177.80234053292327,338.794425129002,107.864562662099,268.8566472581777,1,38.088672567929706,160.99208459607868,1,Priority,bursty,3,completed,4
10,88.36692306983727,180.6841799977883,228.50999589991528,92.31725692795104,140.143072830078,1,40.94441672792435,47.82581590212699,1,Priority,bursty,3,completed,7
11,161.018906701885,490.37722983212655,596.5033406578352,329.35832313024156,435.48443395595024,4,60.50733794470708,106.12611082570866,4,Priority,bursty,3,completed,"0,1,4,5"
12,193.43568215991422,829.4038511553603,915.9161589824358,635.968168995446,722.4804768225216,2,11.598018012290359,86.51230782707557,1,Priority,bursty,3,completed,"5,6"
13,246.4646511208183,363.31521813097874,490.37722983212655,116.85056701016043,243.91257871130824,4,21.25894766953854,127.06201170114784,5,Priority,bursty,3,completed,"0,1,4,5"
14,256.79635153934987,283.6129727031495,416.23522998749945,26.816621163799653,159.43887844814958,3,22.84869064940966,132.62225728434993,3,Priority,bursty,3,completed,"2,3,7"
15,263.1437523950744,1522.8955497917443,1665.3451991945758,1259.7517973966699,1402.2014467995014,3,28.82533315573139,142.4496494028316,2,Priority,bursty,3,completed,"2,3,5"
16,295.0874216088438,416.23522998749945,518.8433149747204,121.14780837865567,223.75589336587666,2,51.899439413483336,102.60808498722099,3,Priority,bursty,3,completed,"2,3"
17,338.52309762805436,2489.2681607738364,2648.910570795112,2150.745063145782,2310.3874731670576,3,32.84707815512868,159.64241002127585,1,Priority,bursty,3,completed,"0,4,5"
18,361.86563085156365,692.8344159907125,713.0181621897361,330.96878513914885,351.1525313381725,2,62.02967077686228,20.183746199023584,3,Priority,bursty,3,completed,"2,3"
19,382.38744255368033,699.6196973443988,829.4038511553603,317.23225479071846,447.0164086016799,2,51.06680863472193,129.78415381096147,2,Priority,bursty,3,completed,"5,6"
20,403.451906202659,403.451906202659,563.6808506918943,0.0,160.2289444892353,1,45.16960968865809,160.22894448923526,3,Priority,bursty,3,completed,6
21,424.3066343753197,975.2163008487561,1085.2112559554857,550.9096664734363,660.9046215801661,4,38.64479929242441,109.99495510672959,4,Priority,bursty,3,completed,"0,1,4,5"
22,425.783440615019,686.2311864673981,813.3408194627793,260.44774585237906,387.55737884776033,3,26.13908294823262,127.10963299538122,4,Priority,bursty,3,completed,"0,1,4"
23,502.8146103447094,502.8146103447094,599.6506321700779,0.0,96.83602182536845,1,52.01100432770788,96.83602182536846,4,Priority,bursty,3,completed,7
24,506.4582077998119,632.095100708461,789.3252276584566,125.63689290864914,282.8670198586447,1,38.06760767972422,157.23012694999554,1,Priority,bursty,3,completed,7
25,514.1117951985766,563.6808506918943,646.2326569291764,49.569055493317705,132.1208617305998,1,44.034457431617476,82.55180623728215,4,Priority,bursty,3,completed,6
26,514.6259641191978,599.6506321700779,632.095100708461,85.02466805088011,117.46913658926326,1,48.25878809270528,32.444468538383134,2,Priority,bursty,3,completed,7
27,516.5627010285989,518.8433149747204,692.8344159907125,2.280613946121548,176.2717149621136,2,57.07223508565581,173.99110101599203,5,Priority,bursty,3,completed,"2,3"
28,516.8828864005758,836.2119002716979,999.2553973288522,319.32901387112213,482.37251092827637,2,14.46114071086464,163.04349705715427,1,Priority,bursty,3,completed,"3,7"
29,519.957213514415,596.5033406578352,677.657686501056,76.54612714342022,157.700472986641,1,23.14020559218224,81.15434584322075,3,Priority,bursty,3,completed,5
30,525.2754416914921,1234.4699458597079,1332.4161684865956,709.1945041682158,807.1407267951034,4,17.043644165836653,97.94622262688769,4,Priority,bursty,3,completed,"0,1,4,5"
31,527.5404262943482,677.657686501056,699.6196973443988,150.11726020670778,172.07927105005058,2,48.363241495059434,21.96201084334282,4,Priority,bursty,3,completed,"5,6"
32,554.6172585790968,596.5033406578352,686.2311864673981,41.88608207873847,131.6139278883013,3,32.31405757093004,89.72784580956285,5,Priority,bursty,3,completed,"0,1,4"
33,617.839120947061,813.3408194627793,975.2163008487561,195.50169851571832,357.37717990169506,3,23.687588986336838,161.8754813859767,3,Priority,bursty,3,completed,"0,1,4"
34,631.7233230825263,789.3252276584566,836.2119002716979,157.60190457593023,204.48857718917156,2,38.39216475187111,46.886672613241274,2,Priority,bursty,3,completed,"3,7"
35,704.5850516780206,713.0181621897361,874.2400263750363,8.43311051171554,169.65497469701575,1,58.50677192834088,161.2218641853002,4,Priority,bursty,3,completed,2
36,863.1597761792813,874.2400263750363,1037.0483989847237,11.08025019575507,173.88862280544242,1,42.992649935428254,162.80837260968727,1,Priority,bursty,3,completed,2
37,870.1805478849143,1893.98320818336,2028.0880381935367,1023.8026602984456,1157.9074903086225,4,31.225508156244373,134.10483001017684,2,Priority,bursty,3,completed,"0,1,4,6"
38,955.1708677661436,1057.090119052266,1179.2690913095441,101.91925128612229,224.09822354340054,3,33.26595829404171,122.17897225727828,4,Priority,bursty,3,completed,"2,3,6"
39,980.6660598258377,1279.0792433644265,1403.4110151620985,298.4131835385888,422.7449553362608,2,27.77487650666867,124.33177179767188,4,Priority,bursty,3,completed,"2,3"
40,988.4888046126299,1332.4161684865956,1434.2793728525303,343.92736387396565,445.7905682399004,3,47.05361339980349,101.86320436593469,3,Priority,bursty,3,completed,"0,1,4"
41,988.8023487255624,1665.3451991945758,1832.939013525371,676.5428504690134,844.1366647998085,3,32.32652436262812,167.59381433079517,2,Priority,bursty,3,completed,"2,3,5"
42,992.4674490505563,2518.0208477126853,2539.965308849025,1525.553398662129,1547.4978597984687,4,16.304957627120245,21.944461136339477,1,Priority,bursty,3,completed,"1,2,3,6"
43,993.9977337239261,999.2553973288522,1057.090119052266,5.2576636049260514,63.09238532833979,2,63.36429682637445,57.834721723413836,5,Priority,bursty,3,completed,"3,6"
44,1000.290299976856,1000.290299976856,1116.321093228787,0.0,116.03079325193107,1,19.108843486685032,116.03079325193099,2,Priority,bursty,3,completed,7
45,1003.1835590032201,1434.2793728525303,1487.8320623898016,431.09581384931016,484.6485033865815,3,53.952262854086676,53.55268953727128,3,Priority,bursty,3,completed,"0,1,4"
46,1013.8191224908685,1085.2112559554857,1234.4699458597079,71.39213346461725,220.65082336883938,4,33.98128486223156,149.25868990422205,5,Priority,bursty,3,completed,"0,1,4,5"
47,1014.3333652878783,1179.2690913095441,1279.0792433644265,164.9357260216658,264.74587807654814,4,59.0020127705134,99.81015205488222,5,Priority,bursty,3,completed,"2,3,6,7"
48,1030.0045355062146,1279.0792433644265,1329.5276717218076,249.07470785821192,299.523136215593,2,39.417721848033985,50.448428357381076,4,Priority,bursty,3,completed,"6,7"
49,1127.8677462821227,1487.8320623898016,1653.2558139433431,359.964316107679,525.3880676612205,3,59.89067562193887,165.4237515535414,3,Priority,bursty,3,completed,"0,1,4"
50,1167.5948961286167,2992.8284764330983,3065.1119378311596,1825.2335803044816,1897.5170417025429,3,45.147928930177514,72.2834613980614,1,Priority,bursty,3,completed,"0,1,2"
51,1187.19918771962,2994.0819960742147,3141.275827146613,1806.8828083545945,1954.076639426993,4,15.808631279669667,147.1938310723984,1,Priority,bursty,3,completed,"3,4,5,6"
52,1307.9847867175317,1329.5276717218076,1410.8909346546511,21.54288500427583,102.90614793711939,1,37.133478914012414,81.36326293284367,5,Priority,bursty,3,completed,6
53,1310.9022409448896,1832.939013525371,1972.4179672242162,522.0367725804813,661.5157262793266,4,54.44038749438158,139.4789536988452,3,Priority,bursty,3,completed,"2,3,5,7"
54,1349.8855035614233,3065.1119378311596,3223.9447085044685,1715.2264342697363,1874.0592049430452,3,19.90169020475288,158.83277067330903,1,Priority,bursty,3,completed,"0,1,2"
55,1378.4919593905586,1378.4919593905586,1522.8955497917443,0.0,144.40359040118574,1,44.83275869436172,144.40359040118574,3,Priority,bursty,3,completed,5
56,1383.0777107445392,1403.4110151620985,1510.7137703629717,20.333304417559248,127.63605961843245,2,49.09811688934824,107.3027552008732,4,Priority,bursty,3,completed,"2,3"
57,1394.7965973584328,1972.4179672242162,2151.3841491984517,577.6213698657834,756.5875518400189,3,18.477280892389352,178.96618197423538,2,Priority,bursty,3,completed,"3,5,7"
58,1405.902571315501,3141.275827146613,3302.1805032098882,1735.3732558311121,1896.2779318943872,3,46.691080843622046,160.9046760632751,1,Priority,bursty,3,completed,"3,4,5"
59,1418.206133711959,2260.7846648768545,2344.6641559948207,842.5785311648956,926.4580222828617,4,10.718250407962639,83.87949111796635,2,Priority,bursty,3,completed,"1,2,3,4"
60,1438.4878890357063,1438.4878890357063,1526.8744225441235,0.0,88.38653350841719,1,33.84900253631385,88.38653350841722,2,Priority,bursty,3,completed,6
61,1445.5389187021392,1445.5389187021392,1616.5828502241452,0.0,171.043931522006,1,14.68225600723841,171.04393152200603,5,Priority,bursty,3,completed,7
62,1532.4696817866802,3223.9447085044685,3297.2248192552306,1691.4750267177883,1764.7551374685504,3,60.54134834088195,73.28011075076212,1,Priority,bursty,3,completed,"0,1,2"
63,1569.4385991051884,1569.4385991051884,1661.0027391259725,0.0,91.56414002078418,1,8.173232710693632,91.56414002078424,4,Priority,bursty,3,completed,6
64,1572.500543716905,1653.2558139433431,1802.2748468200923,80.75527022643814,229.77430310318732,2,43.18619929300279,149.0190328767491,4,Priority,bursty,3,completed,"0,1"
65,1606.4966344665183,1661.0027391259725,1779.1932107166574,54.506104659454195,172.69657625013906,2,30.46722773691027,118.19047159068496,1,Priority,bursty,3,completed,"4,6"
66,1640.852544846932,1640.852544846932,1727.4505784050805,0.0,86.59803355814847,1,54.79691098654157,86.59803355814851,1,Priority,bursty,3,completed,7
67,1642.413672228638,2278.4099922508412,2402.55709055215,635.9963200222032,760.1434183235119,3,20.45789866042122,124.14709830130877,2,Priority,bursty,3,completed,"5,6,7"
68,1762.3349703055414,1762.3349703055414,1830.9617338794656,0.0,68.62676357392411,1,21.689434695699855,68.6267635739241,1,Priority,bursty,3,completed,7
69,1767.0226687966517,1779.1932107166574,1893.98320818336,12.17054192000569,126.9605393867082,2,48.913956326651125,114.78999746670242,2,Priority,bursty,3,completed,"4,6"
70,1800.1324284150196,1802.2748468200923,1869.3877600997112,2.1424184050727035,69.25533168469155,2,47.254732918264764,67.11291327961894,5,Priority,bursty,3,completed,"0,1"
71,1911.1910673893462,2028.0880381935367,2086.8950030785695,116.89697080419046,175.70393568922327,2,14.90171177055205,58.80696488503284,2,Priority,bursty,3,completed,"4,6"
72,1969.5517116821866,1972.4179672242162,2039.7615660994254,2.8662555420296485,70.20985441723883,1,48.9357957667986,67.34359887520908,4,Priority,bursty,3,completed,2
73,1975.7430046894453,2344.6641559948207,2518.0208477126853,368.92115130537536,542.2778430232399,3,52.96201351516523,173.35669171786438,2,Priority,bursty,3,completed,"1,2,3"
74,2002.7006686414497,3297.2248192552306,3438.6981826491538,1294.5241506137809,1435.997514007704,4,11.991051972688975,141.47336339392317,1,Priority,bursty,3,completed,"0,1,2,6"
75,2021.526931362953,2028.0880381935367,2149.458544387555,6.56110683058364,127.9316130246018,2,31.80067283002738,121.37050619401808,3,Priority,bursty,3,completed,"0,1"
76,2073.4458477700523,2086.8950030785695,2260.7846648768545,13.44915530851722,187.33881710680225,3,11.911506134500172,173.8896617982852,4,Priority,bursty,3,completed,"2,4,6"
77,2113.016525618677,2151.3841491984517,2246.514308149742,38.36762357977477,133.49778253106524,3,31.332570647067072,95.13015895129064,5,Priority,bursty,3,completed,"0,1,3"
78,2141.641081341134,2402.55709055215,2455.3807683130985,260.916009211016,313.7396869719646,4,40.89914084083735,52.823677760948456,2,Priority,bursty,3,completed,"4,5,6,7"
79,2177.4208051716932,2177.4208051716932,2278.4099922508412,0.0,100.989187079148,2,58.642718058212964,100.98918707914792,3,Priority,bursty,3,completed,"5,7"
80,2199.012101861351,2246.514308149742,2407.877126654129,47.502206288391335,208.86502479277806,1,18.03479683371824,161.36281850438675,5,Priority,bursty,3,completed,0
81,2299.062568122615,3302.1805032098882,3437.418681236205,1003.117935087273,1138.3561131135898,3,19.920248351378547,135.23817802631652,1,Priority,bursty,3,completed,"3,4,5"
82,2339.60544237,2455.3807683130985,2489.2681607738364,115.77532594309832,149.66271840383615,4,14.65910345216873,33.8873924607379,2,Priority,bursty,3,completed,"4,5,6,7"
83,2427.6357696556565,2427.6357696556565,2456.650691005134,0.0,29.01492134947739,1,9.106883882041956,29.014921349477447,4,Priority,bursty,3,completed,0
84,2534.3892427896803,2539.965308849025,2619.2348949667494,5.576066059344612,84.84565217706904,4,51.800410175635534,79.26958611772437,5,Priority,bursty,3,completed,"1,2,3,6"
85,2577.5932584986563,3437.418681236205,3583.4419415145176,859.8254227375487,1005.8486830158613,3,56.56201488986389,146.02326027831276,1,Priority,bursty,3,completed,"3,4,5"
86,2593.5966002175924,2593.5966002175924,2697.6394787784757,0.0,104.04287856088331,1,37.70150469885175,104.04287856088314,4,Priority,bursty,3,completed,7
87,2608.336784615856,2619.2348949667494,2652.6798946527365,10.898110350893603,44.34311003688072,4,37.248269476960424,33.44499968598731,5,Priority,bursty,3,completed,"1,2,3,6"
88,2613.565780349849,2751.309962649818,2888.5386118706715,137.744182299969,274.97283152082264,2,41.35101148259429,137.22864922085373,1,Priority,bursty,3,completed,"5,6"
89,2624.069447720625,2648.910570795112,2715.9819750059214,24.841123074487314,91.91252728529662,2,49.597861267228694,67.07140421080945,4,Priority,bursty,3,completed,"0,4"
90,2624.398462274308,2652.6798946527365,2732.2954136074945,28.28143237842869,107.89695133318673,3,22.859027393693047,79.61551895475819,2,Priority,bursty,3,completed,"1,2,3"
91,2635.8252293005844,2648.910570795112,2692.5630392394255,13.085341494527711,56.73780993884111,1,54.71174608241419,43.6524684443134,2,Priority,bursty,3,completed,5
92,2638.684812459948,2715.9819750059214,2799.6493767286674,77.2971625459736,160.96456426871964,2,47.98821660911609,83.66740172274595,2,Priority,bursty,3,completed,"0,4"
93,2640.999826793306,2732.2954136074945,2895.303601231128,91.29558681418848,254.30377443782209,2,62.56946425746053,163.0081876236336,2,Priority,bursty,3,completed,"3,7"
94,2645.2899289283605,2895.303601231128,2994.0819960742147,250.01367230276765,348.79206714585416,4,16.699283578652704,98.77839484308643,2,Priority,bursty,3,completed,"3,5,6,7"
95,2655.5648392470634,2878.19898248797,2992.8284764330983,222.63414324090672,337.2636371860349,4,27.41671597395581,114.62949394512822,3,Priority,bursty,3,completed,"0,1,2,4"
96,2684.967936591208,2692.5630392394255,2751.309962649818,7.595102648217562,66.34202605860992,2,53.61898359084092,58.74692341039221,4,Priority,bursty,3,completed,"5,6"
97,2728.17859338837,2732.2954136074945,2762.6644722263,4.116820219124747,34.48587883793016,2,11.25338249047067,30.36905861880541,4,Priority,bursty,3,completed,"1,2"
98,2779.4305584793724,3438.6981826491538,3583.779133207656,659.2676241697814,804.3485747282834,3,14.516936072714497,145.0809505585023,1,Priority,bursty,3,completed,"0,1,2"
99,2786.055027429387,2786.055027429387,2878.19898248797,0.0,92.14395505858329,2,35.59794508474134,92.14395505858319,2,Priority,bursty,3,completed,"1,2"
0,3.498852395298096,3.498852395298096,116.68549723877923,0.0,113.18664484348113,2,42.644766563268526,113.18664484348113,2,BestFit,bursty,3,completed,"0,1"
1,8.999222634751547,8.999222634751547,91.37600247158669,0.0,82.37677983683514,3,32.77538848730869,82.37677983683514,1,BestFit,bursty,3,completed,"2,3,4"
2,9.857957182672353,9.857957182672353,56.89126477627191,0.0,47.03330759359956,2,12.935439253381602,47.03330759359956,4,BestFit,bursty,3,completed,"5,6"
3,10.502545990352056,121.67432946718604,248.12979829626113,111.17178347683398,237.62725230590908,2,30.65724881547767,126.4554688290751,3,BestFit,bursty,3,completed,"4,5"
4,11.588912275517089,11.588912275517089,180.6841799977883,0.0,169.09526772227122,1,19.044251027319774,169.09526772227122,2,BestFit,bursty,3,completed,7
5,11.845395450610614,56.89126477627191,121.67432946718604,45.0458693256613,109.82893401657543,2,16.235601216261138,64.78306469091413,2,BestFit,bursty,3,completed,"5,6"
6,14.34779936800733,116.68549723877923,222.49612940900548,102.3376978707719,208.14833004099813,2,20.606495588924247,105.81063217022624,2,BestFit,bursty,3,completed,"0,1"
7,14.513569466468041,180.6841799977883,267.11051805912484,166.17061053132028,252.59694859265682,3,15.057055684846194,86.42633806133657,5,BestFit,bursty,3,completed,"2,6,7"
8,24.03254728169489,3413.347841480322,3593.3163260059537,3389.3152941986273,3569.283778724259,4,57.54403901918289,179.9684845256317,4,BestFit,bursty,3,completed,"2,3,6,7"
9,69.93777787082426,91.37600247158669,252.36808706766539,21.438224600762425,182.4303091968411,1,38.088672567929706,160.99208459607868,1,BestFit,bursty,3,completed,3
10,88.36692306983727,91.37600247158669,139.20181837371368,3.0090794017494176,50.83489530387641,1,40.94441672792435,47.82581590212699,1,BestFit,bursty,3,completed,2
11,161.018906701885,2307.8483968822356,2413.974507707944,2146.8294901803506,2252.955601006059,4,60.50733794470708,106.12611082570866,4,BestFit,bursty,3,completed,"0,1,2,5"
12,193.43568215991422,222.49612940900548,309.008437236081,29.060447249091254,115.5727550761668,2,11.598018012290359,86.51230782707557,1,BestFit,bursty,3,completed,"0,1"
13,246.4646511208183,2456.650691005134,2583.7127027062816,2210.1860398843155,2337.248051585463,4,21.25894766953854,127.06201170114784,5,BestFit,bursty,3,completed,"4,5,6,7"
14,256.79635153934987,256.79635153934987,389.4186088236998,0.0,132.62225728434993,3,22.84869064940966,132.62225728434993,3,BestFit,bursty,3,completed,"3,4,5"
15,263.1437523950744,267.11051805912484,409.56016746195644,3.966765664050456,146.41641506688205,3,28.82533315573139,142.4496494028316,2,BestFit,bursty,3,completed,"2,6,7"
16,295.0874216088438,309.008437236081,411.616522223302,13.921015627237239,116.52910061445823,2,51.899439413483336,102.60808498722099,3,BestFit,bursty,3,completed,"0,1"
17,338.52309762805436,409.6023550227234,569.2447650439992,71.07925739466901,230.72166741594486,3,32.84707815512868,159.64241002127585,1,BestFit,bursty,3,completed,"3,4,7"
18,361.86563085156365,389.4186088236998,409.6023550227234,27.552977972136148,47.73672417115972,2,62.02967077686228,20.183746199023584,3,BestFit,bursty,3,completed,"3,4"
19,382.38744255368033,409.56016746195644,539.3443212729179,27.17272490827611,156.95687871923758,2,51.06680863472193,129.78415381096147,2,BestFit,bursty,3,completed,"2,6"
20,403.451906202659,403.451906202659,563.6808506918943,0.0,160.2289444892353,1,45.16960968865809,160.22894448923526,3,BestFit,bursty,3,completed,5
21,424.3066343753197,2447.861900168682,2557.856855275412,2023.5552657933624,2133.550220900092,4,38.64479929242441,109.99495510672959,4,BestFit,bursty,3,completed,"0,1,2,3"
22,425.783440615019,765.1978769033341,892.3075098987154,339.4144362883151,466.52406928369635,3,26.13908294823262,127.10963299538122,4,BestFit,bursty,3,completed,"2,3,4"
23,502.8146103447094,502.8146103447094,599.6506321700779,0.0,96.83602182536845,1,52.01100432770788,96.83602182536846,4,BestFit,bursty,3,completed,0
24,506.4582077998119,506.4582077998119,663.6883347498074,0.0,157.2301269499955,1,38.06760767972422,157.23012694999554,1,BestFit,bursty,3,completed,1
25,514.1117951985766,563.6808506918943,646.2326569291764,49.569055493317705,132.1208617305998,1,44.034457431617476,82.55180623728215,4,BestFit,bursty,3,completed,5
26,514.6259641191978,539.3443212729179,571.7887898113011,24.71835715372015,57.1628256921033,1,48.25878809270528,32.444468538383134,2,BestFit,bursty,3,completed,2
27,516.5627010285989,591.206775887342,765.1978769033341,74.64407485874312,248.63517587473518,2,57.07223508565581,173.99110101599203,5,BestFit,bursty,3,completed,"3,4"
28,516.8828864005758,571.7887898113011,734.8322868684553,54.90590341072527,217.9494004678795,2,14.46114071086464,163.04349705715427,1,BestFit,bursty,3,completed,"2,7"
29,519.957213514415,539.3443212729179,620.4986671161387,19.387107758502907,100.54145360172367,1,23.14020559218224,81.15434584322075,3,BestFit,bursty,3,completed,6
30,525.2754416914921,892.3075098987154,990.253732525603,367.03206820722323,464.9782908341109,4,17.043644165836653,97.94622262688769,4,BestFit,bursty,3,completed,"2,3,4,6"
31,527.5404262943482,569.2447650439992,591.206775887342,41.704338749651015,63.66634959299381,2,48.363241495059434,21.96201084334282,4,BestFit,bursty,3,completed,"3,4"
32,554.6172585790968,678.6099956957676,768.3378415053304,123.99273711667081,213.72058292623365,3,32.31405757093004,89.72784580956285,5,BestFit,bursty,3,completed,"0,1,5"
33,617.839120947061,768.3378415053304,930.2133228913071,150.49872055826938,312.3742019442461,3,23.687588986336838,161.8754813859767,3,BestFit,bursty,3,completed,"0,1,5"
34,631.7233230825263,631.7233230825263,678.6099956957676,0.0,46.88667261324122,2,38.39216475187111,46.886672613241274,2,BestFit,bursty,3,completed,"0,6"
35,704.5850516780206,704.5850516780206,865.8069158633208,0.0,161.2218641853002,1,58.50677192834088,161.2218641853002,4,BestFit,bursty,3,completed,6
36,863.1597761792813,863.1597761792813,1025.9681487889686,0.0,162.80837260968735,1,42.992649935428254,162.80837260968727,1,BestFit,bursty,3,completed,7
37,870.1805478849143,3068.4291801026106,3202.5340101127877,2198.2486322176965,2332.3534622278735,4,31.225508156244373,134.10483001017684,2,BestFit,bursty,3,completed,"0,1,4,5"
38,955.1708677661436,955.1708677661436,1077.3498400234218,0.0,122.17897225727825,3,33.26595829404171,122.17897225727828,4,BestFit,bursty,3,completed,"0,1,5"
39,980.6660598258377,990.253732525603,1114.585504323275,9.587672699765335,133.91944449743733,2,27.77487650666867,124.33177179767188,4,BestFit,bursty,3,completed,"2,3"
40,988.4888046126299,1114.585504323275,1216.4487086892098,126.09669971064511,227.95990407657985,3,47.05361339980349,101.86320436593469,3,BestFit,bursty,3,completed,"2,3,4"
41,988.8023487255624,1288.7321700872712,1456.3259844180664,299.92982136170883,467.52363569250394,3,32.32652436262812,167.59381433079517,2,BestFit,bursty,3,completed,"2,3,4"
42,992.4674490505563,1296.3262811142347,1318.2707422505741,303.8588320636784,325.80329320001783,4,16.304957627120245,21.944461136339477,1,BestFit,bursty,3,completed,"0,1,5,6"
43,993.9977337239261,993.9977337239261,1051.83245544734,0.0,57.83472172341385,2,63.36429682637445,57.834721723413836,5,BestFit,bursty,3,completed,"4,6"
44,1000.290299976856,1025.9681487889686,1141.9989420408997,25.677848812112643,141.70864206404372,1,19.108843486685032,116.03079325193099,2,BestFit,bursty,3,completed,7
45,1003.1835590032201,1077.3498400234218,1130.9025295606932,74.16628102020172,127.71897055747309,3,53.952262854086676,53.55268953727128,3,BestFit,bursty,3,completed,"0,1,5"
46,1013.8191224908685,3344.007373506711,3493.266063410933,2330.188251015842,2479.4469409200647,4,33.98128486223156,149.25868990422205,5,BestFit,bursty,3,completed,"0,1,4,5"
47,1014.3333652878783,1318.2707422505741,1418.0808943054562,303.9373769626958,403.7475290175779,4,59.0020127705134,99.81015205488222,5,BestFit,bursty,3,completed,"0,1,5,6"
48,1030.0045355062146,1051.83245544734,1102.280883804721,21.8279199411254,72.27634829850649,2,39.417721848033985,50.448428357381076,4,BestFit,bursty,3,completed,"4,6"
49,1127.8677462821227,1130.9025295606932,1296.3262811142347,3.0347832785705577,168.45853483211204,3,59.89067562193887,165.4237515535414,3,BestFit,bursty,3,completed,"0,1,5"
50,1167.5948961286167,1216.4487086892098,1288.7321700872712,48.85381256059304,121.13727395865453,3,45.147928930177514,72.2834613980614,1,BestFit,bursty,3,completed,"2,3,4"
51,1187.19918771962,3266.1540104079236,3413.347841480322,2078.9548226883035,2226.148653760702,4,15.808631279669667,147.1938310723984,1,BestFit,bursty,3,completed,"2,3,6,7"
52,1307.9847867175317,1307.9847867175317,1389.3480496503753,0.0,81.36326293284355,1,37.133478914012414,81.36326293284367,5,BestFit,bursty,3,completed,7
53,1310.9022409448896,3126.6750567090785,3266.1540104079236,1815.7728157641889,1955.251769463034,4,54.44038749438158,139.4789536988452,3,BestFit,bursty,3,completed,"2,3,6,7"
54,1349.8855035614233,1456.3259844180664,1615.1587550913755,106.44048085664303,265.2732515299522,3,19.90169020475288,158.83277067330903,1,BestFit,bursty,3,completed,"2,3,4"
55,1378.4919593905586,1389.3480496503753,1533.751640051561,10.85609025981671,155.25968066100245,1,44.83275869436172,144.40359040118574,3,BestFit,bursty,3,completed,7
56,1383.0777107445392,1418.0808943054562,1525.3836495063294,35.00318356091702,142.30593876179023,2,49.09811688934824,107.3027552008732,4,BestFit,bursty,3,completed,"0,1"
57,1394.7965973584328,1761.0592093581606,1940.0253913323959,366.2626119997278,545.2287939739631,3,18.477280892389352,178.96618197423538,2,BestFit,bursty,3,completed,"0,1,5"
58,1405.902571315501,1526.8744225441235,1687.7790986073985,120.97185122862243,281.87652729189745,3,46.691080843622046,160.9046760632751,1,BestFit,bursty,3,completed,"0,1,5"
59,1418.206133711959,1940.0253913323959,2023.9048824503623,521.8192576204369,605.6987487384033,4,10.718250407962639,83.87949111796635,2,BestFit,bursty,3,completed,"0,1,5,7"
60,1438.4878890357063,1438.4878890357063,1526.8744225441235,0.0,88.38653350841719,1,33.84900253631385,88.38653350841722,2,BestFit,bursty,3,completed,5
61,1445.5389187021392,1445.5389187021392,1616.5828502241452,0.0,171.043931522006,1,14.68225600723841,171.04393152200603,5,BestFit,bursty,3,completed,6
62,1532.4696817866802,1687.7790986073985,1761.0592093581606,155.3094168207183,228.5895275714804,3,60.54134834088195,73.28011075076212,1,BestFit,bursty,3,completed,"0,1,5"
63,1569.4385991051884,1569.4385991051884,1661.0027391259725,0.0,91.56414002078418,1,8.173232710693632,91.56414002078424,4,BestFit,bursty,3,completed,7
64,1572.500543716905,1616.5828502241452,1765.6018831008944,44.08230650724022,193.1013393839894,2,43.18619929300279,149.0190328767491,4,BestFit,bursty,3,completed,"4,6"
65,1606.4966344665183,1615.1587550913755,1733.3492266820604,8.662120624857153,126.85259221554202,2,30.46722773691027,118.19047159068496,1,BestFit,bursty,3,completed,"2,3"
66,1640.852544846932,1661.0027391259725,1747.600772684121,20.150194279040534,106.748227837189,1,54.79691098654157,86.59803355814851,1,BestFit,bursty,3,completed,7
67,1642.413672228638,1747.600772684121,1871.7478709854297,105.187100455483,229.3341987567917,3,20.45789866042122,124.14709830130877,2,BestFit,bursty,3,completed,"2,3,7"
68,1762.3349703055414,1765.6018831008944,1834.2286466748185,3.266912795352937,71.89367636927705,1,21.689434695699855,68.6267635739241,1,BestFit,bursty,3,completed,4
69,1767.0226687966517,1871.7478709854297,1986.5378684521322,104.72520218877798,219.5151996554805,2,48.913956326651125,114.78999746670242,2,BestFit,bursty,3,completed,"2,3"
70,1800.1324284150196,1834.2286466748185,1901.3415599544373,34.09621825979889,101.20913153941774,2,47.254732918264764,67.11291327961894,5,BestFit,bursty,3,completed,"4,6"
71,1911.1910673893462,1911.1910673893462,1969.998032274379,0.0,58.80696488503281,2,14.90171177055205,58.80696488503284,2,BestFit,bursty,3,completed,"4,6"
72,1969.5517116821866,1969.998032274379,2037.3416311495882,0.4463205921924782,67.78991946740166,1,48.9357957667986,67.34359887520908,4,BestFit,bursty,3,completed,4
73,1975.7430046894453,1986.5378684521322,2159.8945601699966,10.794863762686873,184.15155548055122,3,52.96201351516523,173.35669171786438,2,BestFit,bursty,3,completed,"2,3,6"
74,2002.7006686414497,3202.5340101127877,3344.007373506711,1199.833341471338,1341.306704865261,4,11.991051972688975,141.47336339392317,1,BestFit,bursty,3,completed,"0,1,4,5"
75,2021.526931362953,2023.9048824503623,2145.27538864438,2.377951087409201,123.74845728142714,2,31.80067283002738,121.37050619401808,3,BestFit,bursty,3,completed,"0,1"
76,2073.4458477700523,2073.4458477700523,2247.3355095683373,0.0,173.88966179828503,3,11.911506134500172,173.8896617982852,4,BestFit,bursty,3,completed,"4,5,7"
77,2113.016525618677,2159.8945601699966,2255.024719121287,46.878034551319615,142.00819350261008,3,31.332570647067072,95.13015895129064,5,BestFit,bursty,3,completed,"0,1,2"
78,2141.641081341134,2255.024719121287,2307.8483968822356,113.3836377801531,166.2073155411017,4,40.89914084083735,52.823677760948456,2,BestFit,bursty,3,completed,"0,1,2,5"
79,2177.4208051716932,2177.4208051716932,2278.4099922508412,0.0,100.989187079148,2,58.642718058212964,100.98918707914792,3,BestFit,bursty,3,completed,"3,6"
80,2199.012101861351,2247.3355095683373,2408.698328072724,48.32340770698647,209.6862262113732,1,18.03479683371824,161.36281850438675,5,BestFit,bursty,3,completed,4
81,2299.062568122615,2299.062568122615,2434.3007461489315,0.0,135.2381780263163,3,19.920248351378547,135.23817802631652,1,BestFit,bursty,3,completed,"3,6,7"
82,2339.60544237,2413.974507707944,2447.861900168682,74.369065337944,108.25645779868182,4,14.65910345216873,33.8873924607379,2,BestFit,bursty,3,completed,"0,1,2,4"
83,2427.6357696556565,2427.6357696556565,2456.650691005134,0.0,29.01492134947739,1,9.106883882041956,29.014921349477447,4,BestFit,bursty,3,completed,5
84,2534.3892427896803,2557.856855275412,2637.1264413931362,23.46761248573148,102.73719860345591,4,51.800410175635534,79.26958611772437,5,BestFit,bursty,3,completed,"0,1,2,3"
85,2577.5932584986563,2583.7127027062816,2729.735962984594,6.119444207625293,152.14270448593788,3,56.56201488986389,146.02326027831276,1,BestFit,bursty,3,completed,"4,5,6"
86,2593.5966002175924,2593.5966002175924,2697.6394787784757,0.0,104.04287856088331,1,37.70150469885175,104.04287856088314,4,BestFit,bursty,3,completed,7
87,2608.336784615856,2936.205785573537,2969.650785259524,327.86900095768124,361.31400064366835,4,37.248269476960424,33.44499968598731,5,BestFit,bursty,3,completed,"0,1,4,5"
88,2613.565780349849,2729.735962984594,2866.964612205448,116.17018263474529,253.39883185559893,2,41.35101148259429,137.22864922085373,1,BestFit,bursty,3,completed,"6,7"
89,2624.069447720625,2637.1264413931362,2704.1978456039456,13.056993672511453,80.12839788332076,2,49.597861267228694,67.07140421080945,4,BestFit,bursty,3,completed,"1,2"
90,2624.398462274308,2764.4463115601957,2844.0618305149537,140.04784928588788,219.66336824064592,3,22.859027393693047,79.61551895475819,2,BestFit,bursty,3,completed,"0,1,2"
91,2635.8252293005844,2637.1264413931362,2680.7789098374496,1.3012120925518502,44.95368053686525,1,54.71174608241419,43.6524684443134,2,BestFit,bursty,3,completed,0
92,2638.684812459948,2680.7789098374496,2764.4463115601957,42.09409737750184,125.76149910024787,2,47.98821660911609,83.66740172274595,2,BestFit,bursty,3,completed,"0,3"
93,2640.999826793306,2760.1050216033996,2923.113209227033,119.10519481009351,282.1133824337271,2,62.56946425746053,163.0081876236336,2,BestFit,bursty,3,completed,"4,5"
94,2645.2899289283605,2969.650785259524,3068.4291801026106,324.36085633116363,423.13925117425015,4,16.699283578652704,98.77839484308643,2,BestFit,bursty,3,completed,"0,1,4,5"
95,2655.5648392470634,3012.0455627639503,3126.6750567090785,356.4807235168869,471.11021746201504,4,27.41671597395581,114.62949394512822,3,BestFit,bursty,3,completed,"2,3,6,7"
96,2684.967936591208,2704.1978456039456,2762.944769014338,19.229909012737608,77.97683242312996,2,53.61898359084092,58.74692341039221,4,BestFit,bursty,3,completed,"1,2"
97,2728.17859338837,2729.735962984594,2760.1050216033996,1.5573695962243619,31.926428215029773,2,11.25338249047067,30.36905861880541,4,BestFit,bursty,3,completed,"4,5"
98,2779.4305584793724,2866.964612205448,3012.0455627639503,87.5340537260754,232.61500428457794,3,14.516936072714497,145.0809505585023,1,BestFit,bursty,3,completed,"2,3,6"
99,2786.055027429387,2844.0618305149537,2936.205785573537,58.006803085566844,150.15075814415013,2,35.59794508474134,92.14395505858319,2,BestFit,bursty,3,completed,"0,1"
0,3.498852395298096,3.498852395298096,116.68549723877923,0.0,113.18664484348113,2,42.644766563268526,113.18664484348113,2,PPO,bursty,3,completed,"0,1"
1,8.999222634751547,8.999222634751547,91.37600247158669,0.0,82.37677983683514,3,32.77538848730869,82.37677983683514,1,PPO,bursty,3,completed,"2,3,4"
2,9.857957182672353,9.857957182672353,56.89126477627191,0.0,47.03330759359956,2,12.935439253381602,47.03330759359956,4,PPO,bursty,3,completed,"5,6"
3,10.502545990352056,180.6841799977883,307.13964882686344,170.18163400743626,296.63710283651136,2,30.65724881547767,126.4554688290751,3,PPO,bursty,3,completed,"6,7"
4,11.588912275517089,11.588912275517089,180.6841799977883,0.0,169.09526772227122,1,19.044251027319774,169.09526772227122,2,PPO,bursty,3,completed,7
5,11.845395450610614,162.70189694649815,227.48496163741228,150.85650149588753,215.63956618680166,2,16.235601216261138,64.78306469091413,2,PPO,bursty,3,completed,"2,5"
6,14.34779936800733,56.89126477627191,162.70189694649815,42.54346540826458,148.35409757849084,2,20.606495588924247,105.81063217022624,2,PPO,bursty,3,completed,"5,6"
7,14.513569466468041,116.68549723877923,203.11183530011579,102.1719277723112,188.59826583364776,3,15.057055684846194,86.42633806133657,5,PPO,bursty,3,completed,"0,1,4"
8,24.03254728169489,947.9059629356242,1127.8744474612558,923.8734156539293,1103.841900179561,4,57.54403901918289,179.9684845256317,4,PPO,bursty,3,completed,"0,1,2,3"
9,69.93777787082426,91.37600247158669,252.36808706766539,21.438224600762425,182.4303091968411,1,38.088672567929706,160.99208459607868,1,PPO,bursty,3,completed,3
10,88.36692306983727,91.37600247158669,139.20181837371368,3.0090794017494176,50.83489530387641,1,40.94441672792435,47.82581590212699,1,PPO,bursty,3,completed,2
11,161.018906701885,2648.7407126926323,2754.866823518341,2487.7218059907473,2593.847916816456,4,60.50733794470708,106.12611082570866,4,PPO,bursty,3,completed,"0,1,3,4"
12,193.43568215991422,203.11183530011579,289.62414312719136,9.676153140201563,96.18846096727714,2,11.598018012290359,86.51230782707557,1,PPO,bursty,3,completed,"0,1"
13,246.4646511208183,252.36808706766539,379.4300987688132,5.9034359468470825,132.9654476479949,4,21.25894766953854,127.06201170114784,5,PPO,bursty,3,completed,"2,3,4,5"
14,256.79635153934987,689.0755380898938,821.6977953742437,432.27918655054395,564.9014438348938,3,22.84869064940966,132.62225728434993,3,PPO,bursty,3,completed,"4,5,7"
15,263.1437523950744,382.0493770505872,524.4990264534188,118.90562465551284,261.3552740583444,3,28.82533315573139,142.4496494028316,2,PPO,bursty,3,completed,"5,6,7"
16,295.0874216088438,295.0874216088438,397.6955065960648,0.0,102.60808498722099,2,51.899439413483336,102.60808498722099,3,PPO,bursty,3,completed,"0,1"
17,338.52309762805436,379.4300987688132,539.072508790089,40.90700114075884,200.5494111620347,3,32.84707815512868,159.64241002127585,1,PPO,bursty,3,completed,"2,3,4"
18,361.86563085156365,361.86563085156365,382.0493770505872,0.0,20.183746199023574,2,62.02967077686228,20.183746199023584,3,PPO,bursty,3,completed,"6,7"
19,382.38744255368033,397.6955065960648,527.4796604070262,15.308064042384444,145.09221785334591,2,51.06680863472193,129.78415381096147,2,PPO,bursty,3,completed,"0,1"
20,403.451906202659,524.4990264534188,684.727970942654,121.04712025075975,281.276064739995,1,45.16960968865809,160.22894448923526,3,PPO,bursty,3,completed,7
21,424.3066343753197,2754.866823518341,2864.8617786250707,2330.560189143021,2440.555144249751,4,38.64479929242441,109.99495510672959,4,PPO,bursty,3,completed,"0,1,3,4"
22,425.783440615019,919.6440180011314,1046.7536509965125,493.86057738611237,620.9702103814935,3,26.13908294823262,127.10963299538122,4,PPO,bursty,3,completed,"5,6,7"
23,502.8146103447094,524.4990264534188,621.3350482787872,21.684416108709343,118.52043793407779,1,52.01100432770788,96.83602182536846,4,PPO,bursty,3,completed,5
24,506.4582077998119,539.072508790089,696.3026357400846,32.61430099027717,189.84442794027274,1,38.06760767972422,157.23012694999554,1,PPO,bursty,3,completed,2
25,514.1117951985766,524.4990264534188,607.0508326907009,10.387231254842163,92.93903749212427,1,44.034457431617476,82.55180623728215,4,PPO,bursty,3,completed,6
26,514.6259641191978,561.0345196334318,593.478988171815,46.40855551423408,78.85302405261723,1,48.25878809270528,32.444468538383134,2,PPO,bursty,3,completed,3
27,516.5627010285989,607.0508326907009,781.0419337066929,90.48813166210198,264.47923267809404,2,57.07223508565581,173.99110101599203,5,PPO,bursty,3,completed,"3,6"
28,516.8828864005758,527.4796604070262,690.5231574641805,10.59677400645046,173.6402710636047,2,14.46114071086464,163.04349705715427,1,PPO,bursty,3,completed,"0,1"
29,519.957213514415,561.0345196334318,642.1888654766526,41.07730611901684,122.2316519622376,1,23.14020559218224,81.15434584322075,3,PPO,bursty,3,completed,4
30,525.2754416914921,821.6977953742437,919.6440180011314,296.4223536827516,394.36857630963925,4,17.043644165836653,97.94622262688769,4,PPO,bursty,3,completed,"4,5,6,7"
31,527.5404262943482,539.072508790089,561.0345196334318,11.532082495740838,33.49409333908363,2,48.363241495059434,21.96201084334282,4,PPO,bursty,3,completed,"3,4"
32,554.6172585790968,858.1781171260614,947.9059629356242,303.5608585469646,393.28870435652743,3,32.31405757093004,89.72784580956285,5,PPO,bursty,3,completed,"0,1,2"
33,617.839120947061,696.3026357400846,858.1781171260614,78.46351479302359,240.33899617900033,3,23.687588986336838,161.8754813859767,3,PPO,bursty,3,completed,"0,1,2"
34,631.7233230825263,642.1888654766526,689.0755380898938,10.46554239412626,57.35221500736748,2,38.39216475187111,46.886672613241274,2,PPO,bursty,3,completed,"4,5"
35,704.5850516780206,781.0419337066929,942.2637978919931,76.45688202867234,237.67874621397254,1,58.50677192834088,161.2218641853002,4,PPO,bursty,3,completed,3
36,863.1597761792813,919.6440180011314,1082.4523906108186,56.484241821850105,219.29261443153734,1,42.992649935428254,162.80837260968727,1,PPO,bursty,3,completed,4
37,870.1805478849143,1270.7958276197255,1404.9006576299023,400.6152797348112,534.720109744988,4,31.225508156244373,134.10483001017684,2,PPO,bursty,3,completed,"0,1,5,6"
38,955.1708677661436,1046.7536509965125,1168.9326232537908,91.58278323036893,213.76175548764718,3,33.26595829404171,122.17897225727828,4,PPO,bursty,3,completed,"5,6,7"
39,980.6660598258377,1127.8744474612558,1252.2062192589278,147.20838763541815,271.54015943309014,2,27.77487650666867,124.33177179767188,4,PPO,bursty,3,completed,"0,1"
40,988.4888046126299,1168.9326232537908,1270.7958276197255,180.44381864116087,282.3070230070956,3,47.05361339980349,101.86320436593469,3,PPO,bursty,3,completed,"5,6,7"
41,988.8023487255624,1847.4928916042918,2015.086705935087,858.6905428787294,1026.2843572095244,3,32.32652436262812,167.59381433079517,2,PPO,bursty,3,completed,"0,1,4"
42,992.4674490505563,1982.1952163836309,2004.1396775199703,989.7277673330746,1011.672228469414,4,16.304957627120245,21.944461136339477,1,PPO,bursty,3,completed,"2,3,5,6"
43,993.9977337239261,1178.322875818637,1236.1575975420508,184.32514209471083,242.15986381812468,2,63.36429682637445,57.834721723413836,5,PPO,bursty,3,completed,"2,3"
44,1000.290299976856,1082.4523906108186,1198.4831838627497,82.16209063396263,198.1928838858937,1,19.108843486685032,116.03079325193099,2,PPO,bursty,3,completed,4
45,1003.1835590032201,1401.5813490955923,1455.1340386328636,398.39779009237213,451.9504796296435,3,53.952262854086676,53.55268953727128,3,PPO,bursty,3,completed,"2,3,4"
46,1013.8191224908685,3191.3301860540305,3340.5888759582526,2177.5110635631618,2326.7697534673844,4,33.98128486223156,149.25868990422205,5,PPO,bursty,3,completed,"0,1,2,3"
47,1014.3333652878783,3270.5954834070135,3370.4056354618956,2256.2621181191353,2356.0722701740174,4,59.0020127705134,99.81015205488222,5,PPO,bursty,3,completed,"4,5,6,7"
48,1030.0045355062146,1127.8744474612558,1178.322875818637,97.86991195504129,148.31834031242238,2,39.417721848033985,50.448428357381076,4,PPO,bursty,3,completed,"2,3"
49,1127.8677462821227,1236.1575975420508,1401.5813490955923,108.28985125992813,273.7136028134696,3,59.89067562193887,165.4237515535414,3,PPO,bursty,3,completed,"2,3,4"
50,1167.5948961286167,1851.1047901005365,1923.388251498598,683.5098939719198,755.7933553699813,3,45.147928930177514,72.2834613980614,1,PPO,bursty,3,completed,"5,6,7"
51,1187.19918771962,2004.1396775199703,2151.3335085923686,816.9404898003502,964.1343208727485,4,15.808631279669667,147.1938310723984,1,PPO,bursty,3,completed,"2,3,5,6"
52,1307.9847867175317,1307.9847867175317,1389.3480496503753,0.0,81.36326293284355,1,37.133478914012414,81.36326293284367,5,PPO,bursty,3,completed,7
53,1310.9022409448896,1404.9006576299023,1544.3796113287476,93.99841668501267,233.477370383858,4,54.44038749438158,139.4789536988452,3,PPO,bursty,3,completed,"0,1,5,6"
54,1349.8855035614233,2015.086705935087,2173.919476608396,665.2012023736636,824.0339730469727,3,19.90169020475288,158.83277067330903,1,PPO,bursty,3,completed,"0,1,4"
55,1378.4919593905586,1389.3480496503753,1533.751640051561,10.85609025981671,155.25968066100245,1,44.83275869436172,144.40359040118574,3,PPO,bursty,3,completed,7
56,1383.0777107445392,1455.1340386328636,1562.4367938337368,72.0563278883244,179.3590830891976,2,49.09811688934824,107.3027552008732,4,PPO,bursty,3,completed,"2,3"
57,1394.7965973584328,1544.3796113287476,1723.345793302983,149.58301397031482,328.5491959445503,3,18.477280892389352,178.96618197423538,2,PPO,bursty,3,completed,"0,1,4"
58,1405.902571315501,2489.476269766448,2650.380945829723,1083.5736984509467,1244.4783745142217,3,46.691080843622046,160.9046760632751,1,PPO,bursty,3,completed,"2,5,7"
59,1418.206133711959,1562.4367938337368,1646.3162849517032,144.23066012177787,228.11015123974425,4,10.718250407962639,83.87949111796635,2,PPO,bursty,3,completed,"2,3,5,6"
60,1438.4878890357063,1455.1340386328636,1543.5205721412808,16.64614959715732,105.0326831055745,1,33.84900253631385,88.38653350841722,2,PPO,bursty,3,completed,4
61,1445.5389187021392,1533.751640051561,1704.795571573567,88.21272134942183,259.25665287142783,1,14.68225600723841,171.04393152200603,5,PPO,bursty,3,completed,7
62,1532.4696817866802,2347.2761683262606,2420.5562790770227,814.8064865395804,888.0865972903425,3,60.54134834088195,73.28011075076212,1,PPO,bursty,3,completed,"0,1,4"
63,1569.4385991051884,1646.3162849517032,1737.8804249724874,76.87768584651485,168.44182586729903,1,8.173232710693632,91.56414002078424,4,PPO,bursty,3,completed,5
64,1572.500543716905,1646.3162849517032,1795.3353178284524,73.81574123479822,222.8347741115474,2,43.18619929300279,149.0190328767491,4,PPO,bursty,3,completed,"2,3"
65,1606.4966344665183,1732.9143185098517,1851.1047901005365,126.41768404333334,244.6081556340182,2,30.46722773691027,118.19047159068496,1,PPO,bursty,3,completed,"6,7"
66,1640.852544846932,1646.3162849517032,1732.9143185098517,5.463740104771205,92.06177366291968,1,54.79691098654157,86.59803355814851,1,PPO,bursty,3,completed,6
67,1642.413672228638,1723.345793302983,1847.4928916042918,80.9321210743451,205.0792193756538,3,20.45789866042122,124.14709830130877,2,PPO,bursty,3,completed,"0,1,4"
68,1762.3349703055414,1762.3349703055414,1830.9617338794656,0.0,68.62676357392411,1,21.689434695699855,68.6267635739241,1,PPO,bursty,3,completed,5
69,1767.0226687966517,1795.3353178284524,1910.125315295155,28.312649031800674,143.1026464985032,2,48.913956326651125,114.78999746670242,2,PPO,bursty,3,completed,"2,3"
70,1800.1324284150196,1910.125315295155,1977.2382285747738,109.9928868801353,177.10580015975415,2,47.254732918264764,67.11291327961894,5,PPO,bursty,3,completed,"2,3"
71,1911.1910673893462,1923.388251498598,1982.1952163836309,12.197184109251793,71.0041489942846,2,14.90171177055205,58.80696488503284,2,PPO,bursty,3,completed,"5,6"
72,1969.5517116821866,1969.5517116821866,2036.8953105573958,0.0,67.34359887520918,1,48.9357957667986,67.34359887520908,4,PPO,bursty,3,completed,7
73,1975.7430046894453,2173.919476608396,2347.2761683262606,198.1764719189507,371.5331636368153,3,52.96201351516523,173.35669171786438,2,PPO,bursty,3,completed,"0,1,4"
74,2002.7006686414497,2507.267349298709,2648.7407126926323,504.56668065725944,646.0400440511826,4,11.991051972688975,141.47336339392317,1,PPO,bursty,3,completed,"0,1,3,4"
75,2021.526931362953,2151.3335085923686,2272.704014786387,129.80657722941555,251.17708342343371,2,31.80067283002738,121.37050619401808,3,PPO,bursty,3,completed,"6,7"
76,2073.4458477700523,2151.3335085923686,2325.2231703906536,77.88766082231632,251.77732262060135,3,11.911506134500172,173.8896617982852,4,PPO,bursty,3,completed,"2,3,5"
77,2113.016525618677,3340.5888759582526,3435.719034909543,1227.5723503395757,1322.7025092908661,3,31.332570647067072,95.13015895129064,5,PPO,bursty,3,completed,"0,1,2"
78,2141.641081341134,2420.5562790770227,2473.3799568379713,278.9151977358888,331.7388754968374,4,40.89914084083735,52.823677760948456,2,PPO,bursty,3,completed,"0,1,4,7"
79,2177.4208051716932,2272.704014786387,2373.693201865535,95.28320961469353,196.27239669384153,2,58.642718058212964,100.98918707914792,3,PPO,bursty,3,completed,"6,7"
80,2199.012101861351,2373.693201865535,2535.0560203699215,174.68110000418392,336.04391850857064,1,18.03479683371824,161.36281850438675,5,PPO,bursty,3,completed,6
81,2299.062568122615,2325.2231703906536,2460.4613484169704,26.160602268038474,161.39878029435522,3,19.920248351378547,135.23817802631652,1,PPO,bursty,3,completed,"2,3,5"
82,2339.60544237,2473.3799568379713,2507.267349298709,133.77451446797113,167.66190692870896,4,14.65910345216873,33.8873924607379,2,PPO,bursty,3,completed,"0,1,3,4"
83,2427.6357696556565,2460.4613484169704,2489.476269766448,32.825578761313864,61.840500110791254,1,9.106883882041956,29.014921349477447,4,PPO,bursty,3,completed,2
84,2534.3892427896803,3370.4056354618956,3449.67522157962,836.0163926722153,915.2859787899397,4,51.800410175635534,79.26958611772437,5,PPO,bursty,3,completed,"3,4,5,6"
85,2577.5932584986563,2979.491272570199,3125.5145328485114,401.89801407154255,547.9212743498551,3,56.56201488986389,146.02326027831276,1,PPO,bursty,3,completed,"4,6,7"
86,2593.5966002175924,2593.5966002175924,2697.6394787784757,0.0,104.04287856088331,1,37.70150469885175,104.04287856088314,4,PPO,bursty,3,completed,6
87,2608.336784615856,3157.8851863680434,3191.3301860540305,549.5484017521876,582.9934014381747,4,37.248269476960424,33.44499968598731,5,PPO,bursty,3,completed,"0,1,2,3"
88,2613.565780349849,2880.4605376641657,3017.6891868850194,266.89475731431685,404.1234065351705,2,41.35101148259429,137.22864922085373,1,PPO,bursty,3,completed,"2,5"
89,2624.069447720625,2650.380945829723,2717.452350040532,26.31149810909801,93.38290231990732,2,49.597861267228694,67.07140421080945,4,PPO,bursty,3,completed,"2,5"
90,2624.398462274308,2979.491272570199,3059.106791524957,355.092810295891,434.70832925064906,3,22.859027393693047,79.61551895475819,2,PPO,bursty,3,completed,"0,1,3"
91,2635.8252293005844,2650.380945829723,2694.033414274036,14.555716529138408,58.20818497345181,1,54.71174608241419,43.6524684443134,2,PPO,bursty,3,completed,7
92,2638.684812459948,2878.8994158662567,2962.5668175890028,240.21460340630892,323.88200512905496,2,47.98821660911609,83.66740172274595,2,PPO,bursty,3,completed,"6,7"
93,2640.999826793306,2717.452350040532,2880.4605376641657,76.45252324722605,239.46071087085966,2,62.56946425746053,163.0081876236336,2,PPO,bursty,3,completed,"2,5"
94,2645.2899289283605,3059.106791524957,3157.8851863680434,413.81686259659637,512.5952574396829,4,16.699283578652704,98.77839484308643,2,PPO,bursty,3,completed,"0,1,2,3"
95,2655.5648392470634,2864.8617786250707,2979.491272570199,209.2969393780072,323.92643332313537,4,27.41671597395581,114.62949394512822,3,PPO,bursty,3,completed,"0,1,3,4"
96,2684.967936591208,2697.6394787784757,2756.386402188868,12.671542187267733,71.41846559766009,2,53.61898359084092,58.74692341039221,4,PPO,bursty,3,completed,"6,7"
97,2728.17859338837,2756.386402188868,2786.7554608076734,28.207808800498242,58.57686741930365,2,11.25338249047067,30.36905861880541,4,PPO,bursty,3,completed,"6,7"
98,2779.4305584793724,3125.5145328485114,3270.5954834070135,346.083974369139,491.1649249276411,3,14.516936072714497,145.0809505585023,1,PPO,bursty,3,completed,"4,5,6"
99,2786.055027429387,2786.7554608076734,2878.8994158662567,0.7004333782865615,92.84438843686985,2,35.59794508474134,92.14395505858319,2,PPO,bursty,3,completed,"6,7"
0,115.72140008858099,115.72140008858099,153.79700893674067,0.0,38.075608848159675,3,35.151878205261625,38.07560884815969,4,FCFS,bursty,4,completed,"0,1,2"
1,120.76396180236009,120.76396180236009,274.0701468692863,0.0,153.30618506692622,3,62.30503297297611,153.30618506692625,5,FCFS,bursty,4,completed,"3,4,5"
2,154.3443100969505,154.3443100969505,297.6664052948967,0.0,143.32209519794623,4,43.49922476575404,143.32209519794623,2,FCFS,bursty,4,completed,"0,1,2,6"
3,182.739823065092,274.0701468692863,307.6532599869911,91.33032380419431,124.91343692189909,3,52.208939403682876,33.58311311770477,1,FCFS,bursty,4,completed,"3,4,5"
4,204.68242085648478,297.6664052948967,471.76914479818583,92.98398443841194,267.08672394170105,3,21.5218432593063,174.10273950328914,5,FCFS,bursty,4,completed,"0,1,2"
5,258.89273938541515,307.6532599869911,460.6889667062079,48.760520601575934,201.79622732079275,3,37.98155243085306,153.03570671921685,2,FCFS,bursty,4,completed,"3,4,5"
6,283.7672233225791,283.7672233225791,437.32330007018567,0.0,153.55607674760654,1,47.51903785662869,153.55607674760654,5,FCFS,bursty,4,completed,7
7,336.85226421814275,471.76914479818583,553.3123021201857,134.91688058004308,216.46003790204293,4,50.040140701874236,81.54315732199987,2,FCFS,bursty,4,completed,"0,1,2,5"
8,338.46414233492106,437.32330007018567,518.0284827813732,98.8591577352646,179.56434044645215,2,51.316169838156625,80.70518271118752,5,FCFS,bursty,4,completed,"6,7"
9,391.81531593808927,460.6889667062079,628.7011869824044,68.87365076811864,236.88587104431508,2,11.724649433146137,168.01222027619642,4,FCFS,bursty,4,completed,"3,4"
10,558.2511588133906,558.2511588133906,681.7627029067305,0.0,123.51154409333992,1,26.323160605261368,123.5115440933399,4,FCFS,bursty,4,completed,0
11,590.011919451431,590.011919451431,751.8685488804296,0.0,161.85662942899853,2,43.18564246031515,161.8566294289985,4,FCFS,bursty,4,completed,"1,2"
12,631.8981667143563,631.8981667143563,711.250763173477,0.0,79.35259645912072,1,25.920597382048363,79.35259645912066,3,FCFS,bursty,4,completed,3
13,640.3319415618256,640.3319415618256,781.5160831232869,0.0,141.18414156146127,3,34.827998089415686,141.1841415614613,2,FCFS,bursty,4,completed,"4,5,6"
14,654.7983895207972,681.7627029067305,827.4833187857339,26.964313385933337,172.68492926493673,2,43.43406819316426,145.72061587900345,5,FCFS,bursty,4,completed,"0,7"
15,752.3068024033731,752.3068024033731,785.848022616767,0.0,33.5412202133939,3,44.94357433374663,33.54122021339391,5,FCFS,bursty,4,completed,"1,2,3"
16,756.0615397486898,785.848022616767,914.2748081271513,29.7864828680772,158.21326837846152,4,9.110068052348229,128.42678551038435,4,FCFS,bursty,4,completed,"1,2,3,4"
17,810.3093714176401,810.3093714176401,979.5923282774913,0.0,169.2829568598512,1,35.36112964266228,169.28295685985117,5,FCFS,bursty,4,completed,5
18,899.4128373173143,899.4128373173143,946.3538299796231,0.0,46.94099266230887,2,62.047885420848495,46.94099266230887,1,FCFS,bursty,4,completed,"0,6"
19,913.8829110972723,914.2748081271513,997.1950075795164,0.39189702987903274,83.3120964822441,2,24.704282606770715,82.92019945236505,5,FCFS,bursty,4,completed,"1,2"
20,938.9759480714597,946.3538299796231,1086.7047882784277,7.377881908163431,147.72884020696802,4,10.096215174827698,140.35095829880464,1,FCFS,bursty,4,completed,"0,3,4,6"
21,941.6338664802622,1086.7047882784277,1206.3159278362145,145.0709217981655,264.6820613559523,4,14.916285471860306,119.61113955778694,4,FCFS,bursty,4,completed,"0,3,4,6"
22,948.9688863310577,1198.4181996917002,1239.888259728159,249.44931336064258,290.91937339710137,4,58.21523299224319,41.47006003645883,2,FCFS,bursty,4,completed,"1,2,5,7"
23,964.6783043278001,964.6783043278001,1070.8246233568184,0.0,106.14631902901829,1,57.82825901093059,106.14631902901829,3,FCFS,bursty,4,completed,7
24,1003.4659060932702,1206.3159278362145,1339.429158479911,202.85002174294436,335.96325238664076,4,53.38109549195011,133.11323064369643,4,FCFS,bursty,4,completed,"0,3,4,6"
25,1006.2449449251881,1006.2449449251881,1171.8820366717423,0.0,165.63709174655423,3,20.535427110003926,165.63709174655412,5,FCFS,bursty,4,completed,"1,2,5"
26,1047.4354865773282,1239.888259728159,1371.672879422853,192.4527731508308,324.2373928455247,4,59.271054823662695,131.7846196946939,3,FCFS,bursty,4,completed,"1,2,5,7"
27,1051.170342259256,1070.8246233568184,1107.7481534132776,19.65428109756249,56.577811154021674,1,61.254639855804925,36.92353005645913,4,FCFS,bursty,4,completed,7
28,1090.2887497064498,1339.429158479911,1490.8338942296248,249.1404087734611,400.54514452317494,4,24.37233759113272,151.40473574971378,5,FCFS,bursty,4,completed,"0,3,4,6"
29,1156.1422328362053,1156.1422328362053,1198.4181996917002,0.0,42.27596685549497,1,34.24207037948416,42.275966855494914,2,FCFS,bursty,4,completed,7
30,1223.5386892099277,1371.672879422853,1467.3919289789626,148.1341902129252,243.85323976903487,2,24.386795121838155,95.71904955610962,5,FCFS,bursty,4,completed,"1,2"
31,1302.5331022877901,1371.672879422853,1533.336058800664,69.13977713506279,230.80295651287383,2,28.796144167529967,161.66317937781108,4,FCFS,bursty,4,completed,"5,7"
32,1302.8671484349939,1467.3919289789626,1610.8252374138394,164.52478054396875,307.9580889788456,2,60.82415749667345,143.43330843487675,3,FCFS,bursty,4,completed,"1,2"
33,1306.2451704237499,1490.8338942296248,1560.8670019298359,184.5887238058749,254.62183150608598,3,47.90658343522092,70.03310770021102,5,FCFS,bursty,4,completed,"0,3,4"
34,1307.2748406044077,1533.336058800664,1701.2650261900653,226.06121819625628,393.9901855856576,2,60.66325369494834,167.92896738940132,3,FCFS,bursty,4,completed,"5,7"
35,1309.445781594715,1560.8670019298359,1621.2942220230523,251.42122033512078,311.8484404283372,2,22.33560879585726,60.42722009321633,2,FCFS,bursty,4,completed,"0,3"
36,1312.6705437598475,1490.8338942296248,1623.676336488765,178.16335046977724,311.0057927289174,1,18.889396572014107,132.84244225914009,4,FCFS,bursty,4,completed,6
37,1316.3353451365729,1560.8670019298359,1620.2765148283659,244.53165679326298,303.941169691793,1,54.9180130083158,59.40951289852991,2,FCFS,bursty,4,completed,4
38,1317.8610020861167,1701.2650261900653,1726.839669550605,383.4040241039486,408.97866746448835,3,26.55849905909445,25.574643360539735,5,FCFS,bursty,4,completed,"1,5,7"
39,1320.1339546316128,1610.8252374138394,1658.0718042467329,290.6912827822266,337.93784961512006,1,53.704629301695604,47.24656683289345,1,FCFS,bursty,4,completed,1
40,1327.5510942139451,1621.2942220230523,1708.005382264471,293.74312780910714,380.454288050526,2,63.74068354696577,86.71116024141878,2,FCFS,bursty,4,completed,"0,3"
41,1350.959667624189,1610.8252374138394,1705.8156545069608,259.8655697896504,354.85598688277173,1,38.506390449111116,94.99041709312122,4,FCFS,bursty,4,completed,2
42,1375.0963706954926,1708.005382264471,1788.951306850121,332.9090115689785,413.8549361546284,2,10.043212287092924,80.94592458564989,5,FCFS,bursty,4,completed,"0,3"
43,1400.1625985605795,1788.951306850121,1925.4996422143422,388.78870828954155,525.3370436537627,4,46.34640288334482,136.54833536422132,3,FCFS,bursty,4,completed,"0,3,4,6"
44,1421.8736111404742,1887.974090917216,1946.1730336283335,466.10047977674185,524.2994224878594,4,13.48073424702283,58.198942711117425,1,FCFS,bursty,4,completed,"1,2,5,7"
45,1505.6561238161478,1620.2765148283659,1759.0633424617586,114.62039101221808,253.40721864561078,1,50.992937339882,138.7868276333928,2,FCFS,bursty,4,completed,4
46,1525.3573197147145,1925.4996422143422,2012.5748767190903,400.14232249962765,487.21755700437575,4,30.498878079399937,87.07523450474812,5,FCFS,bursty,4,completed,"0,3,4,6"
47,1573.3449495735522,1623.676336488765,1787.4289672482053,50.33138691521276,214.08401767465307,1,58.11928885663725,163.75263075944028,1,FCFS,bursty,4,completed,6
48,1576.6431530738153,1726.839669550605,1887.974090917216,150.19651647678984,311.33093784340076,2,49.087724202902095,161.13442136661104,5,FCFS,bursty,4,completed,"1,5"
49,1612.034095510504,1758.5674264590602,1830.7468767982054,146.53333094855634,218.71278128770155,2,55.003940191947564,72.17945033914529,3,FCFS,bursty,4,completed,"2,7"
50,1699.1923183696056,1946.1730336283335,2065.0903799746716,246.98071525872797,365.898061605066,4,50.48668339889538,118.91734634633815,4,FCFS,bursty,4,completed,"1,2,5,7"
51,1703.2484458699948,2012.5748767190903,2072.4392976039267,309.32643084909546,369.1908517339318,4,45.866086868096176,59.86442088483635,5,FCFS,bursty,4,completed,"0,3,4,6"
52,1707.3177974150879,1707.3177974150879,1758.5674264590602,0.0,51.24962904397239,1,26.246874839323368,51.24962904397238,1,FCFS,bursty,4,completed,2
53,1855.5366222294463,2065.0903799746716,2201.8465163466694,209.5537577452253,346.30989411722317,3,37.85548671261092,136.75613637199802,5,FCFS,bursty,4,completed,"1,2,5"
54,1888.4185529544393,2065.0903799746716,2223.7047923470914,176.67182702023229,335.2862393926521,1,52.27514672236783,158.61441237241993,5,FCFS,bursty,4,completed,7
55,1899.9694458704985,2072.4392976039267,2245.3805003267444,172.4698517334282,345.4110544562459,1,50.499063596265884,172.94120272281774,3,FCFS,bursty,4,completed,0
56,1931.4905866623876,2222.3615551482076,2394.8344350294333,290.87096848581996,463.34384836704567,4,47.25777817234933,172.4728798812256,3,FCFS,bursty,4,completed,"3,4,5,6"
57,1948.7634475327434,2072.4392976039267,2169.360454762875,123.67585007118328,220.5970072301318,2,12.035372747768147,96.9211571589487,2,FCFS,bursty,4,completed,"3,4"
58,1965.5396388710815,2169.360454762875,2222.3615551482076,203.8208158917937,256.8219162771261,3,37.25360914007314,53.00110038533225,5,FCFS,bursty,4,completed,"3,4,6"
59,1979.1169838663116,2201.8465163466694,2291.8192242830046,222.72953248035788,312.70224041669303,2,34.395428319043084,89.97270793633504,5,FCFS,bursty,4,completed,"1,2"
60,2011.233039396006,2245.3805003267444,2421.9976056386445,234.14746093073836,410.76456624263847,2,32.10012874092784,176.61710531190025,1,FCFS,bursty,4,completed,"0,7"
61,2025.8527673758654,2394.8344350294333,2563.3503046064066,368.9816676535679,537.4975372305412,3,51.549371775577576,168.51586957697336,3,FCFS,bursty,4,completed,"3,4,5"
62,2054.6087478031172,2421.9976056386445,2464.8101588822874,367.38885783552723,410.20141107917016,3,46.75917636329382,42.81255324364313,1,FCFS,bursty,4,completed,"0,1,7"
63,2056.8109746411633,2563.3503046064066,2640.636921786566,506.53932996524327,583.8259471454026,4,55.788874875915546,77.28661718015944,3,FCFS,bursty,4,completed,"2,3,4,5"
64,2146.9413152858265,2640.636921786566,2756.1373064765585,493.69560650073936,609.195991190732,4,24.009819276484542,115.50038468999281,4,FCFS,bursty,4,completed,"2,3,4,5"
65,2174.9909968788247,2464.8101588822874,2536.7153819594455,289.8191620034627,361.7243850806208,3,38.25432094489295,71.90522307715801,4,FCFS,bursty,4,completed,"0,1,7"
66,2206.1049423598456,2291.8192242830046,2364.6218124183497,85.71428192315898,158.51687005850408,2,15.725677774989636,72.80258813534518,4,FCFS,bursty,4,completed,"1,2"
67,2228.421738336349,2536.7153819594455,2571.7525289255477,308.2936436230966,343.33079058919884,3,36.057554360441074,35.037146966102064,4,FCFS,bursty,4,completed,"0,1,7"
68,2273.959976712294,2364.6218124183497,2412.0795215829808,90.66183570605563,138.1195448706867,1,59.260953476507396,47.457709164630856,4,FCFS,bursty,4,completed,1
69,2275.9159275008265,2364.6218124183497,2537.3237359598347,88.70588491752324,261.40780845900827,1,8.248718643927148,172.70192354148492,5,FCFS,bursty,4,completed,2
70,2284.4130851259633,2732.4920495608667,2778.812109788843,448.07896443490336,494.3990246628796,4,22.454158451648166,46.32006022797613,4,FCFS,bursty,4,completed,"0,1,6,7"
71,2286.1508734413774,2571.7525289255477,2672.7554829336723,285.60165548417035,386.6046094922949,3,32.19492187888508,101.00295400812453,3,FCFS,bursty,4,completed,"0,1,7"
72,2289.3568564178245,2672.7554829336723,2732.4920495608667,383.3986265158478,443.1351931430422,3,12.859563840056518,59.73656662719429,3,FCFS,bursty,4,completed,"0,1,7"
73,2310.7285292189986,2756.1373064765585,2800.2810088568112,445.4087772575599,489.55247963781267,2,53.91068131106081,44.143702380252904,1,FCFS,bursty,4,completed,"2,3"
74,2350.8743132791988,2394.8344350294333,2519.3267178655215,43.96012175023452,168.4524045863227,1,12.949854953326106,124.49228283608825,4,FCFS,bursty,4,completed,6
75,2376.443722055529,2778.812109788843,2918.5208273666162,402.36838773331374,542.077105311087,4,36.16400774653527,139.7087175777733,3,FCFS,bursty,4,completed,"0,1,4,5"
76,2423.183452749052,2519.3267178655215,2685.5562397237127,96.14326511646959,262.3727869746608,1,46.961352378039955,166.22952185819108,2,FCFS,bursty,4,completed,6
77,2465.333544690113,2800.2810088568112,2930.7171277105836,334.9474641666984,465.3835830204707,3,41.56701327953653,130.43611885377234,4,FCFS,bursty,4,completed,"2,3,6"
78,2500.462493611652,2918.5208273666162,3097.630486866936,418.0583337549642,597.1679932552838,3,9.40772847910326,179.1096595003197,5,FCFS,bursty,4,completed,"0,1,4"
79,2502.946698302942,2930.7171277105836,2959.968471398079,427.7704294076416,457.0217730951372,4,58.06594329646536,29.251343687495694,3,FCFS,bursty,4,completed,"2,3,5,6"
80,2514.3840133487824,2959.968471398079,3070.987803124191,445.5844580492967,556.6037897754086,3,39.2368948409501,111.0193317261119,2,FCFS,bursty,4,completed,"2,3,5"
81,2616.328124144433,3258.659009623639,3316.810183887233,642.3308854792062,700.4820597428002,4,25.681672601397715,58.151174263593774,5,FCFS,bursty,4,completed,"0,1,4,7"
82,2687.8734079816613,3070.987803124191,3237.028541310712,383.1143951425297,549.1551333290508,3,17.11200560235499,166.04073818652122,4,FCFS,bursty,4,completed,"2,3,5"
83,2724.046525673192,3097.630486866936,3217.872790265246,373.583961193744,493.82626459205403,3,8.193420980971974,120.24230339830996,2,FCFS,bursty,4,completed,"0,1,4"
84,2771.205815048754,3316.810183887233,3353.582798602148,545.6043688384789,582.376983553394,4,59.21128107276194,36.77261471491511,2,FCFS,bursty,4,completed,"0,1,2,3"
85,2773.921212108656,3327.367600710397,3426.883229748098,553.4463886017406,652.9620176394419,4,41.61385957654166,99.51562903770139,3,FCFS,bursty,4,completed,"4,5,6,7"
86,2784.7792981759762,3217.872790265246,3258.659009623639,433.0934920892696,473.8797114476629,3,37.082601538058896,40.78621935839337,1,FCFS,bursty,4,completed,"0,1,4"
87,2790.351383737541,3237.028541310712,3298.6834243578865,446.67715757317137,508.33204062034565,3,58.7682915904126,61.65488304717446,1,FCFS,bursty,4,completed,"2,3,5"
88,2991.775130054693,2991.775130054693,3150.046487548367,0.0,158.27135749367426,2,8.69492793359694,158.27135749367406,1,FCFS,bursty,4,completed,"6,7"
89,3092.1500741823984,3353.582798602148,3500.3268871852874,261.4327244197498,408.17681300288905,4,49.68662924682406,146.7440885831394,5,FCFS,bursty,4,completed,"0,1,2,3"
90,3118.6376458492064,3150.046487548367,3287.7917654633598,31.408841699160803,169.1541196141534,1,40.638851383796045,137.74527791499256,2,FCFS,bursty,4,completed,6
91,3119.011208707908,3426.883229748098,3574.454325621137,307.87202104019025,455.443116913229,4,48.95041458071658,147.57109587303856,2,FCFS,bursty,4,completed,"4,5,6,7"
92,3139.371670171237,3150.046487548367,3174.148983501411,10.674817377130239,34.77731333017391,1,44.051413517259746,24.102495953043732,3,FCFS,bursty,4,completed,7
93,3162.988381922421,3174.148983501411,3251.6324067623977,11.160601578989827,88.64402483997674,1,26.03121936605745,77.48342326098677,2,FCFS,bursty,4,completed,7
94,3297.8629238041044,3297.8629238041044,3327.367600710397,0.0,29.50467690629239,1,60.72021010414102,29.504676906292406,5,FCFS,bursty,4,completed,6
95,3336.1339003518583,3500.3268871852874,3624.6547525921164,164.19298683342913,288.52085224025814,4,19.092814554956817,124.32786540682886,3,FCFS,bursty,4,completed,"0,1,2,3"
96,3369.1849275215604,3574.454325621137,3656.2374917520783,205.2693980995764,287.0525642305179,2,16.02888310814677,81.78316613094152,5,FCFS,bursty,4,completed,"4,5"
97,3390.8245343680333,3574.454325621137,3724.6784460098384,183.62979125310358,333.8539116418051,2,47.73954282202817,150.2241203887017,2,FCFS,bursty,4,completed,"6,7"
98,3433.4739973506007,3624.6547525921164,3704.1909865923667,191.18075524151573,270.716989241766,1,19.601970201154135,79.53623400025022,1,FCFS,bursty,4,completed,0
99,3445.5239094690023,3624.6547525921164,3744.9788860406898,179.13084312311412,299.45497657168744,2,50.672916666543586,120.32413344857326,5,FCFS,bursty,4,completed,"1,2"
0,115.72140008858099,115.72140008858099,153.79700893674067,0.0,38.075608848159675,3,35.151878205261625,38.07560884815969,4,SJF,bursty,4,completed,"0,1,2"
1,120.76396180236009,120.76396180236009,274.0701468692863,0.0,153.30618506692622,3,62.30503297297611,153.30618506692625,5,SJF,bursty,4,completed,"3,4,5"
2,154.3443100969505,154.3443100969505,297.6664052948967,0.0,143.32209519794623,4,43.49922476575404,143.32209519794623,2,SJF,bursty,4,completed,"0,1,2,6"
3,182.739823065092,274.0701468692863,307.6532599869911,91.33032380419431,124.91343692189909,3,52.208939403682876,33.58311311770477,1,SJF,bursty,4,completed,"3,4,5"
4,204.68242085648478,307.6532599869911,481.75599949028026,102.9708391305063,277.0735786337955,3,21.5218432593063,174.10273950328914,5,SJF,bursty,4,completed,"3,4,5"
5,258.89273938541515,297.6664052948967,450.7021120141136,38.773665909481565,191.80937262869844,3,37.98155243085306,153.03570671921685,2,SJF,bursty,4,completed,"0,1,2"
6,283.7672233225791,283.7672233225791,437.32330007018567,0.0,153.55607674760654,1,47.51903785662869,153.55607674760654,5,SJF,bursty,4,completed,7
7,336.85226421814275,481.75599949028026,563.2991568122801,144.9037352721375,226.44689259413735,4,50.040140701874236,81.54315732199987,2,SJF,bursty,4,completed,"2,3,4,5"
8,338.46414233492106,437.32330007018567,518.0284827813732,98.8591577352646,179.56434044645215,2,51.316169838156625,80.70518271118752,5,SJF,bursty,4,completed,"6,7"
9,391.81531593808927,450.7021120141136,618.71433229031,58.886796076024325,226.89901635222077,2,11.724649433146137,168.01222027619642,4,SJF,bursty,4,completed,"0,1"
10,558.2511588133906,558.2511588133906,681.7627029067305,0.0,123.51154409333992,1,26.323160605261368,123.5115440933399,4,SJF,bursty,4,completed,6
11,590.011919451431,590.011919451431,751.8685488804296,0.0,161.85662942899853,2,43.18564246031515,161.8566294289985,4,SJF,bursty,4,completed,"2,3"
12,631.8981667143563,631.8981667143563,711.250763173477,0.0,79.35259645912072,1,25.920597382048363,79.35259645912066,3,SJF,bursty,4,completed,0
13,640.3319415618256,640.3319415618256,781.5160831232869,0.0,141.18414156146127,3,34.827998089415686,141.1841415614613,2,SJF,bursty,4,completed,"1,4,5"
14,654.7983895207972,681.7627029067305,827.4833187857339,26.964313385933337,172.68492926493673,2,43.43406819316426,145.72061587900345,5,SJF,bursty,4,completed,"6,7"
15,752.3068024033731,752.3068024033731,785.848022616767,0.0,33.5412202133939,3,44.94357433374663,33.54122021339391,5,SJF,bursty,4,completed,"0,2,3"
16,756.0615397486898,785.848022616767,914.2748081271513,29.7864828680772,158.21326837846152,4,9.110068052348229,128.42678551038435,4,SJF,bursty,4,completed,"0,1,2,3"
17,810.3093714176401,810.3093714176401,979.5923282774913,0.0,169.2829568598512,1,35.36112964266228,169.28295685985117,5,SJF,bursty,4,completed,4
18,899.4128373173143,899.4128373173143,946.3538299796231,0.0,46.94099266230887,2,62.047885420848495,46.94099266230887,1,SJF,bursty,4,completed,"5,6"
19,913.8829110972723,914.2748081271513,997.1950075795164,0.39189702987903274,83.3120964822441,2,24.704282606770715,82.92019945236505,5,SJF,bursty,4,completed,"0,1"
20,938.9759480714597,2970.1595407167265,3110.510499015531,2031.1835926452668,2171.5345509440713,4,10.096215174827698,140.35095829880464,1,SJF,bursty,4,completed,"1,4,5,6"
21,941.6338664802622,946.3538299796231,1065.96496953741,4.719963499360915,124.33110305714786,4,14.916285471860306,119.61113955778694,4,SJF,bursty,4,completed,"2,3,5,6"
22,948.9688863310577,1070.8246233568184,1112.2946833932772,121.85573702576073,163.32579706221952,4,58.21523299224319,41.47006003645883,2,SJF,bursty,4,completed,"3,5,6,7"
23,964.6783043278001,964.6783043278001,1070.8246233568184,0.0,106.14631902901829,1,57.82825901093059,106.14631902901829,3,SJF,bursty,4,completed,7
24,1003.4659060932702,1198.4181996917002,1331.5314303353966,194.95229359843006,328.06552424212646,4,53.38109549195011,133.11323064369643,4,SJF,bursty,4,completed,"0,1,4,7"
25,1006.2449449251881,1006.2449449251881,1171.8820366717423,0.0,165.63709174655423,3,20.535427110003926,165.63709174655412,5,SJF,bursty,4,completed,"0,1,4"
26,1047.4354865773282,1112.2946833932772,1244.079303087971,64.85919681594896,196.64381651064286,4,59.271054823662695,131.7846196946939,3,SJF,bursty,4,completed,"2,3,5,6"
27,1051.170342259256,1065.96496953741,1102.8884995938693,14.794627278154167,51.71815733461335,1,61.254639855804925,36.92353005645913,4,SJF,bursty,4,completed,2
28,1090.2887497064498,3030.5772651097873,3181.982000859501,1940.2885154033374,2091.6932511530513,4,24.37233759113272,151.40473574971378,5,SJF,bursty,4,completed,"0,2,3,7"
29,1156.1422328362053,1156.1422328362053,1198.4181996917002,0.0,42.27596685549497,1,34.24207037948416,42.275966855494914,2,SJF,bursty,4,completed,7
30,1223.5386892099277,1244.079303087971,1339.7983526440808,20.54061387804336,116.25966343415303,2,24.386795121838155,95.71904955610962,5,SJF,bursty,4,completed,"2,3"
31,1302.5331022877901,1302.5331022877901,1464.1962816656012,0.0,161.66317937781105,2,28.796144167529967,161.66317937781108,4,SJF,bursty,4,completed,"5,6"
32,1302.8671484349939,1480.1537901282607,1623.5870985631375,177.2866416932668,320.71995012814364,2,60.82415749667345,143.43330843487675,3,SJF,bursty,4,completed,"2,3"
33,1306.2451704237499,1464.1962816656012,1534.2293893658123,157.95111124185132,227.9842189420624,3,47.90658343522092,70.03310770021102,5,SJF,bursty,4,completed,"4,5,6"
34,1307.2748406044077,1504.2444540305717,1672.173421419973,196.96961342616396,364.8985808155653,2,60.66325369494834,167.92896738940132,3,SJF,bursty,4,completed,"0,1"
35,1309.445781594715,1357.1060736959364,1417.5332937891528,47.66029210122133,108.08751219443775,2,22.33560879585726,60.42722009321633,2,SJF,bursty,4,completed,"0,1"
36,1312.6705437598475,1339.7983526440808,1472.640794903221,27.127808884233218,159.9702511433734,1,18.889396572014107,132.84244225914009,4,SJF,bursty,4,completed,3
37,1316.3353451365729,1339.7983526440808,1399.2078655426108,23.463007507507882,82.87252040603789,1,54.9180130083158,59.40951289852991,2,SJF,bursty,4,completed,2
38,1317.8610020861167,1331.5314303353966,1357.1060736959364,13.670428249279894,39.24507160981966,3,26.55849905909445,25.574643360539735,5,SJF,bursty,4,completed,"0,1,4"
39,1320.1339546316128,1331.5314303353966,1378.77799716829,11.397475703783812,58.64404253667726,1,53.704629301695604,47.24656683289345,1,SJF,bursty,4,completed,7
40,1327.5510942139451,1417.5332937891528,1504.2444540305717,89.98219957520769,176.69335981662653,2,63.74068354696577,86.71116024141878,2,SJF,bursty,4,completed,"0,1"
41,1350.959667624189,1357.1060736959364,1452.0964907890577,6.1464060717473785,101.1368231648687,1,38.506390449111116,94.99041709312122,4,SJF,bursty,4,completed,4
42,1375.0963706954926,1399.2078655426108,1480.1537901282607,24.111494847118138,105.05741943276803,2,10.043212287092924,80.94592458564989,5,SJF,bursty,4,completed,"2,7"
43,1400.1625985605795,1845.6426609638083,1982.1909963280295,445.4800624032289,582.0283977674501,4,46.34640288334482,136.54833536422132,3,SJF,bursty,4,completed,"4,5,6,7"
44,1421.8736111404742,1695.7665489022827,1753.9654916134002,273.8929377618085,332.09188047292605,4,13.48073424702283,58.198942711117425,1,SJF,bursty,4,completed,"0,1,2,3"
45,1505.6561238161478,1505.6561238161478,1644.4429514495405,0.0,138.7868276333927,1,50.992937339882,138.7868276333928,2,SJF,bursty,4,completed,7
46,1525.3573197147145,1758.5674264590602,1845.6426609638083,233.2101067443457,320.2853412490938,4,30.498878079399937,87.07523450474812,5,SJF,bursty,4,completed,"4,5,6,7"
47,1573.3449495735522,1573.3449495735522,1737.0975803329925,0.0,163.7526307594403,1,58.11928885663725,163.75263075944028,1,SJF,bursty,4,completed,4
48,1576.6431530738153,1576.6431530738153,1737.7775744404262,0.0,161.13442136661092,2,49.087724202902095,161.13442136661104,5,SJF,bursty,4,completed,"5,6"
49,1612.034095510504,1623.5870985631375,1695.7665489022827,11.553003052633585,83.73245339177879,2,55.003940191947564,72.17945033914529,3,SJF,bursty,4,completed,"2,3"
50,1699.1923183696056,1813.8299124982366,1932.7472588445748,114.63759412863101,233.55494047496927,4,50.48668339889538,118.91734634633815,4,SJF,bursty,4,completed,"0,1,2,3"
51,1703.2484458699948,1753.9654916134002,1813.8299124982366,50.71704574340538,110.58146662824174,4,45.866086868096176,59.86442088483635,5,SJF,bursty,4,completed,"0,1,2,3"
52,1707.3177974150879,1707.3177974150879,1758.5674264590602,0.0,51.24962904397239,1,26.246874839323368,51.24962904397238,1,SJF,bursty,4,completed,7
53,1855.5366222294463,1932.7472588445748,2069.5033952165727,77.21063661512858,213.96677298712643,3,37.85548671261092,136.75613637199802,5,SJF,bursty,4,completed,"0,1,2"
54,1888.4185529544393,1932.7472588445748,2091.3616712169946,44.32870589013555,202.94311826255534,1,52.27514672236783,158.61441237241993,5,SJF,bursty,4,completed,3
55,1899.9694458704985,1982.1909963280295,2155.1321990508472,82.22155045753107,255.16275318034877,1,50.499063596265884,172.94120272281774,3,SJF,bursty,4,completed,7
56,1931.4905866623876,3654.724457899569,3827.197337780795,1723.2338712371816,1895.7067511184073,4,47.25777817234933,172.4728798812256,3,SJF,bursty,4,completed,"0,2,3,4"
57,1948.7634475327434,2091.3616712169946,2188.282828375943,142.59822368425125,239.51938084319977,2,12.035372747768147,96.9211571589487,2,SJF,bursty,4,completed,"3,6"
58,1965.5396388710815,1982.1909963280295,2035.1920967133617,16.651357456948062,69.65245784228023,3,37.25360914007314,53.00110038533225,5,SJF,bursty,4,completed,"4,5,6"
59,1979.1169838663116,2035.1920967133617,2125.1648046496966,56.07511284705015,146.04782078338508,2,34.395428319043084,89.97270793633504,5,SJF,bursty,4,completed,"4,5"
60,2011.233039396006,2125.1648046496966,2301.7819099615967,113.93176525369063,290.54887056559073,2,32.10012874092784,176.61710531190025,1,SJF,bursty,4,completed,"4,5"
61,2025.8527673758654,2112.3159484602156,2280.831818037189,86.46318108435025,254.97905066132353,3,51.549371775577576,168.51586957697336,3,SJF,bursty,4,completed,"0,1,2"
62,2054.6087478031172,2069.5033952165727,2112.3159484602156,14.89464741345546,57.70720065709838,3,46.75917636329382,42.81255324364313,1,SJF,bursty,4,completed,"0,1,2"
63,2056.8109746411633,2401.281825274374,2478.5684424545334,344.47085063321083,421.7574678133701,4,55.788874875915546,77.28661718015944,3,SJF,bursty,4,completed,"0,2,3,5"
64,2146.9413152858265,2478.5684424545334,2594.068827144526,331.6271271687069,447.12751185869956,4,24.009819276484542,115.50038468999281,4,SJF,bursty,4,completed,"0,2,3,5"
65,2174.9909968788247,2188.282828375943,2260.1880514531013,13.291831497118437,85.19705457427654,3,38.25432094489295,71.90522307715801,4,SJF,bursty,4,completed,"3,6,7"
66,2206.1049423598456,2280.831818037189,2353.634406172534,74.72687567734329,147.5294638126884,2,15.725677774989636,72.80258813534518,4,SJF,bursty,4,completed,"1,2"
67,2228.421738336349,2260.1880514531013,2295.2251984192035,31.76631311675237,66.8034600828546,3,36.057554360441074,35.037146966102064,4,SJF,bursty,4,completed,"3,6,7"
68,2273.959976712294,2280.831818037189,2328.28952720182,6.871841324894831,54.3295504895259,1,59.260953476507396,47.457709164630856,4,SJF,bursty,4,completed,0
69,2275.9159275008265,2301.7819099615967,2474.4838335030818,25.865982460770283,198.5679060022553,1,8.248718643927148,172.70192354148492,5,SJF,bursty,4,completed,4
70,2284.4130851259633,2354.961765046398,2401.281825274374,70.54867992043455,116.86874014841078,4,22.454158451648166,46.32006022797613,4,SJF,bursty,4,completed,"2,3,6,7"
71,2286.1508734413774,2478.126689008622,2579.1296430167467,191.9758155672448,292.97876957536937,3,32.19492187888508,101.00295400812453,3,SJF,bursty,4,completed,"1,4,7"
72,2289.3568564178245,2295.2251984192035,2354.961765046398,5.8683420013790055,65.60490862857341,3,12.859563840056518,59.73656662719429,3,SJF,bursty,4,completed,"3,6,7"
73,2310.7285292189986,2328.28952720182,2372.4332295820727,17.56099798282139,61.70470036307415,2,53.91068131106081,44.143702380252904,1,SJF,bursty,4,completed,"0,5"
74,2350.8743132791988,2353.634406172534,2478.126689008622,2.7600928933352407,127.25237572942342,1,12.949854953326106,124.49228283608825,4,SJF,bursty,4,completed,1
75,2376.443722055529,2690.1489747428586,2829.857692320632,313.70525268732945,453.41397026510276,4,36.16400774653527,139.7087175777733,3,SJF,bursty,4,completed,"1,4,5,6"
76,2423.183452749052,2423.183452749052,2589.412974607243,0.0,166.22952185819122,1,46.961352378039955,166.22952185819108,2,SJF,bursty,4,completed,6
77,2465.333544690113,2681.4713450956156,2811.907463949388,216.13780040550273,346.57391925927504,3,41.56701327953653,130.43611885377234,4,SJF,bursty,4,completed,"0,2,3"
78,2500.462493611652,3566.1450836029007,3745.2547431032203,1065.6825899912487,1244.7922494915683,3,9.40772847910326,179.1096595003197,5,SJF,bursty,4,completed,"1,5,6"
79,2502.946698302942,2594.068827144526,2623.3201708320216,91.12212884158407,120.37347252907966,4,58.06594329646536,29.251343687495694,3,SJF,bursty,4,completed,"0,2,3,5"
80,2514.3840133487824,2579.1296430167467,2690.1489747428586,64.7456296679643,175.76496139407618,3,39.2368948409501,111.0193317261119,2,SJF,bursty,4,completed,"1,4,7"
81,2616.328124144433,2623.3201708320216,2681.4713450956156,6.992046687588754,65.14322095118268,4,25.681672601397715,58.151174263593774,5,SJF,bursty,4,completed,"0,2,3,5"
82,2687.8734079816613,3488.683719713048,3654.724457899569,800.8103117313867,966.8510499179079,3,17.11200560235499,166.04073818652122,4,SJF,bursty,4,completed,"3,4,7"
83,2724.046525673192,2910.3349617114773,3030.5772651097873,186.28843603828545,306.53073943659547,3,8.193420980971974,120.24230339830996,2,SJF,bursty,4,completed,"0,2,3"
84,2771.205815048754,2811.907463949388,2848.680078664303,40.7016489006337,77.47426361554881,4,59.21128107276194,36.77261471491511,2,SJF,bursty,4,completed,"0,2,3,7"
85,2773.921212108656,2870.643911679025,2970.1595407167265,96.72269957036906,196.23832860807033,4,41.61385957654166,99.51562903770139,3,SJF,bursty,4,completed,"1,4,5,6"
86,2784.7792981759762,2829.857692320632,2870.643911679025,45.078394144655704,85.86461350304899,3,37.082601538058896,40.78621935839337,1,SJF,bursty,4,completed,"1,4,5"
87,2790.351383737541,2848.680078664303,2910.3349617114773,58.32869492676218,119.98357797393646,3,58.7682915904126,61.65488304717446,1,SJF,bursty,4,completed,"0,2,3"
88,2991.775130054693,3206.084496812545,3364.355854306219,214.30936675785188,372.58072425152614,2,8.69492793359694,158.27135749367406,1,SJF,bursty,4,completed,"0,7"
89,3092.1500741823984,3110.510499015531,3257.2545875986702,18.360424833132583,165.10451341627186,4,49.68662924682406,146.7440885831394,5,SJF,bursty,4,completed,"1,4,5,6"
90,3118.6376458492064,3181.982000859501,3319.7272787744937,63.34435501029475,201.08963292528733,1,40.638851383796045,137.74527791499256,2,SJF,bursty,4,completed,3
91,3119.011208707908,3257.2545875986702,3404.825683471709,138.24337889076241,285.8144747638012,4,48.95041458071658,147.57109587303856,2,SJF,bursty,4,completed,"1,4,5,6"
92,3139.371670171237,3181.982000859501,3206.084496812545,42.610330688264185,66.71282664130786,1,44.051413517259746,24.102495953043732,3,SJF,bursty,4,completed,0
93,3162.988381922421,3181.982000859501,3259.465424120488,18.9936189370801,96.47704219806701,1,26.03121936605745,77.48342326098677,2,SJF,bursty,4,completed,2
94,3297.8629238041044,3297.8629238041044,3327.367600710397,0.0,29.50467690629239,1,60.72021010414102,29.504676906292406,5,SJF,bursty,4,completed,2
95,3336.1339003518583,3364.355854306219,3488.683719713048,28.221953954360743,152.54981936118975,4,19.092814554956817,124.32786540682886,3,SJF,bursty,4,completed,"0,2,3,7"
96,3369.1849275215604,3404.825683471709,3486.6088496026505,35.64075595014856,117.42392208109004,2,16.02888310814677,81.78316613094152,5,SJF,bursty,4,completed,"1,4"
97,3390.8245343680333,3404.825683471709,3555.0498038604105,14.001149103675743,164.22526949237727,2,47.73954282202817,150.2241203887017,2,SJF,bursty,4,completed,"5,6"
98,3433.4739973506007,3486.6088496026505,3566.1450836029007,53.13485225204977,132.67108625230003,1,19.601970201154135,79.53623400025022,1,SJF,bursty,4,completed,1
99,3445.5239094690023,3488.683719713048,3609.0078531616214,43.15981024404573,163.48394369261905,2,50.672916666543586,120.32413344857326,5,SJF,bursty,4,completed,"0,2"
0,115.72140008858099,115.72140008858099,153.79700893674067,0.0,38.075608848159675,3,35.151878205261625,38.07560884815969,4,Priority,bursty,4,completed,"0,1,2"
1,120.76396180236009,120.76396180236009,274.0701468692863,0.0,153.30618506692622,3,62.30503297297611,153.30618506692625,5,Priority,bursty,4,completed,"3,4,5"
2,154.3443100969505,154.3443100969505,297.6664052948967,0.0,143.32209519794623,4,43.49922476575404,143.32209519794623,2,Priority,bursty,4,completed,"0,1,2,6"
3,182.739823065092,532.2452693361134,565.8283824538182,349.50544627102147,383.08855938872625,3,52.208939403682876,33.58311311770477,1,Priority,bursty,4,completed,"0,1,2"
4,204.68242085648478,274.0701468692863,448.1728863725755,69.38772601280152,243.4904655160907,3,21.5218432593063,174.10273950328914,5,Priority,bursty,4,completed,"3,4,5"
5,258.89273938541515,297.6664052948967,450.7021120141136,38.773665909481565,191.80937262869844,3,37.98155243085306,153.03570671921685,2,Priority,bursty,4,completed,"0,1,2"
6,283.7672233225791,283.7672233225791,437.32330007018567,0.0,153.55607674760654,1,47.51903785662869,153.55607674760654,5,Priority,bursty,4,completed,7
7,336.85226421814275,450.7021120141136,532.2452693361134,113.84984779597085,195.3930051179707,4,50.040140701874236,81.54315732199987,2,Priority,bursty,4,completed,"0,1,2,5"
8,338.46414233492106,437.32330007018567,518.0284827813732,98.8591577352646,179.56434044645215,2,51.316169838156625,80.70518271118752,5,Priority,bursty,4,completed,"6,7"
9,391.81531593808927,448.1728863725755,616.1851066487719,56.357570434486206,224.36979071068265,2,11.724649433146137,168.01222027619642,4,Priority,bursty,4,completed,"3,4"
10,558.2511588133906,558.2511588133906,681.7627029067305,0.0,123.51154409333992,1,26.323160605261368,123.5115440933399,4,Priority,bursty,4,completed,5
11,590.011919451431,590.011919451431,751.8685488804296,0.0,161.85662942899853,2,43.18564246031515,161.8566294289985,4,Priority,bursty,4,completed,"0,1"
12,631.8981667143563,631.8981667143563,711.250763173477,0.0,79.35259645912072,1,25.920597382048363,79.35259645912066,3,Priority,bursty,4,completed,2
13,640.3319415618256,640.3319415618256,781.5160831232869,0.0,141.18414156146127,3,34.827998089415686,141.1841415614613,2,Priority,bursty,4,completed,"3,4,6"
14,654.7983895207972,681.7627029067305,827.4833187857339,26.964313385933337,172.68492926493673,2,43.43406819316426,145.72061587900345,5,Priority,bursty,4,completed,"5,7"
15,752.3068024033731,752.3068024033731,785.848022616767,0.0,33.5412202133939,3,44.94357433374663,33.54122021339391,5,Priority,bursty,4,completed,"0,1,2"
16,756.0615397486898,785.848022616767,914.2748081271513,29.7864828680772,158.21326837846152,4,9.110068052348229,128.42678551038435,4,Priority,bursty,4,completed,"0,1,2,3"
17,810.3093714176401,810.3093714176401,979.5923282774913,0.0,169.2829568598512,1,35.36112964266228,169.28295685985117,5,Priority,bursty,4,completed,4
18,899.4128373173143,899.4128373173143,946.3538299796231,0.0,46.94099266230887,2,62.047885420848495,46.94099266230887,1,Priority,bursty,4,completed,"5,6"
19,913.8829110972723,914.2748081271513,997.1950075795164,0.39189702987903274,83.3120964822441,2,24.704282606770715,82.92019945236505,5,Priority,bursty,4,completed,"0,1"
20,938.9759480714597,3614.8118688688432,3755.1628271676477,2675.8359207973836,2816.186879096188,4,10.096215174827698,140.35095829880464,1,Priority,bursty,4,completed,"0,1,3,4"
21,941.6338664802622,946.3538299796231,1065.96496953741,4.719963499360915,124.33110305714786,4,14.916285471860306,119.61113955778694,4,Priority,bursty,4,completed,"2,3,5,6"
22,948.9688863310577,3006.754288571605,3048.224348608064,2057.7854022405472,2099.2554622770062,4,58.21523299224319,41.47006003645883,2,Priority,bursty,4,completed,"2,4,5,6"
23,964.6783043278001,964.6783043278001,1070.8246233568184,0.0,106.14631902901829,1,57.82825901093059,106.14631902901829,3,Priority,bursty,4,completed,7
24,1003.4659060932702,1065.96496953741,1199.0782001811065,62.49906344413989,195.6122940878363,4,53.38109549195011,133.11323064369643,4,Priority,bursty,4,completed,"2,3,5,6"
25,1006.2449449251881,1006.2449449251881,1171.8820366717423,0.0,165.63709174655423,3,20.535427110003926,165.63709174655412,5,Priority,bursty,4,completed,"0,1,4"
26,1047.4354865773282,1199.0782001811065,1330.8628198758004,151.64271360377825,283.42733329847215,4,59.271054823662695,131.7846196946939,3,Priority,bursty,4,completed,"2,3,5,6"
27,1051.170342259256,1070.8246233568184,1107.7481534132776,19.65428109756249,56.577811154021674,1,61.254639855804925,36.92353005645913,4,Priority,bursty,4,completed,7
28,1090.2887497064498,1198.4181996917002,1349.822935441414,108.1294499852504,259.53418573496424,4,24.37233759113272,151.40473574971378,5,Priority,bursty,4,completed,"0,1,4,7"
29,1156.1422328362053,1156.1422328362053,1198.4181996917002,0.0,42.27596685549497,1,34.24207037948416,42.275966855494914,2,Priority,bursty,4,completed,7
30,1223.5386892099277,1330.8628198758004,1426.58186943191,107.32413066587264,203.0431802219823,2,24.386795121838155,95.71904955610962,5,Priority,bursty,4,completed,"2,3"
31,1302.5331022877901,1330.8628198758004,1492.5259992536114,28.329717588010226,189.99289696582127,2,28.796144167529967,161.66317937781108,4,Priority,bursty,4,completed,"5,6"
32,1302.8671484349939,1445.430686502165,1588.8639949370418,142.56353806717107,285.9968465020479,2,60.82415749667345,143.43330843487675,3,Priority,bursty,4,completed,"1,4"
33,1306.2451704237499,1349.822935441414,1419.8560431416252,43.577765017664206,113.61087271787528,3,47.90658343522092,70.03310770021102,5,Priority,bursty,4,completed,"0,1,4"
34,1307.2748406044077,1492.5259992536114,1660.4549666430128,185.25115864920372,353.18012603860507,2,60.66325369494834,167.92896738940132,3,Priority,bursty,4,completed,"5,6"
35,1309.445781594715,1507.52779401756,1567.9550141107763,198.08201242284485,258.5092325160613,2,22.33560879585726,60.42722009321633,2,Priority,bursty,4,completed,"2,3"
36,1312.6705437598475,1349.822935441414,1482.6653777005542,37.15239168156654,169.9948339407067,1,18.889396572014107,132.84244225914009,4,Priority,bursty,4,completed,7
37,1316.3353451365729,1482.6653777005542,1542.0748905990843,166.33003256398138,225.7395454625114,1,54.9180130083158,59.40951289852991,2,Priority,bursty,4,completed,7
38,1317.8610020861167,1419.8560431416252,1445.430686502165,101.99504105550841,127.56968441604818,3,26.55849905909445,25.574643360539735,5,Priority,bursty,4,completed,"0,1,4"
39,1320.1339546316128,1542.0748905990843,1589.3214574319777,221.94093596747143,269.1875028003649,1,53.704629301695604,47.24656683289345,1,Priority,bursty,4,completed,7
40,1327.5510942139451,1567.9550141107763,1654.6661743521952,240.4039198968312,327.11508013825005,2,63.74068354696577,86.71116024141878,2,Priority,bursty,4,completed,"2,3"
41,1350.959667624189,1445.430686502165,1540.4211035952862,94.4710188779759,189.46143597109722,1,38.506390449111116,94.99041709312122,4,Priority,bursty,4,completed,0
42,1375.0963706954926,1426.58186943191,1507.52779401756,51.48549873641741,132.4314233220673,2,10.043212287092924,80.94592458564989,5,Priority,bursty,4,completed,"2,3"
43,1400.1625985605795,1818.4318473438966,1954.9801827081178,418.26924878331715,554.8175841475384,4,46.34640288334482,136.54833536422132,3,Priority,bursty,4,completed,"0,1,4,7"
44,1421.8736111404742,3620.584888756985,3678.7838314681026,2198.711277616511,2256.9102203276284,4,13.48073424702283,58.198942711117425,1,Priority,bursty,4,completed,"2,5,6,7"
45,1505.6561238161478,1540.4211035952862,1679.207931228679,34.76497977913846,173.55180741253116,1,50.992937339882,138.7868276333928,2,Priority,bursty,4,completed,0
46,1525.3573197147145,1726.8456246913404,1813.9208591960885,201.48830497662584,288.56353948137394,4,30.498878079399937,87.07523450474812,5,Priority,bursty,4,completed,"2,3,5,6"
47,1573.3449495735522,1589.3214574319777,1753.074088191418,15.97650785842552,179.72913861786583,1,58.11928885663725,163.75263075944028,1,Priority,bursty,4,completed,7
48,1576.6431530738153,1588.8639949370418,1749.998416303653,12.220841863226497,173.35526322983765,2,49.087724202902095,161.13442136661104,5,Priority,bursty,4,completed,"1,4"
49,1612.034095510504,1654.6661743521952,1726.8456246913404,42.63207884169128,114.81152918083649,2,55.003940191947564,72.17945033914529,3,Priority,bursty,4,completed,"2,3"
50,1699.1923183696056,1813.9208591960885,1932.8382055424267,114.72854082648291,233.64588717282118,4,50.48668339889538,118.91734634633815,4,Priority,bursty,4,completed,"2,3,5,6"
51,1703.2484458699948,1758.5674264590602,1818.4318473438966,55.318980589065404,115.18340147390177,4,45.866086868096176,59.86442088483635,5,Priority,bursty,4,completed,"0,1,4,7"
52,1707.3177974150879,1707.3177974150879,1758.5674264590602,0.0,51.24962904397239,1,26.246874839323368,51.24962904397238,1,Priority,bursty,4,completed,0
53,1855.5366222294463,1932.8382055424267,2069.5943419144246,77.30158331298048,214.05771968497834,3,37.85548671261092,136.75613637199802,5,Priority,bursty,4,completed,"2,3,5"
54,1888.4185529544393,1932.8382055424267,2091.4526179148465,44.41965258798746,203.03406496040725,1,52.27514672236783,158.61441237241993,5,Priority,bursty,4,completed,6
55,1899.9694458704985,1954.9801827081178,2127.9213854309355,55.01073683761933,227.95193956043704,1,50.499063596265884,172.94120272281774,3,Priority,bursty,4,completed,0
56,1931.4905866623876,2600.7120205672154,2773.184900448441,669.2214339048278,841.6943137860535,4,47.25777817234933,172.4728798812256,3,Priority,bursty,4,completed,"0,1,3,4"
57,1948.7634475327434,1954.9801827081178,2051.9013398670663,6.216735175374424,103.13789233432294,2,12.035372747768147,96.9211571589487,2,Priority,bursty,4,completed,"1,4"
58,1965.5396388710815,2051.9013398670663,2104.9024402523987,86.36170099598485,139.36280138131724,3,37.25360914007314,53.00110038533225,5,Priority,bursty,4,completed,"1,4,7"
59,1979.1169838663116,2069.5943419144246,2159.5670498507598,90.47735804811305,180.4500659844482,2,34.395428319043084,89.97270793633504,5,Priority,bursty,4,completed,"2,3"
60,2011.233039396006,2091.4526179148465,2268.0697232267466,80.21957851884054,256.83668383074064,2,32.10012874092784,176.61710531190025,1,Priority,bursty,4,completed,"5,6"
61,2025.8527673758654,2104.9024402523987,2273.418309829372,79.04967287653335,247.56554245350662,3,51.549371775577576,168.51586957697336,3,Priority,bursty,4,completed,"1,4,7"
62,2054.6087478031172,2159.5670498507598,2202.3796030944027,104.95830204764252,147.77085529128544,3,46.75917636329382,42.81255324364313,1,Priority,bursty,4,completed,"0,2,3"
63,2056.8109746411633,2789.758953813672,2867.0455709938315,732.9479791725089,810.2345963526682,4,55.788874875915546,77.28661718015944,3,Priority,bursty,4,completed,"2,4,5,6"
64,2146.9413152858265,2308.455456795474,2423.955841485467,161.51414150964774,277.0145261996404,4,24.009819276484542,115.50038468999281,4,Priority,bursty,4,completed,"1,3,4,7"
65,2174.9909968788247,2202.3796030944027,2274.284826171561,27.388606215577965,99.29382929273606,3,38.25432094489295,71.90522307715801,4,Priority,bursty,4,completed,"0,2,3"
66,2206.1049423598456,2268.0697232267466,2340.8723113620918,61.96478086690104,134.76736900224614,2,15.725677774989636,72.80258813534518,4,Priority,bursty,4,completed,"5,6"
67,2228.421738336349,2273.418309829372,2308.455456795474,44.99657149302311,80.03371845912534,3,36.057554360441074,35.037146966102064,4,Priority,bursty,4,completed,"1,4,7"
68,2273.959976712294,2274.284826171561,2321.742535336192,0.3248494592667157,47.782558623897785,1,59.260953476507396,47.457709164630856,4,Priority,bursty,4,completed,0
69,2275.9159275008265,2275.9159275008265,2448.6178510423115,0.0,172.70192354148503,1,8.248718643927148,172.70192354148492,5,Priority,bursty,4,completed,2
70,2284.4130851259633,2423.955841485467,2470.275901713443,139.54275635950353,185.86281658747976,4,22.454158451648166,46.32006022797613,4,Priority,bursty,4,completed,"1,3,4,7"
71,2286.1508734413774,2340.8723113620918,2441.8752653702163,54.72143792071438,155.72439192883894,3,32.19492187888508,101.00295400812453,3,Priority,bursty,4,completed,"0,5,6"
72,2289.3568564178245,2492.7615534225642,2552.4981200497587,203.40469700473977,263.1412636319342,3,12.859563840056518,59.73656662719429,3,Priority,bursty,4,completed,"2,6,7"
73,2310.7285292189986,2448.6178510423115,2492.7615534225642,137.8893218233129,182.03302420356567,2,53.91068131106081,44.143702380252904,1,Priority,bursty,4,completed,"2,6"
74,2350.8743132791988,2441.8752653702163,2566.3675482063045,91.00095209101755,215.49323492710573,1,12.949854953326106,124.49228283608825,4,Priority,bursty,4,completed,0
75,2376.443722055529,2867.0455709938315,3006.754288571605,490.6018489383023,630.3105665160756,4,36.16400774653527,139.7087175777733,3,Priority,bursty,4,completed,"2,4,5,6"
76,2423.183452749052,2441.8752653702163,2608.1047872284075,18.691812621164445,184.92133447935566,1,46.961352378039955,166.22952185819108,2,Priority,bursty,4,completed,5
77,2465.333544690113,2470.275901713443,2600.7120205672154,4.94235702333026,135.37847587710257,3,41.56701327953653,130.43611885377234,4,Priority,bursty,4,completed,"1,3,4"
78,2500.462493611652,2552.4981200497587,2731.6077795500782,52.03562643810665,231.14528593842624,3,9.40772847910326,179.1096595003197,5,Priority,bursty,4,completed,"2,6,7"
79,2502.946698302942,2939.2256386349623,2968.476982322458,436.2789403320203,465.5302840195159,4,58.06594329646536,29.251343687495694,3,Priority,bursty,4,completed,"0,1,3,7"
80,2514.3840133487824,3048.224348608064,3159.2436803341757,533.8403352592813,644.8596669853932,3,39.2368948409501,111.0193317261119,2,Priority,bursty,4,completed,"2,4,5"
81,2616.328124144433,2731.6077795500782,2789.758953813672,115.27965540564537,173.4308296692393,4,25.681672601397715,58.151174263593774,5,Priority,bursty,4,completed,"2,5,6,7"
82,2687.8734079816613,2773.184900448441,2939.2256386349623,85.31149246677978,251.35223065330092,3,17.11200560235499,166.04073818652122,4,Priority,bursty,4,completed,"0,1,3"
83,2724.046525673192,3067.992611360159,3188.234914758469,343.9460856869673,464.1883890852773,3,8.193420980971974,120.24230339830996,2,Priority,bursty,4,completed,"0,1,3"
84,2771.205815048754,3334.9790033416084,3371.7516180565235,563.7731882928542,600.5458030077693,4,59.21128107276194,36.77261471491511,2,Priority,bursty,4,completed,"0,1,2,3"
85,2773.921212108656,2968.476982322458,3067.992611360159,194.55577021380168,294.07139925150295,4,41.61385957654166,99.51562903770139,3,Priority,bursty,4,completed,"0,1,3,7"
86,2784.7792981759762,3240.471805183408,3281.258024541801,455.6925070074317,496.47872636582497,3,37.082601538058896,40.78621935839337,1,Priority,bursty,4,completed,"5,6,7"
87,2790.351383737541,3281.258024541801,3342.9129075889755,490.9066408042604,552.5615238514347,3,58.7682915904126,61.65488304717446,1,Priority,bursty,4,completed,"5,6,7"
88,2991.775130054693,3067.992611360159,3226.2639688538334,76.21748130546621,234.48883879914047,2,8.69492793359694,158.27135749367406,1,Priority,bursty,4,completed,"6,7"
89,3092.1500741823984,3188.234914758469,3334.9790033416084,96.08484057607075,242.82892915921002,4,49.68662924682406,146.7440885831394,5,Priority,bursty,4,completed,"0,1,2,3"
90,3118.6376458492064,3159.2436803341757,3296.9889582491683,40.606034484969314,178.3513123999619,1,40.638851383796045,137.74527791499256,2,Priority,bursty,4,completed,4
91,3119.011208707908,3467.2407729958045,3614.8118688688432,348.22956428789666,495.8006601609354,4,48.95041458071658,147.57109587303856,2,Priority,bursty,4,completed,"4,5,6,7"
92,3139.371670171237,3159.2436803341757,3183.3461762872194,19.87201016293875,43.97450611598242,1,44.051413517259746,24.102495953043732,3,Priority,bursty,4,completed,2
93,3162.988381922421,3162.988381922421,3240.471805183408,0.0,77.48342326098691,1,26.03121936605745,77.48342326098677,2,Priority,bursty,4,completed,5
94,3297.8629238041044,3297.8629238041044,3327.367600710397,0.0,29.50467690629239,1,60.72021010414102,29.504676906292406,5,Priority,bursty,4,completed,4
95,3336.1339003518583,3342.9129075889755,3467.2407729958045,6.779007237117185,131.1068726439462,4,19.092814554956817,124.32786540682886,3,Priority,bursty,4,completed,"4,5,6,7"
96,3369.1849275215604,3371.7516180565235,3453.534784187465,2.5666905349630724,84.34985666590455,2,16.02888310814677,81.78316613094152,5,Priority,bursty,4,completed,"0,1"
97,3390.8245343680333,3390.8245343680333,3541.048654756735,0.0,150.22412038870152,2,47.73954282202817,150.2241203887017,2,Priority,bursty,4,completed,"2,3"
98,3433.4739973506007,3541.048654756735,3620.584888756985,107.57465740613407,187.11089140638433,1,19.601970201154135,79.53623400025022,1,Priority,bursty,4,completed,2
99,3445.5239094690023,3453.534784187465,3573.8589176360383,8.010874718462674,128.335008167036,2,50.672916666543586,120.32413344857326,5,Priority,bursty,4,completed,"0,1"
0,115.72140008858099,115.72140008858099,153.79700893674067,0.0,38.075608848159675,3,35.151878205261625,38.07560884815969,4,BestFit,bursty,4,completed,"0,1,2"
1,120.76396180236009,120.76396180236009,274.0701468692863,0.0,153.30618506692622,3,62.30503297297611,153.30618506692625,5,BestFit,bursty,4,completed,"3,4,5"
2,154.3443100969505,154.3443100969505,297.6664052948967,0.0,143.32209519794623,4,43.49922476575404,143.32209519794623,2,BestFit,bursty,4,completed,"0,1,2,6"
3,182.739823065092,274.0701468692863,307.6532599869911,91.33032380419431,124.91343692189909,3,52.208939403682876,33.58311311770477,1,BestFit,bursty,4,completed,"3,4,5"
4,204.68242085648478,307.6532599869911,481.75599949028026,102.9708391305063,277.0735786337955,3,21.5218432593063,174.10273950328914,5,BestFit,bursty,4,completed,"3,4,5"
5,258.89273938541515,297.6664052948967,450.7021120141136,38.773665909481565,191.80937262869844,3,37.98155243085306,153.03570671921685,2,BestFit,bursty,4,completed,"0,1,2"
6,283.7672233225791,283.7672233225791,437.32330007018567,0.0,153.55607674760654,1,47.51903785662869,153.55607674760654,5,BestFit,bursty,4,completed,7
7,336.85226421814275,481.75599949028026,563.2991568122801,144.9037352721375,226.44689259413735,4,50.040140701874236,81.54315732199987,2,BestFit,bursty,4,completed,"2,3,4,5"
8,338.46414233492106,437.32330007018567,518.0284827813732,98.8591577352646,179.56434044645215,2,51.316169838156625,80.70518271118752,5,BestFit,bursty,4,completed,"6,7"
9,391.81531593808927,450.7021120141136,618.71433229031,58.886796076024325,226.89901635222077,2,11.724649433146137,168.01222027619642,4,BestFit,bursty,4,completed,"0,1"
10,558.2511588133906,558.2511588133906,681.7627029067305,0.0,123.51154409333992,1,26.323160605261368,123.5115440933399,4,BestFit,bursty,4,completed,6
11,590.011919451431,590.011919451431,751.8685488804296,0.0,161.85662942899853,2,43.18564246031515,161.8566294289985,4,BestFit,bursty,4,completed,"2,3"
12,631.8981667143563,631.8981667143563,711.250763173477,0.0,79.35259645912072,1,25.920597382048363,79.35259645912066,3,BestFit,bursty,4,completed,0
13,640.3319415618256,640.3319415618256,781.5160831232869,0.0,141.18414156146127,3,34.827998089415686,141.1841415614613,2,BestFit,bursty,4,completed,"1,4,5"
14,654.7983895207972,681.7627029067305,827.4833187857339,26.964313385933337,172.68492926493673,2,43.43406819316426,145.72061587900345,5,BestFit,bursty,4,completed,"6,7"
15,752.3068024033731,752.3068024033731,785.848022616767,0.0,33.5412202133939,3,44.94357433374663,33.54122021339391,5,BestFit,bursty,4,completed,"0,2,3"
16,756.0615397486898,785.848022616767,914.2748081271513,29.7864828680772,158.21326837846152,4,9.110068052348229,128.42678551038435,4,BestFit,bursty,4,completed,"0,1,2,3"
17,810.3093714176401,810.3093714176401,979.5923282774913,0.0,169.2829568598512,1,35.36112964266228,169.28295685985117,5,BestFit,bursty,4,completed,4
18,899.4128373173143,899.4128373173143,946.3538299796231,0.0,46.94099266230887,2,62.047885420848495,46.94099266230887,1,BestFit,bursty,4,completed,"5,6"
19,913.8829110972723,914.2748081271513,997.1950075795164,0.39189702987903274,83.3120964822441,2,24.704282606770715,82.92019945236505,5,BestFit,bursty,4,completed,"0,1"
20,938.9759480714597,3256.382923764199,3396.7338820630034,2317.4069756927393,2457.7579339915437,4,10.096215174827698,140.35095829880464,1,BestFit,bursty,4,completed,"0,2,6,7"
21,941.6338664802622,946.3538299796231,1065.96496953741,4.719963499360915,124.33110305714786,4,14.916285471860306,119.61113955778694,4,BestFit,bursty,4,completed,"2,3,5,6"
22,948.9688863310577,1070.8246233568184,1112.2946833932772,121.85573702576073,163.32579706221952,4,58.21523299224319,41.47006003645883,2,BestFit,bursty,4,completed,"3,5,6,7"
23,964.6783043278001,964.6783043278001,1070.8246233568184,0.0,106.14631902901829,1,57.82825901093059,106.14631902901829,3,BestFit,bursty,4,completed,7
24,1003.4659060932702,1198.4181996917002,1331.5314303353966,194.95229359843006,328.06552424212646,4,53.38109549195011,133.11323064369643,4,BestFit,bursty,4,completed,"0,1,4,7"
25,1006.2449449251881,1006.2449449251881,1171.8820366717423,0.0,165.63709174655423,3,20.535427110003926,165.63709174655412,5,BestFit,bursty,4,completed,"0,1,4"
26,1047.4354865773282,1112.2946833932772,1244.079303087971,64.85919681594896,196.64381651064286,4,59.271054823662695,131.7846196946939,3,BestFit,bursty,4,completed,"2,3,5,6"
27,1051.170342259256,1065.96496953741,1102.8884995938693,14.794627278154167,51.71815733461335,1,61.254639855804925,36.92353005645913,4,BestFit,bursty,4,completed,2
28,1090.2887497064498,3693.702091034844,3845.106826784558,2603.4133413283944,2754.818077078108,4,24.37233759113272,151.40473574971378,5,BestFit,bursty,4,completed,"0,2,5,6"
29,1156.1422328362053,1156.1422328362053,1198.4181996917002,0.0,42.27596685549497,1,34.24207037948416,42.275966855494914,2,BestFit,bursty,4,completed,7
30,1223.5386892099277,1244.079303087971,1339.7983526440808,20.54061387804336,116.25966343415303,2,24.386795121838155,95.71904955610962,5,BestFit,bursty,4,completed,"2,3"
31,1302.5331022877901,1302.5331022877901,1464.1962816656012,0.0,161.66317937781105,2,28.796144167529967,161.66317937781108,4,BestFit,bursty,4,completed,"5,6"
32,1302.8671484349939,1464.1962816656012,1607.629590100478,161.32913323060734,304.7624416654842,2,60.82415749667345,143.43330843487675,3,BestFit,bursty,4,completed,"5,6"
33,1306.2451704237499,1512.5113763392558,1582.5444840394669,206.2662059155059,276.299313615717,3,47.90658343522092,70.03310770021102,5,BestFit,bursty,4,completed,"0,1,2"
34,1307.2748406044077,1464.3738725945368,1632.3028399839382,157.0990319901291,325.02799937953046,2,60.66325369494834,167.92896738940132,3,BestFit,bursty,4,completed,"4,7"
35,1309.445781594715,1339.7983526440808,1400.2255727372972,30.35257104936568,90.7797911425821,2,22.33560879585726,60.42722009321633,2,BestFit,bursty,4,completed,"2,3"
36,1312.6705437598475,1331.5314303353966,1464.3738725945368,18.860886575549102,151.70332883468927,1,18.889396572014107,132.84244225914009,4,BestFit,bursty,4,completed,4
37,1316.3353451365729,1331.5314303353966,1390.9409432339266,15.196085198823766,74.60559809735378,1,54.9180130083158,59.40951289852991,2,BestFit,bursty,4,completed,1
38,1317.8610020861167,1486.936732978716,1512.5113763392558,169.07573089259927,194.65037425313903,3,26.55849905909445,25.574643360539735,5,BestFit,bursty,4,completed,"0,1,2"
39,1320.1339546316128,1331.5314303353966,1378.77799716829,11.397475703783812,58.64404253667726,1,53.704629301695604,47.24656683289345,1,BestFit,bursty,4,completed,0
40,1327.5510942139451,1400.2255727372972,1486.936732978716,72.67447852335204,159.38563876477087,2,63.74068354696577,86.71116024141878,2,BestFit,bursty,4,completed,"2,3"
41,1350.959667624189,1350.959667624189,1445.9500847173103,0.0,94.99041709312132,1,38.506390449111116,94.99041709312122,4,BestFit,bursty,4,completed,7
42,1375.0963706954926,1390.9409432339266,1471.8868678195765,15.844572538434022,96.79049712408391,2,10.043212287092924,80.94592458564989,5,BestFit,bursty,4,completed,"0,1"
43,1400.1625985605795,1845.6426609638083,1982.1909963280295,445.4800624032289,582.0283977674501,4,46.34640288334482,136.54833536422132,3,BestFit,bursty,4,completed,"0,1,2,7"
44,1421.8736111404742,1684.213545849649,1742.4124885607666,262.33993470917494,320.53887742029247,4,13.48073424702283,58.198942711117425,1,BestFit,bursty,4,completed,"3,4,5,6"
45,1505.6561238161478,1505.6561238161478,1644.4429514495405,0.0,138.7868276333927,1,50.992937339882,138.7868276333928,2,BestFit,bursty,4,completed,3
46,1525.3573197147145,1758.5674264590602,1845.6426609638083,233.2101067443457,320.2853412490938,4,30.498878079399937,87.07523450474812,5,BestFit,bursty,4,completed,"0,1,2,7"
47,1573.3449495735522,1582.5444840394669,1746.2971147989072,9.199534465914667,172.95216522535497,1,58.11928885663725,163.75263075944028,1,BestFit,bursty,4,completed,0
48,1576.6431530738153,1582.5444840394669,1743.6789054060778,5.901330965651596,167.03575233226252,2,49.087724202902095,161.13442136661104,5,BestFit,bursty,4,completed,"1,2"
49,1612.034095510504,1612.034095510504,1684.213545849649,0.0,72.1794503391452,2,55.003940191947564,72.17945033914529,3,BestFit,bursty,4,completed,"5,6"
50,1699.1923183696056,1802.276909445603,1921.194255791941,103.08459107599742,222.00193742233546,4,50.48668339889538,118.91734634633815,4,BestFit,bursty,4,completed,"3,4,5,6"
51,1703.2484458699948,1742.4124885607666,1802.276909445603,39.164042690771794,99.02846357560816,4,45.866086868096176,59.86442088483635,5,BestFit,bursty,4,completed,"3,4,5,6"
52,1707.3177974150879,1707.3177974150879,1758.5674264590602,0.0,51.24962904397239,1,26.246874839323368,51.24962904397238,1,BestFit,bursty,4,completed,7
53,1855.5366222294463,2114.9762575080076,2251.7323938800055,259.43963527856135,396.1957716505592,3,37.85548671261092,136.75613637199802,5,BestFit,bursty,4,completed,"0,1,5"
54,1888.4185529544393,1921.194255791941,2079.808668164361,32.77570283750174,191.39011520992153,1,52.27514672236783,158.61441237241993,5,BestFit,bursty,4,completed,3
55,1899.9694458704985,1921.194255791941,2094.1354585147587,21.224809921442557,194.16601264426026,1,50.499063596265884,172.94120272281774,3,BestFit,bursty,4,completed,4
56,1931.4905866623876,3735.5322234812634,3908.005103362489,1804.0416368188758,1976.5145167001015,4,47.25777817234933,172.4728798812256,3,BestFit,bursty,4,completed,"1,3,4,7"
57,1948.7634475327434,1948.7634475327434,2045.6846046916921,0.0,96.92115715894874,2,12.035372747768147,96.9211571589487,2,BestFit,bursty,4,completed,"5,6"
58,1965.5396388710815,2094.1354585147587,2147.136558900091,128.59581964367726,181.59692002900965,3,37.25360914007314,53.00110038533225,5,BestFit,bursty,4,completed,"3,4,6"
59,1979.1169838663116,1982.1909963280295,2072.1637042643647,3.0740124617179845,93.04672039805314,2,34.395428319043084,89.97270793633504,5,BestFit,bursty,4,completed,"0,1"
60,2011.233039396006,2011.233039396006,2187.850144707906,0.0,176.6171053119001,2,32.10012874092784,176.61710531190025,1,BestFit,bursty,4,completed,"2,7"
61,2025.8527673758654,2147.136558900091,2315.6524284770644,121.28379152422576,289.79966110119904,3,51.549371775577576,168.51586957697336,3,BestFit,bursty,4,completed,"3,4,6"
62,2054.6087478031172,2072.1637042643647,2114.9762575080076,17.554956461247457,60.36750970489038,3,46.75917636329382,42.81255324364313,1,BestFit,bursty,4,completed,"0,1,5"
63,2056.8109746411633,2956.8704074042494,3034.1570245844086,900.0594327630861,977.3460499432454,4,55.788874875915546,77.28661718015944,3,BestFit,bursty,4,completed,"0,2,5,7"
64,2146.9413152858265,3058.595349578764,3174.0957342687566,911.6540342929375,1027.15441898293,4,24.009819276484542,115.50038468999281,4,BestFit,bursty,4,completed,"1,3,4,5"
65,2174.9909968788247,2286.7695408461077,2358.674763923266,111.77854396728299,183.68376704444108,3,38.25432094489295,71.90522307715801,4,BestFit,bursty,4,completed,"0,1,5"
66,2206.1049423598456,2206.1049423598456,2278.9075304951907,0.0,72.8025881353451,2,15.725677774989636,72.80258813534518,4,BestFit,bursty,4,completed,"2,7"
67,2228.421738336349,2251.7323938800055,2286.7695408461077,23.310655543656594,58.34780250975882,3,36.057554360441074,35.037146966102064,4,BestFit,bursty,4,completed,"0,1,5"
68,2273.959976712294,2278.9075304951907,2326.365239659822,4.947553782896648,52.40526294752772,1,59.260953476507396,47.457709164630856,4,BestFit,bursty,4,completed,2
69,2275.9159275008265,2278.9075304951907,2451.6094540366757,2.991602994364257,175.6935265358493,1,8.248718643927148,172.70192354148492,5,BestFit,bursty,4,completed,7
70,2284.4130851259633,2460.7990848654417,2507.119145093418,176.3859997394784,222.70605996745462,4,22.454158451648166,46.32006022797613,4,BestFit,bursty,4,completed,"1,3,4,5"
71,2286.1508734413774,2359.796130857317,2460.7990848654417,73.6452574159398,174.64821142406436,3,32.19492187888508,101.00295400812453,3,BestFit,bursty,4,completed,"3,4,6"
72,2289.3568564178245,2358.674763923266,2418.41133055046,69.31790750544133,129.05447413263573,3,12.859563840056518,59.73656662719429,3,BestFit,bursty,4,completed,"0,1,5"
73,2310.7285292189986,2315.6524284770644,2359.796130857317,4.9238992580658305,49.06760163831859,2,53.91068131106081,44.143702380252904,1,BestFit,bursty,4,completed,"3,4"
74,2350.8743132791988,2350.8743132791988,2475.366596115287,0.0,124.49228283608818,1,12.949854953326106,124.49228283608825,4,BestFit,bursty,4,completed,2
75,2376.443722055529,3174.0957342687566,3313.80445184653,797.6520122132274,937.3607297910007,4,36.16400774653527,139.7087175777733,3,BestFit,bursty,4,completed,"1,3,4,5"
76,2423.183452749052,2423.183452749052,2589.412974607243,0.0,166.22952185819122,1,46.961352378039955,166.22952185819108,2,BestFit,bursty,4,completed,0
77,2465.333544690113,2475.366596115287,2605.8027149690593,10.033051425174108,140.46917027894642,3,41.56701327953653,130.43611885377234,4,BestFit,bursty,4,completed,"2,6,7"
78,2500.462493611652,2507.119145093418,2686.2288045937376,6.656651481765948,185.76631098208554,3,9.40772847910326,179.1096595003197,5,BestFit,bursty,4,completed,"1,3,4"
79,2502.946698302942,2686.2288045937376,2715.480148281233,183.28210629079558,212.53344997829117,4,58.06594329646536,29.251343687495694,3,BestFit,bursty,4,completed,"1,3,4,6"
80,2514.3840133487824,2605.8027149690593,2716.822046695171,91.4187016202768,202.4380333463887,3,39.2368948409501,111.0193317261119,2,BestFit,bursty,4,completed,"0,2,5"
81,2616.328124144433,2716.822046695171,2774.973220958765,100.49392255073826,158.6450968143322,4,25.681672601397715,58.151174263593774,5,BestFit,bursty,4,completed,"0,2,5,6"
82,2687.8734079816613,2715.480148281233,2881.5208864677543,27.60674029957181,193.64747848609295,3,17.11200560235499,166.04073818652122,4,BestFit,bursty,4,completed,"1,3,4"
83,2724.046525673192,2774.973220958765,2895.215524357075,50.92669528557326,171.16899868388327,3,8.193420980971974,120.24230339830996,2,BestFit,bursty,4,completed,"0,2,5"
84,2771.205815048754,2922.3071058261476,2959.0797205410627,151.1012907773934,187.8739054923085,4,59.21128107276194,36.77261471491511,2,BestFit,bursty,4,completed,"1,3,4,6"
85,2773.921212108656,2959.0797205410627,3058.595349578764,185.1585084324065,284.6741374701078,4,41.61385957654166,99.51562903770139,3,BestFit,bursty,4,completed,"1,3,4,6"
86,2784.7792981759762,2881.5208864677543,2922.3071058261476,96.74158829177804,137.52780765017133,3,37.082601538058896,40.78621935839337,1,BestFit,bursty,4,completed,"1,3,4"
87,2790.351383737541,2895.215524357075,2956.8704074042494,104.86414061953428,166.51902366670856,3,58.7682915904126,61.65488304717446,1,BestFit,bursty,4,completed,"0,2,5"
88,2991.775130054693,3034.1570245844086,3192.428382078083,42.38189452971574,200.65325202339,2,8.69492793359694,158.27135749367406,1,BestFit,bursty,4,completed,"0,2"
89,3092.1500741823984,3546.958002451705,3693.702091034844,454.80792826930656,601.5520168524458,4,49.68662924682406,146.7440885831394,5,BestFit,bursty,4,completed,"0,2,5,6"
90,3118.6376458492064,3118.6376458492064,3256.382923764199,0.0,137.74527791499258,1,40.638851383796045,137.74527791499256,2,BestFit,bursty,4,completed,6
91,3119.011208707908,3587.9611276082246,3735.5322234812634,468.9499189003168,616.5210147733555,4,48.95041458071658,147.57109587303856,2,BestFit,bursty,4,completed,"1,3,4,7"
92,3139.371670171237,3139.371670171237,3163.4741661242806,0.0,24.10249595304367,1,44.051413517259746,24.102495953043732,3,BestFit,bursty,4,completed,7
93,3162.988381922421,3163.4741661242806,3240.9575893852675,0.4857842018595875,77.9692074628465,1,26.03121936605745,77.48342326098677,2,BestFit,bursty,4,completed,7
94,3297.8629238041044,3313.80445184653,3343.3091287528223,15.941528042425489,45.44620494871788,1,60.72021010414102,29.504676906292406,5,BestFit,bursty,4,completed,1
95,3336.1339003518583,3343.3091287528223,3467.6369941596513,7.175228400963988,131.503093807793,4,19.092814554956817,124.32786540682886,3,BestFit,bursty,4,completed,"1,3,4,5"
96,3369.1849275215604,3396.7338820630034,3478.517048193945,27.54895454144298,109.33212067238446,2,16.02888310814677,81.78316613094152,5,BestFit,bursty,4,completed,"0,2"
97,3390.8245343680333,3396.7338820630034,3546.958002451705,5.909347694970165,156.1334680836717,2,47.73954282202817,150.2241203887017,2,BestFit,bursty,4,completed,"6,7"
98,3433.4739973506007,3467.6369941596513,3547.1732281599016,34.16299680905058,113.69923080930084,1,19.601970201154135,79.53623400025022,1,BestFit,bursty,4,completed,1
99,3445.5239094690023,3467.6369941596513,3587.9611276082246,22.113084690648975,142.4372181392223,2,50.672916666543586,120.32413344857326,5,BestFit,bursty,4,completed,"3,4"
0,115.72140008858099,115.72140008858099,153.79700893674067,0.0,38.075608848159675,3,35.151878205261625,38.07560884815969,4,PPO,bursty,4,completed,"0,1,2"
1,120.76396180236009,120.76396180236009,274.0701468692863,0.0,153.30618506692622,3,62.30503297297611,153.30618506692625,5,PPO,bursty,4,completed,"3,4,5"
2,154.3443100969505,154.3443100969505,297.6664052948967,0.0,143.32209519794623,4,43.49922476575404,143.32209519794623,2,PPO,bursty,4,completed,"0,1,2,6"
3,182.739823065092,532.2452693361134,565.8283824538182,349.50544627102147,383.08855938872625,3,52.208939403682876,33.58311311770477,1,PPO,bursty,4,completed,"0,1,2"
4,204.68242085648478,274.0701468692863,448.1728863725755,69.38772601280152,243.4904655160907,3,21.5218432593063,174.10273950328914,5,PPO,bursty,4,completed,"3,4,5"
5,258.89273938541515,297.6664052948967,450.7021120141136,38.773665909481565,191.80937262869844,3,37.98155243085306,153.03570671921685,2,PPO,bursty,4,completed,"0,1,2"
6,283.7672233225791,283.7672233225791,437.32330007018567,0.0,153.55607674760654,1,47.51903785662869,153.55607674760654,5,PPO,bursty,4,completed,7
7,336.85226421814275,450.7021120141136,532.2452693361134,113.84984779597085,195.3930051179707,4,50.040140701874236,81.54315732199987,2,PPO,bursty,4,completed,"0,1,2,5"
8,338.46414233492106,437.32330007018567,518.0284827813732,98.8591577352646,179.56434044645215,2,51.316169838156625,80.70518271118752,5,PPO,bursty,4,completed,"6,7"
9,391.81531593808927,448.1728863725755,616.1851066487719,56.357570434486206,224.36979071068265,2,11.724649433146137,168.01222027619642,4,PPO,bursty,4,completed,"3,4"
10,558.2511588133906,558.2511588133906,681.7627029067305,0.0,123.51154409333992,1,26.323160605261368,123.5115440933399,4,PPO,bursty,4,completed,5
11,590.011919451431,590.011919451431,751.8685488804296,0.0,161.85662942899853,2,43.18564246031515,161.8566294289985,4,PPO,bursty,4,completed,"0,1"
12,631.8981667143563,631.8981667143563,711.250763173477,0.0,79.35259645912072,1,25.920597382048363,79.35259645912066,3,PPO,bursty,4,completed,2
13,640.3319415618256,640.3319415618256,781.5160831232869,0.0,141.18414156146127,3,34.827998089415686,141.1841415614613,2,PPO,bursty,4,completed,"3,4,6"
14,654.7983895207972,681.7627029067305,827.4833187857339,26.964313385933337,172.68492926493673,2,43.43406819316426,145.72061587900345,5,PPO,bursty,4,completed,"5,7"
15,752.3068024033731,752.3068024033731,785.848022616767,0.0,33.5412202133939,3,44.94357433374663,33.54122021339391,5,PPO,bursty,4,completed,"0,1,2"
16,756.0615397486898,785.848022616767,914.2748081271513,29.7864828680772,158.21326837846152,4,9.110068052348229,128.42678551038435,4,PPO,bursty,4,completed,"0,1,2,3"
17,810.3093714176401,810.3093714176401,979.5923282774913,0.0,169.2829568598512,1,35.36112964266228,169.28295685985117,5,PPO,bursty,4,completed,4
18,899.4128373173143,899.4128373173143,946.3538299796231,0.0,46.94099266230887,2,62.047885420848495,46.94099266230887,1,PPO,bursty,4,completed,"5,6"
19,913.8829110972723,914.2748081271513,997.1950075795164,0.39189702987903274,83.3120964822441,2,24.704282606770715,82.92019945236505,5,PPO,bursty,4,completed,"0,1"
20,938.9759480714597,1065.96496953741,1206.3159278362148,126.98902146595037,267.33997976475507,4,10.096215174827698,140.35095829880464,1,PPO,bursty,4,completed,"2,3,5,6"
21,941.6338664802622,946.3538299796231,1065.96496953741,4.719963499360915,124.33110305714786,4,14.916285471860306,119.61113955778694,4,PPO,bursty,4,completed,"2,3,5,6"
22,948.9688863310577,1808.8132992311873,1850.2833592676461,859.8444129001297,901.3144729365885,4,58.21523299224319,41.47006003645883,2,PPO,bursty,4,completed,"2,3,5,6"
23,964.6783043278001,964.6783043278001,1070.8246233568184,0.0,106.14631902901829,1,57.82825901093059,106.14631902901829,3,PPO,bursty,4,completed,7
24,1003.4659060932702,1206.3159278362148,1339.4291584799112,202.8500217429446,335.963252386641,4,53.38109549195011,133.11323064369643,4,PPO,bursty,4,completed,"2,3,5,6"
25,1006.2449449251881,1006.2449449251881,1171.8820366717423,0.0,165.63709174655423,3,20.535427110003926,165.63709174655412,5,PPO,bursty,4,completed,"0,1,4"
26,1047.4354865773282,1339.4291584799112,1471.213778174605,291.99367190258295,423.77829159727685,4,59.271054823662695,131.7846196946939,3,PPO,bursty,4,completed,"2,3,5,6"
27,1051.170342259256,1070.8246233568184,1107.7481534132776,19.65428109756249,56.577811154021674,1,61.254639855804925,36.92353005645913,4,PPO,bursty,4,completed,7
28,1090.2887497064498,1198.4181996917002,1349.822935441414,108.1294499852504,259.53418573496424,4,24.37233759113272,151.40473574971378,5,PPO,bursty,4,completed,"0,1,4,7"
29,1156.1422328362053,1156.1422328362053,1198.4181996917002,0.0,42.27596685549497,1,34.24207037948416,42.275966855494914,2,PPO,bursty,4,completed,7
30,1223.5386892099277,1493.256243876291,1588.9752934324006,269.7175546663632,365.43660422247285,2,24.386795121838155,95.71904955610962,5,PPO,bursty,4,completed,"0,1"
31,1302.5331022877901,1566.2041952677264,1727.8673746455374,263.67109297993625,425.3342723577473,2,28.796144167529967,161.66317937781108,4,PPO,bursty,4,completed,"3,6"
32,1302.8671484349939,1349.822935441414,1493.256243876291,46.95578700642022,190.38909544129706,2,60.82415749667345,143.43330843487675,3,PPO,bursty,4,completed,"0,1"
33,1306.2451704237499,2459.0237270008756,2529.0568347010867,1152.7785565771258,1222.8116642773368,3,47.90658343522092,70.03310770021102,5,PPO,bursty,4,completed,"0,1,2"
34,1307.2748406044077,1349.822935441414,1517.7519028308154,42.548094837006374,210.47706222640772,2,60.66325369494834,167.92896738940132,3,PPO,bursty,4,completed,"4,7"
35,1309.445781594715,1517.7519028308154,1578.1791229240318,208.30612123610035,268.7333413293168,2,22.33560879585726,60.42722009321633,2,PPO,bursty,4,completed,"4,7"
36,1312.6705437598475,1471.213778174605,1604.0562204337452,158.54323441475753,291.3856766738977,1,18.889396572014107,132.84244225914009,4,PPO,bursty,4,completed,2
37,1316.3353451365729,1471.213778174605,1530.623291073135,154.8784330380322,214.2879459365622,1,54.9180130083158,59.40951289852991,2,PPO,bursty,4,completed,6
38,1317.8610020861167,3158.8920821882275,3184.466725548767,1841.0310801021108,1866.6057234626503,3,26.55849905909445,25.574643360539735,5,PPO,bursty,4,completed,"2,6,7"
39,1320.1339546316128,1471.213778174605,1518.4603450074985,151.07982354299224,198.3263903758857,1,53.704629301695604,47.24656683289345,1,PPO,bursty,4,completed,5
40,1327.5510942139451,1588.9752934324006,1675.6864536738194,261.42419921845544,348.1353594598743,2,63.74068354696577,86.71116024141878,2,PPO,bursty,4,completed,"0,1"
41,1350.959667624189,1471.213778174605,1566.2041952677264,120.25411055041604,215.24452764353737,1,38.506390449111116,94.99041709312122,4,PPO,bursty,4,completed,3
42,1375.0963706954926,1727.8673746455374,1808.8132992311873,352.7710039500448,433.7169285356947,2,10.043212287092924,80.94592458564989,5,PPO,bursty,4,completed,"3,6"
43,1400.1625985605795,1747.8659040129646,1884.4142393771858,347.70330545238517,484.25164081660637,4,46.34640288334482,136.54833536422132,3,PPO,bursty,4,completed,"0,1,4,7"
44,1421.8736111404742,1850.2833592676461,1908.4823019787636,428.40974812717195,486.6086908382895,4,13.48073424702283,58.198942711117425,1,PPO,bursty,4,completed,"2,3,5,6"
45,1505.6561238161478,1518.4603450074985,1657.2471726408912,12.804221191350734,151.59104882474344,1,50.992937339882,138.7868276333928,2,PPO,bursty,4,completed,5
46,1525.3573197147145,3286.9078279543346,3373.9830624590827,1761.55050823962,1848.6257427443682,4,30.498878079399937,87.07523450474812,5,PPO,bursty,4,completed,"2,5,6,7"
47,1573.3449495735522,1604.0562204337452,1767.8088511931855,30.711270860193054,194.46390161963336,1,58.11928885663725,163.75263075944028,1,PPO,bursty,4,completed,2
48,1576.6431530738153,1578.1791229240318,1739.3135442906428,1.5359698502165884,162.6703912168275,2,49.087724202902095,161.13442136661104,5,PPO,bursty,4,completed,"4,7"
49,1612.034095510504,1675.6864536738194,1747.8659040129646,63.65235816331551,135.83180850246072,2,55.003940191947564,72.17945033914529,3,PPO,bursty,4,completed,"0,1"
50,1699.1923183696056,1884.4142393771858,2003.3315857235239,185.22192100758025,304.1392673539183,4,50.48668339889538,118.91734634633815,4,PPO,bursty,4,completed,"0,1,4,7"
51,1703.2484458699948,3580.094093996853,3639.9585148816896,1876.8456481268584,1936.7100690116947,4,45.866086868096176,59.86442088483635,5,PPO,bursty,4,completed,"2,5,6,7"
52,1707.3177974150879,1707.3177974150879,1758.5674264590602,0.0,51.24962904397239,1,26.246874839323368,51.24962904397238,1,PPO,bursty,4,completed,5
53,1855.5366222294463,3619.008100002259,3755.764236374257,1763.471477772813,1900.2276141448108,3,37.85548671261092,136.75613637199802,5,PPO,bursty,4,completed,"0,1,3"
54,1888.4185529544393,1908.4823019787636,2067.0967143511834,20.063749024324352,178.67816139674414,1,52.27514672236783,158.61441237241993,5,PPO,bursty,4,completed,2
55,1899.9694458704985,1908.4823019787636,2081.4235047015814,8.512856108265169,181.45405883108288,1,50.499063596265884,172.94120272281774,3,PPO,bursty,4,completed,3
56,1931.4905866623876,2056.3326861088563,2228.805565990082,124.84209944646864,297.31497932769435,4,47.25777817234933,172.4728798812256,3,PPO,bursty,4,completed,"0,1,4,7"
57,1948.7634475327434,1948.7634475327434,2045.6846046916921,0.0,96.92115715894874,2,12.035372747768147,96.9211571589487,2,PPO,bursty,4,completed,"5,6"
58,1965.5396388710815,2003.3315857235239,2056.3326861088563,37.79194685244238,90.79304723777477,3,37.25360914007314,53.00110038533225,5,PPO,bursty,4,completed,"0,1,4"
59,1979.1169838663116,2045.6846046916921,2135.6573126280273,66.56762082538057,156.54032876171573,2,34.395428319043084,89.97270793633504,5,PPO,bursty,4,completed,"5,6"
60,2011.233039396006,2081.4235047015814,2258.0406100134815,70.19046530557534,246.80757061747545,2,32.10012874092784,176.61710531190025,1,PPO,bursty,4,completed,"2,3"
61,2025.8527673758654,2449.645945192548,2618.1618147695212,423.7931778166826,592.3090473936559,3,51.549371775577576,168.51586957697336,3,PPO,bursty,4,completed,"5,6,7"
62,2054.6087478031172,2416.2111737572327,2459.0237270008756,361.60242595411546,404.4149791977584,3,46.75917636329382,42.81255324364313,1,PPO,bursty,4,completed,"0,1,2"
63,2056.8109746411633,2676.312989033115,2753.5996062132745,619.5020143919519,696.7886315721112,4,55.788874875915546,77.28661718015944,3,PPO,bursty,4,completed,"3,4,5,6"
64,2146.9413152858265,2228.805565990082,2344.3059506800746,81.86425070425548,197.36463539424813,4,24.009819276484542,115.50038468999281,4,PPO,bursty,4,completed,"0,1,4,7"
65,2174.9909968788247,2344.3059506800746,2416.2111737572327,169.31495380124989,241.22017687840798,3,38.25432094489295,71.90522307715801,4,PPO,bursty,4,completed,"0,1,2"
66,2206.1049423598456,2206.1049423598456,2278.9075304951907,0.0,72.8025881353451,2,15.725677774989636,72.80258813534518,4,PPO,bursty,4,completed,"5,6"
67,2228.421738336349,2354.8722315992513,2389.9093785653536,126.45049326290246,161.48764022900468,3,36.057554360441074,35.037146966102064,4,PPO,bursty,4,completed,"5,6,7"
68,2273.959976712294,2273.959976712294,2321.417685876925,0.0,47.45770916463107,1,59.260953476507396,47.457709164630856,4,PPO,bursty,4,completed,2
69,2275.9159275008265,2275.9159275008265,2448.6178510423115,0.0,172.70192354148503,1,8.248718643927148,172.70192354148492,5,PPO,bursty,4,completed,3
70,2284.4130851259633,2529.0568347010867,2575.376894929063,244.64374957512337,290.9638098030996,4,22.454158451648166,46.32006022797613,4,PPO,bursty,4,completed,"0,1,2,4"
71,2286.1508734413774,2753.5996062132745,2854.602560221399,467.4487327718971,568.4516867800216,3,32.19492187888508,101.00295400812453,3,PPO,bursty,4,completed,"3,4,5"
72,2289.3568564178245,2389.9093785653536,2449.645945192548,100.55252214752909,160.2890887747235,3,12.859563840056518,59.73656662719429,3,PPO,bursty,4,completed,"5,6,7"
73,2310.7285292189986,2310.7285292189986,2354.8722315992513,0.0,44.14370238025276,2,53.91068131106081,44.143702380252904,1,PPO,bursty,4,completed,"5,6"
74,2350.8743132791988,2350.8743132791988,2475.366596115287,0.0,124.49228283608818,1,12.949854953326106,124.49228283608825,4,PPO,bursty,4,completed,4
75,2376.443722055529,2854.602560221399,2994.3112777991723,478.15883816586984,617.8675557436432,4,36.16400774653527,139.7087175777733,3,PPO,bursty,4,completed,"3,4,5,6"
76,2423.183452749052,2448.6178510423115,2614.8473729005027,25.43439829325962,191.66392015145084,1,46.961352378039955,166.22952185819108,2,PPO,bursty,4,completed,3
77,2465.333544690113,2575.376894929063,2705.8130137828352,110.0433502389501,240.4794690927224,3,41.56701327953653,130.43611885377234,4,PPO,bursty,4,completed,"0,1,2"
78,2500.462493611652,3105.330609525284,3284.440269025604,604.8681159136322,783.9777754139518,3,9.40772847910326,179.1096595003197,5,PPO,bursty,4,completed,"3,4,5"
79,2502.946698302942,2871.8537519693564,2901.105095656852,368.9070536664144,398.15839735391,4,58.06594329646536,29.251343687495694,3,PPO,bursty,4,completed,"0,1,2,7"
80,2514.3840133487824,2994.3112777991723,3105.330609525284,479.9272644503899,590.9465961765018,3,39.2368948409501,111.0193317261119,2,PPO,bursty,4,completed,"3,4,5"
81,2616.328124144433,2618.1618147695212,2676.312989033115,1.8336906250883658,59.984864888682296,4,25.681672601397715,58.151174263593774,5,PPO,bursty,4,completed,"3,4,5,6"
82,2687.8734079816613,2705.8130137828352,2871.8537519693564,17.93960580117391,183.98034398769505,3,17.11200560235499,166.04073818652122,4,PPO,bursty,4,completed,"0,1,2"
83,2724.046525673192,3000.6207246945532,3120.8630280928633,276.57419902136144,396.81650241967145,3,8.193420980971974,120.24230339830996,2,PPO,bursty,4,completed,"0,1,2"
84,2771.205815048754,3432.0113648986426,3468.7839796135577,660.8055498498884,697.5781645648035,4,59.21128107276194,36.77261471491511,2,PPO,bursty,4,completed,"0,1,3,4"
85,2773.921212108656,2901.105095656852,3000.6207246945532,127.18388354819581,226.69951258589708,4,41.61385957654166,99.51562903770139,3,PPO,bursty,4,completed,"0,1,2,7"
86,2784.7792981759762,3184.466725548767,3225.2529449071603,399.6874273727908,440.4736467311841,3,37.082601538058896,40.78621935839337,1,PPO,bursty,4,completed,"2,6,7"
87,2790.351383737541,3225.2529449071603,3286.9078279543346,434.9015611696195,496.5564442167938,3,58.7682915904126,61.65488304717446,1,PPO,bursty,4,completed,"2,6,7"
88,2991.775130054693,3000.6207246945532,3158.8920821882275,8.845594639860337,167.1169521335346,2,8.69492793359694,158.27135749367406,1,PPO,bursty,4,completed,"6,7"
89,3092.1500741823984,3639.9585148816896,3786.702603464829,547.8084406992912,694.5525292824304,4,49.68662924682406,146.7440885831394,5,PPO,bursty,4,completed,"2,4,5,6"
90,3118.6376458492064,3120.8630280928633,3258.608306007856,2.2253822436568953,139.97066015864948,1,40.638851383796045,137.74527791499256,2,PPO,bursty,4,completed,0
91,3119.011208707908,3284.440269025604,3432.0113648986426,165.42906031769598,313.00015619073474,4,48.95041458071658,147.57109587303856,2,PPO,bursty,4,completed,"0,1,3,4"
92,3139.371670171237,3139.371670171237,3163.4741661242806,0.0,24.10249595304367,1,44.051413517259746,24.102495953043732,3,PPO,bursty,4,completed,1
93,3162.988381922421,3163.4741661242806,3240.9575893852675,0.4857842018595875,77.9692074628465,1,26.03121936605745,77.48342326098677,2,PPO,bursty,4,completed,1
94,3297.8629238041044,3498.3109278659117,3527.815604772204,200.4480040618073,229.95268096809968,1,60.72021010414102,29.504676906292406,5,PPO,bursty,4,completed,7
95,3336.1339003518583,3373.9830624590827,3498.3109278659117,37.8491621072244,162.1770275140534,4,19.092814554956817,124.32786540682886,3,PPO,bursty,4,completed,"2,5,6,7"
96,3369.1849275215604,3498.3109278659117,3580.094093996853,129.12600034435127,210.90916647529275,2,16.02888310814677,81.78316613094152,5,PPO,bursty,4,completed,"5,6"
97,3390.8245343680333,3468.7839796135577,3619.008100002259,77.95944524552442,228.18356563422594,2,47.73954282202817,150.2241203887017,2,PPO,bursty,4,completed,"3,4"
98,3433.4739973506007,3498.3109278659117,3577.847161866162,64.836930515311,144.37316451556126,1,19.601970201154135,79.53623400025022,1,PPO,bursty,4,completed,2
99,3445.5239094690023,3468.7839796135577,3589.108113062131,23.260070144555357,143.58420359312868,2,50.672916666543586,120.32413344857326,5,PPO,bursty,4,completed,"0,1"
