step,simulation_time,queue_length,free_gpus,gpu_utilization,action,selected_job_id,reward,invalid_action,waiting_jobs,running_jobs,completed_jobs,seed,scheduler,scenario
1,0.788428188224412,1,8,0.0,0,0.0,0.010130922684054383,False,1,1,0,0,PPO,bursty
2,20.443530782476135,1,4,0.5,0,1.0,3.685331736422198,False,1,2,0,0,PPO,bursty
3,66.85477511574565,1,2,0.75,16,,9.773883425822646,False,1,1,1,0,PPO,bursty
4,78.65568916313275,1,6,0.25,0,2.0,1.8438928199042337,False,1,2,1,0,PPO,bursty
5,102.71222318696246,1,3,0.625,0,3.0,4.51060012946807,False,1,3,1,0,PPO,bursty
6,121.02946217538498,1,2,0.75,16,,5.068137530560772,False,1,2,2,0,PPO,bursty
7,129.68727168072644,1,4,0.5,0,4.0,3.922083113593221,False,1,2,3,0,PPO,bursty
8,147.92016434629764,1,1,0.875,16,,5.623787417282276,False,1,1,4,0,PPO,bursty
9,230.28677093343094,1,5,0.375,0,5.0,12.286161784998807,False,1,1,5,0,PPO,bursty
10,446.6350952349514,1,5,0.375,0,6.0,11.618340597455997,False,1,0,7,0,PPO,bursty
11,452.3078318956187,1,8,0.0,0,7.0,0.3545460412917052,False,1,1,7,0,PPO,bursty
12,452.4890761079184,1,6,0.25,0,8.0,0.02831940817182499,False,1,2,7,0,PPO,bursty
13,455.16257686333665,1,3,0.625,0,9.0,0.5848282902477493,False,1,3,7,0,PPO,bursty
14,457.284909437198,1,1,0.875,16,,0.4218135990549436,False,2,3,7,0,PPO,bursty
15,457.284909437198,2,1,0.875,1,11.0,-0.04244665147722685,False,1,4,7,0,PPO,bursty
16,465.1596810690442,1,0,1.0,16,,1.7687508238474026,False,2,4,7,0,PPO,bursty
17,466.04470617452733,2,0,1.0,16,,-0.014086811962695261,False,3,4,7,0,PPO,bursty
18,466.8124840235982,3,0,1.0,16,,-0.08946529701001399,False,4,4,7,0,PPO,bursty
19,470.54303255641327,4,0,1.0,16,,0.35278349130083597,False,5,4,7,0,PPO,bursty
20,473.11852782304436,5,0,1.0,16,,-0.19352935190826948,False,6,4,7,0,PPO,bursty
21,475.05489836797733,6,0,1.0,16,,-0.5856749977247568,False,7,4,7,0,PPO,bursty
22,479.39909464307897,7,0,1.0,16,,-0.5919060436968193,False,8,4,7,0,PPO,bursty
23,480.4332698576657,8,0,1.0,16,,-1.5848793431594208,False,9,4,7,0,PPO,bursty
24,481.55379676603604,9,0,1.0,16,,-1.7649862632201865,False,10,4,7,0,PPO,bursty
25,486.1840276484868,10,0,1.0,16,,-1.8136064461902301,False,11,4,7,0,PPO,bursty
26,490.4970616737943,11,0,1.0,16,,-2.8417731460436917,False,12,4,7,0,PPO,bursty
27,491.30570985767076,12,0,1.0,16,,-3.9119451705318022,False,13,4,7,0,PPO,bursty
28,510.53157426018447,13,0,1.0,16,,-4.306365860526057,False,14,4,7,0,PPO,bursty
29,541.0560418929474,14,0,1.0,16,,-10.028565990137373,False,15,4,7,0,PPO,bursty
30,541.2529258964906,15,0,1.0,16,,-15.669527098505267,False,15,3,8,0,PPO,bursty
31,541.2529258964906,15,2,0.75,6,17.0,-16.39478754882081,False,14,4,8,0,PPO,bursty
32,541.2529258964906,14,1,0.875,9,21.0,-15.293409583860733,False,13,5,8,0,PPO,bursty
33,578.5104065454403,13,0,1.0,16,,-15.665984390350228,False,14,5,8,0,PPO,bursty
34,579.0594265405172,14,0,1.0,16,,-22.996825152439957,False,14,4,9,0,PPO,bursty
35,579.0594265405172,14,2,0.75,6,10.0,-22.656143157665557,False,13,5,9,0,PPO,bursty
36,587.9813945016542,13,0,1.0,16,,-20.745362837276925,False,13,4,10,0,PPO,bursty
37,587.9813945016542,13,1,0.875,11,25.0,-24.03734777538705,False,12,5,10,0,PPO,bursty
38,610.6723591597425,12,0,1.0,16,,-21.81043812880617,False,12,4,11,0,PPO,bursty
39,610.6723591597425,12,3,0.625,5,22.0,-27.079673343609283,False,11,5,11,0,PPO,bursty
40,615.3841421074889,11,0,1.0,16,,-24.9383198551769,False,11,4,12,0,PPO,bursty
41,622.5165009703603,11,1,0.875,16,,-28.12518104069207,False,12,4,12,0,PPO,bursty
42,681.821420964969,12,1,0.875,16,,-28.945614091830628,False,12,3,13,0,PPO,bursty
43,681.821420964969,12,4,0.5,5,27.0,-42.7324669407591,False,11,4,13,0,PPO,bursty
44,684.8767980925528,11,1,0.875,16,,-40.73628616216859,False,11,3,14,0,PPO,bursty
45,684.8767980925528,11,2,0.75,10,26.0,-41.277322077885295,False,10,4,14,0,PPO,bursty
46,714.9400778453482,10,0,1.0,16,,-37.77415809024553,False,10,3,15,0,PPO,bursty
47,714.9400778453482,10,2,0.75,2,14.0,-42.32742615200939,False,9,4,15,0,PPO,bursty
48,723.1700166368097,9,0,1.0,16,,-39.751330436607084,False,9,3,16,0,PPO,bursty
49,727.0369911868779,9,2,0.75,16,,-41.779812825346944,False,9,2,17,0,PPO,bursty
50,727.0369911868779,9,3,0.625,4,19.0,-39.57279612690048,False,8,3,17,0,PPO,bursty
51,727.0939764458268,8,0,1.0,16,,-39.56766745359508,False,9,3,17,0,PPO,bursty
52,732.5828606811175,9,0,1.0,16,,-39.19769187186195,False,10,3,17,0,PPO,bursty
53,765.0360943022438,10,0,1.0,16,,-36.947251249628316,False,10,2,18,0,PPO,bursty
54,765.0360943022438,10,3,0.625,5,29.0,-46.411494982487355,False,9,3,18,0,PPO,bursty
55,784.9330362234682,9,2,0.75,16,,-46.26226791807817,False,10,3,18,0,PPO,bursty
56,805.4205757500688,10,2,0.75,16,,-48.24903877239025,False,10,2,19,0,PPO,bursty
57,805.4205757500688,10,3,0.625,6,24.0,-48.19267240383019,False,9,3,19,0,PPO,bursty
58,825.08437654737,9,0,1.0,16,,-46.8162063480191,False,10,3,19,0,PPO,bursty
59,831.2005509657379,10,0,1.0,16,,-49.426347826426,False,10,2,20,0,PPO,bursty
60,831.2005509657379,10,3,0.625,5,31.0,-52.833067942650615,False,9,3,20,0,PPO,bursty
61,841.8023827367645,9,0,1.0,16,,-50.09093971867876,False,9,2,21,0,PPO,bursty
62,841.8231145587946,9,2,0.75,16,,-54.74124217277017,False,10,2,21,0,PPO,bursty
63,841.8231145587946,10,2,0.75,5,32.0,-54.74512938940083,False,9,3,21,0,PPO,bursty
64,871.0055187187078,9,0,1.0,16,,-52.70236109820691,False,10,3,21,0,PPO,bursty
65,877.3674975571747,10,0,1.0,16,,-57.679863196261856,False,10,2,22,0,PPO,bursty
66,877.3674975571747,10,3,0.625,6,33.0,-61.14311832910925,False,9,3,22,0,PPO,bursty
67,880.4508500884912,9,2,0.75,16,,-61.11999318512438,False,10,3,22,0,PPO,bursty
68,880.4508500884912,10,2,0.75,9,34.0,-61.69812178474621,False,9,4,22,0,PPO,bursty
69,907.0873675529632,9,1,0.875,16,,-60.6659567329979,False,10,4,22,0,PPO,bursty
70,910.8752981236285,10,1,0.875,16,,-66.42167123015122,False,11,4,22,0,PPO,bursty
71,932.0084416558301,11,1,0.875,16,,-65.27669747189948,False,11,3,23,0,PPO,bursty
72,969.6948478975688,11,2,0.75,16,,-73.12438082242511,False,12,3,23,0,PPO,bursty
73,975.5638926813458,12,2,0.75,16,,-78.49870684389941,False,12,2,24,0,PPO,bursty
74,975.5638926813458,12,4,0.5,5,35.0,-80.22962223828993,False,11,3,24,0,PPO,bursty
75,979.4082706499697,11,1,0.875,16,,-78.23442771075071,False,11,2,25,0,PPO,bursty
76,979.4082706499697,11,4,0.5,5,20.0,-71.11829591370852,False,10,3,25,0,PPO,bursty
77,1023.7140147507539,10,0,1.0,16,,-66.90300870866932,False,10,2,26,0,PPO,bursty
78,1051.096211025401,10,1,0.875,16,,-79.46602855371572,False,11,2,26,0,PPO,bursty
79,1070.814156544612,11,1,0.875,16,,-85.48053142069381,False,12,2,26,0,PPO,bursty
80,1071.5130135214258,12,1,0.875,16,,-89.80868271377847,False,13,2,26,0,PPO,bursty
81,1072.2561352290068,13,1,0.875,16,,-89.99221144789423,False,14,2,26,0,PPO,bursty
82,1072.2561352290068,14,1,0.875,9,41.0,-90.15476932142757,False,13,3,26,0,PPO,bursty
83,1074.1650275713282,13,0,1.0,16,,-90.17385824485078,False,14,3,26,0,PPO,bursty
84,1076.5043907225765,14,0,1.0,16,,-90.72126222496858,False,15,3,26,0,PPO,bursty
85,1077.844247749535,15,0,1.0,16,,-91.37309586412859,False,16,3,26,0,PPO,bursty
86,1078.1556328347906,16,0,1.0,16,,-91.7298570768361,False,17,3,26,0,PPO,bursty
87,1083.150611226215,17,0,1.0,16,,-92.25725140337819,False,18,3,26,0,PPO,bursty
88,1084.3942710148608,18,0,1.0,16,,-93.64279857798533,False,19,3,26,0,PPO,bursty
89,1094.9835439642047,19,0,1.0,16,,-95.3303190085615,False,20,3,26,0,PPO,bursty
90,1106.1465147833899,20,0,1.0,16,,-97.65208286877525,False,20,2,27,0,PPO,bursty
91,1106.1465147833899,20,1,0.875,7,48.0,-102.21956615718784,False,19,3,27,0,PPO,bursty
92,1109.8379055755563,19,0,1.0,16,,-102.69944696016947,False,20,3,27,0,PPO,bursty
93,1118.8332940046469,20,0,1.0,16,,-104.97160292257465,False,21,3,27,0,PPO,bursty
94,1137.2320943262598,21,0,1.0,16,,-110.34824608452149,False,22,3,27,0,PPO,bursty
95,1153.755146020197,22,0,1.0,16,,-116.08732598677278,False,22,2,28,0,PPO,bursty
96,1153.755146020197,22,3,0.625,5,39.0,-120.55926912074534,False,21,3,28,0,PPO,bursty
97,1156.5191015502428,21,0,1.0,16,,-119.02914156085316,False,21,2,29,0,PPO,bursty
98,1156.5191015502428,21,4,0.5,5,40.0,-120.02000868278829,False,20,3,29,0,PPO,bursty
99,1156.5191015502428,20,1,0.875,11,51.0,-119.63426853830863,False,19,4,29,0,PPO,bursty
100,1172.8644035887237,19,0,1.0,16,,-121.75915780331115,False,20,4,29,0,PPO,bursty
101,1176.3224453468051,20,0,1.0,16,,-126.3641895766436,False,21,4,29,0,PPO,bursty
102,1218.555639299028,21,0,1.0,16,,-134.40834298804182,False,22,4,29,0,PPO,bursty
103,1225.8424445963096,22,0,1.0,16,,-144.35113448258105,False,22,3,30,0,PPO,bursty
104,1225.8424445963096,22,3,0.625,5,49.0,-145.85274502648642,False,21,4,30,0,PPO,bursty
105,1254.2047237549768,21,0,1.0,16,,-148.67433248345984,False,21,3,31,0,PPO,bursty
106,1254.2047237549768,21,3,0.625,5,50.0,-155.05747367812003,False,20,4,31,0,PPO,bursty
107,1282.896708144935,20,0,1.0,16,,-157.36127133661378,False,20,3,32,0,PPO,bursty
108,1299.3434647475985,20,1,0.875,16,,-167.51524206833605,False,20,2,33,0,PPO,bursty
109,1299.3434647475985,20,2,0.75,14,44.0,-168.68298573520744,False,19,3,33,0,PPO,bursty
110,1321.4164522543347,19,0,1.0,16,,-171.55247411108314,False,20,3,33,0,PPO,bursty
111,1339.5199224854734,20,0,1.0,16,,-179.78624152243796,False,21,3,33,0,PPO,bursty
112,1366.3938907697345,21,0,1.0,16,,-186.88068368854707,False,21,2,34,0,PPO,bursty
113,1366.3938907697345,21,3,0.625,5,55.0,-194.69962698930433,False,20,3,34,0,PPO,bursty
114,1385.443057396339,20,1,0.875,16,,-198.1522884403764,False,21,3,34,0,PPO,bursty
115,1385.443057396339,21,1,0.875,10,57.0,-202.31929363994615,False,20,4,34,0,PPO,bursty
116,1405.9690621284249,20,0,1.0,16,,-203.39819434975902,False,20,3,35,0,PPO,bursty
117,1405.9690621284249,20,2,0.75,9,47.0,-204.0981997105092,False,19,4,35,0,PPO,bursty
118,1412.4105223305105,19,0,1.0,16,,-202.93558953678036,False,19,3,36,0,PPO,bursty
119,1412.4105223305105,19,3,0.625,5,56.0,-205.08814259040102,False,18,4,36,0,PPO,bursty
120,1438.8454376752466,18,0,1.0,16,,-205.99598327832194,False,18,3,37,0,PPO,bursty
121,1438.8454376752466,18,3,0.625,10,54.0,-210.19891614698162,False,17,4,37,0,PPO,bursty
122,1457.5439191006906,17,0,1.0,16,,-211.88177947527154,False,18,4,37,0,PPO,bursty
123,1478.4759433034183,18,0,1.0,16,,-216.85892249393262,False,18,3,38,0,PPO,bursty
124,1478.4759433034183,18,3,0.625,11,18.0,-204.11039157140775,False,17,4,38,0,PPO,bursty
125,1487.757908848803,17,0,1.0,16,,-204.9457684704924,False,18,4,38,0,PPO,bursty
126,1514.3316503225506,18,0,1.0,16,,-210.1893714189508,False,19,4,38,0,PPO,bursty
127,1518.198908112578,19,0,1.0,16,,-215.33555030009126,False,19,3,39,0,PPO,bursty
128,1518.198908112578,19,2,0.75,13,59.0,-217.6935447623226,False,18,4,39,0,PPO,bursty
129,1535.7860222385357,18,0,1.0,16,,-219.62812731617794,False,19,4,39,0,PPO,bursty
130,1537.596212943603,19,0,1.0,16,,-222.26023063932612,False,19,3,40,0,PPO,bursty
131,1538.3816363837905,19,1,0.875,16,,-224.8394278453232,False,20,3,40,0,PPO,bursty
132,1583.061593787912,20,1,0.875,16,,-231.10948150236123,False,20,2,41,0,PPO,bursty
133,1583.061593787912,20,3,0.625,10,52.0,-234.67927838052904,False,19,3,41,0,PPO,bursty
134,1588.3000661114538,19,0,1.0,16,,-233.3602797825895,False,19,2,42,0,PPO,bursty
135,1588.3000661114538,19,3,0.625,15,45.0,-226.46700919794168,False,18,3,42,0,PPO,bursty
136,1600.8668760252024,18,0,1.0,16,,-225.849358288454,False,18,2,43,0,PPO,bursty
137,1600.8668760252024,18,2,0.75,7,46.0,-220.63673547091142,False,17,3,43,0,PPO,bursty
138,1608.3481765285615,17,0,1.0,16,,-219.31005251621374,False,17,2,44,0,PPO,bursty
139,1608.3481765285615,17,3,0.625,10,43.0,-212.54350192593378,False,16,3,44,0,PPO,bursty
140,1643.095944684434,16,0,1.0,16,,-212.97584569684486,False,16,2,45,0,PPO,bursty
141,1664.4007272286678,16,2,0.75,16,,-224.48567142292399,False,16,1,46,0,PPO,bursty
142,1664.4007272286678,16,5,0.375,5,38.0,-218.2142278259025,False,15,2,46,0,PPO,bursty
143,1665.6824619966583,15,1,0.875,16,,-216.3183687758017,False,15,1,47,0,PPO,bursty
144,1665.6824619966583,15,4,0.5,5,42.0,-206.76839956779304,False,14,2,47,0,PPO,bursty
145,1694.8439938544745,14,0,1.0,16,,-205.64324552352753,False,14,1,48,0,PPO,bursty
146,1694.8439938544745,14,4,0.5,5,60.0,-211.3233816173431,False,13,2,48,0,PPO,bursty
147,1697.4024965253873,13,1,0.875,16,,-211.42891985251825,False,14,2,48,0,PPO,bursty
148,1760.0822247014955,14,1,0.875,16,,-215.82772566256705,False,15,2,48,0,PPO,bursty
149,1760.0822247014955,15,1,0.875,5,64.0,-229.53891620109073,False,14,3,48,0,PPO,bursty
150,1796.3290260115275,14,0,1.0,16,,-230.62632024039166,False,15,3,48,0,PPO,bursty
151,1796.7593605023767,15,0,1.0,16,,-239.70953729244215,False,16,3,48,0,PPO,bursty
152,1808.1477846991086,16,0,1.0,16,,-238.61431060892568,False,16,2,49,0,PPO,bursty
153,1808.984811363149,16,1,0.875,16,,-241.54616560784277,False,16,1,50,0,PPO,bursty
154,1808.984811363149,16,4,0.5,5,66.0,-243.48475617338613,False,15,2,50,0,PPO,bursty
155,1813.5538827512366,15,1,0.875,16,,-241.8559932236682,False,15,1,51,0,PPO,bursty
156,1813.5538827512366,15,5,0.375,5,65.0,-244.51098045501823,False,14,2,51,0,PPO,bursty
157,1845.6994938613748,14,1,0.875,16,,-246.4798991355142,False,15,2,51,0,PPO,bursty
158,1886.3372159502665,15,1,0.875,16,,-254.81356648557937,False,15,1,52,0,PPO,bursty
159,1886.3372159502665,15,5,0.375,5,37.0,-247.37022083147048,False,14,2,52,0,PPO,bursty
160,1886.3372159502665,14,2,0.75,6,63.0,-243.5915264429729,False,13,3,52,0,PPO,bursty
161,1896.1878201723268,13,0,1.0,16,,-243.69003248519348,False,14,3,52,0,PPO,bursty
162,1910.9325966171866,14,0,1.0,16,,-244.59502683405438,False,14,2,53,0,PPO,bursty
163,1910.9325966171866,14,3,0.625,5,68.0,-249.98632541637213,False,13,3,53,0,PPO,bursty
164,1914.2287562282627,13,2,0.75,16,,-250.22529698817516,False,14,3,53,0,PPO,bursty
165,1914.7051869796169,14,2,0.75,16,,-250.88739675975216,False,15,3,53,0,PPO,bursty
166,1914.7051869796169,15,2,0.75,5,70.0,-250.97672752563108,False,14,4,53,0,PPO,bursty
167,1920.099205720027,14,0,1.0,16,,-249.1385480878434,False,14,3,54,0,PPO,bursty
168,1966.5251399758042,14,2,0.75,16,,-254.78145169160524,False,14,2,55,0,PPO,bursty
169,1966.5251399758042,14,3,0.625,9,36.0,-244.37331752752002,False,13,3,55,0,PPO,bursty
170,2002.793040788845,13,0,1.0,16,,-242.73599653565046,False,13,2,56,0,PPO,bursty
171,2002.793040788845,13,3,0.625,0,12.0,-223.05030454451457,False,12,3,56,0,PPO,bursty
172,2012.2981629677372,12,0,1.0,16,,-222.9552533227257,False,13,3,56,0,PPO,bursty
173,2013.9336795904096,13,0,1.0,16,,-225.34788903367547,False,14,3,56,0,PPO,bursty
174,2032.519376463649,14,0,1.0,16,,-224.31433909554073,False,14,2,57,0,PPO,bursty
175,2032.519376463649,14,2,0.75,13,71.0,-230.55633904393235,False,13,3,57,0,PPO,bursty
176,2077.880357742817,13,0,1.0,16,,-229.00994885672404,False,13,2,58,0,PPO,bursty
177,2077.880357742817,13,3,0.625,6,72.0,-241.0712606134679,False,12,3,58,0,PPO,bursty
178,2114.6718658331815,12,0,1.0,16,,-238.70334553256424,False,12,2,59,0,PPO,bursty
179,2114.6718658331815,12,3,0.625,11,67.0,-244.52177511571927,False,11,3,59,0,PPO,bursty
180,2117.147929397955,11,0,1.0,16,,-244.44749320877602,False,12,3,59,0,PPO,bursty
181,2144.419864159318,12,0,1.0,16,,-242.7937897523558,False,12,2,60,0,PPO,bursty
182,2144.419864159318,12,2,0.75,11,73.0,-251.06633474746926,False,11,3,60,0,PPO,bursty
183,2211.586865871283,11,1,0.875,16,,-251.15029349960923,False,12,3,60,0,PPO,bursty
184,2245.679614922846,12,1,0.875,16,,-264.5675460414473,False,12,2,61,0,PPO,bursty
185,2245.679614922846,12,4,0.5,5,69.0,-267.396317722585,False,11,3,61,0,PPO,bursty
186,2275.814281135871,11,0,1.0,16,,-264.49227773619435,False,11,2,62,0,PPO,bursty
187,2276.0188632145514,11,1,0.875,16,,-272.02620001704895,False,11,1,63,0,PPO,bursty
188,2276.0188632145514,11,4,0.5,5,23.0,-238.37668927962258,False,10,2,63,0,PPO,bursty
189,2325.3510557026902,10,0,1.0,16,,-235.91007965521564,False,11,2,63,0,PPO,bursty
190,2327.23604696764,11,0,1.0,16,,-246.18657803930185,False,11,1,64,0,PPO,bursty
191,2327.23604696764,11,4,0.5,5,58.0,-231.26398329820034,False,10,2,64,0,PPO,bursty
192,2379.7585958729137,10,0,1.0,16,,-226.63785585293664,False,10,1,65,0,PPO,bursty
193,2379.7585958729137,10,4,0.5,5,30.0,-209.87198188626616,False,9,2,65,0,PPO,bursty
194,2403.516010179781,9,1,0.875,16,,-208.951382081875,False,10,2,65,0,PPO,bursty
195,2415.872919911483,10,1,0.875,16,,-213.9166244040328,False,11,2,65,0,PPO,bursty
196,2499.5126809397284,11,1,0.875,16,,-216.72424810912796,False,12,2,65,0,PPO,bursty
197,2499.5126809397284,12,1,0.875,6,78.0,-235.02044583405663,False,11,3,65,0,PPO,bursty
198,2506.7576938592388,11,0,1.0,16,,-232.80309544647133,False,11,2,66,0,PPO,bursty
199,2506.7576938592388,11,4,0.5,5,76.0,-234.54951500275976,False,10,3,66,0,PPO,bursty
200,2517.9536185494608,10,0,1.0,16,,-233.98971876824868,False,11,3,66,0,PPO,bursty
201,2538.7752829684846,11,0,1.0,16,,-234.16405000823343,False,11,2,67,0,PPO,bursty
202,2538.7752829684846,11,3,0.625,4,75.0,-237.10098156767353,False,10,3,67,0,PPO,bursty
203,2547.894022022382,10,1,0.875,16,,-236.930005210413,False,11,3,67,0,PPO,bursty
204,2578.7679788396213,11,1,0.875,16,,-238.96332182447455,False,12,3,67,0,PPO,bursty
205,2578.7679788396213,12,1,0.875,4,81.0,-245.71699987824562,False,11,4,67,0,PPO,bursty
206,2582.4786212733716,11,0,1.0,16,,-245.60568060523315,False,12,4,67,0,PPO,bursty
207,2597.0062768390894,12,0,1.0,16,,-244.38806465801352,False,12,3,68,0,PPO,bursty
208,2603.011841332162,12,2,0.75,16,,-248.33527068532928,False,12,2,69,0,PPO,bursty
209,2603.011841332162,12,6,0.25,5,77.0,-247.71853559936685,False,11,3,69,0,PPO,bursty
210,2607.8710336360928,11,2,0.75,16,,-247.8764593492446,False,12,3,69,0,PPO,bursty
211,2607.8710336360928,12,2,0.75,11,83.0,-248.7875579062316,False,11,4,69,0,PPO,bursty
212,2625.874468675678,11,0,1.0,16,,-246.24745485504403,False,11,3,70,0,PPO,bursty
213,2625.874468675678,11,4,0.5,5,80.0,-251.1887046818745,False,10,4,70,0,PPO,bursty
214,2653.882189596624,10,0,1.0,16,,-247.78831863582718,False,10,3,71,0,PPO,bursty
215,2655.2069253510463,10,2,0.75,16,,-254.80680806299392,False,10,2,72,0,PPO,bursty
216,2655.2069253510463,10,3,0.625,4,82.0,-255.6006299353946,False,9,3,72,0,PPO,bursty
217,2675.59795748802,9,0,1.0,16,,-252.17325768580645,False,9,2,73,0,PPO,bursty
218,2681.7057352506854,9,1,0.875,16,,-257.0343393317466,False,9,1,74,0,PPO,bursty
219,2681.7057352506854,9,4,0.5,5,61.0,-237.45202145708666,False,8,2,74,0,PPO,bursty
220,2742.685690618233,8,0,1.0,16,,-231.9638254740074,False,9,2,74,0,PPO,bursty
221,2745.8910309303424,9,0,1.0,16,,-246.9844404940466,False,10,2,74,0,PPO,bursty
222,2746.5189195493253,10,0,1.0,16,,-245.7543811411248,False,10,1,75,0,PPO,bursty
223,2746.5189195493253,10,4,0.5,5,85.0,-247.8987955234909,False,9,2,75,0,PPO,bursty
224,2746.5189195493253,9,3,0.625,4,84.0,-247.82213094486903,False,8,3,75,0,PPO,bursty
225,2748.8672306085277,8,1,0.875,16,,-245.68416767014088,False,8,2,76,0,PPO,bursty
226,2748.8672306085277,8,5,0.375,5,62.0,-223.9881488298467,False,7,3,76,0,PPO,bursty
227,2801.337632638191,7,1,0.875,16,,-219.85610467001072,False,8,3,76,0,PPO,bursty
228,2801.9045659535273,8,1,0.875,16,,-231.30069778172356,False,9,3,76,0,PPO,bursty
229,2829.1259206818227,9,1,0.875,16,,-228.3698869487319,False,9,2,77,0,PPO,bursty
230,2829.1259206818227,9,3,0.625,5,87.0,-235.7801312009806,False,8,3,77,0,PPO,bursty
231,2839.4627386654874,8,1,0.875,16,,-235.17284314444032,False,9,3,77,0,PPO,bursty
232,2844.9878942050905,9,1,0.875,16,,-237.21992230120733,False,10,3,77,0,PPO,bursty
233,2859.173281987823,10,1,0.875,16,,-236.16257405456935,False,10,2,78,0,PPO,bursty
234,2859.173281987823,10,5,0.375,5,88.0,-240.87141676559528,False,9,3,78,0,PPO,bursty
235,2875.4287316405594,9,2,0.75,16,,-238.74950089319984,False,9,2,79,0,PPO,bursty
236,2875.4287316405594,9,3,0.625,4,86.0,-242.31557572304047,False,8,3,79,0,PPO,bursty
237,2877.7759506951015,8,0,1.0,16,,-240.1043260081317,False,8,2,80,0,PPO,bursty
238,2880.621424660385,8,2,0.75,16,,-242.6128802377219,False,9,2,80,0,PPO,bursty
239,2887.6984916017805,9,2,0.75,16,,-243.09332860415213,False,10,2,80,0,PPO,bursty
240,2909.4961560213756,10,2,0.75,16,,-244.6927494609087,False,11,2,80,0,PPO,bursty
241,2909.4961560213756,11,2,0.75,10,92.0,-248.77981153958277,False,10,3,80,0,PPO,bursty
242,2941.2488341142944,10,0,1.0,16,,-247.19217763493685,False,11,3,80,0,PPO,bursty
243,2947.3102804348664,11,0,1.0,16,,-252.94850376854941,False,11,2,81,0,PPO,bursty
244,2947.3102804348664,11,3,0.625,5,93.0,-256.342636422281,False,10,3,81,0,PPO,bursty
245,2957.5166333685015,10,0,1.0,16,,-255.83231877559916,False,11,3,81,0,PPO,bursty
246,2964.129658693969,11,0,1.0,16,,-258.18551624924396,False,12,3,81,0,PPO,bursty
247,2964.3647992904544,12,0,1.0,16,,-259.8364211746459,False,13,3,81,0,PPO,bursty
248,2970.633915450321,13,0,1.0,16,,-259.957897485366,False,14,3,81,0,PPO,bursty
249,2974.574068685129,14,0,1.0,16,,-261.6433811223769,False,15,3,81,0,PPO,bursty
250,2976.5403482938395,15,0,1.0,16,,-262.7267334115144,False,16,3,81,0,PPO,bursty
251,3006.032168351056,16,0,1.0,16,,-263.2827307176972,False,16,2,82,0,PPO,bursty
252,3006.032168351056,16,3,0.625,5,94.0,-271.6853750323502,False,15,3,82,0,PPO,bursty
253,3059.2393442891125,15,0,1.0,16,,-272.34573382925305,False,15,2,83,0,PPO,bursty
254,3059.2393442891125,15,3,0.625,5,95.0,-285.7453341018643,False,14,3,83,0,PPO,bursty
255,3059.2393442891125,14,2,0.75,5,98.0,-284.05202858978464,False,13,4,83,0,PPO,bursty
256,3059.2393442891125,13,1,0.875,6,96.0,-282.1545376898115,False,12,5,83,0,PPO,bursty
257,3082.841649650078,12,0,1.0,16,,-279.9185146362018,False,12,4,84,0,PPO,bursty
258,3082.841649650078,12,2,0.75,5,99.0,-285.69306494931845,False,11,5,84,0,PPO,bursty
259,3096.811806059338,11,0,1.0,16,,-283.27396025704064,False,11,4,85,0,PPO,bursty
260,3096.811806059338,11,1,0.875,10,97.0,-286.24294154717523,False,10,5,85,0,PPO,bursty
261,3136.257671709364,10,0,1.0,16,,-282.2706482646739,False,10,4,86,0,PPO,bursty
262,3150.5518845273646,10,1,0.875,16,,-291.8640981868429,False,10,3,87,0,PPO,bursty
263,3150.5518845273646,10,4,0.5,5,89.0,-290.8796774343351,False,9,4,87,0,PPO,bursty
264,3201.1138793569507,9,0,1.0,16,,-285.34033779626407,False,9,3,88,0,PPO,bursty
265,3202.555634791996,9,2,0.75,16,,-297.9700233378978,False,9,2,89,0,PPO,bursty
266,3202.555634791996,9,3,0.625,4,91.0,-293.9432096181644,False,8,3,89,0,PPO,bursty
267,3203.6464041101854,8,0,1.0,16,,-291.84504037952746,False,8,2,90,0,PPO,bursty
268,3320.6167019091226,8,1,0.875,16,,-285.24572771338717,False,8,1,91,0,PPO,bursty
269,3320.6167019091226,8,5,0.375,5,74.0,-290.65238363614793,False,7,2,91,0,PPO,bursty
270,3355.466717274833,7,1,0.875,16,,-285.90794492609825,False,7,1,92,0,PPO,bursty
271,3355.466717274833,7,4,0.5,5,79.0,-278.78112381283995,False,6,2,92,0,PPO,bursty
272,3438.612284806187,6,0,1.0,16,,-265.97220003376395,False,6,1,93,0,PPO,bursty
273,3438.612284806187,6,4,0.5,5,90.0,-277.5987747136864,False,5,2,93,0,PPO,bursty
274,3455.163557417202,5,0,1.0,16,,-273.11608382203406,False,5,1,94,0,PPO,bursty
275,3455.163557417202,5,4,0.5,4,53.0,-233.6770797333799,False,4,2,94,0,PPO,bursty
276,3510.2796133924235,4,0,1.0,16,,-222.30735021759224,False,4,1,95,0,PPO,bursty
277,3510.2796133924235,4,4,0.5,0,13.0,-177.2016660670397,False,3,2,95,0,PPO,bursty
278,3543.7298947200698,3,1,0.875,16,,-169.89143390627584,False,3,1,96,0,PPO,bursty
279,3543.7298947200698,3,5,0.375,0,15.0,-117.74494570342537,False,2,2,96,0,PPO,bursty
280,3559.5135940206733,2,2,0.75,16,,-113.41685005658637,False,2,1,97,0,PPO,bursty
281,3559.5135940206733,2,5,0.375,0,16.0,-56.64839235149693,False,1,2,97,0,PPO,bursty
282,3602.1130431248384,1,2,0.75,16,,-47.5129846265493,False,1,1,98,0,PPO,bursty
283,3768.1325525073803,1,5,0.375,0,28.0,32.37774605939694,False,0,0,100,0,PPO,bursty
1,194.6015955281929,1,8,0.0,0,0.0,5.50849858126476,False,1,0,1,1,PPO,bursty
2,207.68827813175832,1,8,0.0,0,1.0,0.40895883136141986,False,1,1,1,1,PPO,bursty
3,211.80835095700132,1,7,0.125,0,2.0,0.515009103155375,False,1,2,1,1,PPO,bursty
4,276.0868183018509,1,4,0.5,0,3.0,14.07648458811697,False,1,2,2,1,PPO,bursty
5,293.89535751093837,1,4,0.5,0,4.0,2.7825842514199195,False,1,3,2,1,PPO,bursty
6,313.5889781117851,1,3,0.625,16,,2.6832558068653665,False,2,3,2,1,PPO,bursty
7,314.65017246758066,2,3,0.625,16,,-0.2705085681556983,False,3,3,2,1,PPO,bursty
8,314.65017246758066,3,3,0.625,0,7.0,-0.4363201862487574,False,2,4,2,1,PPO,bursty
9,317.31822590933683,2,2,0.75,16,,1.9572176964102779,False,2,3,3,1,PPO,bursty
10,322.8859578729104,2,3,0.625,16,,0.10420651684642424,False,3,3,3,1,PPO,bursty
11,322.8859578729104,3,3,0.625,0,8.0,-0.7657516024619474,False,2,4,3,1,PPO,bursty
12,341.18302723584173,2,0,1.0,16,,5.076632963753631,False,2,3,4,1,PPO,bursty
13,374.5190392791044,2,1,0.875,16,,6.461177775753997,False,2,2,5,1,PPO,bursty
14,374.5190392791044,2,4,0.5,0,6.0,-1.6124736353633204,False,1,3,5,1,PPO,bursty
15,381.887653373612,1,0,1.0,16,,2.0823076063734325,False,1,2,6,1,PPO,bursty
16,382.7864814627669,1,1,0.875,16,,-1.5812038345339356,False,2,2,6,1,PPO,bursty
17,390.23707352325096,2,1,0.875,16,,-0.44602914822504847,False,3,2,6,1,PPO,bursty
18,390.23707352325096,3,1,0.875,0,10.0,-2.0758461614559325,False,2,3,6,1,PPO,bursty
19,418.3176277745545,2,0,1.0,16,,3.8210702313178166,False,3,3,6,1,PPO,bursty
20,418.3667230184184,3,0,1.0,16,,-1.1897402351739421,False,3,2,7,1,PPO,bursty
21,418.3667230184184,3,4,0.5,0,11.0,-3.2010321412626297,False,2,3,7,1,PPO,bursty
22,418.3667230184184,2,3,0.625,1,9.0,-2.4894273101496003,False,1,4,7,1,PPO,bursty
23,422.91622841213655,1,0,1.0,16,,-1.4430410695944227,False,2,4,7,1,PPO,bursty
24,455.8770766166853,2,0,1.0,16,,4.341360704931278,False,3,4,7,1,PPO,bursty
25,460.260431644703,3,0,1.0,16,,-1.0660138908825587,False,3,3,8,1,PPO,bursty
26,460.260431644703,3,3,0.625,1,12.0,-3.4149685832356456,False,2,4,8,1,PPO,bursty
27,472.3900767168148,2,0,1.0,16,,-0.8677431180921618,False,3,4,8,1,PPO,bursty
28,475.47070357236055,3,0,1.0,16,,-1.3148352835664268,False,3,3,9,1,PPO,bursty
29,496.98793899945105,3,3,0.625,16,,-2.013958087595408,False,4,3,9,1,PPO,bursty
30,496.98793899945105,4,3,0.625,3,15.0,-5.376026123078293,False,3,4,9,1,PPO,bursty
31,519.6635904611114,3,1,0.875,16,,0.22373354646029053,False,3,3,10,1,PPO,bursty
32,521.8107425596052,3,3,0.625,16,,-4.529901821297894,False,3,2,11,1,PPO,bursty
33,521.8107425596052,3,4,0.5,0,5.0,-2.307086635714204,False,2,3,11,1,PPO,bursty
34,529.0873683799783,2,0,1.0,16,,-0.7789952134358384,False,3,3,11,1,PPO,bursty
35,566.1879235844173,3,0,1.0,16,,6.4509538203142665,False,3,2,12,1,PPO,bursty
36,566.1879235844173,3,1,0.875,0,16.0,-4.082173876706689,False,2,3,12,1,PPO,bursty
37,589.0117734084882,2,0,1.0,16,,2.7108345863482164,False,2,2,13,1,PPO,bursty
38,589.0117734084882,2,4,0.5,0,13.0,-2.3324339338334688,False,1,3,13,1,PPO,bursty
39,630.5147811623922,1,0,1.0,16,,7.213257849564439,False,2,3,13,1,PPO,bursty
40,630.8099016706072,2,0,1.0,16,,-1.1005187821863842,False,2,2,14,1,PPO,bursty
41,630.8099016706072,2,3,0.625,0,17.0,-3.168396499075849,False,1,3,14,1,PPO,bursty
42,631.8623601901098,1,0,1.0,16,,-0.9263310395902558,False,1,2,15,1,PPO,bursty
43,684.2948684894529,1,1,0.875,16,,9.23151535502854,False,1,1,16,1,PPO,bursty
44,703.0452522248693,1,4,0.5,0,14.0,4.687595933854084,False,1,2,16,1,PPO,bursty
45,730.3407113290991,1,0,1.0,16,,8.277955593972866,False,1,1,17,1,PPO,bursty
46,744.6823236770239,1,4,0.5,0,18.0,2.689052315235898,False,1,2,17,1,PPO,bursty
47,756.4183684146531,1,2,0.75,0,19.0,2.9340111844072965,False,1,3,17,1,PPO,bursty
48,765.2519147763469,1,0,1.0,16,,4.031715663189582,False,1,2,18,1,PPO,bursty
49,807.6579488455583,1,4,0.5,0,20.0,8.078704744530683,False,1,2,19,1,PPO,bursty
50,813.2920552608836,1,5,0.375,0,21.0,0.8803291273945888,False,1,3,19,1,PPO,bursty
51,1114.1109680507118,1,3,0.625,0,22.0,19.900755247945767,False,1,0,23,1,PPO,bursty
52,1182.0485200117612,1,8,0.0,0,23.0,8.492193995131174,False,1,1,23,1,PPO,bursty
53,1193.474136418769,1,4,0.5,0,24.0,1.785252563594952,False,1,2,23,1,PPO,bursty
54,1257.80431250944,1,3,0.625,0,25.0,11.851589764487471,False,1,2,24,1,PPO,bursty
55,1259.5119955502084,1,5,0.375,0,26.0,0.26682547512007204,False,1,3,24,1,PPO,bursty
56,1307.9289621434152,1,3,0.625,0,27.0,13.821160778075068,False,1,3,25,1,PPO,bursty
57,1309.7658880601393,1,1,0.875,16,,2.3650890259489246,False,1,2,26,1,PPO,bursty
58,1350.6648006540365,1,3,0.625,0,28.0,10.183623421147814,False,1,2,27,1,PPO,bursty
59,1352.7800439240962,1,2,0.75,16,,0.3543032477349891,False,2,2,27,1,PPO,bursty
60,1352.7800439240962,2,2,0.75,0,30.0,-0.04230486540119273,False,1,3,27,1,PPO,bursty
61,1365.9137883656435,1,0,1.0,16,,4.978456356154704,False,1,2,28,1,PPO,bursty
62,1392.197493340969,1,3,0.625,0,29.0,6.570926243831366,False,1,3,28,1,PPO,bursty
63,1412.3963732595244,1,0,1.0,16,,4.6457423812677305,False,2,3,28,1,PPO,bursty
64,1427.6186449196307,2,0,1.0,16,,4.7926994502512255,False,2,2,29,1,PPO,bursty
65,1427.6186449196307,2,3,0.625,0,32.0,-0.7084230315732338,False,1,3,29,1,PPO,bursty
66,1434.0476217075363,1,0,1.0,16,,0.7702416296450633,False,2,3,29,1,PPO,bursty
67,1469.080080939116,2,0,1.0,16,,8.51981387130038,False,2,2,30,1,PPO,bursty
68,1469.080080939116,2,3,0.625,1,33.0,-1.5376517519629398,False,1,3,30,1,PPO,bursty
69,1475.706950422504,1,2,0.75,16,,-0.4276511134954557,False,2,3,30,1,PPO,bursty
70,1493.8640916352078,2,2,0.75,16,,3.007989187243139,False,2,2,31,1,PPO,bursty
71,1493.8640916352078,2,5,0.375,0,34.0,-2.0333319658847766,False,1,3,31,1,PPO,bursty
72,1494.5984067644235,1,2,0.75,16,,-1.9103341817411468,False,2,3,31,1,PPO,bursty
73,1494.5984067644235,2,2,0.75,0,35.0,-2.048018268469091,False,1,4,31,1,PPO,bursty
74,1504.1833991034373,1,0,1.0,16,,0.15652996950407205,False,2,4,31,1,PPO,bursty
75,1519.7678756148866,2,0,1.0,16,,3.033021952154995,False,2,3,32,1,PPO,bursty
76,1525.1047269202857,2,1,0.875,16,,0.09086499513272894,False,2,2,33,1,PPO,bursty
77,1525.1047269202857,2,3,0.625,0,36.0,-2.6581446715863333,False,1,3,33,1,PPO,bursty
78,1540.8523928501988,1,0,1.0,16,,0.963818492293699,False,2,3,33,1,PPO,bursty
79,1548.7235635422062,2,0,1.0,16,,0.6798478551369476,False,2,2,34,1,PPO,bursty
80,1548.7235635422062,2,3,0.625,1,37.0,-3.1305214040247438,False,1,3,34,1,PPO,bursty
81,1583.697460029022,1,2,0.75,16,,4.727606257516901,False,1,2,35,1,PPO,bursty
82,1592.3601049196216,1,3,0.625,16,,-2.6497139674168944,False,2,2,35,1,PPO,bursty
83,1621.3003458546332,2,3,0.625,16,,-0.6389492228779581,False,3,2,35,1,PPO,bursty
84,1622.0524282013362,3,3,0.625,16,,-3.088473943103353,False,3,1,36,1,PPO,bursty
85,1622.0524282013362,3,5,0.375,0,38.0,-4.6121403441414035,False,2,2,36,1,PPO,bursty
86,1622.1619725128066,2,1,0.875,16,,-4.592559298466042,False,3,2,36,1,PPO,bursty
87,1622.4746938518572,3,1,0.875,16,,-4.566877604025956,False,4,2,36,1,PPO,bursty
88,1622.4746938518572,4,1,0.875,1,41.0,-4.635285396943255,False,3,3,36,1,PPO,bursty
89,1622.5408593491156,3,0,1.0,16,,-4.6227139524641485,False,4,3,36,1,PPO,bursty
90,1624.0841379979772,4,0,1.0,16,,-4.376897956472292,False,5,3,36,1,PPO,bursty
91,1626.2675037703411,5,0,1.0,16,,-4.435212752833102,False,6,3,36,1,PPO,bursty
92,1631.5142118094086,6,0,1.0,16,,-4.298982150845309,False,7,3,36,1,PPO,bursty
93,1633.2708459597548,7,0,1.0,16,,-5.417429404074101,False,8,3,36,1,PPO,bursty
94,1633.810807520726,8,0,1.0,16,,-5.807991401173222,False,9,3,36,1,PPO,bursty
95,1652.3693024180307,9,0,1.0,16,,-4.643887148604717,False,10,3,36,1,PPO,bursty
96,1667.0311903957738,10,0,1.0,16,,-6.5504164740437165,False,10,2,37,1,PPO,bursty
97,1667.0311903957738,10,3,0.625,6,42.0,-11.326081847546343,False,9,3,37,1,PPO,bursty
98,1667.0311903957738,9,1,0.875,6,43.0,-10.46714079959041,False,8,4,37,1,PPO,bursty
99,1667.490157836431,8,0,1.0,16,,-8.425833729931258,False,8,3,38,1,PPO,bursty
100,1684.3467848625082,8,1,0.875,16,,-7.550248752313513,False,8,2,39,1,PPO,bursty
101,1684.3467848625082,8,5,0.375,5,39.0,-11.976707134110416,False,7,3,39,1,PPO,bursty
102,1696.802420523659,7,1,0.875,16,,-10.995825825794766,False,8,3,39,1,PPO,bursty
103,1700.1284699281325,8,1,0.875,16,,-11.525090724158717,False,8,2,40,1,PPO,bursty
104,1700.1284699281325,8,3,0.625,5,40.0,-12.693334083080767,False,7,3,40,1,PPO,bursty
105,1706.6879469332011,7,0,1.0,16,,-11.97179161252322,False,8,3,40,1,PPO,bursty
106,1725.5757630925766,8,0,1.0,16,,-9.911757409446583,False,8,2,41,1,PPO,bursty
107,1725.5757630925766,8,3,0.625,7,50.0,-16.25595512610294,False,7,3,41,1,PPO,bursty
108,1725.5757630925766,7,2,0.75,3,48.0,-14.79182591261202,False,6,4,41,1,PPO,bursty
109,1735.059858835732,6,0,1.0,16,,-13.558893466001816,False,7,4,41,1,PPO,bursty
110,1746.3940179139465,7,0,1.0,16,,-14.683159903187079,False,8,4,41,1,PPO,bursty
111,1758.702964055076,8,0,1.0,16,,-14.408894520039038,False,8,3,42,1,PPO,bursty
112,1760.3099976028352,8,2,0.75,16,,-17.441937632758044,False,8,2,43,1,PPO,bursty
113,1760.3099976028352,8,3,0.625,5,51.0,-19.238253647620827,False,7,3,43,1,PPO,bursty
114,1761.1495962017545,7,0,1.0,16,,-17.1458978017397,False,7,2,44,1,PPO,bursty
115,1785.4430133817398,7,1,0.875,16,,-15.442690848545727,False,7,1,45,1,PPO,bursty
116,1785.4430133817398,7,4,0.5,5,31.0,-14.89196545585205,False,6,2,45,1,PPO,bursty
117,1822.8978973806136,6,0,1.0,16,,-8.022830535998455,False,6,1,46,1,PPO,bursty
118,1822.8978973806136,6,4,0.5,5,47.0,-15.604809738519156,False,5,2,46,1,PPO,bursty
119,1828.483473384821,5,0,1.0,16,,-12.766973337888032,False,5,1,47,1,PPO,bursty
120,1828.483473384821,5,4,0.5,4,52.0,-14.521578229522415,False,4,2,47,1,PPO,bursty
121,1837.3667482070719,4,1,0.875,16,,-13.289023847935107,False,5,2,47,1,PPO,bursty
122,1837.3667482070719,5,1,0.875,4,53.0,-15.232240215302477,False,4,3,47,1,PPO,bursty
123,1883.5654129195786,4,0,1.0,16,,-5.378467214176322,False,4,2,48,1,PPO,bursty
124,1897.1690802254413,4,1,0.875,16,,-15.040624553614563,False,4,1,49,1,PPO,bursty
125,1897.1690802254413,4,5,0.375,0,44.0,-14.598395247670032,False,3,2,49,1,PPO,bursty
126,1920.603300429792,3,1,0.875,16,,-8.878212790229355,False,3,1,50,1,PPO,bursty
127,1920.603300429792,3,5,0.375,0,45.0,-10.222666687523402,False,2,2,50,1,PPO,bursty
128,1955.4820192557486,2,2,0.75,16,,-3.0780556606947975,False,2,1,51,1,PPO,bursty
129,1955.4820192557486,2,5,0.375,0,46.0,-5.17359197464179,False,1,2,51,1,PPO,bursty
130,1994.9327963632704,1,2,0.75,16,,3.4344131908680904,False,1,1,52,1,PPO,bursty
131,2039.8114320285945,1,5,0.375,0,49.0,12.078499823478694,False,1,0,54,1,PPO,bursty
132,2045.9493027267326,1,8,0.0,0,54.0,0.7672338372672698,False,1,1,54,1,PPO,bursty
133,2050.8714445788505,1,4,0.5,0,55.0,0.92290159727213,False,1,2,54,1,PPO,bursty
134,2053.447963908598,1,2,0.75,16,,0.4315669877327059,False,2,2,54,1,PPO,bursty
135,2102.4262501132253,2,2,0.75,16,,7.172766828587539,False,3,2,54,1,PPO,bursty
136,2121.850800146268,3,2,0.75,16,,2.4659682944328893,False,3,1,55,1,PPO,bursty
137,2121.850800146268,3,4,0.5,0,56.0,-1.7565477254142479,False,2,2,55,1,PPO,bursty
138,2168.443626641143,2,0,1.0,16,,10.027945838509549,False,2,1,56,1,PPO,bursty
139,2168.443626641143,2,4,0.5,0,58.0,-2.299913254650901,False,1,2,56,1,PPO,bursty
140,2174.855981131859,1,0,1.0,16,,-0.8250717217861983,False,2,2,56,1,PPO,bursty
141,2201.6421122454904,2,0,1.0,16,,3.196927189397329,False,3,2,56,1,PPO,bursty
142,2214.1252464542517,3,0,1.0,16,,0.8721899106541926,False,3,1,57,1,PPO,bursty
143,2214.1252464542517,3,4,0.5,0,59.0,-3.4632083350883023,False,2,2,57,1,PPO,bursty
144,2224.4698788056385,2,2,0.75,16,,-1.9373750632587305,False,3,2,57,1,PPO,bursty
145,2242.798622791516,3,2,0.75,16,,-1.5400787709443602,False,4,2,57,1,PPO,bursty
146,2266.9583279251697,4,2,0.75,16,,-2.3795499664287174,False,5,2,57,1,PPO,bursty
147,2266.9583279251697,5,2,0.75,4,63.0,-6.909494678988713,False,4,3,57,1,PPO,bursty
148,2270.150792075056,4,1,0.875,16,,-6.46654027819199,False,5,3,57,1,PPO,bursty
149,2270.333341153255,5,1,0.875,16,,-7.143214107943509,False,6,3,57,1,PPO,bursty
150,2276.259031152594,6,1,0.875,16,,-6.5979848313647675,False,7,3,57,1,PPO,bursty
151,2276.259031152594,7,1,0.875,6,66.0,-7.894229518720222,False,6,4,57,1,PPO,bursty
152,2276.9055896365194,6,0,1.0,16,,-7.810176915809944,False,7,4,57,1,PPO,bursty
153,2280.4500450408946,7,0,1.0,16,,-7.581926442309978,False,8,4,57,1,PPO,bursty
154,2280.5564522953987,8,0,1.0,16,,-6.458463640498403,False,8,3,58,1,PPO,bursty
155,2280.5564522953987,8,4,0.5,5,68.0,-8.482937309034352,False,7,4,58,1,PPO,bursty
156,2280.5564522953987,7,3,0.625,5,60.0,-6.904650508036184,False,6,5,58,1,PPO,bursty
157,2281.236067547194,6,0,1.0,16,,-6.816300525302777,False,7,5,58,1,PPO,bursty
158,2281.5214646497593,7,0,1.0,16,,-6.9548106569694665,False,8,5,58,1,PPO,bursty
159,2283.0031860013623,8,0,1.0,16,,-6.89280501096649,False,9,5,58,1,PPO,bursty
160,2283.6054900828003,9,0,1.0,16,,-7.221074063166589,False,10,5,58,1,PPO,bursty
161,2284.2070185919456,10,0,1.0,16,,-7.341573658068819,False,11,5,58,1,PPO,bursty
162,2285.9225132467577,11,0,1.0,16,,-7.440490945710776,False,12,5,58,1,PPO,bursty
163,2289.950813945486,12,0,1.0,16,,-7.829081602426523,False,13,5,58,1,PPO,bursty
164,2290.8847241935423,13,0,1.0,16,,-8.845495879589171,False,14,5,58,1,PPO,bursty
165,2293.648639714881,14,0,1.0,16,,-9.161890907243391,False,15,5,58,1,PPO,bursty
166,2298.5916992126763,15,0,1.0,16,,-10.10002276246784,False,16,5,58,1,PPO,bursty
167,2300.15923196666,16,0,1.0,16,,-11.445514929695529,False,17,5,58,1,PPO,bursty
168,2309.049832049893,17,0,1.0,16,,-10.637552125682468,False,17,4,59,1,PPO,bursty
169,2309.049832049893,17,1,0.875,15,75.0,-14.478221784402585,False,16,5,59,1,PPO,bursty
170,2320.7820795783,16,0,1.0,16,,-13.299479111391062,False,16,4,60,1,PPO,bursty
171,2368.1206739419963,16,1,0.875,16,,-21.025573672817025,False,16,3,61,1,PPO,bursty
172,2368.1206739419963,16,3,0.625,5,61.0,-30.50787528714842,False,15,4,61,1,PPO,bursty
173,2386.8986079464335,15,0,1.0,16,,-31.446771987370276,False,16,4,61,1,PPO,bursty
174,2389.2574000741097,16,0,1.0,16,,-34.3063709374169,False,16,3,62,1,PPO,bursty
175,2389.2574000741097,16,1,0.875,7,80.0,-36.848893126782436,False,15,4,62,1,PPO,bursty
176,2390.2358832781824,15,0,1.0,16,,-34.89781728698607,False,15,3,63,1,PPO,bursty
177,2390.2358832781824,15,3,0.625,5,69.0,-34.96244177338449,False,14,4,63,1,PPO,bursty
178,2410.18096239744,14,1,0.875,16,,-36.184077869439015,False,15,4,63,1,PPO,bursty
179,2432.4735953277086,15,1,0.875,16,,-40.35834035236092,False,15,3,64,1,PPO,bursty
180,2432.4735953277086,15,2,0.75,5,76.0,-44.40307638317387,False,14,4,64,1,PPO,bursty
181,2444.599717185184,14,0,1.0,16,,-44.76686003889813,False,15,4,64,1,PPO,bursty
182,2450.0481097607963,15,0,1.0,16,,-48.07081013204761,False,16,4,64,1,PPO,bursty
183,2452.0072360998515,16,0,1.0,16,,-47.57004711968452,False,16,3,65,1,PPO,bursty
184,2452.0072360998515,16,3,0.625,5,83.0,-50.02064617766723,False,15,4,65,1,PPO,bursty
185,2452.0072360998515,15,2,0.75,5,72.0,-46.65261125732621,False,14,5,65,1,PPO,bursty
186,2458.38714700782,14,0,1.0,16,,-44.844008584565266,False,14,4,66,1,PPO,bursty
187,2458.38714700782,14,2,0.75,5,82.0,-48.163237715104714,False,13,5,66,1,PPO,bursty
188,2502.6041155554044,13,1,0.875,16,,-49.98718766769255,False,14,5,66,1,PPO,bursty
189,2510.531271314586,14,1,0.875,16,,-60.14518782772649,False,15,5,66,1,PPO,bursty
190,2517.3658941491685,15,1,0.875,16,,-60.43456625535723,False,15,4,67,1,PPO,bursty
191,2517.3658941491685,15,2,0.75,5,84.0,-63.63440442854694,False,14,5,67,1,PPO,bursty
192,2521.0607311356107,14,0,1.0,16,,-63.7452495381402,False,15,5,67,1,PPO,bursty
193,2529.200955506115,15,0,1.0,16,,-63.075970003275955,False,15,4,68,1,PPO,bursty
194,2539.2517128311997,15,1,0.875,16,,-65.92765012856516,False,15,3,69,1,PPO,bursty
195,2539.2517128311997,15,3,0.625,5,86.0,-69.76243365951566,False,14,4,69,1,PPO,bursty
196,2552.5564309856927,14,1,0.875,16,,-70.57734764647837,False,15,4,69,1,PPO,bursty
197,2552.5564309856927,15,1,0.875,5,87.0,-73.4877547427737,False,14,5,69,1,PPO,bursty
198,2558.5898046285247,14,0,1.0,16,,-71.66875595205866,False,14,4,70,1,PPO,bursty
199,2558.5898046285247,14,2,0.75,6,65.0,-69.41197009326126,False,13,5,70,1,PPO,bursty
200,2565.8637583944806,13,0,1.0,16,,-69.48470963092082,False,14,5,70,1,PPO,bursty
201,2570.4417274472544,14,0,1.0,16,,-71.440537143993,False,15,5,70,1,PPO,bursty
202,2575.3272791913096,15,0,1.0,16,,-70.82930699438921,False,15,4,71,1,PPO,bursty
203,2575.3272791913096,15,2,0.75,6,89.0,-73.95298389552191,False,14,5,71,1,PPO,bursty
204,2583.107107170957,14,1,0.875,16,,-74.42949835927534,False,15,5,71,1,PPO,bursty
205,2591.571400955922,15,1,0.875,16,,-76.81905959985164,False,16,5,71,1,PPO,bursty
206,2604.4045941752656,16,1,0.875,16,,-79.9699846787712,False,17,5,71,1,PPO,bursty
207,2632.919646329821,17,1,0.875,16,,-84.23469576924245,False,17,4,72,1,PPO,bursty
208,2632.919646329821,17,2,0.75,15,79.0,-85.8171551407882,False,16,5,72,1,PPO,bursty
209,2633.9988979443024,16,0,1.0,16,,-83.89270275380191,False,16,4,73,1,PPO,bursty
210,2639.041964423183,16,1,0.875,16,,-84.67312613840895,False,16,3,74,1,PPO,bursty
211,2639.041964423183,16,2,0.75,15,85.0,-85.20608306849212,False,15,4,74,1,PPO,bursty
212,2640.7217636215655,15,0,1.0,16,,-85.29007302841126,False,16,4,74,1,PPO,bursty
213,2680.9914939593527,16,0,1.0,16,,-86.52890395165203,False,16,3,75,1,PPO,bursty
214,2680.9914939593527,16,2,0.75,15,71.0,-90.63657037693902,False,15,4,75,1,PPO,bursty
215,2694.08689344323,15,0,1.0,16,,-89.29134035113289,False,15,3,76,1,PPO,bursty
216,2694.08689344323,15,2,0.75,9,67.0,-86.221564145968,False,14,4,76,1,PPO,bursty
217,2720.777803474762,14,0,1.0,16,,-85.02229144691398,False,14,3,77,1,PPO,bursty
218,2720.777803474762,14,2,0.75,4,78.0,-85.25129686955526,False,13,4,77,1,PPO,bursty
219,2723.228871957096,13,0,1.0,16,,-83.2758075543786,False,13,3,78,1,PPO,bursty
220,2723.228871957096,13,2,0.75,6,93.0,-84.23843250825148,False,12,4,78,1,PPO,bursty
221,2741.248475416189,12,1,0.875,16,,-84.62134908175723,False,13,4,78,1,PPO,bursty
222,2762.8268909077483,13,1,0.875,16,,-89.45324697746061,False,14,4,78,1,PPO,bursty
223,2779.5497916738213,14,1,0.875,16,,-95.19780303816118,False,15,4,78,1,PPO,bursty
224,2780.0324148119353,15,1,0.875,16,,-96.8951507107114,False,15,3,79,1,PPO,bursty
225,2780.0324148119353,15,3,0.625,10,90.0,-95.06221836935427,False,14,4,79,1,PPO,bursty
226,2782.246368717428,14,0,1.0,16,,-95.12863698651904,False,15,4,79,1,PPO,bursty
227,2793.5704103736,15,0,1.0,16,,-96.24832754570087,False,16,4,79,1,PPO,bursty
228,2813.9126637244362,16,0,1.0,16,,-100.50329569430242,False,17,4,79,1,PPO,bursty
229,2842.9586722641666,17,0,1.0,16,,-106.20299980058715,False,17,3,80,1,PPO,bursty
230,2842.9586722641666,17,2,0.75,6,96.0,-114.19632432371283,False,16,4,80,1,PPO,bursty
231,2847.0819700590073,16,0,1.0,16,,-112.48495516935168,False,16,3,81,1,PPO,bursty
232,2847.0819700590073,16,2,0.75,6,97.0,-114.21906759123027,False,15,4,81,1,PPO,bursty
233,2870.8760778060414,15,0,1.0,16,,-113.40877297858198,False,15,3,82,1,PPO,bursty
234,2870.8760778060414,15,2,0.75,11,99.0,-120.21803163370839,False,14,4,82,1,PPO,bursty
235,2899.0903806749343,14,0,1.0,16,,-119.06446071977518,False,14,3,83,1,PPO,bursty
236,2933.709161827863,14,1,0.875,16,,-128.23843678261537,False,14,2,84,1,PPO,bursty
237,2933.709161827863,14,3,0.625,10,92.0,-131.22520380676656,False,13,3,84,1,PPO,bursty
238,2953.9102945175227,13,0,1.0,16,,-129.42721513366317,False,13,2,85,1,PPO,bursty
239,2953.9102945175227,13,3,0.625,6,98.0,-133.2707006231996,False,12,3,85,1,PPO,bursty
240,2976.2082658388017,12,0,1.0,16,,-131.0477209099868,False,12,2,86,1,PPO,bursty
241,2976.2082658388017,12,2,0.75,1,70.0,-124.72847771652569,False,11,3,86,1,PPO,bursty
242,3040.3869793803055,11,0,1.0,16,,-120.80311631028056,False,11,2,87,1,PPO,bursty
243,3040.3869793803055,11,3,0.625,10,95.0,-133.2965929262054,False,10,3,87,1,PPO,bursty
244,3056.065146240887,10,0,1.0,16,,-130.51268458317634,False,10,2,88,1,PPO,bursty
245,3056.065146240887,10,3,0.625,2,77.0,-121.18389616780155,False,9,3,88,1,PPO,bursty
246,3096.51994561041,9,0,1.0,16,,-116.35206021193491,False,9,2,89,1,PPO,bursty
247,3208.4803724583608,9,2,0.75,16,,-125.62605685295611,False,9,1,90,1,PPO,bursty
248,3208.4803724583608,9,5,0.375,5,73.0,-130.13316980961852,False,8,2,90,1,PPO,bursty
249,3219.05677074262,8,1,0.875,16,,-127.51180641041827,False,8,1,91,1,PPO,bursty
250,3219.05677074262,8,4,0.5,5,81.0,-115.64787736819639,False,7,2,91,1,PPO,bursty
251,3272.9361183829383,7,0,1.0,16,,-107.72114912776135,False,7,1,92,1,PPO,bursty
252,3272.9361183829383,7,4,0.5,5,64.0,-103.13527951168334,False,6,2,92,1,PPO,bursty
253,3293.3756619993646,6,0,1.0,16,,-98.47813884154789,False,6,1,93,1,PPO,bursty
254,3293.3756619993646,6,4,0.5,5,94.0,-94.54548101399098,False,5,2,93,1,PPO,bursty
255,3319.5422843167808,5,0,1.0,16,,-88.62048766637857,False,5,1,94,1,PPO,bursty
256,3319.5422843167808,5,4,0.5,4,57.0,-71.84025683756893,False,4,2,94,1,PPO,bursty
257,3325.9869165485966,4,0,1.0,16,,-68.74466935816024,False,4,1,95,1,PPO,bursty
258,3325.9869165485966,4,4,0.5,0,62.0,-50.69206154097259,False,3,2,95,1,PPO,bursty
259,3428.7277051313263,3,0,1.0,16,,-29.171311710253953,False,3,1,96,1,PPO,bursty
260,3428.7277051313263,3,4,0.5,0,74.0,-34.000405018245004,False,2,2,96,1,PPO,bursty
261,3439.5815162945637,2,0,1.0,16,,-29.721104673965144,False,2,1,97,1,PPO,bursty
262,3439.5815162945637,2,4,0.5,0,88.0,-16.960202306772835,False,1,2,97,1,PPO,bursty
263,3497.3171536024597,1,0,1.0,16,,-1.6810057259567515,False,1,1,98,1,PPO,bursty
264,3631.1362005974975,1,4,0.5,0,91.0,22.006737059648913,False,0,0,100,1,PPO,bursty
1,43.60595704914362,1,8,0.0,0,0.0,3.158427696391112,False,1,1,0,2,PPO,bursty
2,86.93290079234512,1,4,0.5,0,1.0,8.123801951850282,False,1,2,0,2,PPO,bursty
3,134.78194517314242,1,2,0.75,0,2.0,10.466978458299408,False,1,3,0,2,PPO,bursty
4,143.6253305252471,1,1,0.875,16,,1.7576228387308053,False,2,3,0,2,PPO,bursty
5,149.85700450371144,2,1,0.875,16,,0.9370440166084059,False,3,3,0,2,PPO,bursty
6,160.43142351730936,3,1,0.875,16,,3.252554352228003,False,3,2,1,2,PPO,bursty
7,160.43142351730936,3,3,0.625,0,3.0,-0.5476102401132034,False,2,3,1,2,PPO,bursty
8,165.1307121267259,2,0,1.0,16,,2.439240367864273,False,2,2,2,2,PPO,bursty
9,165.1307121267259,2,4,0.5,0,4.0,-0.30547415246028947,False,1,3,2,2,PPO,bursty
10,167.91593166776101,1,2,0.75,16,,0.16105012066308871,False,2,3,2,2,PPO,bursty
11,167.91593166776101,2,2,0.75,0,6.0,-0.3611785432809916,False,1,4,2,2,PPO,bursty
12,188.4577752743535,1,0,1.0,16,,4.363445486235282,False,2,4,2,2,PPO,bursty
13,190.77546112391076,2,0,1.0,16,,-0.28530138700581886,False,3,4,2,2,PPO,bursty
14,193.446504564847,3,0,1.0,16,,-0.35722459561724484,False,4,4,2,2,PPO,bursty
15,194.55215353484544,4,0,1.0,16,,-0.8370251309515713,False,5,4,2,2,PPO,bursty
16,201.52555213939976,5,0,1.0,16,,-0.06742758276803351,False,6,4,2,2,PPO,bursty
17,202.00758842539904,6,0,1.0,16,,0.2518874832732918,False,6,3,3,2,PPO,bursty
18,202.00758842539904,6,2,0.75,1,8.0,-1.6439790421967604,False,5,4,3,2,PPO,bursty
19,205.65697457021426,5,1,0.875,16,,-1.2106144374999532,False,6,4,3,2,PPO,bursty
20,211.24661957795257,6,1,0.875,16,,0.5430597878358783,False,6,3,4,2,PPO,bursty
21,211.24661957795257,6,4,0.5,5,12.0,-2.567882157452114,False,5,4,4,2,PPO,bursty
22,212.73069288859105,5,0,1.0,16,,-2.3452711608563424,False,6,4,4,2,PPO,bursty
23,212.91667423887978,6,0,1.0,16,,-2.6921119129784272,False,7,4,4,2,PPO,bursty
24,213.30093177609817,7,0,1.0,16,,-2.6963389214565865,False,8,4,4,2,PPO,bursty
25,248.16372524717718,8,0,1.0,16,,2.3452481066359283,False,8,3,5,2,PPO,bursty
26,248.16372524717718,8,1,0.875,1,13.0,-7.661789613962103,False,7,4,5,2,PPO,bursty
27,262.41102151124073,7,0,1.0,16,,-4.094587024915114,False,7,3,6,2,PPO,bursty
28,262.41102151124073,7,2,0.75,1,14.0,-8.666524145483782,False,6,4,6,2,PPO,bursty
29,279.06520992108454,6,0,1.0,16,,-6.501479652204086,False,7,4,6,2,PPO,bursty
30,322.25912320821146,7,0,1.0,16,,-3.9136962930810775,False,7,3,7,2,PPO,bursty
31,322.25912320821146,7,4,0.5,5,9.0,-14.135922241995518,False,6,4,7,2,PPO,bursty
32,322.25912320821146,6,1,0.875,1,16.0,-13.27204397625298,False,5,5,7,2,PPO,bursty
33,323.9248815953812,5,0,1.0,16,,-11.022180218177523,False,5,4,8,2,PPO,bursty
34,323.9248815953812,5,2,0.75,1,11.0,-10.990633225850324,False,4,5,8,2,PPO,bursty
35,324.53268594570795,4,0,1.0,16,,-8.887306486294774,False,4,4,9,2,PPO,bursty
36,333.85250656600755,4,1,0.875,16,,-9.7461324628099,False,5,4,9,2,PPO,bursty
37,356.165699231852,5,1,0.875,16,,-7.135151594431401,False,5,3,10,2,PPO,bursty
38,356.165699231852,5,4,0.5,0,7.0,-10.662004010934906,False,4,4,10,2,PPO,bursty
39,361.89376671768684,4,1,0.875,16,,-9.86723464727532,False,5,4,10,2,PPO,bursty
40,361.89376671768684,5,1,0.875,1,18.0,-11.120249409801696,False,4,5,10,2,PPO,bursty
41,382.52491518056934,4,0,1.0,16,,-5.612954171111671,False,4,4,11,2,PPO,bursty
42,386.31453335431786,4,2,0.75,16,,-10.363357333154328,False,4,3,12,2,PPO,bursty
43,386.31453335431786,4,3,0.625,1,10.0,-9.238663144342729,False,3,4,12,2,PPO,bursty
44,399.776164816744,3,0,1.0,16,,-4.680953166481768,False,3,3,13,2,PPO,bursty
45,401.3970198169891,3,1,0.875,16,,-9.789050300799387,False,4,3,13,2,PPO,bursty
46,425.13075236343303,4,1,0.875,16,,-4.8505569412839105,False,4,2,14,2,PPO,bursty
47,425.13075236343303,4,2,0.75,3,19.0,-11.56763628488964,False,3,3,14,2,PPO,bursty
48,436.1464831367942,3,0,1.0,16,,-9.474647437951019,False,4,3,14,2,PPO,bursty
49,477.2235193200779,4,0,1.0,16,,-5.245483980133075,False,5,3,14,2,PPO,bursty
50,497.06256593489337,5,0,1.0,16,,-12.53888603373169,False,6,3,14,2,PPO,bursty
51,506.5506511022671,6,0,1.0,16,,-14.265196615676967,False,6,2,15,2,PPO,bursty
52,506.5506511022671,6,3,0.625,5,5.0,-11.50334497554929,False,5,3,15,2,PPO,bursty
53,515.107305871277,5,0,1.0,16,,-10.219846760197798,False,6,3,15,2,PPO,bursty
54,531.0112720580488,6,0,1.0,16,,-8.291494848169952,False,6,2,16,2,PPO,bursty
55,531.0112720580488,6,3,0.625,5,15.0,-7.913279589223879,False,5,3,16,2,PPO,bursty
56,564.9084097206177,5,0,1.0,16,,-2.8287089398385508,False,6,3,16,2,PPO,bursty
57,577.8218721177826,6,0,1.0,16,,-7.624243243849323,False,6,2,17,2,PPO,bursty
58,577.8218721177826,6,2,0.75,4,23.0,-11.598317518210447,False,5,3,17,2,PPO,bursty
59,595.3391412461762,5,1,0.875,16,,-9.518141809213708,False,6,3,17,2,PPO,bursty
60,633.8953415079995,6,1,0.875,16,,-7.542619655194745,False,6,2,18,2,PPO,bursty
61,633.8953415079995,6,4,0.5,5,25.0,-17.205664457232142,False,5,3,18,2,PPO,bursty
62,655.1878136946038,5,0,1.0,16,,-12.011793629241499,False,5,2,19,2,PPO,bursty
63,655.1878136946038,5,3,0.625,0,20.0,-14.954085064736377,False,4,3,19,2,PPO,bursty
64,663.7259761101167,4,1,0.875,16,,-13.769415029583962,False,5,3,19,2,PPO,bursty
65,689.4634664600849,5,1,0.875,16,,-12.580811078918693,False,6,3,19,2,PPO,bursty
66,702.780300494117,6,1,0.875,16,,-16.895849732113565,False,7,3,19,2,PPO,bursty
67,702.780300494117,7,1,0.875,0,28.0,-19.808907177058078,False,6,4,19,2,PPO,bursty
68,709.7569862230025,6,0,1.0,16,,-16.901938032302965,False,6,3,20,2,PPO,bursty
69,710.7032530344387,6,1,0.875,16,,-18.552665616895023,False,6,2,21,2,PPO,bursty
70,710.7032530344387,6,5,0.375,5,26.0,-19.820115943410244,False,5,3,21,2,PPO,bursty
71,740.6279224704325,5,1,0.875,16,,-16.266561447885973,False,6,3,21,2,PPO,bursty
72,759.7641053562668,6,1,0.875,16,,-18.922884827033496,False,6,2,22,2,PPO,bursty
73,759.7641053562668,6,5,0.375,5,24.0,-21.211810920596754,False,5,3,22,2,PPO,bursty
74,759.7641053562668,5,2,0.75,2,22.0,-15.957780132169287,False,4,4,22,2,PPO,bursty
75,791.9294173634295,4,0,1.0,16,,-8.489677090951627,False,4,3,23,2,PPO,bursty
76,801.468396714056,4,2,0.75,16,,-15.505564812549952,False,4,2,24,2,PPO,bursty
77,801.468396714056,4,4,0.5,0,17.0,-9.941805637831454,False,3,3,24,2,PPO,bursty
78,830.1813662859458,3,0,1.0,16,,-2.48634141917238,False,3,2,25,2,PPO,bursty
79,866.3755683985953,3,1,0.875,16,,-5.918754226761749,False,4,2,25,2,PPO,bursty
80,866.3755683985953,4,1,0.875,0,30.0,-13.836235938903812,False,3,3,25,2,PPO,bursty
81,900.4046210833502,3,0,1.0,16,,-7.370715928800381,False,4,3,25,2,PPO,bursty
82,913.6120617454739,4,0,1.0,16,,-11.632714187428085,False,4,2,26,2,PPO,bursty
83,921.1196410070022,4,1,0.875,16,,-15.892897730421929,False,5,2,26,2,PPO,bursty
84,922.4094099756827,5,1,0.875,16,,-15.382020628850459,False,5,1,27,2,PPO,bursty
85,922.4094099756827,5,4,0.5,4,31.0,-17.22406181290267,False,4,2,27,2,PPO,bursty
86,967.6674112570988,4,2,0.75,16,,-10.358826675150425,False,4,1,28,2,PPO,bursty
87,967.6674112570988,4,6,0.25,0,32.0,-19.913746510414025,False,3,2,28,2,PPO,bursty
88,991.8188059147775,3,2,0.75,16,,-16.83444369156,False,4,2,28,2,PPO,bursty
89,991.8188059147775,4,2,0.75,3,33.0,-21.362830189874746,False,3,3,28,2,PPO,bursty
90,1008.5555734410091,3,0,1.0,16,,-18.182844359890748,False,4,3,28,2,PPO,bursty
91,1012.4849879224829,4,0,1.0,16,,-21.69903577959809,False,5,3,28,2,PPO,bursty
92,1038.0205408796414,5,0,1.0,16,,-16.851056456392765,False,5,2,29,2,PPO,bursty
93,1038.0205408796414,5,2,0.75,4,35.0,-24.72423363653923,False,4,3,29,2,PPO,bursty
94,1055.2344689221547,4,0,1.0,16,,-21.797865869311966,False,5,3,29,2,PPO,bursty
95,1064.2251504411186,5,0,1.0,16,,-24.752745652095722,False,6,3,29,2,PPO,bursty
96,1073.52140140764,6,0,1.0,16,,-25.791903406188883,False,7,3,29,2,PPO,bursty
97,1076.4118721402983,7,0,1.0,16,,-27.79801436722684,False,8,3,29,2,PPO,bursty
98,1081.5578689089746,8,0,1.0,16,,-26.05749234121055,False,8,2,30,2,PPO,bursty
99,1081.5578689089746,8,2,0.75,5,34.0,-27.8839456240203,False,7,3,30,2,PPO,bursty
100,1082.1387794988343,7,0,1.0,16,,-25.820045459135727,False,7,2,31,2,PPO,bursty
101,1082.1387794988343,7,2,0.75,5,37.0,-27.60700052544635,False,6,3,31,2,PPO,bursty
102,1108.2380355050548,6,1,0.875,16,,-25.029698994832078,False,7,3,31,2,PPO,bursty
103,1128.5544087099436,7,1,0.875,16,,-27.138996856307806,False,7,2,32,2,PPO,bursty
104,1128.5544087099436,7,3,0.625,5,40.0,-33.17687603077946,False,6,3,32,2,PPO,bursty
105,1145.723865648454,6,0,1.0,16,,-28.944846628773107,False,6,2,33,2,PPO,bursty
106,1145.723865648454,6,4,0.5,5,36.0,-33.42742292887472,False,5,3,33,2,PPO,bursty
107,1170.0502639237907,5,1,0.875,16,,-28.53866313367847,False,5,2,34,2,PPO,bursty
108,1189.6825784541068,5,2,0.75,16,,-32.14223523500572,False,5,1,35,2,PPO,bursty
109,1189.6825784541068,5,5,0.375,4,39.0,-35.55788008316384,False,4,2,35,2,PPO,bursty
110,1203.5013555270582,4,1,0.875,16,,-33.64052476429181,False,5,2,35,2,PPO,bursty
111,1217.5942953218726,5,1,0.875,16,,-34.98984564836576,False,6,2,35,2,PPO,bursty
112,1244.5585024270304,6,1,0.875,16,,-33.40996077684707,False,6,1,36,2,PPO,bursty
113,1244.5585024270304,6,4,0.5,5,41.0,-40.487238143100875,False,5,2,36,2,PPO,bursty
114,1280.6113169441076,5,0,1.0,16,,-35.0793159655393,False,6,2,36,2,PPO,bursty
115,1292.9458233272426,6,0,1.0,16,,-42.48903376500105,False,7,2,36,2,PPO,bursty
116,1313.6463194939774,7,0,1.0,16,,-41.29560578244397,False,7,1,37,2,PPO,bursty
117,1313.6463194939774,7,4,0.5,5,43.0,-47.81002977313028,False,6,2,37,2,PPO,bursty
118,1347.84165207629,6,1,0.875,16,,-44.4332406806269,False,7,2,37,2,PPO,bursty
119,1357.6827190500273,7,1,0.875,16,,-51.13848565882597,False,8,2,37,2,PPO,bursty
120,1360.0664822966642,8,1,0.875,16,,-51.1511729685911,False,8,1,38,2,PPO,bursty
121,1360.0664822966642,8,5,0.375,5,46.0,-53.624945913860174,False,7,2,38,2,PPO,bursty
122,1360.0664822966642,7,2,0.75,6,45.0,-53.380449309452686,False,6,3,38,2,PPO,bursty
123,1373.842123476651,6,0,1.0,16,,-51.58961595605439,False,7,3,38,2,PPO,bursty
124,1375.7977848367536,7,0,1.0,16,,-54.81840350143983,False,8,3,38,2,PPO,bursty
125,1377.2966720409513,8,0,1.0,16,,-55.17241899308769,False,9,3,38,2,PPO,bursty
126,1377.403337728682,9,0,1.0,16,,-55.539674195995964,False,10,3,38,2,PPO,bursty
127,1381.040709877657,10,0,1.0,16,,-55.384472010479854,False,11,3,38,2,PPO,bursty
128,1382.0853501659171,11,0,1.0,16,,-56.26247583907584,False,12,3,38,2,PPO,bursty
129,1389.3829930778472,12,0,1.0,16,,-56.450659482021564,False,13,3,38,2,PPO,bursty
130,1392.5895453729079,13,0,1.0,16,,-58.30713573295469,False,14,3,38,2,PPO,bursty
131,1393.040061559546,14,0,1.0,16,,-59.122289292319,False,15,3,38,2,PPO,bursty
132,1408.9060603140579,15,0,1.0,16,,-58.02821827670414,False,15,2,39,2,PPO,bursty
133,1408.9060603140579,15,2,0.75,6,51.0,-63.437410956604076,False,14,3,39,2,PPO,bursty
134,1451.0355060817044,14,0,1.0,16,,-62.70129432963347,False,14,2,40,2,PPO,bursty
135,1451.0355060817044,14,3,0.625,9,54.0,-74.06473655736917,False,13,3,40,2,PPO,bursty
136,1451.0355060817044,13,2,0.75,6,53.0,-72.83168629729202,False,12,4,40,2,PPO,bursty
137,1451.0355060817044,12,1,0.875,11,50.0,-71.35904293023157,False,11,5,40,2,PPO,bursty
138,1482.3073557677656,11,0,1.0,16,,-68.42088743964973,False,11,4,41,2,PPO,bursty
139,1482.3073557677656,11,1,0.875,7,52.0,-76.23440974912806,False,10,5,41,2,PPO,bursty
140,1500.960184243526,10,0,1.0,16,,-73.30176832534003,False,10,4,42,2,PPO,bursty
141,1500.960184243526,10,3,0.625,6,47.0,-77.42261422894266,False,9,5,42,2,PPO,bursty
142,1512.2230926947198,9,0,1.0,16,,-74.63421063735912,False,9,4,43,2,PPO,bursty
143,1519.7617843950322,9,1,0.875,16,,-77.15781344677042,False,9,3,44,2,PPO,bursty
144,1519.7617843950322,9,2,0.75,8,48.0,-77.9276222650482,False,8,4,44,2,PPO,bursty
145,1555.7179605950073,8,0,1.0,16,,-72.69156640705044,False,8,3,45,2,PPO,bursty
146,1555.7179605950073,8,3,0.625,0,42.0,-76.91813715158152,False,7,4,45,2,PPO,bursty
147,1571.8767198019427,7,0,1.0,16,,-73.14067363881861,False,7,3,46,2,PPO,bursty
148,1571.8767198019427,7,2,0.75,0,49.0,-75.28876248533264,False,6,4,46,2,PPO,bursty
149,1579.058918589747,6,0,1.0,16,,-74.35507664291809,False,7,4,46,2,PPO,bursty
150,1584.5450729652753,7,0,1.0,16,,-73.54714935856106,False,7,3,47,2,PPO,bursty
151,1620.065155388447,7,1,0.875,16,,-72.12148146161837,False,7,2,48,2,PPO,bursty
152,1620.065155388447,7,4,0.5,5,55.0,-77.35099761510915,False,6,3,48,2,PPO,bursty
153,1657.010978094291,6,0,1.0,16,,-70.54804066334943,False,6,2,49,2,PPO,bursty
154,1657.010978094291,6,4,0.5,5,44.0,-74.50319324446944,False,5,3,49,2,PPO,bursty
155,1662.8500133563396,5,1,0.875,16,,-73.80980780710117,False,6,3,49,2,PPO,bursty
156,1662.8500133563396,6,1,0.875,5,57.0,-75.08709677067431,False,5,4,49,2,PPO,bursty
157,1664.4120008425543,5,0,1.0,16,,-72.85279864774209,False,5,3,50,2,PPO,bursty
158,1664.4120008425543,5,2,0.75,4,56.0,-73.53623387423964,False,4,4,50,2,PPO,bursty
159,1684.0269165119328,4,0,1.0,16,,-70.20169821044531,False,5,4,50,2,PPO,bursty
160,1710.3318065536096,5,0,1.0,16,,-71.1596936215384,False,6,4,50,2,PPO,bursty
161,1710.8895208644235,6,0,1.0,16,,-75.66341327155179,False,6,3,51,2,PPO,bursty
162,1710.8895208644235,6,2,0.75,5,58.0,-77.26558976220545,False,5,4,51,2,PPO,bursty
163,1727.3872443685966,5,1,0.875,16,,-73.3064850960849,False,5,3,52,2,PPO,bursty
164,1727.3872443685966,5,3,0.625,0,21.0,-53.91208761165239,False,4,4,52,2,PPO,bursty
165,1728.7303522005802,4,0,1.0,16,,-51.68375928021517,False,4,3,53,2,PPO,bursty
166,1790.6489200901008,4,3,0.625,16,,-47.29824543663512,False,4,2,54,2,PPO,bursty
167,1790.6489200901008,4,6,0.25,0,27.0,-36.94931259677241,False,3,3,54,2,PPO,bursty
168,1792.715136482695,3,2,0.75,16,,-34.68587000671665,False,3,2,55,2,PPO,bursty
169,1794.083411075719,3,3,0.625,16,,-36.94158915074949,False,4,2,55,2,PPO,bursty
170,1794.083411075719,4,3,0.625,3,60.0,-37.1553820559095,False,3,3,55,2,PPO,bursty
171,1825.8358471727745,3,0,1.0,16,,-31.122419197468936,False,4,3,55,2,PPO,bursty
172,1847.4427169414828,4,0,1.0,16,,-33.38736036105242,False,4,2,56,2,PPO,bursty
173,1847.4427169414828,4,1,0.875,3,61.0,-40.356940407855326,False,3,3,56,2,PPO,bursty
174,1855.9498405438371,3,0,1.0,16,,-36.740586923407996,False,3,2,57,2,PPO,bursty
175,1855.9498405438371,3,4,0.5,0,29.0,-18.56092946252849,False,2,3,57,2,PPO,bursty
176,1877.8320487978867,2,0,1.0,16,,-11.965665729178077,False,2,2,58,2,PPO,bursty
177,1877.8320487978867,2,4,0.5,0,38.0,-3.350004844885543,False,1,3,58,2,PPO,bursty
178,1901.2302453053971,1,0,1.0,16,,4.031580351841853,False,1,2,59,2,PPO,bursty
179,1913.657899164673,1,3,0.625,16,,-2.1247009367094556,False,2,2,59,2,PPO,bursty
180,1916.3799541259564,2,3,0.625,16,,-3.7500829629720807,False,3,2,59,2,PPO,bursty
181,1916.3799541259564,3,3,0.625,0,63.0,-4.175404050672605,False,2,3,59,2,PPO,bursty
182,1954.35878583366,2,1,0.875,16,,4.613312117079422,False,2,2,60,2,PPO,bursty
183,1954.35878583366,2,5,0.375,0,59.0,-0.8140177333797419,False,1,3,60,2,PPO,bursty
184,1957.305559520839,1,1,0.875,16,,1.771653536947092,False,1,2,61,2,PPO,bursty
185,1966.072531503974,1,3,0.625,16,,0.3215467255788007,False,2,2,61,2,PPO,bursty
186,1966.072531503974,2,3,0.625,0,64.0,-1.0482926467860216,False,1,3,61,2,PPO,bursty
187,1982.8308552152087,1,1,0.875,16,,4.282424190821887,False,1,2,62,2,PPO,bursty
188,2066.071634565973,1,2,0.75,16,,12.559371420242298,False,2,2,62,2,PPO,bursty
189,2066.071634565973,2,2,0.75,1,65.0,-3.0482747080260015,False,1,3,62,2,PPO,bursty
190,2066.6960672491323,1,1,0.875,16,,-2.924168712248122,False,2,3,62,2,PPO,bursty
191,2083.350674160133,2,1,0.875,16,,-0.08375237634777921,False,3,3,62,2,PPO,bursty
192,2083.880328596085,3,1,0.875,16,,-3.642864996421895,False,4,3,62,2,PPO,bursty
193,2083.880328596085,4,1,0.875,1,68.0,-3.758726904286323,False,3,4,62,2,PPO,bursty
194,2106.196520532927,3,0,1.0,16,,0.4813495637136933,False,4,4,62,2,PPO,bursty
195,2109.9408009282006,4,0,1.0,16,,-4.461170753300348,False,5,4,62,2,PPO,bursty
196,2116.7378420493355,5,0,1.0,16,,-2.3776846839484964,False,5,3,63,2,PPO,bursty
197,2116.7378420493355,5,2,0.75,4,70.0,-5.941004141809535,False,4,4,63,2,PPO,bursty
198,2117.0330945047526,4,1,0.875,16,,-5.9000378636204,False,5,4,63,2,PPO,bursty
199,2121.464975630792,5,1,0.875,16,,-3.4383384545257174,False,5,3,64,2,PPO,bursty
200,2121.464975630792,5,5,0.375,4,66.0,-5.312434283213661,False,4,4,64,2,PPO,bursty
201,2124.985933816539,4,1,0.875,16,,-2.8239013349413318,False,4,3,65,2,PPO,bursty
202,2124.985933816539,4,2,0.75,0,71.0,-5.435054151837667,False,3,4,65,2,PPO,bursty
203,2131.388217309868,3,0,1.0,16,,-4.218620288105085,False,4,4,65,2,PPO,bursty
204,2134.0357680579173,4,0,1.0,16,,-5.369107534269087,False,5,4,65,2,PPO,bursty
205,2153.9613223885335,5,0,1.0,16,,-1.0421620716889173,False,5,3,66,2,PPO,bursty
206,2153.9613223885335,5,1,0.875,3,72.0,-7.5720885527696735,False,4,4,66,2,PPO,bursty
207,2175.022783670141,4,0,1.0,16,,-3.991640134896393,False,5,4,66,2,PPO,bursty
208,2183.5698607578815,5,0,1.0,16,,-7.974943892137203,False,6,4,66,2,PPO,bursty
209,2209.6807687125875,6,0,1.0,16,,-6.717295129960558,False,7,4,66,2,PPO,bursty
210,2209.921324745178,7,0,1.0,16,,-13.218560955052071,False,8,4,66,2,PPO,bursty
211,2232.385140886818,8,0,1.0,16,,-9.256956510452106,False,8,3,67,2,PPO,bursty
212,2232.385140886818,8,1,0.875,5,74.0,-15.72566340152859,False,7,4,67,2,PPO,bursty
213,2241.004861004029,7,0,1.0,16,,-14.777494188635401,False,8,4,67,2,PPO,bursty
214,2269.805325663349,8,0,1.0,16,,-12.340382398599314,False,8,3,68,2,PPO,bursty
215,2269.805325663349,8,2,0.75,1,67.0,-17.81140553336498,False,7,4,68,2,PPO,bursty
216,2270.411930948575,7,0,1.0,16,,-17.744678951990103,False,8,4,68,2,PPO,bursty
217,2277.541804191581,8,0,1.0,16,,-15.2546416814261,False,8,3,69,2,PPO,bursty
218,2277.541804191581,8,4,0.5,5,69.0,-15.610204319004506,False,7,4,69,2,PPO,bursty
219,2282.2643695464253,7,0,1.0,16,,-13.090722129971624,False,7,3,70,2,PPO,bursty
220,2349.7790091283346,7,1,0.875,16,,-8.954585601607395,False,7,2,71,2,PPO,bursty
221,2349.7790091283346,7,5,0.375,5,73.0,-21.40854818874167,False,6,3,71,2,PPO,bursty
222,2349.7790091283346,6,2,0.75,1,76.0,-18.606583380426727,False,5,4,71,2,PPO,bursty
223,2351.5188001498714,5,0,1.0,16,,-16.345614727196207,False,5,3,72,2,PPO,bursty
224,2374.1353446886887,5,1,0.875,16,,-16.09484781859586,False,6,3,72,2,PPO,bursty
225,2392.6626275829785,6,1,0.875,16,,-17.21264775065106,False,6,2,73,2,PPO,bursty
226,2392.6626275829785,6,4,0.5,5,75.0,-19.08363554727498,False,5,3,73,2,PPO,bursty
227,2396.464726886782,5,1,0.875,16,,-18.632136254948342,False,6,3,73,2,PPO,bursty
228,2408.043047840968,6,1,0.875,16,,-18.320486283429524,False,7,3,73,2,PPO,bursty
229,2414.899491562814,7,1,0.875,16,,-18.31329904906223,False,7,2,74,2,PPO,bursty
230,2414.899491562814,7,3,0.625,1,77.0,-17.713582776863376,False,6,3,74,2,PPO,bursty
231,2425.355832772674,6,0,1.0,16,,-14.35425841958157,False,6,2,75,2,PPO,bursty
232,2470.2957967346274,6,2,0.75,16,,-15.93489615461474,False,7,2,75,2,PPO,bursty
233,2470.9846661774823,7,2,0.75,16,,-24.328418098945342,False,8,2,75,2,PPO,bursty
234,2475.3400350275742,8,2,0.75,16,,-24.337808476103156,False,9,2,75,2,PPO,bursty
235,2475.3400350275742,9,2,0.75,4,85.0,-25.15444013549537,False,8,3,75,2,PPO,bursty
236,2477.448124679628,8,1,0.875,16,,-25.030589868437218,False,9,3,75,2,PPO,bursty
237,2477.448124679628,9,1,0.875,8,86.0,-25.49173447982399,False,8,4,75,2,PPO,bursty
238,2484.7426392576626,8,0,1.0,16,,-22.835228167800885,False,8,3,76,2,PPO,bursty
239,2484.7426392576626,8,3,0.625,7,84.0,-26.38369735070591,False,7,4,76,2,PPO,bursty
240,2526.5707196522317,7,0,1.0,16,,-19.782608507303316,False,7,3,77,2,PPO,bursty
241,2535.282622263936,7,1,0.875,16,,-29.55356627527383,False,7,2,78,2,PPO,bursty
242,2537.6636813925456,7,2,0.75,16,,-31.346194662975194,False,7,1,79,2,PPO,bursty
243,2537.6636813925456,7,5,0.375,5,81.0,-30.968664159474258,False,6,2,79,2,PPO,bursty
244,2622.513660464822,6,1,0.875,16,,-20.58972872608703,False,6,1,80,2,PPO,bursty
245,2622.513660464822,6,4,0.5,5,82.0,-36.86124939567033,False,5,2,80,2,PPO,bursty
246,2668.4902164536234,5,0,1.0,16,,-29.964765997350113,False,6,2,80,2,PPO,bursty
247,2671.973723602757,6,0,1.0,16,,-41.006049065163076,False,7,2,80,2,PPO,bursty
248,2674.7244456263443,7,0,1.0,16,,-41.574346429851964,False,8,2,80,2,PPO,bursty
249,2677.2562695354754,8,0,1.0,16,,-42.034162783926924,False,9,2,80,2,PPO,bursty
250,2680.6898965212026,9,0,1.0,16,,-42.426764872208814,False,10,2,80,2,PPO,bursty
251,2687.621043530337,10,0,1.0,16,,-42.93861426818389,False,11,2,80,2,PPO,bursty
252,2687.69952063778,11,0,1.0,16,,-44.66904670724417,False,12,2,80,2,PPO,bursty
253,2691.1095036427723,12,0,1.0,16,,-44.65456615405504,False,13,2,80,2,PPO,bursty
254,2691.811542197862,13,0,1.0,16,,-45.51408229085399,False,14,2,80,2,PPO,bursty
255,2701.0835347577295,14,0,1.0,16,,-43.967751706422405,False,14,1,81,2,PPO,bursty
256,2701.0835347577295,14,4,0.5,5,92.0,-48.01650002184146,False,13,2,81,2,PPO,bursty
257,2739.667157109827,13,0,1.0,16,,-48.402336245362434,False,14,2,81,2,PPO,bursty
258,2748.0294355481224,14,0,1.0,16,,-58.299110186535636,False,15,2,81,2,PPO,bursty
259,2757.524362357566,15,0,1.0,16,,-60.86442613658171,False,16,2,81,2,PPO,bursty
260,2771.3547790250564,16,0,1.0,16,,-62.206287005666965,False,16,1,82,2,PPO,bursty
261,2771.3547790250564,16,4,0.5,5,80.0,-59.71950248581217,False,15,2,82,2,PPO,bursty
262,2790.358680839186,15,0,1.0,16,,-60.66969757651866,False,16,2,82,2,PPO,bursty
263,2806.9697444262215,16,0,1.0,16,,-64.58344748114357,False,16,1,83,2,PPO,bursty
264,2806.9697444262215,16,4,0.5,5,79.0,-60.00505710834949,False,15,2,83,2,PPO,bursty
265,2806.9697444262215,15,1,0.875,6,88.0,-57.30513669188021,False,14,3,83,2,PPO,bursty
266,2936.1141366282704,14,0,1.0,16,,-59.17946845794168,False,14,2,84,2,PPO,bursty
267,2936.1141366282704,14,3,0.625,10,98.0,-89.89377102303983,False,13,3,84,2,PPO,bursty
268,2936.1141366282704,13,1,0.875,2,93.0,-84.92547870323003,False,12,4,84,2,PPO,bursty
269,2938.64819534219,12,0,1.0,16,,-82.90013811609083,False,12,3,85,2,PPO,bursty
270,2938.64819534219,12,4,0.5,5,90.0,-80.30581427843639,False,11,4,85,2,PPO,bursty
271,2965.1951349872825,11,0,1.0,16,,-77.50940608908361,False,11,3,86,2,PPO,bursty
272,2979.855225972455,11,1,0.875,16,,-84.16446611408824,False,11,2,87,2,PPO,bursty
273,2979.855225972455,11,3,0.625,6,91.0,-83.38805442806971,False,10,3,87,2,PPO,bursty
274,2987.6011947748307,10,0,1.0,16,,-81.00075598795092,False,10,2,88,2,PPO,bursty
275,3099.0385916673276,10,1,0.875,16,,-80.84779699681046,False,10,1,89,2,PPO,bursty
276,3099.0385916673276,10,4,0.5,5,89.0,-98.73844464622452,False,9,2,89,2,PPO,bursty
277,3118.641489178677,9,0,1.0,16,,-95.36624182043006,False,9,1,90,2,PPO,bursty
278,3118.641489178677,9,4,0.5,5,97.0,-94.85472512565636,False,8,2,90,2,PPO,bursty
279,3182.9410620980566,8,1,0.875,16,,-89.0771252166428,False,8,1,91,2,PPO,bursty
280,3182.9410620980566,8,5,0.375,5,87.0,-94.8536398798684,False,7,2,91,2,PPO,bursty
281,3182.9410620980566,7,3,0.625,5,94.0,-85.01700871076271,False,6,3,91,2,PPO,bursty
282,3214.6378753002837,6,0,1.0,16,,-78.8964229944732,False,6,2,92,2,PPO,bursty
283,3214.6378753002837,6,3,0.625,3,99.0,-80.33504240580801,False,5,3,92,2,PPO,bursty
284,3235.43735910303,5,0,1.0,16,,-75.2151198353961,False,5,2,93,2,PPO,bursty
285,3235.43735910303,5,2,0.75,2,96.0,-72.49958674621857,False,4,3,93,2,PPO,bursty
286,3249.7080687985986,4,0,1.0,16,,-68.07356609797189,False,4,2,94,2,PPO,bursty
287,3322.2397063156814,4,3,0.625,16,,-66.11070616118651,False,4,1,95,2,PPO,bursty
288,3322.2397063156814,4,6,0.25,0,78.0,-57.81907761699764,False,3,2,95,2,PPO,bursty
289,3355.326440710479,3,2,0.75,16,,-51.600518981660954,False,3,1,96,2,PPO,bursty
290,3355.326440710479,3,4,0.5,0,83.0,-42.10366880116846,False,2,2,96,2,PPO,bursty
291,3458.003303360371,2,0,1.0,16,,-18.541527644691143,False,2,1,97,2,PPO,bursty
292,3458.003303360371,2,4,0.5,0,62.0,-15.32383522325018,False,1,2,97,2,PPO,bursty
293,3470.9249630230524,1,0,1.0,16,,-10.351853500833418,False,1,1,98,2,PPO,bursty
294,3596.0462456947926,1,4,0.5,0,95.0,30.26641883149989,False,0,0,100,2,PPO,bursty
1,8.999222634751547,1,8,0.0,0,0.0,0.3437731399658407,False,1,1,0,3,PPO,bursty
2,9.857957182672353,1,6,0.25,0,1.0,0.1341772731126259,False,1,2,0,3,PPO,bursty
3,10.502545990352056,1,3,0.625,0,2.0,0.14100380167993515,False,1,3,0,3,PPO,bursty
4,11.588912275517089,1,1,0.875,16,,0.21591529917655022,False,2,3,0,3,PPO,bursty
5,11.588912275517089,2,1,0.875,1,4.0,-0.021727325703300656,False,1,4,0,3,PPO,bursty
6,11.845395450610614,1,0,1.0,16,,0.037263804568210046,False,2,4,0,3,PPO,bursty
7,14.34779936800733,2,0,1.0,16,,0.49864783344813923,False,3,4,0,3,PPO,bursty
8,14.513569466468041,3,0,1.0,16,,-0.09545682719350457,False,4,4,0,3,PPO,bursty
9,24.03254728169489,4,0,1.0,16,,1.4813268767798817,False,5,4,0,3,PPO,bursty
10,56.89126477627191,5,0,1.0,16,,6.030390047159723,False,5,3,1,3,PPO,bursty
11,56.89126477627191,5,2,0.75,4,6.0,-3.333420018319241,False,4,4,1,3,PPO,bursty
12,69.93777787082426,4,0,1.0,16,,-1.1155127922453412,False,5,4,1,3,PPO,bursty
13,88.36692306983727,5,0,1.0,16,,-1.6127692860314786,False,6,4,1,3,PPO,bursty
14,91.37600247158669,6,0,1.0,16,,-3.828875263557306,False,6,3,2,3,PPO,bursty
15,91.37600247158669,6,3,0.625,5,10.0,-6.520963525959671,False,5,4,2,3,PPO,bursty
16,91.37600247158669,5,2,0.75,4,9.0,-6.092199033944423,False,4,5,2,3,PPO,bursty
17,116.68549723877923,4,1,0.875,16,,-0.5805066349964569,False,4,4,3,3,PPO,bursty
18,116.68549723877923,4,3,0.625,0,7.0,-6.073520059873602,False,3,5,3,3,PPO,bursty
19,139.20181837371368,3,0,1.0,16,,0.20458095576394086,False,3,4,4,3,PPO,bursty
20,161.018906701885,3,1,0.875,16,,-3.9610365558724734,False,4,4,4,3,PPO,bursty
21,162.70189694649815,4,1,0.875,16,,-6.500009731219871,False,4,3,5,3,PPO,bursty
22,162.70189694649815,4,3,0.625,3,5.0,-5.851033817311251,False,3,4,5,3,PPO,bursty
23,180.6841799977883,3,1,0.875,16,,-0.9963463829189374,False,3,3,6,3,PPO,bursty
24,180.6841799977883,3,2,0.75,2,3.0,-3.526338120239935,False,2,4,6,3,PPO,bursty
25,193.43568215991422,2,0,1.0,16,,-0.8485226661934924,False,3,4,6,3,PPO,bursty
26,203.11183530011579,3,0,1.0,16,,-0.19792911008667424,False,3,3,7,3,PPO,bursty
27,203.11183530011579,3,3,0.625,2,12.0,-4.423444332333034,False,2,4,7,3,PPO,bursty
28,227.48496163741228,2,1,0.875,16,,1.9332520004587135,False,2,3,8,3,PPO,bursty
29,246.4646511208183,2,3,0.625,16,,-3.1919804833789414,False,3,3,8,3,PPO,bursty
30,252.36808706766539,3,3,0.625,16,,-3.5893512552771014,False,3,2,9,3,PPO,bursty
31,252.36808706766539,3,4,0.5,0,13.0,-6.393694403035018,False,2,3,9,3,PPO,bursty
32,256.79635153934987,2,0,1.0,16,,-5.463758863981275,False,3,3,9,3,PPO,bursty
33,263.1437523950744,3,0,1.0,16,,-5.36481881931474,False,4,3,9,3,PPO,bursty
34,289.62414312719136,4,0,1.0,16,,-0.45000260878597587,False,4,2,10,3,PPO,bursty
35,295.0874216088438,4,2,0.75,16,,-8.48279785503759,False,5,2,10,3,PPO,bursty
36,295.0874216088438,5,2,0.75,3,16.0,-9.50716257034742,False,4,3,10,3,PPO,bursty
37,307.13964882686344,4,0,1.0,16,,-5.45828394328408,False,4,2,11,3,PPO,bursty
38,338.52309762805436,4,2,0.75,16,,-7.097620001660971,False,5,2,11,3,PPO,bursty
39,361.86563085156365,5,2,0.75,16,,-10.939544994827202,False,6,2,11,3,PPO,bursty
40,361.86563085156365,6,2,0.75,3,18.0,-15.316269974235198,False,5,3,11,3,PPO,bursty
41,379.4300987688132,5,0,1.0,16,,-10.681599786647762,False,5,2,12,3,PPO,bursty
42,379.4300987688132,5,4,0.5,4,17.0,-16.254576743144973,False,4,3,12,3,PPO,bursty
43,382.0493770505872,4,1,0.875,16,,-13.891151881548819,False,4,2,13,3,PPO,bursty
44,382.0493770505872,4,3,0.625,3,15.0,-14.086006512576636,False,3,3,13,3,PPO,bursty
45,382.38744255368033,3,0,1.0,16,,-14.021774066988948,False,4,3,13,3,PPO,bursty
46,397.6955065960648,4,0,1.0,16,,-9.50391955555687,False,4,2,14,3,PPO,bursty
47,397.6955065960648,4,2,0.75,3,19.0,-15.024774285305293,False,3,3,14,3,PPO,bursty
48,403.451906202659,3,0,1.0,16,,-13.931058360052385,False,4,3,14,3,PPO,bursty
49,424.3066343753197,4,0,1.0,16,,-11.824854472348633,False,5,3,14,3,PPO,bursty
50,425.783440615019,5,0,1.0,16,,-16.817015579558902,False,6,3,14,3,PPO,bursty
51,502.8146103447094,6,0,1.0,16,,-7.17216507462398,False,7,3,14,3,PPO,bursty
52,506.4582077998119,7,0,1.0,16,,-26.029161786985313,False,8,3,14,3,PPO,bursty
53,514.1117951985766,8,0,1.0,16,,-26.2512382848721,False,9,3,14,3,PPO,bursty
54,514.6259641191978,9,0,1.0,16,,-28.128643310119802,False,10,3,14,3,PPO,bursty
55,516.5627010285989,10,0,1.0,16,,-28.160348694805034,False,11,3,14,3,PPO,bursty
56,516.8828864005758,11,0,1.0,16,,-28.634927360996013,False,12,3,14,3,PPO,bursty
57,519.957213514415,12,0,1.0,16,,-28.684230432851844,False,13,3,14,3,PPO,bursty
58,524.4990264534188,13,0,1.0,16,,-27.498230340701685,False,13,2,15,3,PPO,bursty
59,524.4990264534188,13,3,0.625,5,23.0,-30.19999525327844,False,12,3,15,3,PPO,bursty
60,524.4990264534188,12,2,0.75,5,25.0,-29.99225062818159,False,11,4,15,3,PPO,bursty
61,524.4990264534188,11,1,0.875,6,20.0,-27.571308223166398,False,10,5,15,3,PPO,bursty
62,525.2754416914921,10,0,1.0,16,,-27.53248746126273,False,11,5,15,3,PPO,bursty
63,527.4796604070262,11,0,1.0,16,,-25.660464709315047,False,11,4,16,3,PPO,bursty
64,527.4796604070262,11,2,0.75,10,28.0,-27.999583908069567,False,10,5,16,3,PPO,bursty
65,527.5404262943482,10,0,1.0,16,,-27.996545613703468,False,11,5,16,3,PPO,bursty
66,539.072508790089,11,0,1.0,16,,-25.66577461066174,False,11,4,17,3,PPO,bursty
67,539.072508790089,11,3,0.625,10,24.0,-29.896509214791404,False,10,5,17,3,PPO,bursty
68,539.072508790089,10,2,0.75,6,31.0,-29.665867564876585,False,9,6,17,3,PPO,bursty
69,554.6172585790968,9,0,1.0,16,,-28.577735079646047,False,10,6,17,3,PPO,bursty
70,561.0345196334318,10,0,1.0,16,,-30.143059474181236,False,10,5,18,3,PPO,bursty
71,561.0345196334318,10,2,0.75,9,26.0,-32.81920362748031,False,9,6,18,3,PPO,bursty
72,561.0345196334318,9,1,0.875,8,29.0,-31.99765750509997,False,8,7,18,3,PPO,bursty
73,593.478988171815,8,0,1.0,16,,-27.077655336645485,False,8,6,19,3,PPO,bursty
74,607.0508326907009,8,1,0.875,16,,-34.39142660575673,False,8,5,20,3,PPO,bursty
75,607.0508326907009,8,2,0.75,0,27.0,-37.55050496102098,False,7,6,20,3,PPO,bursty
76,617.839120947061,7,0,1.0,16,,-36.36379325282136,False,8,6,20,3,PPO,bursty
77,621.3350482787872,8,0,1.0,16,,-36.74623185705604,False,8,5,21,3,PPO,bursty
78,631.7233230825263,8,1,0.875,16,,-39.00990254526792,False,9,5,21,3,PPO,bursty
79,642.1888654766526,9,1,0.875,16,,-38.87679789081344,False,9,4,22,3,PPO,bursty
80,642.1888654766526,9,2,0.75,8,34.0,-42.95682444164605,False,8,5,22,3,PPO,bursty
81,684.727970942654,8,0,1.0,16,,-37.12830494970593,False,8,4,23,3,PPO,bursty
82,689.0755380898938,8,1,0.875,16,,-47.50766174630593,False,8,3,24,3,PPO,bursty
83,689.0755380898938,8,3,0.625,6,14.0,-41.81310832875377,False,7,4,24,3,PPO,bursty
84,690.5231574641805,7,0,1.0,16,,-39.653870197582236,False,7,3,25,3,PPO,bursty
85,696.3026357400846,7,2,0.75,16,,-39.74124982304846,False,7,2,26,3,PPO,bursty
86,696.3026357400846,7,3,0.625,6,33.0,-41.25563170392001,False,6,3,26,3,PPO,bursty
87,704.5850516780206,6,0,1.0,16,,-40.17891763198833,False,7,3,26,3,PPO,bursty
88,781.0419337066929,7,0,1.0,16,,-31.83926459331837,False,7,2,27,3,PPO,bursty
89,781.0419337066929,7,2,0.75,6,35.0,-51.42434745991301,False,6,3,27,3,PPO,bursty
90,821.6977953742437,6,1,0.875,16,,-45.40958112024237,False,6,2,28,3,PPO,bursty
91,821.6977953742437,6,4,0.5,5,30.0,-50.37460378636406,False,5,3,28,3,PPO,bursty
92,858.1781171260614,5,0,1.0,16,,-42.90255552359142,False,5,2,29,3,PPO,bursty
93,858.1781171260614,5,3,0.625,0,32.0,-47.95141879060654,False,4,3,29,3,PPO,bursty
94,863.1597761792813,4,0,1.0,16,,-47.10453675155915,False,5,3,29,3,PPO,bursty
95,870.1805478849143,5,0,1.0,16,,-47.296835759019174,False,6,3,29,3,PPO,bursty
96,919.6440180011314,6,0,1.0,16,,-40.62177757031922,False,6,2,30,3,PPO,bursty
97,919.6440180011314,6,4,0.5,5,36.0,-53.85796026293648,False,5,3,30,3,PPO,bursty
98,919.6440180011314,5,3,0.625,3,22.0,-43.98074871521423,False,4,4,30,3,PPO,bursty
99,942.2637978919931,4,0,1.0,16,,-38.13538613376773,False,4,3,31,3,PPO,bursty
100,947.9059629356242,4,1,0.875,16,,-43.007480706679374,False,4,2,32,3,PPO,bursty
101,947.9059629356242,4,4,0.5,0,8.0,-27.764235996895074,False,3,3,32,3,PPO,bursty
102,955.1708677661436,3,0,1.0,16,,-26.383904079096382,False,4,3,32,3,PPO,bursty
103,980.6660598258377,4,0,1.0,16,,-23.86594763657824,False,5,3,32,3,PPO,bursty
104,988.4888046126299,5,0,1.0,16,,-29.066333933482934,False,6,3,32,3,PPO,bursty
105,988.8023487255624,6,0,1.0,16,,-30.981259395499762,False,7,3,32,3,PPO,bursty
106,992.4674490505563,7,0,1.0,16,,-30.65648438798356,False,8,3,32,3,PPO,bursty
107,993.9977337239261,8,0,1.0,16,,-31.435033848628752,False,9,3,32,3,PPO,bursty
108,1000.290299976856,9,0,1.0,16,,-31.377125379266104,False,10,3,32,3,PPO,bursty
109,1003.1835590032201,10,0,1.0,16,,-32.80560399118037,False,11,3,32,3,PPO,bursty
110,1013.8191224908685,11,0,1.0,16,,-33.209851843141955,False,12,3,32,3,PPO,bursty
111,1014.3333652878783,12,0,1.0,16,,-35.863600287083955,False,13,3,32,3,PPO,bursty
112,1030.0045355062146,13,0,1.0,16,,-36.14887268851977,False,14,3,32,3,PPO,bursty
113,1046.7536509965125,14,0,1.0,16,,-38.56913870781277,False,14,2,33,3,PPO,bursty
114,1046.7536509965125,14,3,0.625,5,38.0,-42.92476191577988,False,13,3,33,3,PPO,bursty
115,1082.4523906108186,13,0,1.0,16,,-41.28174931192298,False,13,2,34,3,PPO,bursty
116,1082.4523906108186,13,1,0.875,11,44.0,-50.563192402820206,False,12,3,34,3,PPO,bursty
117,1127.8677462821227,12,0,1.0,16,,-50.10903884610717,False,13,3,34,3,PPO,bursty
118,1127.8744474612558,13,0,1.0,16,,-59.462944775724516,False,13,2,35,3,PPO,bursty
119,1127.8744474612558,13,4,0.5,5,39.0,-58.520452317799446,False,12,3,35,3,PPO,bursty
120,1127.8744474612558,12,2,0.75,5,48.0,-56.56305407869863,False,11,4,35,3,PPO,bursty
121,1167.5948961286167,11,0,1.0,16,,-55.371440618677795,False,12,4,35,3,PPO,bursty
122,1168.9326232537908,12,0,1.0,16,,-63.28817551426627,False,12,3,36,3,PPO,bursty
123,1168.9326232537908,12,3,0.625,5,40.0,-62.01373092273657,False,11,4,36,3,PPO,bursty
124,1178.322875818637,11,0,1.0,16,,-59.73202334579119,False,11,3,37,3,PPO,bursty
125,1178.322875818637,11,2,0.75,0,43.0,-60.39308364510851,False,10,4,37,3,PPO,bursty
126,1187.19918771962,10,0,1.0,16,,-59.94926805005935,False,11,4,37,3,PPO,bursty
127,1198.4831838627497,11,0,1.0,16,,-59.82982614101125,False,11,3,38,3,PPO,bursty
128,1236.1575975420508,11,1,0.875,16,,-62.69791819389275,False,11,2,39,3,PPO,bursty
129,1236.1575975420508,11,3,0.625,5,49.0,-70.77339916104133,False,10,3,39,3,PPO,bursty
130,1252.2062192589278,10,0,1.0,16,,-67.97096807519748,False,10,2,40,3,PPO,bursty
131,1270.7958276197255,10,2,0.75,16,,-72.2154936089267,False,10,1,41,3,PPO,bursty
132,1270.7958276197255,10,5,0.375,5,37.0,-69.68873958188006,False,9,2,41,3,PPO,bursty
133,1307.9847867175317,9,1,0.875,16,,-68.24766741684006,False,10,2,41,3,PPO,bursty
134,1307.9847867175317,10,1,0.875,2,52.0,-76.38275221948517,False,9,3,41,3,PPO,bursty
135,1310.9022409448896,9,0,1.0,16,,-76.17853042357012,False,10,3,41,3,PPO,bursty
136,1349.8855035614233,10,0,1.0,16,,-74.95873084958292,False,11,3,41,3,PPO,bursty
137,1378.4919593905586,11,0,1.0,16,,-83.84635282884227,False,12,3,41,3,PPO,bursty
138,1383.0777107445392,12,0,1.0,16,,-90.95210927258628,False,13,3,41,3,PPO,bursty
139,1389.3480496503753,13,0,1.0,16,,-90.1612505001398,False,13,2,42,3,PPO,bursty
140,1389.3480496503753,13,1,0.875,7,55.0,-93.51171342140249,False,12,3,42,3,PPO,bursty
141,1394.7965973584328,12,0,1.0,16,,-93.45722794432191,False,13,3,42,3,PPO,bursty
142,1401.5813490955923,13,0,1.0,16,,-92.88721238870788,False,13,2,43,3,PPO,bursty
143,1401.5813490955923,13,3,0.625,5,45.0,-88.61544452115031,False,12,3,43,3,PPO,bursty
144,1404.9006576299023,12,0,1.0,16,,-86.58225143580721,False,12,2,44,3,PPO,bursty
145,1404.9006576299023,12,4,0.5,5,53.0,-87.53211023568446,False,11,3,44,3,PPO,bursty
146,1405.902571315501,11,0,1.0,16,,-87.50205282511651,False,12,3,44,3,PPO,bursty
147,1418.206133711959,12,0,1.0,16,,-87.62949562255162,False,13,3,44,3,PPO,bursty
148,1438.4878890357063,13,0,1.0,16,,-90.90820377490355,False,14,3,44,3,PPO,bursty
149,1445.5389187021392,14,0,1.0,16,,-96.19017349583339,False,15,3,44,3,PPO,bursty
150,1455.1340386328636,15,0,1.0,16,,-96.43268690897783,False,15,2,45,3,PPO,bursty
151,1455.1340386328636,15,3,0.625,5,56.0,-99.39034033389244,False,14,3,45,3,PPO,bursty
152,1455.1340386328636,14,1,0.875,8,60.0,-99.0574173419493,False,13,4,45,3,PPO,bursty
153,1532.4696817866802,13,0,1.0,16,,-99.83077377348746,False,14,4,45,3,PPO,bursty
154,1533.751640051561,14,0,1.0,16,,-117.20314330988803,False,14,3,46,3,PPO,bursty
155,1533.751640051561,14,1,0.875,2,61.0,-117.7593784491198,False,13,4,46,3,PPO,bursty
156,1543.5205721412808,13,0,1.0,16,,-115.857067770017,False,13,3,47,3,PPO,bursty
157,1544.3796113287476,13,1,0.875,16,,-118.33473615892991,False,13,2,48,3,PPO,bursty
158,1544.3796113287476,13,5,0.375,5,57.0,-117.53099070178202,False,12,3,48,3,PPO,bursty
159,1562.4367938337368,12,2,0.75,16,,-116.47899278329395,False,12,2,49,3,PPO,bursty
160,1562.4367938337368,12,4,0.5,5,59.0,-118.98010130054386,False,11,3,49,3,PPO,bursty
161,1569.4385991051884,11,0,1.0,16,,-118.77004714240033,False,12,3,49,3,PPO,bursty
162,1572.500543716905,12,0,1.0,16,,-120.48987901414604,False,13,3,49,3,PPO,bursty
163,1606.4966344665183,13,0,1.0,16,,-121.59532607457135,False,14,3,49,3,PPO,bursty
164,1640.852544846932,14,0,1.0,16,,-131.1250260733871,False,15,3,49,3,PPO,bursty
165,1642.413672228638,15,0,1.0,16,,-139.7920600375758,False,16,3,49,3,PPO,bursty
166,1646.3162849517032,16,0,1.0,16,,-138.45552477361687,False,16,2,50,3,PPO,bursty
167,1646.3162849517032,16,4,0.5,5,64.0,-139.9548631296872,False,15,3,50,3,PPO,bursty
168,1646.3162849517032,15,2,0.75,4,63.0,-138.4173094127569,False,14,4,50,3,PPO,bursty
169,1646.3162849517032,14,1,0.875,13,66.0,-138.30803461066148,False,13,5,50,3,PPO,bursty
170,1704.795571573567,13,0,1.0,16,,-136.89282747688011,False,13,4,51,3,PPO,bursty
171,1723.345793302983,13,1,0.875,16,,-152.27784577868448,False,13,3,52,3,PPO,bursty
172,1723.345793302983,13,4,0.5,5,67.0,-156.71706436050735,False,12,4,52,3,PPO,bursty
173,1732.9143185098517,12,1,0.875,16,,-154.9203955211533,False,12,3,53,3,PPO,bursty
174,1732.9143185098517,12,2,0.75,11,65.0,-156.48515672928914,False,11,4,53,3,PPO,bursty
175,1737.8804249724874,11,0,1.0,16,,-154.33617353541007,False,11,3,54,3,PPO,bursty
176,1762.3349703055414,11,1,0.875,16,,-157.6082683327353,False,12,3,54,3,PPO,bursty
177,1762.3349703055414,12,1,0.875,11,68.0,-162.95770012434087,False,11,4,54,3,PPO,bursty
178,1767.0226687966517,11,0,1.0,16,,-162.81706916960758,False,12,4,54,3,PPO,bursty
179,1795.3353178284524,12,0,1.0,16,,-161.70586730206713,False,12,3,55,3,PPO,bursty
180,1795.3353178284524,12,2,0.75,5,69.0,-170.21777657938128,False,11,4,55,3,PPO,bursty
181,1800.1324284150196,11,0,1.0,16,,-170.07386326178425,False,12,4,55,3,PPO,bursty
182,1830.9617338794656,12,0,1.0,16,,-168.9648478537816,False,12,3,56,3,PPO,bursty
183,1847.4928916042918,12,1,0.875,16,,-177.02346132154568,False,12,2,57,3,PPO,bursty
184,1847.4928916042918,12,4,0.5,5,41.0,-165.46584121627683,False,11,3,57,3,PPO,bursty
185,1851.1047901005365,11,1,0.875,16,,-163.47035608939714,False,11,2,58,3,PPO,bursty
186,1851.1047901005365,11,3,0.625,6,50.0,-152.59026100601227,False,10,3,58,3,PPO,bursty
187,1910.125315295155,10,0,1.0,16,,-147.63923474628135,False,10,2,59,3,PPO,bursty
188,1910.125315295155,10,2,0.75,2,70.0,-162.19450830733325,False,9,3,59,3,PPO,bursty
189,1911.1910673893462,9,0,1.0,16,,-162.11990566073985,False,10,3,59,3,PPO,bursty
190,1923.388251498598,10,0,1.0,16,,-159.7764844788251,False,10,2,60,3,PPO,bursty
191,1923.388251498598,10,3,0.625,4,71.0,-164.58183682395298,False,9,3,60,3,PPO,bursty
192,1969.5517116821866,9,1,0.875,16,,-162.79300274183893,False,10,3,60,3,PPO,bursty
193,1969.5517116821866,10,1,0.875,4,72.0,-172.89125965699893,False,9,4,60,3,PPO,bursty
194,1975.7430046894453,9,0,1.0,16,,-172.45786914649082,False,10,4,60,3,PPO,bursty
195,1977.2382285747738,10,0,1.0,16,,-171.9309312040391,False,10,3,61,3,PPO,bursty
196,1982.1952163836309,10,2,0.75,16,,-172.3666995229819,False,10,2,62,3,PPO,bursty
197,1982.1952163836309,10,4,0.5,5,42.0,-155.50157939048114,False,9,3,62,3,PPO,bursty
198,2002.7006686414497,9,0,1.0,16,,-154.0661977324338,False,10,3,62,3,PPO,bursty
199,2004.1396775199703,10,0,1.0,16,,-157.1206103529625,False,10,2,63,3,PPO,bursty
200,2004.1396775199703,10,4,0.5,5,51.0,-143.14155277658563,False,9,3,63,3,PPO,bursty
201,2015.086705935087,9,0,1.0,16,,-140.37526078752748,False,9,2,64,3,PPO,bursty
202,2015.086705935087,9,3,0.625,5,54.0,-131.80799384383334,False,8,3,64,3,PPO,bursty
203,2021.526931362953,8,0,1.0,16,,-131.2283735553254,False,9,3,64,3,PPO,bursty
204,2036.8953105573958,9,0,1.0,16,,-129.76264336868095,False,9,2,65,3,PPO,bursty
205,2073.4458477700523,9,1,0.875,16,,-134.18840485030123,False,10,2,65,3,PPO,bursty
206,2113.016525618677,10,1,0.875,16,,-141.44188465590813,False,11,2,65,3,PPO,bursty
207,2141.641081341134,11,1,0.875,16,,-150.13375112994783,False,12,2,65,3,PPO,bursty
208,2151.3335085923686,12,1,0.875,16,,-154.60133677332402,False,12,1,66,3,PPO,bursty
209,2151.3335085923686,12,5,0.375,5,76.0,-157.16380201808528,False,11,2,66,3,PPO,bursty
210,2151.3335085923686,11,2,0.75,5,75.0,-154.56767047349695,False,10,3,66,3,PPO,bursty
211,2173.919476608396,10,0,1.0,16,,-151.43837207269564,False,10,2,67,3,PPO,bursty
212,2173.919476608396,10,3,0.625,5,73.0,-155.12133463832342,False,9,3,67,3,PPO,bursty
213,2177.4208051716932,9,0,1.0,16,,-154.87624163889262,False,10,3,67,3,PPO,bursty
214,2199.012101861351,10,0,1.0,16,,-154.67200894523404,False,11,3,67,3,PPO,bursty
215,2272.704014786387,11,0,1.0,16,,-155.85907572989737,False,11,2,68,3,PPO,bursty
216,2272.704014786387,11,2,0.75,6,79.0,-174.37638976886248,False,10,3,68,3,PPO,bursty
217,2299.062568122615,10,0,1.0,16,,-173.05846210205104,False,11,3,68,3,PPO,bursty
218,2325.2231703906536,11,0,1.0,16,,-176.86328236806702,False,11,2,69,3,PPO,bursty
219,2325.2231703906536,11,3,0.625,10,81.0,-184.88022088971587,False,10,3,69,3,PPO,bursty
220,2339.60544237,10,0,1.0,16,,-184.1611072907485,False,11,3,69,3,PPO,bursty
221,2347.2761683262606,11,0,1.0,16,,-185.52655350689736,False,11,2,70,3,PPO,bursty
222,2347.2761683262606,11,3,0.625,9,62.0,-173.14810526517087,False,10,3,70,3,PPO,bursty
223,2373.693201865535,10,0,1.0,16,,-169.82725358820713,False,10,2,71,3,PPO,bursty
224,2373.693201865535,10,2,0.75,3,80.0,-174.937889972942,False,9,3,71,3,PPO,bursty
225,2420.5562790770227,9,1,0.875,16,,-171.12194573099686,False,9,2,72,3,PPO,bursty
226,2420.5562790770227,9,4,0.5,5,78.0,-177.79493991629207,False,8,3,72,3,PPO,bursty
227,2427.6357696556565,8,0,1.0,16,,-177.15778576421502,False,9,3,72,3,PPO,bursty
228,2460.4613484169704,9,0,1.0,16,,-174.62986789558147,False,9,2,73,3,PPO,bursty
229,2460.4613484169704,9,3,0.625,5,83.0,-184.1797510106837,False,8,3,73,3,PPO,bursty
230,2473.3799568379713,8,2,0.75,16,,-181.8244892791062,False,8,2,74,3,PPO,bursty
231,2473.3799568379713,8,6,0.25,5,82.0,-183.5712380686844,False,7,3,74,3,PPO,bursty
232,2489.476269766448,7,2,0.75,16,,-180.80666320458184,False,7,2,75,3,PPO,bursty
233,2489.476269766448,7,3,0.625,5,58.0,-164.15324790965218,False,6,3,75,3,PPO,bursty
234,2507.267349298709,6,0,1.0,16,,-159.84040757045818,False,6,2,76,3,PPO,bursty
235,2507.267349298709,6,4,0.5,5,74.0,-156.19684384037836,False,5,3,76,3,PPO,bursty
236,2534.3892427896803,5,0,1.0,16,,-152.1285598167327,False,6,3,76,3,PPO,bursty
237,2535.0560203699215,6,0,1.0,16,,-156.8223521040441,False,6,2,77,3,PPO,bursty
238,2577.5932584986563,6,1,0.875,16,,-154.7884942338918,False,7,2,77,3,PPO,bursty
239,2593.5966002175924,7,1,0.875,16,,-162.8332519141864,False,8,2,77,3,PPO,bursty
240,2593.5966002175924,8,1,0.875,6,86.0,-166.33398291520365,False,7,3,77,3,PPO,bursty
241,2608.336784615856,7,0,1.0,16,,-164.71256263139463,False,8,3,77,3,PPO,bursty
242,2613.565780349849,8,0,1.0,16,,-167.92699911490112,False,9,3,77,3,PPO,bursty
243,2624.069447720625,9,0,1.0,16,,-168.4989913324451,False,10,3,77,3,PPO,bursty
244,2624.398462274308,10,0,1.0,16,,-171.10845744745492,False,11,3,77,3,PPO,bursty
245,2635.8252293005844,11,0,1.0,16,,-170.8479080750874,False,12,3,77,3,PPO,bursty
246,2638.684812459948,12,0,1.0,16,,-173.6760040000629,False,13,3,77,3,PPO,bursty
247,2640.999826793306,13,0,1.0,16,,-174.41404993323735,False,14,3,77,3,PPO,bursty
248,2645.2899289283605,14,0,1.0,16,,-175.12150658062853,False,15,3,77,3,PPO,bursty
249,2648.7407126926323,15,0,1.0,16,,-174.36657130260573,False,15,2,78,3,PPO,bursty
250,2648.7407126926323,15,4,0.5,5,11.0,-127.47483112385873,False,14,3,78,3,PPO,bursty
251,2650.380945829723,14,0,1.0,16,,-125.52403811797144,False,14,2,79,3,PPO,bursty
252,2650.380945829723,14,3,0.625,6,89.0,-127.40786644006211,False,13,3,79,3,PPO,bursty
253,2650.380945829723,13,1,0.875,7,91.0,-127.11675210947934,False,12,4,79,3,PPO,bursty
254,2655.5648392470634,12,0,1.0,16,,-127.06491317530592,False,13,4,79,3,PPO,bursty
255,2684.967936591208,13,0,1.0,16,,-128.65491750308254,False,14,4,79,3,PPO,bursty
256,2694.033414274036,14,0,1.0,16,,-134.27765616960352,False,14,3,80,3,PPO,bursty
257,2697.6394787784757,14,1,0.875,16,,-136.76489704120746,False,14,2,81,3,PPO,bursty
258,2697.6394787784757,14,2,0.75,6,96.0,-139.3002928078083,False,13,3,81,3,PPO,bursty
259,2717.452350040532,13,0,1.0,16,,-137.49842152042885,False,13,2,82,3,PPO,bursty
260,2717.452350040532,13,2,0.75,9,93.0,-142.92258887099842,False,12,3,82,3,PPO,bursty
261,2728.17859338837,12,0,1.0,16,,-142.81532643752004,False,13,3,82,3,PPO,bursty
262,2754.866823518341,13,0,1.0,16,,-143.76376957577918,False,13,2,83,3,PPO,bursty
263,2754.866823518341,13,4,0.5,5,21.0,-105.82462332541152,False,12,3,83,3,PPO,bursty
264,2756.386402188868,12,0,1.0,16,,-103.80942753870625,False,12,2,84,3,PPO,bursty
265,2756.386402188868,12,2,0.75,5,97.0,-105.62516603032807,False,11,3,84,3,PPO,bursty
266,2779.4305584793724,11,0,1.0,16,,-104.93384134161295,False,12,3,84,3,PPO,bursty
267,2786.055027429387,12,0,1.0,16,,-110.62863572473888,False,13,3,84,3,PPO,bursty
268,2786.7554608076734,13,0,1.0,16,,-110.29175729602538,False,13,2,85,3,PPO,bursty
269,2786.7554608076734,13,2,0.75,9,99.0,-112.45285697303129,False,12,3,85,3,PPO,bursty
270,2864.8617786250707,12,0,1.0,16,,-109.67179379485731,False,12,2,86,3,PPO,bursty
271,2864.8617786250707,12,4,0.5,5,95.0,-127.01243446164648,False,11,3,86,3,PPO,bursty
272,2878.8994158662567,11,0,1.0,16,,-124.5913053444109,False,11,2,87,3,PPO,bursty
273,2878.8994158662567,11,2,0.75,6,92.0,-125.29642258658123,False,10,3,87,3,PPO,bursty
274,2880.4605376641657,10,0,1.0,16,,-123.21836649668579,False,10,2,88,3,PPO,bursty
275,2880.4605376641657,10,2,0.75,8,88.0,-120.27075179987669,False,9,3,88,3,PPO,bursty
276,2962.5668175890028,9,0,1.0,16,,-112.5233122051381,False,9,2,89,3,PPO,bursty
277,2979.491272570199,9,2,0.75,16,,-132.92294877398837,False,9,1,90,3,PPO,bursty
278,2979.491272570199,9,6,0.25,5,90.0,-130.99442787704484,False,8,2,90,3,PPO,bursty
279,2979.491272570199,8,3,0.625,6,85.0,-122.95646759561397,False,7,3,90,3,PPO,bursty
280,3017.6891868850194,7,0,1.0,16,,-116.75469702098374,False,7,2,91,3,PPO,bursty
281,3059.106791524957,7,2,0.75,16,,-124.3368393792918,False,7,1,92,3,PPO,bursty
282,3059.106791524957,7,5,0.375,5,94.0,-125.82630299734818,False,6,2,92,3,PPO,bursty
283,3125.5145328485114,6,1,0.875,16,,-117.26853854164713,False,6,1,93,3,PPO,bursty
284,3125.5145328485114,6,4,0.5,5,98.0,-126.87355246879193,False,5,2,93,3,PPO,bursty
285,3157.8851863680434,5,1,0.875,16,,-121.02953736334749,False,5,1,94,3,PPO,bursty
286,3157.8851863680434,5,5,0.375,4,87.0,-119.11964978570141,False,4,2,94,3,PPO,bursty
287,3191.3301860540305,4,1,0.875,16,,-112.4791560792707,False,4,1,95,3,PPO,bursty
288,3191.3301860540305,4,5,0.375,0,46.0,-78.24502848931712,False,3,2,95,3,PPO,bursty
289,3270.5954834070135,3,1,0.875,16,,-63.661662534531104,False,3,1,96,3,PPO,bursty
290,3270.5954834070135,3,4,0.5,0,47.0,-37.87570396811339,False,2,2,96,3,PPO,bursty
291,3340.5888759582526,2,0,1.0,16,,-21.177091532353174,False,2,1,97,3,PPO,bursty
292,3340.5888759582526,2,4,0.5,0,77.0,-16.123992663371446,False,1,2,97,3,PPO,bursty
293,3370.4056354618956,1,1,0.875,16,,-8.197911712022407,False,1,1,98,3,PPO,bursty
294,3449.67522157962,1,5,0.375,0,84.0,20.03182946293248,False,0,0,100,3,PPO,bursty
1,120.76396180236009,1,8,0.0,0,0.0,0.47274016066679003,False,1,1,0,4,PPO,bursty
2,154.3443100969505,1,5,0.375,0,1.0,8.24500582146603,False,1,1,1,4,PPO,bursty
3,182.739823065092,1,5,0.375,0,2.0,6.211518461780953,False,1,2,1,4,PPO,bursty
4,204.68242085648478,1,1,0.875,16,,4.361091311039315,False,2,2,1,4,PPO,bursty
5,258.89273938541515,2,1,0.875,16,,9.25124248121845,False,3,2,1,4,PPO,bursty
6,274.0701468692863,3,1,0.875,16,,1.8021487410794763,False,3,1,2,4,PPO,bursty
7,274.0701468692863,3,4,0.5,0,4.0,-2.130154625761309,False,2,2,2,4,PPO,bursty
8,283.7672233225791,2,1,0.875,16,,-0.3968022097352155,False,3,2,2,4,PPO,bursty
9,283.7672233225791,3,1,0.875,0,6.0,-2.5180376838930223,False,2,3,2,4,PPO,bursty
10,297.6664052948967,2,0,1.0,16,,2.4007905302936723,False,2,2,3,4,PPO,bursty
11,297.6664052948967,2,4,0.5,0,5.0,-2.2985316445960944,False,1,3,3,4,PPO,bursty
12,336.85226421814275,1,1,0.875,16,,5.489657816399053,False,2,3,3,4,PPO,bursty
13,338.46414233492106,2,1,0.875,16,,-2.794125609686893,False,3,3,3,4,PPO,bursty
14,391.81531593808927,3,1,0.875,16,,5.322774861770804,False,4,3,3,4,PPO,bursty
15,437.32330007018567,4,1,0.875,16,,1.9664384344061414,False,4,2,4,4,PPO,bursty
16,437.32330007018567,4,2,0.75,0,8.0,-8.011249939784658,False,3,3,4,4,PPO,bursty
17,448.1728863725755,3,0,1.0,16,,-3.9498285423305965,False,3,2,5,4,PPO,bursty
18,448.1728863725755,3,3,0.625,0,9.0,-7.535073709238325,False,2,3,5,4,PPO,bursty
19,450.7021120141136,2,1,0.875,16,,-5.08297462581339,False,2,2,6,4,PPO,bursty
20,450.7021120141136,2,4,0.5,0,7.0,-5.359245778980433,False,1,3,6,4,PPO,bursty
21,518.0284827813732,1,0,1.0,16,,12.12581949748928,False,1,2,7,4,PPO,bursty
22,532.2452693361134,1,2,0.75,16,,-2.32446144640663,False,1,1,8,4,PPO,bursty
23,558.2511588133906,1,6,0.25,0,3.0,4.063420230824562,False,1,2,8,4,PPO,bursty
24,590.011919451431,1,3,0.625,0,10.0,5.687936026106371,False,1,2,9,4,PPO,bursty
25,631.8981667143563,1,5,0.375,0,11.0,7.562659880733037,False,1,2,10,4,PPO,bursty
26,640.3319415618256,1,5,0.375,0,12.0,1.0542218559336618,False,1,3,10,4,PPO,bursty
27,654.7983895207972,1,4,0.5,0,13.0,3.1645354910250347,False,1,4,10,4,PPO,bursty
28,681.7627029067305,1,1,0.875,16,,7.359157285454258,False,1,3,11,4,PPO,bursty
29,752.3068024033731,1,2,0.75,0,14.0,20.325632803042424,False,1,2,13,4,PPO,bursty
30,756.0615397486898,1,3,0.625,0,15.0,0.9386843363291746,False,1,3,13,4,PPO,bursty
31,781.5160831232869,1,0,1.0,16,,7.854544976157322,False,1,2,14,4,PPO,bursty
32,785.848022616767,1,3,0.625,16,,2.081135888494715,False,1,1,15,4,PPO,bursty
33,810.3093714176401,1,6,0.25,0,16.0,4.586502900163708,False,1,2,15,4,PPO,bursty
34,899.4128373173143,1,2,0.75,0,17.0,16.995788257329934,False,1,2,16,4,PPO,bursty
35,913.8829110972723,1,3,0.625,0,18.0,3.1653286393658107,False,1,3,16,4,PPO,bursty
36,914.2748081271513,1,1,0.875,16,,2.0778895346884543,False,1,2,17,4,PPO,bursty
37,938.9759480714597,1,5,0.375,0,19.0,3.8595531162981733,False,1,3,17,4,PPO,bursty
38,941.6338664802622,1,3,0.625,16,,0.3621413831993357,False,2,3,17,4,PPO,bursty
39,946.3538299796231,2,3,0.625,16,,2.4955373886246526,False,2,2,18,4,PPO,bursty
40,946.3538299796231,2,5,0.375,0,21.0,-0.1475576381632686,False,1,3,18,4,PPO,bursty
41,948.9688863310577,1,1,0.875,16,,0.37218481168433754,False,2,3,18,4,PPO,bursty
42,964.6783043278001,2,1,0.875,16,,2.6081997017257494,False,3,3,18,4,PPO,bursty
43,964.6783043278001,3,1,0.875,0,23.0,-0.8282354850616571,False,2,4,18,4,PPO,bursty
44,979.5923282774913,2,0,1.0,16,,4.3037095443735005,False,2,3,19,4,PPO,bursty
45,997.1950075795164,2,1,0.875,16,,3.721682482187691,False,2,2,20,4,PPO,bursty
46,1003.4659060932702,2,3,0.625,16,,-1.3999116629064203,False,3,2,20,4,PPO,bursty
47,1006.2449449251881,3,3,0.625,16,,-2.1122570681083563,False,4,2,20,4,PPO,bursty
48,1006.2449449251881,4,3,0.625,0,25.0,-2.5464818855955333,False,3,3,20,4,PPO,bursty
49,1047.4354865773282,3,0,1.0,16,,5.279721028311096,False,4,3,20,4,PPO,bursty
50,1051.170342259256,4,0,1.0,16,,-4.3829889187962365,False,5,3,20,4,PPO,bursty
51,1065.96496953741,5,0,1.0,16,,-1.0975087475550325,False,5,2,21,4,PPO,bursty
52,1065.96496953741,5,4,0.5,4,20.0,-4.256385137774567,False,4,3,21,4,PPO,bursty
53,1070.8246233568184,4,0,1.0,16,,-1.4302439884751514,False,4,2,22,4,PPO,bursty
54,1070.8246233568184,4,1,0.875,1,27.0,-4.252071821375982,False,3,3,22,4,PPO,bursty
55,1090.2887497064498,3,0,1.0,16,,-0.553887814946008,False,4,3,22,4,PPO,bursty
56,1107.7481534132776,4,0,1.0,16,,-0.45182077219315264,False,4,2,23,4,PPO,bursty
57,1156.1422328362053,4,1,0.875,16,,-0.10199317896886484,False,5,2,23,4,PPO,bursty
58,1156.1422328362053,5,1,0.875,4,29.0,-10.688198052734304,False,4,3,23,4,PPO,bursty
59,1171.8820366717423,4,0,1.0,16,,-6.012431400693009,False,4,2,24,4,PPO,bursty
60,1198.4181996917002,4,3,0.625,16,,-7.923999929305481,False,4,1,25,4,PPO,bursty
61,1198.4181996917002,4,4,0.5,0,28.0,-11.907686401468894,False,3,2,25,4,PPO,bursty
62,1206.3159278362148,3,0,1.0,16,,-8.407118054011132,False,3,1,26,4,PPO,bursty
63,1206.3159278362148,3,4,0.5,0,24.0,-8.324549655280872,False,2,2,26,4,PPO,bursty
64,1223.5386892099277,2,0,1.0,16,,-4.707769766801153,False,3,2,26,4,PPO,bursty
65,1302.5331022877901,3,0,1.0,16,,5.995478374564469,False,4,2,26,4,PPO,bursty
66,1302.8671484349939,4,0,1.0,16,,-13.696337049876506,False,5,2,26,4,PPO,bursty
67,1306.2451704237499,5,0,1.0,16,,-13.27314528836403,False,6,2,26,4,PPO,bursty
68,1307.2748406044077,6,0,1.0,16,,-13.983793662067518,False,7,2,26,4,PPO,bursty
69,1309.445781594715,7,0,1.0,16,,-14.002407698298164,False,8,2,26,4,PPO,bursty
70,1312.6705437598475,8,0,1.0,16,,-14.254914351013085,False,9,2,26,4,PPO,bursty
71,1316.3353451365729,9,0,1.0,16,,-14.804568795925427,False,10,2,26,4,PPO,bursty
72,1317.8610020861167,10,0,1.0,16,,-15.64448629262957,False,11,2,26,4,PPO,bursty
73,1320.1339546316128,11,0,1.0,16,,-15.957711953650652,False,12,2,26,4,PPO,bursty
74,1327.5510942139451,12,0,1.0,16,,-16.45177869420135,False,13,2,26,4,PPO,bursty
75,1339.4291584799112,13,0,1.0,16,,-16.42484423244409,False,13,1,27,4,PPO,bursty
76,1339.4291584799112,13,4,0.5,5,26.0,-15.554486860883937,False,12,2,27,4,PPO,bursty
77,1349.822935441414,12,0,1.0,16,,-13.450549091268908,False,12,1,28,4,PPO,bursty
78,1349.822935441414,12,4,0.5,5,32.0,-17.10987759151623,False,11,2,28,4,PPO,bursty
79,1349.822935441414,11,2,0.75,5,34.0,-16.258915694776103,False,10,3,28,4,PPO,bursty
80,1350.959667624189,10,0,1.0,16,,-16.202079085637358,False,11,3,28,4,PPO,bursty
81,1375.0963706954926,11,0,1.0,16,,-15.762161039191987,False,12,3,28,4,PPO,bursty
82,1400.1625985605795,12,0,1.0,16,,-21.54567452836702,False,13,3,28,4,PPO,bursty
83,1421.8736111404742,13,0,1.0,16,,-28.02934162043767,False,14,3,28,4,PPO,bursty
84,1471.213778174605,14,0,1.0,16,,-32.937299776435275,False,14,2,29,4,PPO,bursty
85,1471.213778174605,14,4,0.5,5,36.0,-44.10147684667285,False,13,3,29,4,PPO,bursty
86,1471.213778174605,13,3,0.625,5,41.0,-41.69639463566453,False,12,4,29,4,PPO,bursty
87,1471.213778174605,12,2,0.75,10,39.0,-38.67479816480469,False,11,5,29,4,PPO,bursty
88,1471.213778174605,11,1,0.875,8,37.0,-35.57722950404405,False,10,6,29,4,PPO,bursty
89,1493.256243876291,10,0,1.0,16,,-32.47510621895975,False,10,5,30,4,PPO,bursty
90,1493.256243876291,10,2,0.75,0,30.0,-34.591371551053946,False,9,6,30,4,PPO,bursty
91,1505.6561238161478,9,0,1.0,16,,-33.723379955263965,False,10,6,30,4,PPO,bursty
92,1517.7519028308154,10,0,1.0,16,,-34.2185609894948,False,10,5,31,4,PPO,bursty
93,1517.7519028308154,10,2,0.75,6,35.0,-35.0763833184397,False,9,6,31,4,PPO,bursty
94,1518.4603450074985,9,0,1.0,16,,-33.02679236607189,False,9,5,32,4,PPO,bursty
95,1518.4603450074985,9,1,0.875,7,45.0,-34.94781848641565,False,8,6,32,4,PPO,bursty
96,1525.3573197147145,8,0,1.0,16,,-34.327090762766204,False,9,6,32,4,PPO,bursty
97,1530.623291073135,9,0,1.0,16,,-33.682716444480775,False,9,5,33,4,PPO,bursty
98,1566.2041952677264,9,1,0.875,16,,-33.620449246545526,False,9,4,34,4,PPO,bursty
99,1566.2041952677264,9,2,0.75,4,31.0,-38.13035017951362,False,8,5,34,4,PPO,bursty
100,1573.3449495735522,8,0,1.0,16,,-37.487682291989294,False,9,5,34,4,PPO,bursty
101,1576.6431530738153,9,0,1.0,16,,-39.04199662342733,False,10,5,34,4,PPO,bursty
102,1578.1791229240318,10,0,1.0,16,,-37.78974900598227,False,10,4,35,4,PPO,bursty
103,1578.1791229240318,10,2,0.75,4,48.0,-40.14302207153209,False,9,5,35,4,PPO,bursty
104,1588.9752934324006,9,0,1.0,16,,-37.38729013594627,False,9,4,36,4,PPO,bursty
105,1588.9752934324006,9,2,0.75,6,40.0,-36.85784877866935,False,8,5,36,4,PPO,bursty
106,1604.0562204337452,8,0,1.0,16,,-33.50056534854833,False,8,4,37,4,PPO,bursty
107,1604.0562204337452,8,1,0.875,7,47.0,-38.65657168168064,False,7,5,37,4,PPO,bursty
108,1612.034095510504,7,0,1.0,16,,-37.77900542323718,False,8,5,37,4,PPO,bursty
109,1657.2471726408912,8,0,1.0,16,,-33.70429725069199,False,8,4,38,4,PPO,bursty
110,1675.6864536738194,8,1,0.875,16,,-43.92425877260429,False,8,3,39,4,PPO,bursty
111,1675.6864536738194,8,3,0.625,5,49.0,-48.68480433529102,False,7,4,39,4,PPO,bursty
112,1699.1923183696056,7,1,0.875,16,,-46.83371749049785,False,8,4,39,4,PPO,bursty
113,1703.2484458699948,8,1,0.875,16,,-51.73732790205321,False,9,4,39,4,PPO,bursty
114,1707.3177974150879,9,1,0.875,16,,-52.466918420391,False,10,4,39,4,PPO,bursty
115,1707.3177974150879,10,1,0.875,9,52.0,-53.3570890708801,False,9,5,39,4,PPO,bursty
116,1727.8673746455374,9,0,1.0,16,,-49.918618664748635,False,9,4,40,4,PPO,bursty
117,1727.8673746455374,9,2,0.75,2,42.0,-50.000592893360135,False,8,5,40,4,PPO,bursty
118,1739.3135442906428,8,0,1.0,16,,-46.970437625300654,False,8,4,41,4,PPO,bursty
119,1747.8659040129646,8,2,0.75,16,,-49.59679014421314,False,8,3,42,4,PPO,bursty
120,1747.8659040129646,8,4,0.5,5,43.0,-46.24629148310078,False,7,4,42,4,PPO,bursty
121,1758.5674264590602,7,0,1.0,16,,-43.06912401403026,False,7,3,43,4,PPO,bursty
122,1767.8088511931855,7,1,0.875,16,,-45.01674242774181,False,7,2,44,4,PPO,bursty
123,1808.8132992311873,7,2,0.75,16,,-45.090592806526644,False,7,1,45,4,PPO,bursty
124,1808.8132992311873,7,4,0.5,5,22.0,-37.58203855564937,False,6,2,45,4,PPO,bursty
125,1850.2833592676461,6,0,1.0,16,,-30.19093075090973,False,6,1,46,4,PPO,bursty
126,1850.2833592676461,6,4,0.5,5,44.0,-33.99025079748098,False,5,2,46,4,PPO,bursty
127,1855.5366222294463,5,0,1.0,16,,-33.20226135321096,False,6,2,46,4,PPO,bursty
128,1884.4142393771858,6,0,1.0,16,,-28.761486864454852,False,6,1,47,4,PPO,bursty
129,1884.4142393771858,6,4,0.5,5,50.0,-34.27645273123814,False,5,2,47,4,PPO,bursty
130,1888.4185529544393,5,0,1.0,16,,-33.675805694650116,False,6,2,47,4,PPO,bursty
131,1899.9694458704985,6,0,1.0,16,,-33.17526800987579,False,7,2,47,4,PPO,bursty
132,1908.4823019787636,7,0,1.0,16,,-33.12657706698142,False,7,1,48,4,PPO,bursty
133,1908.4823019787636,7,4,0.5,5,54.0,-36.85351611356122,False,6,2,48,4,PPO,bursty
134,1908.4823019787636,6,3,0.625,5,55.0,-36.68325899139592,False,5,3,48,4,PPO,bursty
135,1931.4905866623876,5,2,0.75,16,,-34.67003408157882,False,6,3,48,4,PPO,bursty
136,1948.7634475327434,6,2,0.75,16,,-37.81816935100928,False,7,3,48,4,PPO,bursty
137,1948.7634475327434,7,2,0.75,6,57.0,-41.056830764201,False,6,4,48,4,PPO,bursty
138,1965.5396388710815,6,0,1.0,16,,-38.87592589021706,False,7,4,48,4,PPO,bursty
139,1979.1169838663116,7,0,1.0,16,,-41.57646577532627,False,8,4,48,4,PPO,bursty
140,2003.3315857235239,8,0,1.0,16,,-40.79148785698469,False,8,3,49,4,PPO,bursty
141,2003.3315857235239,8,4,0.5,5,58.0,-48.08929938423891,False,7,4,49,4,PPO,bursty
142,2011.233039396006,7,1,0.875,16,,-47.46705990753096,False,8,4,49,4,PPO,bursty
143,2025.8527673758654,8,1,0.875,16,,-48.33659387956969,False,9,4,49,4,PPO,bursty
144,2045.6846046916921,9,1,0.875,16,,-48.76617567917564,False,9,3,50,4,PPO,bursty
145,2045.6846046916921,9,3,0.625,5,59.0,-53.773037675505115,False,8,4,50,4,PPO,bursty
146,2054.6087478031172,8,1,0.875,16,,-53.248744267708915,False,9,4,50,4,PPO,bursty
147,2056.3326861088563,9,1,0.875,16,,-53.13409796398574,False,9,3,51,4,PPO,bursty
148,2056.3326861088563,9,4,0.5,5,56.0,-53.014367479436785,False,8,4,51,4,PPO,bursty
149,2056.8109746411633,8,0,1.0,16,,-52.971321511529155,False,9,4,51,4,PPO,bursty
150,2067.0967143511834,9,0,1.0,16,,-50.37089186490449,False,9,3,52,4,PPO,bursty
151,2081.4235047015814,9,1,0.875,16,,-52.38716366633164,False,9,2,53,4,PPO,bursty
152,2081.4235047015814,9,2,0.75,7,60.0,-56.117339749369656,False,8,3,53,4,PPO,bursty
153,2135.6573126280273,8,0,1.0,16,,-49.23629703598952,False,8,2,54,4,PPO,bursty
154,2146.9413152858265,8,2,0.75,16,,-64.48443894451155,False,9,2,54,4,PPO,bursty
155,2174.9909968788247,9,2,0.75,16,,-66.3898168309014,False,10,2,54,4,PPO,bursty
156,2206.1049423598456,10,2,0.75,16,,-72.03805644810133,False,11,2,54,4,PPO,bursty
157,2206.1049423598456,11,2,0.75,7,66.0,-77.87192122579275,False,10,3,54,4,PPO,bursty
158,2228.421738336349,10,0,1.0,16,,-76.75608142696758,False,11,3,54,4,PPO,bursty
159,2228.805565990082,11,0,1.0,16,,-80.32376559148139,False,11,2,55,4,PPO,bursty
160,2228.805565990082,11,4,0.5,5,64.0,-80.78243749082957,False,10,3,55,4,PPO,bursty
161,2258.0406100134815,10,0,1.0,16,,-77.3206852896596,False,10,2,56,4,PPO,bursty
162,2273.959976712294,10,2,0.75,16,,-86.82843837924464,False,11,2,56,4,PPO,bursty
163,2273.959976712294,11,2,0.75,7,68.0,-89.81331963527198,False,10,3,56,4,PPO,bursty
164,2275.9159275008265,10,1,0.875,16,,-89.77664555798697,False,11,3,56,4,PPO,bursty
165,2275.9159275008265,11,1,0.875,5,69.0,-90.20450979297846,False,10,4,56,4,PPO,bursty
166,2278.9075304951907,10,0,1.0,16,,-88.05492964326025,False,10,3,57,4,PPO,bursty
167,2284.4130851259633,10,2,0.75,16,,-90.87164982473594,False,11,3,57,4,PPO,bursty
168,2286.1508734413774,11,2,0.75,16,,-91.96041943825679,False,12,3,57,4,PPO,bursty
169,2289.3568564178245,12,2,0.75,16,,-92.45456885366038,False,13,3,57,4,PPO,bursty
170,2310.7285292189986,13,2,0.75,16,,-94.60513693982935,False,14,3,57,4,PPO,bursty
171,2310.7285292189986,14,2,0.75,13,73.0,-98.6123255900495,False,13,4,57,4,PPO,bursty
172,2321.417685876925,13,0,1.0,16,,-96.71921715662876,False,13,3,58,4,PPO,bursty
173,2344.3059506800746,13,1,0.875,16,,-100.33564724424028,False,13,2,59,4,PPO,bursty
174,2344.3059506800746,13,5,0.375,5,65.0,-103.95615609390427,False,12,3,59,4,PPO,bursty
175,2350.8743132791988,12,2,0.75,16,,-104.30099513035829,False,13,3,59,4,PPO,bursty
176,2350.8743132791988,13,2,0.75,7,74.0,-105.53256311769407,False,12,4,59,4,PPO,bursty
177,2354.8722315992513,12,1,0.875,16,,-103.61751888199517,False,12,3,60,4,PPO,bursty
178,2354.8722315992513,12,3,0.625,5,67.0,-103.96305364924864,False,11,4,60,4,PPO,bursty
179,2376.443722055529,11,0,1.0,16,,-103.31590893556029,False,12,4,60,4,PPO,bursty
180,2389.9093785653536,12,0,1.0,16,,-106.57412498453151,False,12,3,61,4,PPO,bursty
181,2389.9093785653536,12,3,0.625,9,72.0,-109.92948866903703,False,11,4,61,4,PPO,bursty
182,2416.2111737572327,11,0,1.0,16,,-107.14043481328065,False,11,3,62,4,PPO,bursty
183,2416.2111737572327,11,3,0.625,10,62.0,-108.48383509216812,False,10,4,62,4,PPO,bursty
184,2423.183452749052,10,0,1.0,16,,-108.13522114257717,False,11,4,62,4,PPO,bursty
185,2448.6178510423115,11,0,1.0,16,,-107.11525894173417,False,11,3,63,4,PPO,bursty
186,2448.6178510423115,11,1,0.875,10,76.0,-114.96517054918388,False,10,4,63,4,PPO,bursty
187,2449.645945192548,10,0,1.0,16,,-112.91376584167206,False,10,3,64,4,PPO,bursty
188,2449.645945192548,10,3,0.625,6,61.0,-106.69492582289753,False,9,4,64,4,PPO,bursty
189,2459.0237270008756,9,0,1.0,16,,-104.03848109631458,False,9,3,65,4,PPO,bursty
190,2459.0237270008756,9,3,0.625,0,33.0,-85.32735541685399,False,8,4,65,4,PPO,bursty
191,2465.333544690113,8,0,1.0,16,,-84.75947182482264,False,9,4,65,4,PPO,bursty
192,2475.366596115287,9,0,1.0,16,,-83.63461264736975,False,9,3,66,4,PPO,bursty
193,2500.462493611652,9,1,0.875,16,,-87.17040947567912,False,10,3,66,4,PPO,bursty
194,2502.946698302942,10,1,0.875,16,,-92.61355821504728,False,11,3,66,4,PPO,bursty
195,2514.3840133487824,11,1,0.875,16,,-93.17127463507433,False,12,3,66,4,PPO,bursty
196,2529.0568347010867,12,1,0.875,16,,-93.9849847550884,False,12,2,67,4,PPO,bursty
197,2529.0568347010867,12,4,0.5,5,70.0,-94.30178943440245,False,11,3,67,4,PPO,bursty
198,2575.376894929063,11,0,1.0,16,,-90.91218762756316,False,11,2,68,4,PPO,bursty
199,2575.376894929063,11,4,0.5,5,77.0,-102.2913356797782,False,10,3,68,4,PPO,bursty
200,2614.8473729005027,10,1,0.875,16,,-99.55126421781377,False,10,2,69,4,PPO,bursty
201,2616.328124144433,10,2,0.75,16,,-110.20394066461536,False,11,2,69,4,PPO,bursty
202,2618.1618147695212,11,2,0.75,16,,-108.54117646816755,False,11,1,70,4,PPO,bursty
203,2618.1618147695212,11,5,0.375,5,81.0,-110.84831964786987,False,10,2,70,4,PPO,bursty
204,2676.312989033115,10,1,0.875,16,,-107.75798513042754,False,10,1,71,4,PPO,bursty
205,2676.312989033115,10,5,0.375,5,63.0,-110.08851421274962,False,9,2,71,4,PPO,bursty
206,2687.8734079816613,9,1,0.875,16,,-109.64054797849344,False,10,2,71,4,PPO,bursty
207,2705.8130137828352,10,1,0.875,16,,-109.83302201471591,False,10,1,72,4,PPO,bursty
208,2705.8130137828352,10,4,0.5,5,82.0,-115.39851866769925,False,9,2,72,4,PPO,bursty
209,2724.046525673192,9,1,0.875,16,,-114.69197008194794,False,10,2,72,4,PPO,bursty
210,2753.5996062132745,10,1,0.875,16,,-116.12643054783683,False,10,1,73,4,PPO,bursty
211,2753.5996062132745,10,5,0.375,5,71.0,-115.242192260542,False,9,2,73,4,PPO,bursty
212,2771.205815048754,9,2,0.75,16,,-115.11014569427589,False,10,2,73,4,PPO,bursty
213,2773.921212108656,10,2,0.75,16,,-118.44525231417708,False,11,2,73,4,PPO,bursty
214,2784.7792981759762,11,2,0.75,16,,-119.30727706009671,False,12,2,73,4,PPO,bursty
215,2790.351383737541,12,2,0.75,16,,-121.63570268970136,False,13,2,73,4,PPO,bursty
216,2854.602560221399,13,2,0.75,16,,-125.33867902757439,False,13,1,74,4,PPO,bursty
217,2854.602560221399,13,5,0.375,5,75.0,-129.82259785498042,False,12,2,74,4,PPO,bursty
218,2871.8537519693564,12,1,0.875,16,,-128.1891856796245,False,12,1,75,4,PPO,bursty
219,2871.8537519693564,12,4,0.5,5,79.0,-126.58474280116188,False,11,2,75,4,PPO,bursty
220,2901.105095656852,11,0,1.0,16,,-123.70720249053701,False,11,1,76,4,PPO,bursty
221,2901.105095656852,11,4,0.5,5,85.0,-130.476360741447,False,10,2,76,4,PPO,bursty
222,2991.775130054693,10,0,1.0,16,,-125.94285902155494,False,11,2,76,4,PPO,bursty
223,2994.3112777991723,11,0,1.0,16,,-146.5342831886808,False,11,1,77,4,PPO,bursty
224,2994.3112777991723,11,4,0.5,5,80.0,-139.56977483579286,False,10,2,77,4,PPO,bursty
225,3000.6207246945532,10,1,0.875,16,,-137.45147270650452,False,10,1,78,4,PPO,bursty
226,3000.6207246945532,10,5,0.375,5,83.0,-135.30018023444183,False,9,2,78,4,PPO,bursty
227,3000.6207246945532,9,2,0.75,8,88.0,-135.12326834164463,False,8,3,78,4,PPO,bursty
228,3092.1500741823984,8,0,1.0,16,,-126.88562688773857,False,9,3,78,4,PPO,bursty
229,3105.330609525284,9,0,1.0,16,,-146.84532678569784,False,9,2,79,4,PPO,bursty
230,3105.330609525284,9,3,0.625,4,78.0,-140.04309830314665,False,8,3,79,4,PPO,bursty
231,3118.6376458492064,8,0,1.0,16,,-138.84546503399363,False,9,3,79,4,PPO,bursty
232,3119.011208707908,9,0,1.0,16,,-142.14607471486508,False,10,3,79,4,PPO,bursty
233,3120.8630280928633,10,0,1.0,16,,-140.14687446029268,False,10,2,80,4,PPO,bursty
234,3120.8630280928633,10,3,0.625,6,90.0,-142.56532166165837,False,9,3,80,4,PPO,bursty
235,3139.371670171237,9,2,0.75,16,,-142.4265068460706,False,10,3,80,4,PPO,bursty
236,3139.371670171237,10,2,0.75,5,92.0,-145.89687723576566,False,9,4,80,4,PPO,bursty
237,3158.8920821882275,9,1,0.875,16,,-143.1404612701073,False,9,3,81,4,PPO,bursty
238,3158.8920821882275,9,3,0.625,0,38.0,-112.58992979678175,False,8,4,81,4,PPO,bursty
239,3162.988381922421,8,0,1.0,16,,-112.22126282070433,False,9,4,81,4,PPO,bursty
240,3163.4741661242806,9,0,1.0,16,,-111.21133286012252,False,9,3,82,4,PPO,bursty
241,3163.4741661242806,9,1,0.875,6,93.0,-113.32306322655025,False,8,4,82,4,PPO,bursty
242,3184.466725548767,8,0,1.0,16,,-109.43373287834646,False,8,3,83,4,PPO,bursty
243,3184.466725548767,8,3,0.625,6,86.0,-108.68812418701225,False,7,4,83,4,PPO,bursty
244,3225.2529449071603,7,0,1.0,16,,-102.20164005758899,False,7,3,84,4,PPO,bursty
245,3225.2529449071603,7,3,0.625,6,87.0,-105.70016367379492,False,6,4,84,4,PPO,bursty
246,3240.9575893852675,6,0,1.0,16,,-101.65855989164099,False,6,3,85,4,PPO,bursty
247,3258.608306007856,6,1,0.875,16,,-103.84171274468721,False,6,2,86,4,PPO,bursty
248,3284.440269025604,6,2,0.75,16,,-105.95914950218042,False,6,1,87,4,PPO,bursty
249,3284.440269025604,6,5,0.375,5,91.0,-109.49406136165422,False,5,2,87,4,PPO,bursty
250,3286.9078279543346,5,1,0.875,16,,-107.20103873886738,False,5,1,88,4,PPO,bursty
251,3286.9078279543346,5,4,0.5,0,46.0,-74.50980708973489,False,4,2,88,4,PPO,bursty
252,3297.8629238041044,4,0,1.0,16,,-72.64744079527404,False,5,2,88,4,PPO,bursty
253,3336.1339003518583,5,0,1.0,16,,-69.6455682755534,False,6,2,88,4,PPO,bursty
254,3369.1849275215604,6,0,1.0,16,,-74.9166788804306,False,7,2,88,4,PPO,bursty
255,3373.9830624590827,7,0,1.0,16,,-80.65164082972868,False,7,1,89,4,PPO,bursty
256,3373.9830624590827,7,4,0.5,5,95.0,-83.09419132196476,False,6,2,89,4,PPO,bursty
257,3390.8245343680333,6,0,1.0,16,,-80.90479997380119,False,7,2,89,4,PPO,bursty
258,3432.0113648986426,7,0,1.0,16,,-78.58461659267181,False,7,1,90,4,PPO,bursty
259,3432.0113648986426,7,4,0.5,5,84.0,-77.66521322832635,False,6,2,90,4,PPO,bursty
260,3433.4739973506007,6,0,1.0,16,,-77.4750710095718,False,7,2,90,4,PPO,bursty
261,3445.5239094690023,7,0,1.0,16,,-76.51523878953716,False,8,2,90,4,PPO,bursty
262,3468.7839796135577,8,0,1.0,16,,-75.43431050612759,False,8,1,91,4,PPO,bursty
263,3468.7839796135577,8,4,0.5,5,99.0,-82.78412663937532,False,7,2,91,4,PPO,bursty
264,3468.7839796135577,7,2,0.75,5,97.0,-81.22493773446482,False,6,3,91,4,PPO,bursty
265,3498.3109278659117,6,0,1.0,16,,-75.3864344616588,False,6,2,92,4,PPO,bursty
266,3498.3109278659117,6,4,0.5,5,98.0,-83.47143291444108,False,5,3,92,4,PPO,bursty
267,3498.3109278659117,5,3,0.625,4,96.0,-80.88891290755406,False,4,4,92,4,PPO,bursty
268,3498.3109278659117,4,1,0.875,3,94.0,-76.87995282631792,False,3,5,92,4,PPO,bursty
269,3527.815604772204,3,0,1.0,16,,-69.27406421412236,False,3,4,93,4,PPO,bursty
270,3577.847161866162,3,1,0.875,16,,-68.70772375202961,False,3,3,94,4,PPO,bursty
271,3580.094093996853,3,2,0.75,16,,-79.36564301966978,False,3,2,95,4,PPO,bursty
272,3580.094093996853,3,4,0.5,0,51.0,-44.25002983163724,False,2,3,95,4,PPO,bursty
273,3589.108113062131,2,0,1.0,16,,-40.3570858279289,False,2,2,96,4,PPO,bursty
274,3619.008100002259,2,2,0.75,16,,-38.20034252057947,False,2,1,97,4,PPO,bursty
275,3619.008100002259,2,4,0.5,0,53.0,-10.537160516397217,False,1,2,97,4,PPO,bursty
276,3639.9585148816896,1,1,0.875,16,,-4.373265559110406,False,1,1,98,4,PPO,bursty
277,3786.702603464829,1,5,0.375,0,89.0,33.199797462820584,False,0,0,100,4,PPO,bursty
