step,simulation_time,queue_length,free_gpus,gpu_utilization,action,selected_job_id,reward,invalid_action,waiting_jobs,running_jobs,completed_jobs,seed,scheduler,scenario
1,33.99058010869548,1,8,0.0,0,0.0,5.097985507329323,False,1,1,0,0,PPO,gpu_heavy
2,34.38671336047659,1,0,1.0,16,,0.09111064790965501,False,2,1,0,0,PPO,gpu_heavy
3,34.43209989410116,2,0,1.0,16,,0.0016085070255365957,False,3,1,0,0,PPO,gpu_heavy
4,45.43895734688212,3,0,1.0,16,,2.081564789647778,False,4,1,0,0,PPO,gpu_heavy
5,78.03776604004983,4,0,1.0,16,,4.8716479042910485,False,5,1,0,0,PPO,gpu_heavy
6,91.50942509339447,5,0,1.0,16,,-1.2573054109991837,False,6,1,0,0,PPO,gpu_heavy
7,106.61545224990229,6,0,1.0,16,,-2.661436643989326,False,7,1,0,0,PPO,gpu_heavy
8,162.9511718314168,7,0,1.0,16,,-0.2410142791496881,False,8,1,0,0,PPO,gpu_heavy
9,224.1345999307189,8,0,1.0,16,,-6.818435645591123,False,8,0,1,0,PPO,gpu_heavy
10,224.1345999307189,8,8,0.0,5,3.0,-20.320242669684298,False,7,1,1,0,PPO,gpu_heavy
11,284.1062334402682,7,3,0.625,16,,-19.345703625154123,False,8,1,1,0,PPO,gpu_heavy
12,349.8347985981431,8,3,0.625,16,,-28.962753480363233,False,9,1,1,0,PPO,gpu_heavy
13,349.86055360483954,9,3,0.625,16,,-39.23345346769022,False,10,1,1,0,PPO,gpu_heavy
14,395.2424468901777,10,3,0.625,16,,-41.22293551872008,False,11,1,1,0,PPO,gpu_heavy
15,396.69240058857554,11,3,0.625,16,,-48.40629089282704,False,12,1,1,0,PPO,gpu_heavy
16,418.0804066319219,12,3,0.625,16,,-50.424091664331954,False,13,1,1,0,PPO,gpu_heavy
17,435.05906722281264,13,3,0.625,16,,-55.52750364490974,False,14,1,1,0,PPO,gpu_heavy
18,458.47256583982545,14,3,0.625,16,,-59.07783981609175,False,14,0,2,0,PPO,gpu_heavy
19,458.47256583982545,14,8,0.0,5,11.0,-62.563958730300286,False,13,1,2,0,PPO,gpu_heavy
20,498.0572402775825,13,0,1.0,16,,-62.959805474677864,False,14,1,2,0,PPO,gpu_heavy
21,505.13744112144747,14,0,1.0,16,,-73.06838010943306,False,15,1,2,0,PPO,gpu_heavy
22,511.2796639140144,15,0,1.0,16,,-75.14554146002766,False,16,1,2,0,PPO,gpu_heavy
23,541.1240521765349,16,0,1.0,16,,-78.77020433654582,False,17,1,2,0,PPO,gpu_heavy
24,541.8641361522486,17,0,1.0,16,,-86.29790895999017,False,18,1,2,0,PPO,gpu_heavy
25,544.5707523965929,18,0,1.0,16,,-86.78065774079649,False,19,1,2,0,PPO,gpu_heavy
26,565.1747145296417,19,0,1.0,16,,-90.1358268791789,False,20,1,2,0,PPO,gpu_heavy
27,580.6656788891057,20,0,1.0,16,,-97.61046206636071,False,21,1,2,0,PPO,gpu_heavy
28,615.4192490899188,21,0,1.0,16,,-107.39131009036494,False,22,1,2,0,PPO,gpu_heavy
29,623.692650806613,22,0,1.0,16,,-117.65164896674008,False,23,1,2,0,PPO,gpu_heavy
30,632.6568660735755,23,0,1.0,16,,-121.60248460197577,False,24,1,2,0,PPO,gpu_heavy
31,644.070065610997,24,0,1.0,16,,-124.46857431232334,False,24,0,3,0,PPO,gpu_heavy
32,644.070065610997,24,8,0.0,5,21.0,-127.3318879323906,False,23,1,3,0,PPO,gpu_heavy
33,669.6987131331814,23,2,0.75,16,,-134.31569438218588,False,24,1,3,0,PPO,gpu_heavy
34,704.2029853356416,24,2,0.75,16,,-149.2135654118151,False,25,1,3,0,PPO,gpu_heavy
35,710.6721708066535,25,2,0.75,16,,-157.70473690946758,False,26,1,3,0,PPO,gpu_heavy
36,714.8873992242194,26,2,0.75,16,,-160.31927263412297,False,27,1,3,0,PPO,gpu_heavy
37,739.353278419599,27,2,0.75,16,,-169.73385037878788,False,28,1,3,0,PPO,gpu_heavy
38,750.1197624850066,28,2,0.75,16,,-178.3317180422859,False,29,1,3,0,PPO,gpu_heavy
39,767.2134643593539,29,2,0.75,16,,-187.05971179023112,False,30,1,3,0,PPO,gpu_heavy
40,788.1879085647499,30,2,0.75,16,,-198.91673912639712,False,31,1,3,0,PPO,gpu_heavy
41,812.8313214427052,31,2,0.75,16,,-213.50772348462453,False,32,1,3,0,PPO,gpu_heavy
42,871.3947077089664,32,2,0.75,16,,-244.62829568472432,False,33,1,3,0,PPO,gpu_heavy
43,874.4684828807292,33,2,0.75,16,,-257.06128937830624,False,34,1,3,0,PPO,gpu_heavy
44,877.7102774958364,34,2,0.75,16,,-257.23420607095204,False,34,0,4,0,PPO,gpu_heavy
45,877.7102774958364,34,8,0.0,5,30.0,-256.5855849958523,False,33,1,4,0,PPO,gpu_heavy
46,903.7845811844456,33,2,0.75,16,,-268.9056934887202,False,34,1,4,0,PPO,gpu_heavy
47,926.2693317658307,34,2,0.75,16,,-284.86836509166653,False,35,1,4,0,PPO,gpu_heavy
48,939.8892976017019,35,2,0.75,16,,-294.0644883165602,False,35,0,5,0,PPO,gpu_heavy
49,939.8892976017019,35,8,0.0,5,34.0,-295.584204130047,False,34,1,5,0,PPO,gpu_heavy
50,964.2303401324218,34,0,1.0,16,,-306.0508524182566,False,35,1,5,0,PPO,gpu_heavy
51,976.210179615346,35,0,1.0,16,,-317.52704081825243,False,36,1,5,0,PPO,gpu_heavy
52,985.5838729017438,36,0,1.0,16,,-324.9276365335905,False,37,1,5,0,PPO,gpu_heavy
53,1001.9260192312952,37,0,1.0,16,,-335.27871155667015,False,38,1,5,0,PPO,gpu_heavy
54,1007.2154047983739,38,0,1.0,16,,-342.0618347782681,False,39,1,5,0,PPO,gpu_heavy
55,1022.1318545784783,39,0,1.0,16,,-351.2898995534931,False,40,1,5,0,PPO,gpu_heavy
56,1024.2530956980509,40,0,1.0,16,,-356.1856946142841,False,41,1,5,0,PPO,gpu_heavy
57,1057.1920435714574,41,0,1.0,16,,-375.491205182019,False,42,1,5,0,PPO,gpu_heavy
58,1102.7768069230435,42,0,1.0,16,,-410.6209525278064,False,43,1,5,0,PPO,gpu_heavy
59,1113.8188564138015,43,0,1.0,16,,-428.75279355506535,False,44,1,5,0,PPO,gpu_heavy
60,1169.8800576456322,44,0,1.0,16,,-464.83186270380816,False,44,0,6,0,PPO,gpu_heavy
61,1169.8800576456322,44,8,0.0,5,38.0,-475.5252534825421,False,43,1,6,0,PPO,gpu_heavy
62,1177.073475468011,43,2,0.75,16,,-480.36282696809195,False,44,1,6,0,PPO,gpu_heavy
63,1179.2275280969861,44,2,0.75,16,,-483.2032742553531,False,45,1,6,0,PPO,gpu_heavy
64,1184.8183839114965,45,2,0.75,16,,-487.5906438911247,False,46,1,6,0,PPO,gpu_heavy
65,1190.763357572145,46,2,0.75,16,,-492.9936225627703,False,47,1,6,0,PPO,gpu_heavy
66,1206.0344963107161,47,2,0.75,16,,-505.5998370249167,False,48,1,6,0,PPO,gpu_heavy
67,1224.7494015207028,48,2,0.75,16,,-522.9204398131135,False,49,1,6,0,PPO,gpu_heavy
68,1235.4682577363715,49,2,0.75,16,,-534.9241780909035,False,50,1,6,0,PPO,gpu_heavy
69,1237.9593384184163,50,2,0.75,16,,-538.9579666855027,False,51,1,6,0,PPO,gpu_heavy
70,1277.9191655498114,51,2,0.75,16,,-572.6916004002726,False,52,1,6,0,PPO,gpu_heavy
71,1287.8684438589785,52,2,0.75,16,,-588.6658277459742,False,53,1,6,0,PPO,gpu_heavy
72,1290.1398421521892,53,2,0.75,16,,-592.5131124397692,False,54,1,6,0,PPO,gpu_heavy
73,1305.5645707029444,54,2,0.75,16,,-606.7055698512952,False,55,1,6,0,PPO,gpu_heavy
74,1311.4945635545769,55,2,0.75,16,,-615.0088249316766,False,56,1,6,0,PPO,gpu_heavy
75,1319.8130060569338,56,2,0.75,16,,-623.8776462248054,False,57,1,6,0,PPO,gpu_heavy
76,1324.8504235772245,57,2,0.75,16,,-630.2354943820742,False,58,1,6,0,PPO,gpu_heavy
77,1335.1537517573277,58,2,0.75,16,,-641.199996822279,False,59,1,6,0,PPO,gpu_heavy
78,1355.1078449443075,59,2,0.75,16,,-662.936308344126,False,60,1,6,0,PPO,gpu_heavy
79,1357.0443483288332,60,2,0.75,16,,-668.6384104935169,False,61,1,6,0,PPO,gpu_heavy
80,1380.694936942078,61,2,0.75,16,,-693.4207376212906,False,62,1,6,0,PPO,gpu_heavy
81,1438.2969921970498,62,2,0.75,16,,-758.481386142132,False,63,1,6,0,PPO,gpu_heavy
82,1455.591859791594,63,2,0.75,16,,-787.8305169975879,False,64,1,6,0,PPO,gpu_heavy
83,1529.542413516736,64,2,0.75,16,,-871.8642846162825,False,65,1,6,0,PPO,gpu_heavy
84,1539.6803568461735,65,2,0.75,16,,-897.0084753937458,False,66,1,6,0,PPO,gpu_heavy
85,1541.0902040836327,66,2,0.75,16,,-898.505991764438,False,66,0,7,0,PPO,gpu_heavy
86,1541.0902040836327,66,8,0.0,5,40.0,-889.2331408424373,False,65,1,7,0,PPO,gpu_heavy
87,1565.3973123962583,65,3,0.625,16,,-917.0343959750029,False,66,1,7,0,PPO,gpu_heavy
88,1605.7737949506952,66,3,0.625,16,,-967.8205132215764,False,67,1,7,0,PPO,gpu_heavy
89,1622.6936292096382,67,3,0.625,16,,-994.1581924247312,False,68,1,7,0,PPO,gpu_heavy
90,1637.5749244349367,68,3,0.625,16,,-1014.7152756551441,False,69,1,7,0,PPO,gpu_heavy
91,1649.5893727078885,69,3,0.625,16,,-1031.7431591081215,False,70,1,7,0,PPO,gpu_heavy
92,1651.0429166292313,70,3,0.625,16,,-1035.4282619029404,False,71,1,7,0,PPO,gpu_heavy
93,1740.0945983085255,71,3,0.625,16,,-1148.1944408628585,False,72,1,7,0,PPO,gpu_heavy
94,1769.9245799752428,72,3,0.625,16,,-1198.4030050898962,False,72,0,8,0,PPO,gpu_heavy
95,1769.9245799752428,72,8,0.0,5,45.0,-1190.1080852173855,False,71,1,8,0,PPO,gpu_heavy
96,1773.5010030177807,71,2,0.75,16,,-1194.5160266173136,False,72,1,8,0,PPO,gpu_heavy
97,1783.939645874274,72,2,0.75,16,,-1208.2610061155474,False,73,1,8,0,PPO,gpu_heavy
98,1819.0402936528947,73,2,0.75,16,,-1254.8838259494346,False,74,1,8,0,PPO,gpu_heavy
99,1839.3385023865126,74,2,0.75,16,,-1287.7006321961271,False,75,1,8,0,PPO,gpu_heavy
100,1839.5794897013882,75,2,0.75,16,,-1291.8228421844549,False,76,1,8,0,PPO,gpu_heavy
101,1866.985964382427,76,2,0.75,16,,-1328.3871548184782,False,77,1,8,0,PPO,gpu_heavy
102,1895.2594271165601,77,2,0.75,16,,-1371.7657271690882,False,78,1,8,0,PPO,gpu_heavy
103,1905.3623513078842,78,2,0.75,16,,-1390.9332648843301,False,79,1,8,0,PPO,gpu_heavy
104,1905.6291525286426,79,2,0.75,16,,-1393.1990838701095,False,80,1,8,0,PPO,gpu_heavy
105,1960.28121908199,80,2,0.75,16,,-1470.445153105605,False,81,1,8,0,PPO,gpu_heavy
106,2002.0269013198076,81,2,0.75,16,,-1540.4931053900314,False,82,1,8,0,PPO,gpu_heavy
107,2078.1175690590803,82,2,0.75,16,,-1658.8421157009159,False,83,1,8,0,PPO,gpu_heavy
108,2079.033458367777,83,2,0.75,16,,-1674.457762909085,False,84,1,8,0,PPO,gpu_heavy
109,2136.8334382600024,84,2,0.75,16,,-1760.8959621436122,False,85,1,8,0,PPO,gpu_heavy
110,2157.3510876174937,85,2,0.75,16,,-1800.7664030266103,False,85,0,9,0,PPO,gpu_heavy
111,2157.3510876174937,85,8,0.0,5,46.0,-1783.9515024427508,False,84,1,9,0,PPO,gpu_heavy
112,2157.3510876174937,84,4,0.5,5,57.0,-1765.5636674587695,False,83,2,9,0,PPO,gpu_heavy
113,2189.719242685066,83,0,1.0,16,,-1811.2027661040465,False,84,2,9,0,PPO,gpu_heavy
114,2253.427188990654,84,0,1.0,16,,-1910.3971680879304,False,85,2,9,0,PPO,gpu_heavy
115,2297.199563497825,85,0,1.0,16,,-1989.794097699725,False,86,2,9,0,PPO,gpu_heavy
116,2304.119432947578,86,0,1.0,16,,-2010.9093994176546,False,87,2,9,0,PPO,gpu_heavy
117,2350.9576991233953,87,0,1.0,16,,-2082.428383382061,False,88,2,9,0,PPO,gpu_heavy
118,2361.2846241848456,88,0,1.0,16,,-2109.731606768805,False,89,2,9,0,PPO,gpu_heavy
119,2361.547292668458,89,0,1.0,16,,-2110.715220814094,False,89,1,10,0,PPO,gpu_heavy
120,2361.547292668458,89,4,0.5,4,18.0,-2075.7755353599086,False,88,2,10,0,PPO,gpu_heavy
121,2493.95266943857,88,0,1.0,16,,-2273.707654282778,False,88,1,11,0,PPO,gpu_heavy
122,2493.95266943857,88,4,0.5,13,2.0,-2259.6176793537443,False,87,2,11,0,PPO,gpu_heavy
123,2551.0092654941604,87,0,1.0,16,,-2342.632007476574,False,87,1,12,0,PPO,gpu_heavy
124,2551.0092654941604,87,4,0.5,0,1.0,-2308.5557827827624,False,86,2,12,0,PPO,gpu_heavy
125,2798.487392199662,86,0,1.0,16,,-2670.3486290398496,False,86,1,13,0,PPO,gpu_heavy
126,2798.487392199662,86,4,0.5,6,67.0,-2705.389299838808,False,85,2,13,0,PPO,gpu_heavy
127,2859.891372017391,85,0,1.0,16,,-2792.4250705745153,False,85,1,14,0,PPO,gpu_heavy
128,3134.9903846234874,85,4,0.5,16,,-3241.05701038355,False,85,0,15,0,PPO,gpu_heavy
129,3134.9903846234874,85,8,0.0,5,65.0,-3241.447654301988,False,84,1,15,0,PPO,gpu_heavy
130,3393.319200577469,84,3,0.625,16,,-3633.076187611868,False,84,0,16,0,PPO,gpu_heavy
131,3393.319200577469,84,8,0.0,5,68.0,-3635.1875798319693,False,83,1,16,0,PPO,gpu_heavy
132,3511.466490184498,83,2,0.75,16,,-3807.1594637783196,False,83,0,17,0,PPO,gpu_heavy
133,3511.466490184498,83,8,0.0,5,77.0,-3794.0745382301056,False,82,1,17,0,PPO,gpu_heavy
134,3760.7905568028546,82,1,0.875,16,,-4146.426367911445,False,82,0,18,0,PPO,gpu_heavy
135,3760.7905568028546,82,8,0.0,5,82.0,-4164.131002221211,False,81,1,18,0,PPO,gpu_heavy
136,4021.377158303695,81,1,0.875,16,,-4527.277977574265,False,81,0,19,0,PPO,gpu_heavy
137,4021.377158303695,81,8,0.0,5,88.0,-4543.966336537072,False,80,1,19,0,PPO,gpu_heavy
138,4235.087346334912,80,2,0.75,16,,-4843.831977131165,False,80,0,20,0,PPO,gpu_heavy
139,4235.087346334912,80,8,0.0,5,99.0,-4848.426582944017,False,79,1,20,0,PPO,gpu_heavy
140,4296.753147431027,79,3,0.625,16,,-4934.2232672546115,False,79,0,21,0,PPO,gpu_heavy
141,4296.753147431027,79,8,0.0,5,17.0,-4870.026234549688,False,78,1,21,0,PPO,gpu_heavy
142,4399.870962199851,78,0,1.0,16,,-5003.110571896848,False,78,0,22,0,PPO,gpu_heavy
143,4399.870962199851,78,8,0.0,5,20.0,-4953.729889068102,False,77,1,22,0,PPO,gpu_heavy
144,4551.615469270124,77,1,0.875,16,,-5152.2223190346995,False,77,0,23,0,PPO,gpu_heavy
145,4551.615469270124,77,8,0.0,5,24.0,-5108.692505552717,False,76,1,23,0,PPO,gpu_heavy
146,4926.358425523026,76,3,0.625,16,,-5617.748212142613,False,76,0,24,0,PPO,gpu_heavy
147,4926.358425523026,76,8,0.0,5,25.0,-5592.2484835628,False,75,1,24,0,PPO,gpu_heavy
148,5070.388317232543,75,0,1.0,16,,-5770.285848199696,False,75,0,25,0,PPO,gpu_heavy
149,5070.388317232543,75,8,0.0,5,31.0,-5721.672620350816,False,74,1,25,0,PPO,gpu_heavy
150,5330.9441268616665,74,2,0.75,16,,-6056.441004296459,False,74,0,26,0,PPO,gpu_heavy
151,5330.9441268616665,74,8,0.0,5,35.0,-6016.932962493541,False,73,1,26,0,PPO,gpu_heavy
152,5522.886815668403,73,2,0.75,16,,-6259.180034000114,False,73,0,27,0,PPO,gpu_heavy
153,5522.886815668403,73,8,0.0,5,42.0,-6206.423229296042,False,72,1,27,0,PPO,gpu_heavy
154,5522.886815668403,72,4,0.5,10,79.0,-6130.767384948845,False,71,2,27,0,PPO,gpu_heavy
155,5755.426568253542,71,0,1.0,16,,-6400.838895473457,False,71,1,28,0,PPO,gpu_heavy
156,5755.426568253542,71,4,0.5,12,84.0,-6382.656892048699,False,70,2,28,0,PPO,gpu_heavy
157,5802.542123680963,70,0,1.0,16,,-6434.839780790235,False,70,1,29,0,PPO,gpu_heavy
158,5802.542123680963,70,4,0.5,13,95.0,-6377.636370953283,False,69,2,29,0,PPO,gpu_heavy
159,5931.6190693236285,69,0,1.0,16,,-6521.493319529494,False,69,1,30,0,PPO,gpu_heavy
160,5931.6190693236285,69,4,0.5,15,12.0,-6445.035023491492,False,68,2,30,0,PPO,gpu_heavy
161,6120.124962863885,68,0,1.0,16,,-6652.276565321176,False,68,1,31,0,PPO,gpu_heavy
162,6280.038080137149,68,4,0.5,16,,-6896.895738538722,False,68,0,32,0,PPO,gpu_heavy
163,6280.038080137149,68,8,0.0,5,43.0,-6813.322636979763,False,67,1,32,0,PPO,gpu_heavy
164,6536.81597126714,67,1,0.875,16,,-7099.234847409265,False,67,0,33,0,PPO,gpu_heavy
165,6536.81597126714,67,8,0.0,5,47.0,-7047.812532540037,False,66,1,33,0,PPO,gpu_heavy
166,6907.470830587653,66,2,0.75,16,,-7465.579160720518,False,66,0,34,0,PPO,gpu_heavy
167,6907.470830587653,66,8,0.0,5,52.0,-7422.623897909591,False,65,1,34,0,PPO,gpu_heavy
168,7238.328152721311,65,0,1.0,16,,-7768.024086149932,False,65,0,35,0,PPO,gpu_heavy
169,7238.328152721311,65,8,0.0,5,59.0,-7733.7292225061,False,64,1,35,0,PPO,gpu_heavy
170,7460.218157190688,64,2,0.75,16,,-7974.144052388893,False,64,0,36,0,PPO,gpu_heavy
171,7460.218157190688,64,8,0.0,5,61.0,-7894.655356497146,False,63,1,36,0,PPO,gpu_heavy
172,7552.125509358012,63,3,0.625,16,,-7994.098096451831,False,63,0,37,0,PPO,gpu_heavy
173,7552.125509358012,63,8,0.0,5,80.0,-7894.886130101171,False,62,1,37,0,PPO,gpu_heavy
174,7695.903538835344,62,1,0.875,16,,-8039.719442704896,False,62,0,38,0,PPO,gpu_heavy
175,7695.903538835344,62,8,0.0,5,83.0,-7956.039585924086,False,61,1,38,0,PPO,gpu_heavy
176,7862.186058849742,61,1,0.875,16,,-8120.529959088502,False,61,0,39,0,PPO,gpu_heavy
177,7862.186058849742,61,8,0.0,5,90.0,-8041.701077191054,False,60,1,39,0,PPO,gpu_heavy
178,7950.34097465455,60,2,0.75,16,,-8128.957929443421,False,60,0,40,0,PPO,gpu_heavy
179,7950.34097465455,60,8,0.0,5,96.0,-8034.424147933688,False,59,1,40,0,PPO,gpu_heavy
180,8290.09539990671,59,0,1.0,16,,-8348.395763418195,False,59,0,41,0,PPO,gpu_heavy
181,8290.09539990671,59,8,0.0,5,9.0,-8275.214586401908,False,58,1,41,0,PPO,gpu_heavy
182,8540.657223588812,58,0,1.0,16,,-8501.225845952622,False,58,0,42,0,PPO,gpu_heavy
183,8540.657223588812,58,8,0.0,5,19.0,-8405.8756384449,False,57,1,42,0,PPO,gpu_heavy
184,8932.654413047068,57,2,0.75,16,,-8777.25296140389,False,57,0,43,0,PPO,gpu_heavy
185,8932.654413047068,57,8,0.0,5,28.0,-8688.183405873084,False,56,1,43,0,PPO,gpu_heavy
186,9058.658535829938,56,2,0.75,16,,-8803.68225036811,False,56,0,44,0,PPO,gpu_heavy
187,9058.658535829938,56,8,0.0,5,29.0,-8662.348296089433,False,55,1,44,0,PPO,gpu_heavy
188,9148.89665351367,55,1,0.875,16,,-8739.870637298221,False,55,0,45,0,PPO,gpu_heavy
189,9148.89665351367,55,8,0.0,5,50.0,-8602.173761980624,False,54,1,45,0,PPO,gpu_heavy
190,9148.89665351367,54,4,0.5,6,63.0,-8445.59208903149,False,53,2,45,0,PPO,gpu_heavy
191,9408.238773734536,53,0,1.0,16,,-8653.65920641039,False,53,1,46,0,PPO,gpu_heavy
192,9408.238773734536,53,4,0.5,9,81.0,-8568.008753908402,False,52,2,46,0,PPO,gpu_heavy
193,9507.25648151008,52,0,1.0,16,,-8644.232743051083,False,52,1,47,0,PPO,gpu_heavy
194,9507.25648151008,52,4,0.5,7,72.0,-8511.63564750169,False,51,2,47,0,PPO,gpu_heavy
195,9805.526671452228,51,0,1.0,16,,-8739.303693757145,False,51,1,48,0,PPO,gpu_heavy
196,9872.856561694563,51,4,0.5,16,,-8874.13149300957,False,51,0,49,0,PPO,gpu_heavy
197,9872.856561694563,51,8,0.0,5,54.0,-8711.211287982187,False,50,1,49,0,PPO,gpu_heavy
198,10071.218813911928,50,2,0.75,16,,-8870.380617908795,False,50,0,50,0,PPO,gpu_heavy
199,10071.218813911928,50,8,0.0,5,70.0,-8737.261001117145,False,49,1,50,0,PPO,gpu_heavy
200,10378.100807629482,49,1,0.875,16,,-8968.874918834632,False,49,0,51,0,PPO,gpu_heavy
201,10378.100807629482,49,8,0.0,5,76.0,-8863.194837296456,False,48,1,51,0,PPO,gpu_heavy
202,10493.645958616047,48,3,0.625,16,,-8954.06425240191,False,48,0,52,0,PPO,gpu_heavy
203,10493.645958616047,48,8,0.0,5,86.0,-8802.15045161357,False,47,1,52,0,PPO,gpu_heavy
204,10578.349797156476,47,0,1.0,16,,-8858.596100206465,False,47,0,53,0,PPO,gpu_heavy
205,10578.349797156476,47,8,0.0,5,98.0,-8717.22421788091,False,46,1,53,0,PPO,gpu_heavy
206,10707.086949108141,46,0,1.0,16,,-8801.478109688527,False,46,0,54,0,PPO,gpu_heavy
207,10707.086949108141,46,8,0.0,5,7.0,-8623.652967739277,False,45,1,54,0,PPO,gpu_heavy
208,10843.88255477003,45,3,0.625,16,,-8723.39469945031,False,45,0,55,0,PPO,gpu_heavy
209,10843.88255477003,45,8,0.0,5,10.0,-8536.888057711541,False,44,1,55,0,PPO,gpu_heavy
210,11182.04368490014,44,2,0.75,16,,-8769.064640326642,False,44,0,56,0,PPO,gpu_heavy
211,11182.04368490014,44,8,0.0,5,22.0,-8622.132472818626,False,43,1,56,0,PPO,gpu_heavy
212,11349.464490325157,43,1,0.875,16,,-8727.49106429742,False,43,0,57,0,PPO,gpu_heavy
213,11349.464490325157,43,8,0.0,5,32.0,-8554.127470927338,False,42,1,57,0,PPO,gpu_heavy
214,11638.123545856894,42,0,1.0,16,,-8722.436313691063,False,42,0,58,0,PPO,gpu_heavy
215,11638.123545856894,42,8,0.0,5,37.0,-8581.327976314475,False,41,1,58,0,PPO,gpu_heavy
216,11858.705660351898,41,3,0.625,16,,-8725.739354810532,False,41,0,59,0,PPO,gpu_heavy
217,11858.705660351898,41,8,0.0,5,49.0,-8547.307574121616,False,40,1,59,0,PPO,gpu_heavy
218,12184.310431057866,40,2,0.75,16,,-8744.740496179022,False,40,0,60,0,PPO,gpu_heavy
219,12184.310431057866,40,8,0.0,5,53.0,-8587.920449216675,False,39,1,60,0,PPO,gpu_heavy
220,12386.242789207356,39,1,0.875,16,,-8699.254985228077,False,39,0,61,0,PPO,gpu_heavy
221,12386.242789207356,39,8,0.0,5,62.0,-8523.932724060222,False,38,1,61,0,PPO,gpu_heavy
222,12608.139556701135,38,3,0.625,16,,-8655.902897434591,False,38,0,62,0,PPO,gpu_heavy
223,12608.139556701135,38,8,0.0,5,69.0,-8469.177416065413,False,37,1,62,0,PPO,gpu_heavy
224,12817.47739353296,37,3,0.625,16,,-8589.378378315989,False,37,0,63,0,PPO,gpu_heavy
225,12817.47739353296,37,8,0.0,5,71.0,-8398.328715720638,False,36,1,63,0,PPO,gpu_heavy
226,13170.880393051246,36,3,0.625,16,,-8595.559656699072,False,36,0,64,0,PPO,gpu_heavy
227,13170.880393051246,36,8,0.0,5,75.0,-8421.815140096973,False,35,1,64,0,PPO,gpu_heavy
228,13298.641828882272,35,1,0.875,16,,-8481.300331090653,False,35,0,65,0,PPO,gpu_heavy
229,13298.641828882272,35,8,0.0,5,78.0,-8278.29616693363,False,34,1,65,0,PPO,gpu_heavy
230,13362.7716477609,34,1,0.875,16,,-8305.876045891397,False,34,0,66,0,PPO,gpu_heavy
231,13362.7716477609,34,8,0.0,5,85.0,-8091.988730103528,False,33,1,66,0,PPO,gpu_heavy
232,13621.66575903763,33,3,0.625,16,,-8220.40663865918,False,33,0,67,0,PPO,gpu_heavy
233,13621.66575903763,33,8,0.0,5,89.0,-8029.631152747057,False,32,1,67,0,PPO,gpu_heavy
234,13936.242705538969,32,2,0.75,16,,-8169.977221038913,False,32,0,68,0,PPO,gpu_heavy
235,13936.242705538969,32,8,0.0,5,91.0,-7993.797895778315,False,31,1,68,0,PPO,gpu_heavy
236,14141.327894407252,31,3,0.625,16,,-8086.906152115982,False,31,0,69,0,PPO,gpu_heavy
237,14141.327894407252,31,8,0.0,5,94.0,-7881.918539842207,False,30,1,69,0,PPO,gpu_heavy
238,14481.488509008224,30,1,0.875,16,,-8009.604774158828,False,30,0,70,0,PPO,gpu_heavy
239,14481.488509008224,30,8,0.0,5,5.0,-7797.945893743427,False,29,1,70,0,PPO,gpu_heavy
240,14687.790077870488,29,1,0.875,16,,-7870.47233549492,False,29,0,71,0,PPO,gpu_heavy
241,14687.790077870488,29,8,0.0,5,8.0,-7627.104025562759,False,28,1,71,0,PPO,gpu_heavy
242,14687.790077870488,28,4,0.5,14,41.0,-7352.8724275976565,False,27,2,71,0,PPO,gpu_heavy
243,14855.91598973806,27,0,1.0,16,,-7399.628942039251,False,27,1,72,0,PPO,gpu_heavy
244,14855.91598973806,27,4,0.5,7,16.0,-7156.503245016935,False,26,2,72,0,PPO,gpu_heavy
245,14947.071919906817,26,0,1.0,16,,-7179.115346162498,False,26,1,73,0,PPO,gpu_heavy
246,14947.071919906817,26,4,0.5,7,23.0,-6916.576203884335,False,25,2,73,0,PPO,gpu_heavy
247,15009.024683261909,25,0,1.0,16,,-6930.064394723107,False,25,1,74,0,PPO,gpu_heavy
248,15009.024683261909,25,4,0.5,15,55.0,-6671.867079927057,False,24,2,74,0,PPO,gpu_heavy
249,15283.265955264644,24,0,1.0,16,,-6732.9425724876855,False,24,1,75,0,PPO,gpu_heavy
250,15283.265955264644,24,4,0.5,15,56.0,-6522.546936537804,False,23,2,75,0,PPO,gpu_heavy
251,15358.662493421556,23,0,1.0,16,,-6536.380209550756,False,23,1,76,0,PPO,gpu_heavy
252,15622.44100531882,23,4,0.5,16,,-6643.595145575568,False,23,0,77,0,PPO,gpu_heavy
253,15622.44100531882,23,8,0.0,5,13.0,-6374.0524874681205,False,22,1,77,0,PPO,gpu_heavy
254,15991.827052284001,22,0,1.0,16,,-6442.235836391505,False,22,0,78,0,PPO,gpu_heavy
255,15991.827052284001,22,8,0.0,5,14.0,-6225.107415219759,False,21,1,78,0,PPO,gpu_heavy
256,16193.057624990217,21,0,1.0,16,,-6257.316612579815,False,21,0,79,0,PPO,gpu_heavy
257,16193.057624990217,21,8,0.0,5,26.0,-5998.416240578035,False,20,1,79,0,PPO,gpu_heavy
258,16496.027927452833,20,2,0.75,16,,-6060.797429851341,False,20,0,80,0,PPO,gpu_heavy
259,16496.027927452833,20,8,0.0,5,27.0,-5803.077777276689,False,19,1,80,0,PPO,gpu_heavy
260,16865.514887966292,19,0,1.0,16,,-5849.111082143439,False,19,0,81,0,PPO,gpu_heavy
261,16865.514887966292,19,8,0.0,5,33.0,-5621.516793799665,False,18,1,81,0,PPO,gpu_heavy
262,17130.276207935363,18,2,0.75,16,,-5665.18812149433,False,18,0,82,0,PPO,gpu_heavy
263,17130.276207935363,18,8,0.0,5,36.0,-5391.653238984003,False,17,1,82,0,PPO,gpu_heavy
264,17220.11728943359,17,0,1.0,16,,-5397.738936318843,False,17,0,83,0,PPO,gpu_heavy
265,17220.11728943359,17,8,0.0,5,39.0,-5096.322247540044,False,16,1,83,0,PPO,gpu_heavy
266,17304.028215647126,16,3,0.625,16,,-5108.062661707511,False,16,0,84,0,PPO,gpu_heavy
267,17304.028215647126,16,8,0.0,5,44.0,-4797.237487711401,False,15,1,84,0,PPO,gpu_heavy
268,17530.235867931075,15,3,0.625,16,,-4827.754837727219,False,15,0,85,0,PPO,gpu_heavy
269,17530.235867931075,15,8,0.0,5,48.0,-4536.550602176425,False,14,1,85,0,PPO,gpu_heavy
270,17720.052893119595,14,0,1.0,16,,-4540.245112932081,False,14,0,86,0,PPO,gpu_heavy
271,17720.052893119595,14,8,0.0,5,51.0,-4258.882861928758,False,13,1,86,0,PPO,gpu_heavy
272,18048.365465179344,13,0,1.0,16,,-4260.165987649356,False,13,0,87,0,PPO,gpu_heavy
273,18048.365465179344,13,8,0.0,5,64.0,-4009.7738298322506,False,12,1,87,0,PPO,gpu_heavy
274,18340.942617524855,12,0,1.0,16,,-4004.8480583087953,False,12,0,88,0,PPO,gpu_heavy
275,18340.942617524855,12,8,0.0,5,66.0,-3740.2756509435626,False,11,1,88,0,PPO,gpu_heavy
276,18594.411407974396,11,2,0.75,16,,-3746.5133866331726,False,11,0,89,0,PPO,gpu_heavy
277,18594.411407974396,11,8,0.0,5,73.0,-3455.4585029308987,False,10,1,89,0,PPO,gpu_heavy
278,18765.92538649436,10,0,1.0,16,,-3444.8828040049007,False,10,0,90,0,PPO,gpu_heavy
279,18765.92538649436,10,8,0.0,5,74.0,-3146.5582668040183,False,9,1,90,0,PPO,gpu_heavy
280,18949.28484978776,9,2,0.75,16,,-3143.1830708293173,False,9,0,91,0,PPO,gpu_heavy
281,18949.28484978776,9,8,0.0,5,87.0,-2838.684520227233,False,8,1,91,0,PPO,gpu_heavy
282,19074.262342764185,8,1,0.875,16,,-2829.342092514868,False,8,0,92,0,PPO,gpu_heavy
283,19074.262342764185,8,8,0.0,5,92.0,-2518.7763414155324,False,7,1,92,0,PPO,gpu_heavy
284,19455.570723187757,7,0,1.0,16,,-2474.8324195689397,False,7,0,93,0,PPO,gpu_heavy
285,19455.570723187757,7,8,0.0,5,93.0,-2225.7847689762775,False,6,1,93,0,PPO,gpu_heavy
286,19455.570723187757,6,4,0.5,5,97.0,-1882.7557431714738,False,5,2,93,0,PPO,gpu_heavy
287,19545.0423730467,5,0,1.0,16,,-1867.3349956926324,False,5,1,94,0,PPO,gpu_heavy
288,19795.097357269668,5,4,0.5,16,,-1883.4515335517942,False,5,0,95,0,PPO,gpu_heavy
289,19795.097357269668,5,8,0.0,4,60.0,-1546.6092562773156,False,4,1,95,0,PPO,gpu_heavy
290,19955.031604301017,4,3,0.625,16,,-1532.4142699411748,False,4,0,96,0,PPO,gpu_heavy
291,19955.031604301017,4,8,0.0,0,4.0,-1161.2121431007406,False,3,1,96,0,PPO,gpu_heavy
292,20301.079479369226,3,0,1.0,16,,-1093.4630468377811,False,3,0,97,0,PPO,gpu_heavy
293,20301.079479369226,3,8,0.0,0,6.0,-777.7836145193165,False,2,1,97,0,PPO,gpu_heavy
294,20449.093441047342,2,0,1.0,16,,-744.7006825669121,False,2,0,98,0,PPO,gpu_heavy
295,20449.093441047342,2,8,0.0,0,15.0,-383.42348550995064,False,1,1,98,0,PPO,gpu_heavy
296,20633.209134685152,1,0,1.0,16,,-339.0768759732543,False,1,0,99,0,PPO,gpu_heavy
297,20864.45930761335,1,8,0.0,0,58.0,38.13283952003076,False,0,0,100,0,PPO,gpu_heavy
1,27.629643409956465,1,8,0.0,0,0.0,0.9639160753915138,False,1,1,0,1,PPO,gpu_heavy
2,135.138380862119,1,3,0.625,16,,14.648065477857147,False,2,1,0,1,PPO,gpu_heavy
3,142.46692312011564,2,3,0.625,16,,-1.2982317115511397,False,3,1,0,1,PPO,gpu_heavy
4,144.7741639022517,3,3,0.625,16,,-2.2212445140825197,False,4,1,0,1,PPO,gpu_heavy
5,180.77010561536747,4,3,0.625,16,,0.16293966933379522,False,5,1,0,1,PPO,gpu_heavy
6,190.74288757245645,5,3,0.625,16,,-4.900457238254288,False,6,1,0,1,PPO,gpu_heavy
7,197.67078666708923,6,3,0.625,16,,-4.207568076869001,False,6,0,1,1,PPO,gpu_heavy
8,197.67078666708923,6,8,0.0,5,4.0,-6.232119855108623,False,5,1,1,1,PPO,gpu_heavy
9,201.7713151089306,5,1,0.875,16,,-5.745182102639961,False,6,1,1,1,PPO,gpu_heavy
10,202.36558394817612,6,1,0.875,16,,-6.5834886514172615,False,7,1,1,1,PPO,gpu_heavy
11,217.6469145466091,7,1,0.875,16,,-5.5100801753756254,False,8,1,1,1,PPO,gpu_heavy
12,238.47608283355922,8,1,0.875,16,,-7.629157606924519,False,9,1,1,1,PPO,gpu_heavy
13,243.0881226605439,9,1,0.875,16,,-12.006821626399203,False,10,1,1,1,PPO,gpu_heavy
14,276.6324158708635,10,1,0.875,16,,-12.38674984085861,False,11,1,1,1,PPO,gpu_heavy
15,280.80474742473456,11,1,0.875,16,,-19.72977939505836,False,12,1,1,1,PPO,gpu_heavy
16,296.5298578054646,12,1,0.875,16,,-20.976635518058167,False,13,1,1,1,PPO,gpu_heavy
17,299.1050741625105,13,1,0.875,16,,-24.522731088571007,False,14,1,1,1,PPO,gpu_heavy
18,317.5631491570578,14,1,0.875,16,,-26.216616760090822,False,15,1,1,1,PPO,gpu_heavy
19,326.8104292131303,15,1,0.875,16,,-31.005662169703932,False,16,1,1,1,PPO,gpu_heavy
20,340.5852320914066,16,1,0.875,16,,-34.423203473395276,False,17,1,1,1,PPO,gpu_heavy
21,393.56571861995087,17,1,0.875,16,,-43.860325594604205,False,18,1,1,1,PPO,gpu_heavy
22,400.78406083702663,18,1,0.875,16,,-54.46939786088521,False,18,0,2,1,PPO,gpu_heavy
23,400.78406083702663,18,8,0.0,5,7.0,-54.06815530630861,False,17,1,2,1,PPO,gpu_heavy
24,415.8560056327464,17,3,0.625,16,,-56.837625162522116,False,18,1,2,1,PPO,gpu_heavy
25,433.8316860858417,18,3,0.625,16,,-62.8551614291715,False,19,1,2,1,PPO,gpu_heavy
26,490.63103724399343,19,3,0.625,16,,-78.37271632160409,False,20,1,2,1,PPO,gpu_heavy
27,498.0938465993035,20,3,0.625,16,,-87.06667472042213,False,20,0,3,1,PPO,gpu_heavy
28,498.0938465993035,20,8,0.0,5,20.0,-88.58798186285819,False,19,1,3,1,PPO,gpu_heavy
29,531.2481010389806,19,0,1.0,16,,-92.89803494001622,False,20,1,3,1,PPO,gpu_heavy
30,554.5648610521872,20,0,1.0,16,,-104.68411255191648,False,21,1,3,1,PPO,gpu_heavy
31,561.1370461052595,21,0,1.0,16,,-111.63057401424041,False,22,1,3,1,PPO,gpu_heavy
32,589.8312111465665,22,0,1.0,16,,-118.72551163535682,False,23,1,3,1,PPO,gpu_heavy
33,592.9863107391486,23,0,1.0,16,,-126.56162381012582,False,24,1,3,1,PPO,gpu_heavy
34,663.1430342850044,24,0,1.0,16,,-141.48644512381819,False,24,0,4,1,PPO,gpu_heavy
35,663.1430342850044,24,8,0.0,5,14.0,-153.69336248069135,False,23,1,4,1,PPO,gpu_heavy
36,761.4449019014523,23,3,0.625,16,,-183.55255476918742,False,24,1,4,1,PPO,gpu_heavy
37,766.1637330787638,24,3,0.625,16,,-200.43994317791197,False,25,1,4,1,PPO,gpu_heavy
38,815.72625637613,25,3,0.625,16,,-218.21437793283653,False,26,1,4,1,PPO,gpu_heavy
39,853.7712854743176,26,3,0.625,16,,-239.79740153251566,False,27,1,4,1,PPO,gpu_heavy
40,860.1696306622418,27,3,0.625,16,,-248.19730229497347,False,28,1,4,1,PPO,gpu_heavy
41,896.1945292730177,28,3,0.625,16,,-263.74209654468734,False,29,1,4,1,PPO,gpu_heavy
42,897.150831775848,29,3,0.625,16,,-269.77622013819547,False,30,1,4,1,PPO,gpu_heavy
43,924.2643330680438,30,3,0.625,16,,-281.9572586026746,False,31,1,4,1,PPO,gpu_heavy
44,948.1964026339917,31,3,0.625,16,,-297.29224044078853,False,32,1,4,1,PPO,gpu_heavy
45,949.3809388652252,32,3,0.625,16,,-301.60464571232706,False,33,1,4,1,PPO,gpu_heavy
46,971.454710538674,33,3,0.625,16,,-312.90939197895716,False,34,1,4,1,PPO,gpu_heavy
47,984.525432654121,34,3,0.625,16,,-321.2042095108989,False,34,0,5,1,PPO,gpu_heavy
48,984.525432654121,34,8,0.0,5,5.0,-309.1714033006624,False,33,1,5,1,PPO,gpu_heavy
49,1046.5765695468797,33,2,0.75,16,,-338.49056548249087,False,34,1,5,1,PPO,gpu_heavy
50,1062.6023058398566,34,2,0.75,16,,-358.0178287741743,False,35,1,5,1,PPO,gpu_heavy
51,1073.9136785942476,35,2,0.75,16,,-366.8197328657328,False,36,1,5,1,PPO,gpu_heavy
52,1086.0383777251343,36,2,0.75,16,,-375.3970175443783,False,37,1,5,1,PPO,gpu_heavy
53,1109.3676018055162,37,2,0.75,16,,-390.5597949358305,False,38,1,5,1,PPO,gpu_heavy
54,1119.9468173569912,38,2,0.75,16,,-400.99062535412156,False,39,1,5,1,PPO,gpu_heavy
55,1125.3144130668388,39,2,0.75,16,,-406.1545287281079,False,40,1,5,1,PPO,gpu_heavy
56,1145.8490495650253,40,2,0.75,16,,-419.73841777884354,False,41,1,5,1,PPO,gpu_heavy
57,1174.6933683239022,41,2,0.75,16,,-441.83269373724306,False,42,1,5,1,PPO,gpu_heavy
58,1190.8999032475087,42,2,0.75,16,,-457.8157675421859,False,43,1,5,1,PPO,gpu_heavy
59,1235.7228853985885,43,2,0.75,16,,-490.99794833696313,False,44,1,5,1,PPO,gpu_heavy
60,1238.7012329018862,44,2,0.75,16,,-501.46476313632434,False,45,1,5,1,PPO,gpu_heavy
61,1243.9416637748018,45,2,0.75,16,,-503.75701029014493,False,45,0,6,1,PPO,gpu_heavy
62,1243.9416637748018,45,8,0.0,5,45.0,-504.36704606465736,False,44,1,6,1,PPO,gpu_heavy
63,1245.594246167274,44,3,0.625,16,,-505.563102571209,False,45,1,6,1,PPO,gpu_heavy
64,1248.096016879678,45,3,0.625,16,,-507.68201053738335,False,46,1,6,1,PPO,gpu_heavy
65,1248.625340857746,46,3,0.625,16,,-508.47718339944606,False,47,1,6,1,PPO,gpu_heavy
66,1260.9715700486388,47,3,0.625,16,,-518.2362473993812,False,48,1,6,1,PPO,gpu_heavy
67,1278.4384962275506,48,3,0.625,16,,-534.2043876267586,False,49,1,6,1,PPO,gpu_heavy
68,1320.412160540091,49,3,0.625,16,,-571.5094008196687,False,50,1,6,1,PPO,gpu_heavy
69,1334.4652337428608,50,3,0.625,16,,-589.9250663833403,False,51,1,6,1,PPO,gpu_heavy
70,1338.7849262306302,51,3,0.625,16,,-595.8519934575838,False,52,1,6,1,PPO,gpu_heavy
71,1338.9272344841734,52,3,0.625,16,,-596.6527103278665,False,53,1,6,1,PPO,gpu_heavy
72,1344.0974410060937,53,3,0.625,16,,-599.3475201366682,False,53,0,7,1,PPO,gpu_heavy
73,1344.0974410060937,53,8,0.0,5,10.0,-580.0429377422677,False,52,1,7,1,PPO,gpu_heavy
74,1344.2933581185418,52,0,1.0,16,,-580.1977122611016,False,53,1,7,1,PPO,gpu_heavy
75,1354.6861152610325,53,0,1.0,16,,-588.6648248246311,False,54,1,7,1,PPO,gpu_heavy
76,1379.5686614001843,54,0,1.0,16,,-611.9155274057498,False,55,1,7,1,PPO,gpu_heavy
77,1385.1045561895278,55,0,1.0,16,,-622.8416745114796,False,56,1,7,1,PPO,gpu_heavy
78,1400.9928268549452,56,0,1.0,16,,-638.0484436877286,False,57,1,7,1,PPO,gpu_heavy
79,1407.3399559387453,57,0,1.0,16,,-647.6694562386651,False,58,1,7,1,PPO,gpu_heavy
80,1458.2846849028954,58,0,1.0,16,,-695.6159418669918,False,59,1,7,1,PPO,gpu_heavy
81,1571.653707842948,59,0,1.0,16,,-813.7853154422783,False,60,1,7,1,PPO,gpu_heavy
82,1575.0909154339054,60,0,1.0,16,,-845.3929183887009,False,61,1,7,1,PPO,gpu_heavy
83,1590.1670629504897,61,0,1.0,16,,-860.876083377527,False,62,1,7,1,PPO,gpu_heavy
84,1611.6823950212804,62,0,1.0,16,,-885.9452990067559,False,63,1,7,1,PPO,gpu_heavy
85,1614.4387944584664,63,0,1.0,16,,-894.1080954560114,False,64,1,7,1,PPO,gpu_heavy
86,1615.881645283125,64,0,1.0,16,,-896.2833316647061,False,65,1,7,1,PPO,gpu_heavy
87,1643.3094855577162,65,0,1.0,16,,-925.4432766591917,False,66,1,7,1,PPO,gpu_heavy
88,1662.2487311895509,66,0,1.0,16,,-950.5652295539026,False,66,0,8,1,PPO,gpu_heavy
89,1662.2487311895509,66,8,0.0,5,64.0,-952.0749228751691,False,65,1,8,1,PPO,gpu_heavy
90,1683.8701349281512,65,0,1.0,16,,-974.7773968006995,False,66,1,8,1,PPO,gpu_heavy
91,1698.8703683517847,66,0,1.0,16,,-996.2329974986374,False,67,1,8,1,PPO,gpu_heavy
92,1711.6539176254676,67,0,1.0,16,,-1013.91712456286,False,68,1,8,1,PPO,gpu_heavy
93,1721.918014257559,68,0,1.0,16,,-1028.5061591429023,False,69,1,8,1,PPO,gpu_heavy
94,1735.447449132405,69,0,1.0,16,,-1046.360444709501,False,70,1,8,1,PPO,gpu_heavy
95,1780.7240808598096,70,0,1.0,16,,-1101.810929914728,False,71,1,8,1,PPO,gpu_heavy
96,1791.6666651867104,71,0,1.0,16,,-1125.932911509053,False,72,1,8,1,PPO,gpu_heavy
97,1817.2063783858005,72,0,1.0,16,,-1159.0608162976953,False,73,1,8,1,PPO,gpu_heavy
98,1818.6667710113907,73,0,1.0,16,,-1167.212819674432,False,74,1,8,1,PPO,gpu_heavy
99,1866.0722910061038,74,0,1.0,16,,-1225.8867074243267,False,75,1,8,1,PPO,gpu_heavy
100,1871.244758877506,75,0,1.0,16,,-1244.203672262258,False,76,1,8,1,PPO,gpu_heavy
101,1899.6004021125084,76,0,1.0,16,,-1281.5084561385613,False,77,1,8,1,PPO,gpu_heavy
102,1905.888582162903,77,0,1.0,16,,-1296.7091192123212,False,78,1,8,1,PPO,gpu_heavy
103,1908.1717589834227,78,0,1.0,16,,-1301.2721258598006,False,79,1,8,1,PPO,gpu_heavy
104,1920.0255297962456,79,0,1.0,16,,-1317.6084352459848,False,80,1,8,1,PPO,gpu_heavy
105,1934.8139645295557,80,0,1.0,16,,-1340.5362648391592,False,81,1,8,1,PPO,gpu_heavy
106,1935.4340614679388,81,0,1.0,16,,-1345.0829063280717,False,82,1,8,1,PPO,gpu_heavy
107,1940.252494119442,82,0,1.0,16,,-1351.9355519482567,False,83,1,8,1,PPO,gpu_heavy
108,1945.0647221926042,83,0,1.0,16,,-1359.9254016942912,False,84,1,8,1,PPO,gpu_heavy
109,1958.7886794311019,84,0,1.0,16,,-1380.7537175636335,False,85,1,8,1,PPO,gpu_heavy
110,1979.0240672544317,85,0,1.0,16,,-1411.5260192170863,False,85,0,9,1,PPO,gpu_heavy
111,1979.0240672544317,85,8,0.0,5,73.0,-1411.8705745389843,False,84,1,9,1,PPO,gpu_heavy
112,1991.015085020928,84,1,0.875,16,,-1429.392449250277,False,85,1,9,1,PPO,gpu_heavy
113,1998.4863670053783,85,1,0.875,16,,-1443.082320826165,False,86,1,9,1,PPO,gpu_heavy
114,2020.5976911760886,86,1,0.875,16,,-1477.9112891715422,False,87,1,9,1,PPO,gpu_heavy
115,2060.142167158451,87,1,0.875,16,,-1542.9051754220536,False,88,1,9,1,PPO,gpu_heavy
116,2072.682429190322,88,1,0.875,16,,-1570.8832083998172,False,89,1,9,1,PPO,gpu_heavy
117,2075.9775305250114,89,1,0.875,16,,-1578.7708676780726,False,90,1,9,1,PPO,gpu_heavy
118,2163.4108671758077,90,1,0.875,16,,-1715.7456346741078,False,90,0,10,1,PPO,gpu_heavy
119,2163.4108671758077,90,8,0.0,5,87.0,-1731.7668949026215,False,89,1,10,1,PPO,gpu_heavy
120,2163.4108671758077,89,4,0.5,11,34.0,-1706.4416941946224,False,88,2,10,1,PPO,gpu_heavy
121,2278.022902771627,88,0,1.0,16,,-1877.5058679443093,False,88,1,11,1,PPO,gpu_heavy
122,2278.022902771627,88,4,0.5,13,49.0,-1887.3128764958035,False,87,2,11,1,PPO,gpu_heavy
123,2321.2001719224463,87,0,1.0,16,,-1949.6470075305244,False,87,1,12,1,PPO,gpu_heavy
124,2321.2001719224463,87,4,0.5,15,58.0,-1942.793019904393,False,86,2,12,1,PPO,gpu_heavy
125,2419.67938633823,86,0,1.0,16,,-2085.557465095595,False,86,1,13,1,PPO,gpu_heavy
126,2419.67938633823,86,4,0.5,7,99.0,-2105.3032315832766,False,85,2,13,1,PPO,gpu_heavy
127,2484.040711948845,85,0,1.0,16,,-2196.6271537186685,False,85,1,14,1,PPO,gpu_heavy
128,2484.040711948845,85,4,0.5,1,22.0,-2174.849291627225,False,84,2,14,1,PPO,gpu_heavy
129,2666.3682669563323,84,0,1.0,16,,-2433.577695287932,False,84,1,15,1,PPO,gpu_heavy
130,2699.3999310608456,84,4,0.5,16,,-2530.523821722322,False,84,0,16,1,PPO,gpu_heavy
131,2699.3999310608456,84,8,0.0,5,93.0,-2521.840554702791,False,83,1,16,1,PPO,gpu_heavy
132,2826.5139768733793,83,1,0.875,16,,-2703.043673230105,False,83,0,17,1,PPO,gpu_heavy
133,2826.5139768733793,83,8,0.0,5,23.0,-2686.944553234909,False,82,1,17,1,PPO,gpu_heavy
134,3016.2215739709522,82,0,1.0,16,,-2948.6381132005354,False,82,0,18,1,PPO,gpu_heavy
135,3016.2215739709522,82,8,0.0,5,30.0,-2954.055106123032,False,81,1,18,1,PPO,gpu_heavy
136,3228.137977560666,81,0,1.0,16,,-3242.38057904094,False,81,0,19,1,PPO,gpu_heavy
137,3228.137977560666,81,8,0.0,5,33.0,-3250.7208109726157,False,80,1,19,1,PPO,gpu_heavy
138,3580.968650388244,80,1,0.875,16,,-3736.0681778157077,False,80,0,20,1,PPO,gpu_heavy
139,3580.968650388244,80,8,0.0,5,35.0,-3762.1158011503367,False,79,1,20,1,PPO,gpu_heavy
140,3666.5404284051415,79,3,0.625,16,,-3881.948620101894,False,79,0,21,1,PPO,gpu_heavy
141,3666.5404284051415,79,8,0.0,5,44.0,-3846.387338196071,False,78,1,21,1,PPO,gpu_heavy
142,4013.8482795383793,78,3,0.625,16,,-4331.9207342243535,False,78,0,22,1,PPO,gpu_heavy
143,4013.8482795383793,78,8,0.0,5,50.0,-4332.684645031192,False,77,1,22,1,PPO,gpu_heavy
144,4204.971946721947,77,1,0.875,16,,-4583.206790297481,False,77,0,23,1,PPO,gpu_heavy
145,4204.971946721947,77,8,0.0,5,55.0,-4568.484423483998,False,76,1,23,1,PPO,gpu_heavy
146,4309.912752872473,76,1,0.875,16,,-4703.03864748737,False,76,0,24,1,PPO,gpu_heavy
147,4309.912752872473,76,8,0.0,5,60.0,-4668.68206093772,False,75,1,24,1,PPO,gpu_heavy
148,4644.436498426513,75,2,0.75,16,,-5105.744476977398,False,75,0,25,1,PPO,gpu_heavy
149,4644.436498426513,75,8,0.0,5,61.0,-5104.67267160547,False,74,1,25,1,PPO,gpu_heavy
150,4932.340758317595,74,0,1.0,16,,-5456.794911271501,False,74,0,26,1,PPO,gpu_heavy
151,4932.340758317595,74,8,0.0,5,62.0,-5459.715534305923,False,73,1,26,1,PPO,gpu_heavy
152,5000.462955070391,73,2,0.75,16,,-5544.401029673857,False,73,0,27,1,PPO,gpu_heavy
153,5000.462955070391,73,8,0.0,5,71.0,-5491.4534583527675,False,72,1,27,1,PPO,gpu_heavy
154,5082.664516647137,72,2,0.75,16,,-5592.410914227642,False,72,0,28,1,PPO,gpu_heavy
155,5082.664516647137,72,8,0.0,5,82.0,-5544.543752110567,False,71,1,28,1,PPO,gpu_heavy
156,5452.976835151635,71,2,0.75,16,,-5998.953684667361,False,71,0,29,1,PPO,gpu_heavy
157,5452.976835151635,71,8,0.0,5,96.0,-6001.739661507442,False,70,1,29,1,PPO,gpu_heavy
158,5452.976835151635,70,4,0.5,12,37.0,-5911.667743581714,False,69,2,29,1,PPO,gpu_heavy
159,5524.5002003272475,69,0,1.0,16,,-5990.489146230157,False,69,1,30,1,PPO,gpu_heavy
160,5848.706211675173,69,4,0.5,16,,-6415.2485317657065,False,69,0,31,1,PPO,gpu_heavy
161,5848.706211675173,69,8,0.0,5,1.0,-6341.352751818893,False,68,1,31,1,PPO,gpu_heavy
162,6247.394216315506,68,0,1.0,16,,-6781.896436969662,False,68,0,32,1,PPO,gpu_heavy
163,6247.394216315506,68,8,0.0,5,11.0,-6763.482316256646,False,67,1,32,1,PPO,gpu_heavy
164,6541.8684691675135,67,1,0.875,16,,-7091.661572266959,False,67,0,33,1,PPO,gpu_heavy
165,6541.8684691675135,67,8,0.0,5,12.0,-7032.773094012403,False,66,1,33,1,PPO,gpu_heavy
166,6767.941206376591,66,3,0.625,16,,-7293.8652419394675,False,66,0,34,1,PPO,gpu_heavy
167,6767.941206376591,66,8,0.0,5,15.0,-7201.812384484104,False,65,1,34,1,PPO,gpu_heavy
168,7156.0302393297015,65,1,0.875,16,,-7619.433651364655,False,65,0,35,1,PPO,gpu_heavy
169,7156.0302393297015,65,8,0.0,5,16.0,-7569.5587855196945,False,64,1,35,1,PPO,gpu_heavy
170,7504.00968534517,64,2,0.75,16,,-7947.726330291593,False,64,0,36,1,PPO,gpu_heavy
171,7504.00968534517,64,8,0.0,5,24.0,-7875.983579933634,False,63,1,36,1,PPO,gpu_heavy
172,7731.824015725924,63,1,0.875,16,,-8111.195251442595,False,63,0,37,1,PPO,gpu_heavy
173,7731.824015725924,63,8,0.0,5,26.0,-8020.189780121797,False,62,1,37,1,PPO,gpu_heavy
174,8099.524889804088,62,0,1.0,16,,-8382.213645459182,False,62,0,38,1,PPO,gpu_heavy
175,8099.524889804088,62,8,0.0,5,40.0,-8335.400412299436,False,61,1,38,1,PPO,gpu_heavy
176,8403.431276680209,61,1,0.875,16,,-8637.686682159152,False,61,0,39,1,PPO,gpu_heavy
177,8403.431276680209,61,8,0.0,5,43.0,-8560.284930790809,False,60,1,39,1,PPO,gpu_heavy
178,8787.842731214867,60,3,0.625,16,,-8959.51438646136,False,60,0,40,1,PPO,gpu_heavy
179,8787.842731214867,60,8,0.0,5,52.0,-8870.783741945696,False,59,1,40,1,PPO,gpu_heavy
180,9148.580051965026,59,3,0.625,16,,-9238.08857406367,False,59,0,41,1,PPO,gpu_heavy
181,9148.580051965026,59,8,0.0,5,57.0,-9140.17148406644,False,58,1,41,1,PPO,gpu_heavy
182,9523.693820766945,58,2,0.75,16,,-9502.969624226307,False,58,0,42,1,PPO,gpu_heavy
183,9523.693820766945,58,8,0.0,5,59.0,-9411.60812415101,False,57,1,42,1,PPO,gpu_heavy
184,9798.489566115883,57,0,1.0,16,,-9654.176337511566,False,57,0,43,1,PPO,gpu_heavy
185,9798.489566115883,57,8,0.0,5,66.0,-9558.07117622454,False,56,1,43,1,PPO,gpu_heavy
186,10028.144959900268,56,2,0.75,16,,-9770.22483092848,False,56,0,44,1,PPO,gpu_heavy
187,10028.144959900268,56,8,0.0,5,67.0,-9646.155392221905,False,55,1,44,1,PPO,gpu_heavy
188,10416.810174332133,55,3,0.625,16,,-10010.958188341978,False,55,0,45,1,PPO,gpu_heavy
189,10416.810174332133,55,8,0.0,5,68.0,-9896.852742918993,False,54,1,45,1,PPO,gpu_heavy
190,10495.806642442969,54,3,0.625,16,,-9967.825730336377,False,54,0,46,1,PPO,gpu_heavy
191,10495.806642442969,54,8,0.0,5,76.0,-9806.485873982345,False,53,1,46,1,PPO,gpu_heavy
192,10646.651781173397,53,0,1.0,16,,-9926.670436353992,False,53,0,47,1,PPO,gpu_heavy
193,10646.651781173397,53,8,0.0,5,81.0,-9789.792812980848,False,52,1,47,1,PPO,gpu_heavy
194,10779.127771158051,52,3,0.625,16,,-9904.868469129786,False,52,0,48,1,PPO,gpu_heavy
195,10779.127771158051,52,8,0.0,5,83.0,-9749.306732961848,False,51,1,48,1,PPO,gpu_heavy
196,10898.418298010874,51,3,0.625,16,,-9850.343925530975,False,51,0,49,1,PPO,gpu_heavy
197,10898.418298010874,51,8,0.0,5,84.0,-9690.439599569061,False,50,1,49,1,PPO,gpu_heavy
198,11170.27018685633,50,2,0.75,16,,-9909.319259255994,False,50,0,50,1,PPO,gpu_heavy
199,11170.27018685633,50,8,0.0,5,85.0,-9776.87809271964,False,49,1,50,1,PPO,gpu_heavy
200,11513.522408251232,49,1,0.875,16,,-10036.17884625651,False,49,0,51,1,PPO,gpu_heavy
201,11513.522408251232,49,8,0.0,5,88.0,-9921.395332117545,False,48,1,51,1,PPO,gpu_heavy
202,11788.515623655083,48,3,0.625,16,,-10140.42112899839,False,48,0,52,1,PPO,gpu_heavy
203,11788.515623655083,48,8,0.0,5,94.0,-9989.438808132558,False,47,1,52,1,PPO,gpu_heavy
204,12057.239922160115,47,1,0.875,16,,-10181.256208429313,False,47,0,53,1,PPO,gpu_heavy
205,12057.239922160115,47,8,0.0,5,97.0,-10042.097693627255,False,46,1,53,1,PPO,gpu_heavy
206,12393.96518269395,46,0,1.0,16,,-10265.703618184923,False,46,0,54,1,PPO,gpu_heavy
207,12393.96518269395,46,8,0.0,5,98.0,-10145.45927824831,False,45,1,54,1,PPO,gpu_heavy
208,12551.372131014296,45,2,0.75,16,,-10255.611728926557,False,45,0,55,1,PPO,gpu_heavy
209,12551.372131014296,45,8,0.0,5,2.0,-10038.800856733576,False,44,1,55,1,PPO,gpu_heavy
210,12551.372131014296,44,4,0.5,6,8.0,-9791.820725792255,False,43,2,55,1,PPO,gpu_heavy
211,12636.256755627224,43,0,1.0,16,,-9841.600346806143,False,43,1,56,1,PPO,gpu_heavy
212,12636.256755627224,43,4,0.5,10,21.0,-9620.773001568547,False,42,2,56,1,PPO,gpu_heavy
213,12718.177655519079,42,0,1.0,16,,-9667.106332504742,False,42,1,57,1,PPO,gpu_heavy
214,12718.177655519079,42,4,0.5,15,47.0,-9458.7168717338,False,41,2,57,1,PPO,gpu_heavy
215,12764.66584387361,41,0,1.0,16,,-9483.215139095884,False,41,1,58,1,PPO,gpu_heavy
216,12764.66584387361,41,4,0.5,15,53.0,-9266.516376124198,False,40,2,58,1,PPO,gpu_heavy
217,12876.209171659353,40,0,1.0,16,,-9325.865206406357,False,40,1,59,1,PPO,gpu_heavy
218,12876.209171659353,40,4,0.5,15,56.0,-9124.63509813041,False,39,2,59,1,PPO,gpu_heavy
219,13105.581781775807,39,0,1.0,16,,-9244.202581492129,False,39,1,60,1,PPO,gpu_heavy
220,13233.519180149793,39,4,0.5,16,,-9385.344729956203,False,39,0,61,1,PPO,gpu_heavy
221,13233.519180149793,39,8,0.0,5,3.0,-9141.515859612358,False,38,1,61,1,PPO,gpu_heavy
222,13530.80299418204,38,0,1.0,16,,-9291.130604768803,False,38,0,62,1,PPO,gpu_heavy
223,13530.80299418204,38,8,0.0,5,9.0,-9101.188436684157,False,37,1,62,1,PPO,gpu_heavy
224,13921.177585892758,37,1,0.875,16,,-9302.671192613368,False,37,0,63,1,PPO,gpu_heavy
225,13921.177585892758,37,8,0.0,5,13.0,-9117.258177780726,False,36,1,63,1,PPO,gpu_heavy
226,14153.239659552744,36,2,0.75,16,,-9238.83123200467,False,36,0,64,1,PPO,gpu_heavy
227,14153.239659552744,36,8,0.0,5,18.0,-9008.089782266692,False,35,1,64,1,PPO,gpu_heavy
228,14499.257177068155,35,0,1.0,16,,-9161.797665148624,False,35,0,65,1,PPO,gpu_heavy
229,14499.257177068155,35,8,0.0,5,19.0,-8968.188215358516,False,34,1,65,1,PPO,gpu_heavy
230,14771.846081769292,34,2,0.75,16,,-9100.438250923826,False,34,0,66,1,PPO,gpu_heavy
231,14771.846081769292,34,8,0.0,5,28.0,-8873.340646957931,False,33,1,66,1,PPO,gpu_heavy
232,15037.77835231223,33,3,0.625,16,,-9005.304028243936,False,33,0,67,1,PPO,gpu_heavy
233,15037.77835231223,33,8,0.0,5,31.0,-8765.175804179513,False,32,1,67,1,PPO,gpu_heavy
234,15141.169385720894,32,2,0.75,16,,-8809.96024679693,False,32,0,68,1,PPO,gpu_heavy
235,15141.169385720894,32,8,0.0,5,32.0,-8545.726070459883,False,31,1,68,1,PPO,gpu_heavy
236,15333.010885043917,31,3,0.625,16,,-8632.692565770934,False,31,0,69,1,PPO,gpu_heavy
237,15333.010885043917,31,8,0.0,5,41.0,-8379.485855911165,False,30,1,69,1,PPO,gpu_heavy
238,15408.646526471894,30,0,1.0,16,,-8403.958330410958,False,30,0,70,1,PPO,gpu_heavy
239,15408.646526471894,30,8,0.0,5,46.0,-8139.611291229813,False,29,1,70,1,PPO,gpu_heavy
240,15672.484847310008,29,1,0.875,16,,-8232.922884632582,False,29,0,71,1,PPO,gpu_heavy
241,15672.484847310008,29,8,0.0,5,69.0,-8010.991161628729,False,28,1,71,1,PPO,gpu_heavy
242,15943.393836232686,28,2,0.75,16,,-8109.904760002427,False,28,0,72,1,PPO,gpu_heavy
243,15943.393836232686,28,8,0.0,5,70.0,-7876.065966601201,False,27,1,72,1,PPO,gpu_heavy
244,16325.375933602822,27,2,0.75,16,,-8008.714655924174,False,27,0,73,1,PPO,gpu_heavy
245,16325.375933602822,27,8,0.0,5,77.0,-7790.267140794168,False,26,1,73,1,PPO,gpu_heavy
246,16325.375933602822,26,4,0.5,15,51.0,-7488.671507045458,False,25,2,73,1,PPO,gpu_heavy
247,16458.9701508025,25,0,1.0,16,,-7520.070061345377,False,25,1,74,1,PPO,gpu_heavy
248,16458.9701508025,25,4,0.5,7,90.0,-7264.9978938586055,False,24,2,74,1,PPO,gpu_heavy
249,16638.99838286277,24,0,1.0,16,,-7304.404387232468,False,24,1,75,1,PPO,gpu_heavy
250,16664.371508215412,24,4,0.5,16,,-7358.418904747722,False,24,0,76,1,PPO,gpu_heavy
251,16664.371508215412,24,8,0.0,5,80.0,-7066.136448556229,False,23,1,76,1,PPO,gpu_heavy
252,16901.926317718688,23,0,1.0,16,,-7114.022958551916,False,23,0,77,1,PPO,gpu_heavy
253,16901.926317718688,23,8,0.0,5,89.0,-6876.069413863954,False,22,1,77,1,PPO,gpu_heavy
254,17031.254826951954,22,0,1.0,16,,-6898.641830618274,False,22,0,78,1,PPO,gpu_heavy
255,17031.254826951954,22,8,0.0,5,95.0,-6632.3185887276595,False,21,1,78,1,PPO,gpu_heavy
256,17253.304466473786,21,0,1.0,16,,-6668.067027446371,False,21,0,79,1,PPO,gpu_heavy
257,17253.304466473786,21,8,0.0,5,17.0,-6387.049556581615,False,20,1,79,1,PPO,gpu_heavy
258,17377.164878946045,20,0,1.0,16,,-6403.628618452455,False,20,0,80,1,PPO,gpu_heavy
259,17377.164878946045,20,8,0.0,5,27.0,-6100.910150206381,False,19,1,80,1,PPO,gpu_heavy
260,17776.833678936186,19,3,0.625,16,,-6188.336044204174,False,19,0,81,1,PPO,gpu_heavy
261,17776.833678936186,19,8,0.0,5,38.0,-5916.6767148346835,False,18,1,81,1,PPO,gpu_heavy
262,18030.825642240034,18,0,1.0,16,,-5942.615830798108,False,18,0,82,1,PPO,gpu_heavy
263,18030.825642240034,18,8,0.0,5,39.0,-5668.428840170207,False,17,1,82,1,PPO,gpu_heavy
264,18143.30587730615,17,2,0.75,16,,-5683.582076017789,False,17,0,83,1,PPO,gpu_heavy
265,18143.30587730615,17,8,0.0,5,42.0,-5365.526770101065,False,16,1,83,1,PPO,gpu_heavy
266,18385.87638436056,16,2,0.75,16,,-5395.667362285774,False,16,0,84,1,PPO,gpu_heavy
267,18385.87638436056,16,8,0.0,5,48.0,-5099.249802736215,False,15,1,84,1,PPO,gpu_heavy
268,18667.10501042444,15,1,0.875,16,,-5120.099628603906,False,15,0,85,1,PPO,gpu_heavy
269,18667.10501042444,15,8,0.0,5,54.0,-4835.495721747864,False,14,1,85,1,PPO,gpu_heavy
270,19054.58679411595,14,1,0.875,16,,-4857.228980998968,False,14,0,86,1,PPO,gpu_heavy
271,19054.58679411595,14,8,0.0,5,63.0,-4590.6009764229575,False,13,1,86,1,PPO,gpu_heavy
272,19334.132058406223,13,2,0.75,16,,-4608.868008084002,False,13,0,87,1,PPO,gpu_heavy
273,19334.132058406223,13,8,0.0,5,65.0,-4304.74690308908,False,12,1,87,1,PPO,gpu_heavy
274,19488.3573922627,12,2,0.75,16,,-4310.843733116544,False,12,0,88,1,PPO,gpu_heavy
275,19488.3573922627,12,8,0.0,5,72.0,-3984.311468275043,False,11,1,88,1,PPO,gpu_heavy
276,19595.217136051237,11,3,0.625,16,,-3989.123776941562,False,11,0,89,1,PPO,gpu_heavy
277,19595.217136051237,11,8,0.0,5,74.0,-3649.593671886059,False,10,1,89,1,PPO,gpu_heavy
278,19671.038424756687,10,2,0.75,16,,-3648.541437994877,False,10,0,90,1,PPO,gpu_heavy
279,19671.038424756687,10,8,0.0,5,75.0,-3305.314568499051,False,9,1,90,1,PPO,gpu_heavy
280,19823.445369399666,9,3,0.625,16,,-3306.9342334343214,False,9,0,91,1,PPO,gpu_heavy
281,19823.445369399666,9,8,0.0,5,78.0,-2970.9878601294417,False,8,1,91,1,PPO,gpu_heavy
282,20166.070746335663,8,0,1.0,16,,-2938.151576205202,False,8,0,92,1,PPO,gpu_heavy
283,20166.070746335663,8,8,0.0,5,79.0,-2658.100987129684,False,7,1,92,1,PPO,gpu_heavy
284,20292.963577754883,7,0,1.0,16,,-2642.14277567357,False,7,0,93,1,PPO,gpu_heavy
285,20292.963577754883,7,8,0.0,5,86.0,-2308.1244836165356,False,6,1,93,1,PPO,gpu_heavy
286,20629.298456516586,6,2,0.75,16,,-2283.4218793001205,False,6,0,94,1,PPO,gpu_heavy
287,20629.298456516586,6,8,0.0,5,91.0,-1974.703749819997,False,5,1,94,1,PPO,gpu_heavy
288,20924.338893242988,5,0,1.0,16,,-1928.447684311037,False,5,0,95,1,PPO,gpu_heavy
289,20924.338893242988,5,8,0.0,4,92.0,-1624.6223100716295,False,4,1,95,1,PPO,gpu_heavy
290,21305.603502700476,4,2,0.75,16,,-1581.6363645549495,False,4,0,96,1,PPO,gpu_heavy
291,21305.603502700476,4,8,0.0,0,6.0,-1232.8262665256684,False,3,1,96,1,PPO,gpu_heavy
292,21489.70597229339,3,2,0.75,16,,-1207.353201652572,False,3,0,97,1,PPO,gpu_heavy
293,21489.70597229339,3,8,0.0,0,25.0,-825.3010361774805,False,2,1,97,1,PPO,gpu_heavy
294,21804.100078379437,2,2,0.75,16,,-776.9279055297884,False,2,0,98,1,PPO,gpu_heavy
295,21804.100078379437,2,8,0.0,0,29.0,-417.11807351490893,False,1,1,98,1,PPO,gpu_heavy
296,21987.417009779107,1,3,0.625,16,,-390.14114161170414,False,1,0,99,1,PPO,gpu_heavy
297,22310.54107094604,1,8,0.0,0,36.0,82.78101529173364,False,0,0,100,1,PPO,gpu_heavy
1,6.972880050441136,1,8,0.0,0,0.0,0.9571750410165576,False,1,1,0,2,PPO,gpu_heavy
2,17.24245991812938,1,1,0.875,16,,2.0410789987030387,False,2,1,0,2,PPO,gpu_heavy
3,31.39221599796156,2,1,0.875,16,,2.3238773019162373,False,3,1,0,2,PPO,gpu_heavy
4,55.65530449415441,3,1,0.875,16,,3.0803834582235616,False,4,1,0,2,PPO,gpu_heavy
5,82.4507693474009,4,1,0.875,16,,1.4907035980693273,False,5,1,0,2,PPO,gpu_heavy
6,87.40306514457953,5,1,0.875,16,,-3.7827192126633786,False,6,1,0,2,PPO,gpu_heavy
7,90.89280257251956,6,1,0.875,16,,-4.521422347287126,False,7,1,0,2,PPO,gpu_heavy
8,101.00580178438733,7,1,0.875,16,,-4.4884037217144215,False,8,1,0,2,PPO,gpu_heavy
9,112.50923420407914,8,1,0.875,16,,-6.024795644653603,False,9,1,0,2,PPO,gpu_heavy
10,149.46911724846703,9,1,0.875,16,,-7.10897601849115,False,10,1,0,2,PPO,gpu_heavy
11,156.6011868832685,10,1,0.875,16,,-15.060224128798477,False,11,1,0,2,PPO,gpu_heavy
12,175.1426736797265,11,1,0.875,16,,-16.643541219906872,False,12,1,0,2,PPO,gpu_heavy
13,196.5110212072165,12,1,0.875,16,,-21.153568841591223,False,13,1,0,2,PPO,gpu_heavy
14,205.35621296720413,13,1,0.875,16,,-26.192759023329142,False,14,1,0,2,PPO,gpu_heavy
15,261.1434018036386,14,1,0.875,16,,-31.544610037058057,False,15,1,0,2,PPO,gpu_heavy
16,271.1286327268154,15,1,0.875,16,,-42.55935760753622,False,15,0,1,2,PPO,gpu_heavy
17,271.1286327268154,15,8,0.0,5,12.0,-44.82390769103936,False,14,1,1,2,PPO,gpu_heavy
18,271.1286327268154,14,4,0.5,5,4.0,-40.51444112638614,False,13,2,1,2,PPO,gpu_heavy
19,294.1947812501545,13,0,1.0,16,,-40.74510261161953,False,14,2,1,2,PPO,gpu_heavy
20,350.78452779716883,14,0,1.0,16,,-48.20933213886474,False,15,2,1,2,PPO,gpu_heavy
21,352.27237859947854,15,0,1.0,16,,-62.4311613157338,False,16,2,1,2,PPO,gpu_heavy
22,355.34643889722577,16,0,1.0,16,,-63.01830823715354,False,17,2,1,2,PPO,gpu_heavy
23,357.1015552217223,17,0,1.0,16,,-63.944783780795035,False,18,2,1,2,PPO,gpu_heavy
24,369.5569811185618,18,0,1.0,16,,-65.75365971057151,False,19,2,1,2,PPO,gpu_heavy
25,406.38497687975416,19,0,1.0,16,,-73.6551556337364,False,20,2,1,2,PPO,gpu_heavy
26,437.06586300091107,20,0,1.0,16,,-87.46428749220802,False,21,2,1,2,PPO,gpu_heavy
27,452.76896868585146,21,0,1.0,16,,-97.80403698893711,False,22,2,1,2,PPO,gpu_heavy
28,474.8907904214607,22,0,1.0,16,,-105.93295953993795,False,23,2,1,2,PPO,gpu_heavy
29,494.35048988055155,23,0,1.0,16,,-115.54995186024937,False,24,2,1,2,PPO,gpu_heavy
30,517.3536301431905,24,0,1.0,16,,-125.70559898542902,False,25,2,1,2,PPO,gpu_heavy
31,517.6837005637531,25,0,1.0,16,,-129.5389016562294,False,25,1,2,2,PPO,gpu_heavy
32,517.6837005637531,25,4,0.5,12,26.0,-131.15475504770603,False,24,2,2,2,PPO,gpu_heavy
33,528.4634962474871,24,0,1.0,16,,-133.63410805496486,False,25,2,2,2,PPO,gpu_heavy
34,538.568550611862,25,0,1.0,16,,-138.85532056699208,False,26,2,2,2,PPO,gpu_heavy
35,542.9223664774189,26,0,1.0,16,,-142.55711444178615,False,27,2,2,2,PPO,gpu_heavy
36,550.5205664327619,27,0,1.0,16,,-145.84904639522486,False,28,2,2,2,PPO,gpu_heavy
37,578.4091845883927,28,0,1.0,16,,-156.39406801230618,False,29,2,2,2,PPO,gpu_heavy
38,595.4503942427054,29,0,1.0,16,,-168.98982173713705,False,30,2,2,2,PPO,gpu_heavy
39,633.7470217665121,30,0,1.0,16,,-186.65394378404758,False,31,2,2,2,PPO,gpu_heavy
40,638.2601279030114,31,0,1.0,16,,-195.897949935504,False,31,1,3,2,PPO,gpu_heavy
41,638.2601279030114,31,4,0.5,15,1.0,-186.4004815125774,False,30,2,3,2,PPO,gpu_heavy
42,648.1600163624943,30,0,1.0,16,,-189.8654424733964,False,31,2,3,2,PPO,gpu_heavy
43,655.6174434215523,31,0,1.0,16,,-195.09966260011856,False,32,2,3,2,PPO,gpu_heavy
44,676.8121117282889,32,0,1.0,16,,-205.22994000451035,False,33,2,3,2,PPO,gpu_heavy
45,747.23079344806,33,0,1.0,16,,-239.40026658630066,False,34,2,3,2,PPO,gpu_heavy
46,766.2870629515228,34,0,1.0,16,,-265.19913290273246,False,35,2,3,2,PPO,gpu_heavy
47,787.0629564033645,35,0,1.0,16,,-279.31235233192695,False,36,2,3,2,PPO,gpu_heavy
48,792.9963900729007,36,0,1.0,16,,-287.2950395195694,False,37,2,3,2,PPO,gpu_heavy
49,804.5968012301458,37,0,1.0,16,,-294.4625994040035,False,38,2,3,2,PPO,gpu_heavy
50,828.229015872249,38,0,1.0,16,,-307.41513166078744,False,38,1,4,2,PPO,gpu_heavy
51,828.229015872249,38,4,0.5,3,14.0,-302.8657292632123,False,37,2,4,2,PPO,gpu_heavy
52,844.1883335785,37,0,1.0,16,,-310.6857949392753,False,38,2,4,2,PPO,gpu_heavy
53,853.5609233931896,38,0,1.0,16,,-319.4556451713297,False,39,2,4,2,PPO,gpu_heavy
54,855.7613955028149,39,0,1.0,16,,-322.96504284310356,False,40,2,4,2,PPO,gpu_heavy
55,879.7011048626312,40,0,1.0,16,,-336.68200101840887,False,41,2,4,2,PPO,gpu_heavy
56,884.7358865132509,41,0,1.0,16,,-345.53675389921614,False,42,2,4,2,PPO,gpu_heavy
57,889.9417870545029,42,0,1.0,16,,-349.86693063120975,False,43,2,4,2,PPO,gpu_heavy
58,891.5604506647916,43,0,1.0,16,,-352.15579056879886,False,44,2,4,2,PPO,gpu_heavy
59,907.6021333216364,44,0,1.0,16,,-362.6667165451833,False,45,2,4,2,PPO,gpu_heavy
60,922.0635992531141,45,0,1.0,16,,-376.077090064855,False,46,2,4,2,PPO,gpu_heavy
61,939.8862507373777,46,0,1.0,16,,-391.6336330421811,False,47,2,4,2,PPO,gpu_heavy
62,957.9364046388614,47,0,1.0,16,,-406.5439021052707,False,47,1,5,2,PPO,gpu_heavy
63,993.2337099496997,47,4,0.5,16,,-441.8237444089748,False,48,1,5,2,PPO,gpu_heavy
64,1001.1257562347957,48,4,0.5,16,,-452.8257662208848,False,49,1,5,2,PPO,gpu_heavy
65,1025.2959136903573,49,4,0.5,16,,-472.477756631027,False,49,0,6,2,PPO,gpu_heavy
66,1025.2959136903573,49,8,0.0,5,30.0,-467.8515553687134,False,48,1,6,2,PPO,gpu_heavy
67,1036.4152883432473,48,2,0.75,16,,-476.4412722880709,False,49,1,6,2,PPO,gpu_heavy
68,1043.322611917803,49,2,0.75,16,,-484.00020896832314,False,50,1,6,2,PPO,gpu_heavy
69,1074.0642760172695,50,2,0.75,16,,-510.27293421936895,False,51,1,6,2,PPO,gpu_heavy
70,1079.5752735225624,51,2,0.75,16,,-520.6249016611752,False,52,1,6,2,PPO,gpu_heavy
71,1088.6245400014718,52,2,0.75,16,,-529.3727133666879,False,53,1,6,2,PPO,gpu_heavy
72,1095.22505359966,53,2,0.75,16,,-536.8283989459027,False,54,1,6,2,PPO,gpu_heavy
73,1097.3824535572169,54,2,0.75,16,,-539.9914747076823,False,55,1,6,2,PPO,gpu_heavy
74,1113.0277444380383,55,2,0.75,16,,-554.6723151284739,False,56,1,6,2,PPO,gpu_heavy
75,1125.0188420716197,56,2,0.75,16,,-568.7875057119426,False,57,1,6,2,PPO,gpu_heavy
76,1125.8721675734637,57,2,0.75,16,,-571.8486290587455,False,58,1,6,2,PPO,gpu_heavy
77,1154.9711447652649,58,2,0.75,16,,-600.3073829093679,False,59,1,6,2,PPO,gpu_heavy
78,1163.3282670713452,59,2,0.75,16,,-614.0578850216152,False,60,1,6,2,PPO,gpu_heavy
79,1221.7094103667866,60,2,0.75,16,,-674.7357530406398,False,61,1,6,2,PPO,gpu_heavy
80,1247.3618287272727,61,2,0.75,16,,-712.168339365737,False,62,1,6,2,PPO,gpu_heavy
81,1250.9659582203788,62,2,0.75,16,,-720.7715140998221,False,63,1,6,2,PPO,gpu_heavy
82,1263.47001172477,63,2,0.75,16,,-734.8578857632393,False,64,1,6,2,PPO,gpu_heavy
83,1287.5500194613226,64,2,0.75,16,,-763.5098042474963,False,65,1,6,2,PPO,gpu_heavy
84,1328.3201560179964,65,2,0.75,16,,-811.3815826173994,False,65,0,7,2,PPO,gpu_heavy
85,1328.3201560179964,65,8,0.0,5,39.0,-809.7853213604465,False,64,1,7,2,PPO,gpu_heavy
86,1391.720579398235,64,3,0.625,16,,-881.0315471339894,False,65,1,7,2,PPO,gpu_heavy
87,1438.6435924675268,65,3,0.625,16,,-944.6060594851542,False,66,1,7,2,PPO,gpu_heavy
88,1440.5459278001065,66,3,0.625,16,,-952.1516230205207,False,66,0,8,2,PPO,gpu_heavy
89,1440.5459278001065,66,8,0.0,5,41.0,-941.497872161692,False,65,1,8,2,PPO,gpu_heavy
90,1450.5026582346588,65,0,1.0,16,,-951.9524391179721,False,66,1,8,2,PPO,gpu_heavy
91,1465.233396657998,66,0,1.0,16,,-970.203511839583,False,67,1,8,2,PPO,gpu_heavy
92,1512.1342951903791,67,0,1.0,16,,-1025.0081758457131,False,68,1,8,2,PPO,gpu_heavy
93,1529.9156594047304,68,0,1.0,16,,-1056.4707147567385,False,69,1,8,2,PPO,gpu_heavy
94,1579.0960085201934,69,0,1.0,16,,-1116.4898503107995,False,70,1,8,2,PPO,gpu_heavy
95,1580.620359298512,70,0,1.0,16,,-1130.5379409847317,False,71,1,8,2,PPO,gpu_heavy
96,1583.0742899848826,71,0,1.0,16,,-1133.790127582365,False,72,1,8,2,PPO,gpu_heavy
97,1584.0395289808318,72,0,1.0,16,,-1133.5522446591372,False,72,0,9,2,PPO,gpu_heavy
98,1584.0395289808318,72,8,0.0,5,47.0,-1121.807481558773,False,71,1,9,2,PPO,gpu_heavy
99,1590.9456986246096,71,0,1.0,16,,-1129.8877000419927,False,72,1,9,2,PPO,gpu_heavy
100,1618.7735419562996,72,0,1.0,16,,-1164.7293760176483,False,73,1,9,2,PPO,gpu_heavy
101,1674.773039671019,73,0,1.0,16,,-1239.4457290853816,False,74,1,9,2,PPO,gpu_heavy
102,1675.122721973588,74,0,1.0,16,,-1253.8757127462213,False,75,1,9,2,PPO,gpu_heavy
103,1684.4493018437486,75,0,1.0,16,,-1265.6213581595641,False,76,1,9,2,PPO,gpu_heavy
104,1684.7459083278814,76,0,1.0,16,,-1268.3296933619529,False,77,1,9,2,PPO,gpu_heavy
105,1697.242975812513,77,0,1.0,16,,-1284.5250620381607,False,78,1,9,2,PPO,gpu_heavy
106,1699.339772833866,78,0,1.0,16,,-1290.3961330072912,False,79,1,9,2,PPO,gpu_heavy
107,1703.3114572367351,79,0,1.0,16,,-1296.2026725184455,False,80,1,9,2,PPO,gpu_heavy
108,1761.6614019295296,80,0,1.0,16,,-1375.9680189544351,False,81,1,9,2,PPO,gpu_heavy
109,1774.6274925902735,81,0,1.0,16,,-1408.3190493328527,False,82,1,9,2,PPO,gpu_heavy
110,1782.6663613611381,82,0,1.0,16,,-1422.7345995895407,False,83,1,9,2,PPO,gpu_heavy
111,1784.1489897800454,83,0,1.0,16,,-1426.8348228529162,False,84,1,9,2,PPO,gpu_heavy
112,1807.101718522891,84,0,1.0,16,,-1460.0278820599121,False,85,1,9,2,PPO,gpu_heavy
113,1811.8880816920255,85,0,1.0,16,,-1472.7062908408686,False,86,1,9,2,PPO,gpu_heavy
114,1826.510190146661,86,0,1.0,16,,-1495.3973810614661,False,87,1,9,2,PPO,gpu_heavy
115,1826.6449015249116,87,0,1.0,16,,-1499.2536281287187,False,88,1,9,2,PPO,gpu_heavy
116,1844.0516818298681,88,0,1.0,16,,-1525.5715442337657,False,89,1,9,2,PPO,gpu_heavy
117,1860.519640998814,89,0,1.0,16,,-1555.1192168384923,False,90,1,9,2,PPO,gpu_heavy
118,1863.3910500902941,90,0,1.0,16,,-1561.6868907225225,False,90,0,10,2,PPO,gpu_heavy
119,1863.3910500902941,90,8,0.0,5,61.0,-1549.0845710647313,False,89,1,10,2,PPO,gpu_heavy
120,2069.533592174382,89,1,0.875,16,,-1868.9246148935135,False,89,0,11,2,PPO,gpu_heavy
121,2069.533592174382,89,8,0.0,5,66.0,-1897.8941894723473,False,88,1,11,2,PPO,gpu_heavy
122,2258.5486662737208,88,2,0.75,16,,-2193.120393493557,False,88,0,12,2,PPO,gpu_heavy
123,2258.5486662737208,88,8,0.0,5,68.0,-2210.3369831362543,False,87,1,12,2,PPO,gpu_heavy
124,2482.4880652344254,87,2,0.75,16,,-2556.0029000227482,False,87,0,13,2,PPO,gpu_heavy
125,2482.4880652344254,87,8,0.0,5,73.0,-2579.1146478725423,False,86,1,13,2,PPO,gpu_heavy
126,2659.1448694787355,86,3,0.625,16,,-2853.3617255095824,False,86,0,14,2,PPO,gpu_heavy
127,2659.1448694787355,86,8,0.0,5,78.0,-2861.363373953585,False,85,1,14,2,PPO,gpu_heavy
128,2750.391532677152,85,1,0.875,16,,-2994.52249381624,False,85,0,15,2,PPO,gpu_heavy
129,2750.391532677152,85,8,0.0,5,89.0,-2995.5410998820844,False,84,1,15,2,PPO,gpu_heavy
130,2897.25780854578,84,0,1.0,16,,-3203.559874374222,False,84,0,16,2,PPO,gpu_heavy
131,2897.25780854578,84,8,0.0,5,92.0,-3219.9846143976865,False,83,1,16,2,PPO,gpu_heavy
132,3084.961933724944,83,2,0.75,16,,-3494.378938724006,False,83,0,17,2,PPO,gpu_heavy
133,3084.961933724944,83,8,0.0,5,93.0,-3505.5572033162016,False,82,1,17,2,PPO,gpu_heavy
134,3358.853730887391,82,3,0.625,16,,-3909.944157355982,False,82,0,18,2,PPO,gpu_heavy
135,3358.853730887391,82,8,0.0,5,95.0,-3923.800437678707,False,81,1,18,2,PPO,gpu_heavy
136,3477.0009764556894,81,3,0.625,16,,-4094.7384683793034,False,81,0,19,2,PPO,gpu_heavy
137,3477.0009764556894,81,8,0.0,5,97.0,-4082.191854000735,False,80,1,19,2,PPO,gpu_heavy
138,3620.3443379368605,80,0,1.0,16,,-4273.705392000316,False,80,0,20,2,PPO,gpu_heavy
139,3620.3443379368605,80,8,0.0,5,98.0,-4276.015379248469,False,79,1,20,2,PPO,gpu_heavy
140,3858.176946056713,79,2,0.75,16,,-4605.197286055363,False,79,0,21,2,PPO,gpu_heavy
141,3858.176946056713,79,8,0.0,5,3.0,-4575.25520547666,False,78,1,21,2,PPO,gpu_heavy
142,3981.009858762872,78,0,1.0,16,,-4734.166321121729,False,78,0,22,2,PPO,gpu_heavy
143,3981.009858762872,78,8,0.0,5,18.0,-4694.299799695001,False,77,1,22,2,PPO,gpu_heavy
144,4200.798258033057,77,3,0.625,16,,-4996.43199718512,False,77,0,23,2,PPO,gpu_heavy
145,4200.798258033057,77,8,0.0,5,22.0,-4956.88566894802,False,76,1,23,2,PPO,gpu_heavy
146,4591.522056328669,76,0,1.0,16,,-5451.104892783447,False,76,0,24,2,PPO,gpu_heavy
147,4591.522056328669,76,8,0.0,5,36.0,-5472.067750099209,False,75,1,24,2,PPO,gpu_heavy
148,4982.3777547184345,75,1,0.875,16,,-5970.851613661094,False,75,0,25,2,PPO,gpu_heavy
149,4982.3777547184345,75,8,0.0,5,45.0,-5975.818970499543,False,74,1,25,2,PPO,gpu_heavy
150,5125.185775772398,74,0,1.0,16,,-6149.472836395918,False,74,0,26,2,PPO,gpu_heavy
151,5125.185775772398,74,8,0.0,5,54.0,-6104.693641268657,False,73,1,26,2,PPO,gpu_heavy
152,5287.349432423585,73,0,1.0,16,,-6298.911665816593,False,73,0,27,2,PPO,gpu_heavy
153,5287.349432423585,73,8,0.0,5,56.0,-6256.572043569276,False,72,1,27,2,PPO,gpu_heavy
154,5354.761498626306,72,2,0.75,16,,-6339.0056564881825,False,72,0,28,2,PPO,gpu_heavy
155,5354.761498626306,72,8,0.0,5,64.0,-6269.067632280136,False,71,1,28,2,PPO,gpu_heavy
156,5572.0236270230625,71,3,0.625,16,,-6541.632647041536,False,71,0,29,2,PPO,gpu_heavy
157,5572.0236270230625,71,8,0.0,5,69.0,-6491.158701227476,False,70,1,29,2,PPO,gpu_heavy
158,5737.520711202101,70,3,0.625,16,,-6694.995699675155,False,70,0,30,2,PPO,gpu_heavy
159,5737.520711202101,70,8,0.0,5,71.0,-6633.855205243315,False,69,1,30,2,PPO,gpu_heavy
160,6121.533109803122,69,1,0.875,16,,-7077.78960311875,False,69,0,31,2,PPO,gpu_heavy
161,6121.533109803122,69,8,0.0,5,72.0,-7069.196064704626,False,68,1,31,2,PPO,gpu_heavy
162,6458.330342535193,68,1,0.875,16,,-7451.565906560101,False,68,0,32,2,PPO,gpu_heavy
163,6458.330342535193,68,8,0.0,5,76.0,-7428.316380273347,False,67,1,32,2,PPO,gpu_heavy
164,6742.429059999984,67,2,0.75,16,,-7753.740152151517,False,67,0,33,2,PPO,gpu_heavy
165,6742.429059999984,67,8,0.0,5,79.0,-7705.772487662137,False,66,1,33,2,PPO,gpu_heavy
166,6742.429059999984,66,4,0.5,6,88.0,-7604.910701918814,False,65,2,33,2,PPO,gpu_heavy
167,7056.8412147421395,65,0,1.0,16,,-7933.043464398077,False,65,1,34,2,PPO,gpu_heavy
168,7056.8412147421395,65,4,0.5,9,33.0,-7884.418686673628,False,64,2,34,2,PPO,gpu_heavy
169,7098.301965886129,64,0,1.0,16,,-7925.123260351938,False,64,1,35,2,PPO,gpu_heavy
170,7199.5998936022115,64,4,0.5,16,,-8052.48755465001,False,64,0,36,2,PPO,gpu_heavy
171,7199.5998936022115,64,8,0.0,5,82.0,-7955.533268581602,False,63,1,36,2,PPO,gpu_heavy
172,7362.9561968096705,63,0,1.0,16,,-8118.5231348211355,False,63,0,37,2,PPO,gpu_heavy
173,7362.9561968096705,63,8,0.0,5,8.0,-8016.123202722494,False,62,1,37,2,PPO,gpu_heavy
174,7703.126729130695,62,2,0.75,16,,-8372.152687990374,False,62,0,38,2,PPO,gpu_heavy
175,7703.126729130695,62,8,0.0,5,9.0,-8286.122312902033,False,61,1,38,2,PPO,gpu_heavy
176,7901.168405022333,61,1,0.875,16,,-8482.411540888535,False,61,0,39,2,PPO,gpu_heavy
177,7901.168405022333,61,8,0.0,5,19.0,-8376.816718167329,False,60,1,39,2,PPO,gpu_heavy
178,8196.718866240664,60,0,1.0,16,,-8655.589656324744,False,60,0,40,2,PPO,gpu_heavy
179,8196.718866240664,60,8,0.0,5,34.0,-8580.217834739844,False,59,1,40,2,PPO,gpu_heavy
180,8321.44836777884,59,0,1.0,16,,-8694.216271170346,False,59,0,41,2,PPO,gpu_heavy
181,8321.44836777884,59,8,0.0,5,35.0,-8573.932879526563,False,58,1,41,2,PPO,gpu_heavy
182,8653.110914942754,58,3,0.625,16,,-8904.839161242344,False,58,0,42,2,PPO,gpu_heavy
183,8653.110914942754,58,8,0.0,5,40.0,-8801.340475065917,False,57,1,42,2,PPO,gpu_heavy
184,9049.365008244296,57,2,0.75,16,,-9176.772498935636,False,57,0,43,2,PPO,gpu_heavy
185,9049.365008244296,57,8,0.0,5,42.0,-9088.174777289392,False,56,1,43,2,PPO,gpu_heavy
186,9188.041788795175,56,0,1.0,16,,-9206.823576368657,False,56,0,44,2,PPO,gpu_heavy
187,9188.041788795175,56,8,0.0,5,46.0,-9077.325957827725,False,55,1,44,2,PPO,gpu_heavy
188,9472.153884854904,55,2,0.75,16,,-9334.578245482227,False,55,0,45,2,PPO,gpu_heavy
189,9472.153884854904,55,8,0.0,5,51.0,-9218.84745778139,False,54,1,45,2,PPO,gpu_heavy
190,9674.639677515866,54,3,0.625,16,,-9403.893708751955,False,54,0,46,2,PPO,gpu_heavy
191,9674.639677515866,54,8,0.0,5,59.0,-9265.811811104943,False,53,1,46,2,PPO,gpu_heavy
192,9883.926091674064,53,3,0.625,16,,-9452.954407900414,False,53,0,47,2,PPO,gpu_heavy
193,9883.926091674064,53,8,0.0,5,62.0,-9312.237443167913,False,52,1,47,2,PPO,gpu_heavy
194,9883.926091674064,52,4,0.5,5,63.0,-9137.059298175862,False,51,2,47,2,PPO,gpu_heavy
195,10049.67678762035,51,0,1.0,16,,-9262.687334054503,False,51,1,48,2,PPO,gpu_heavy
196,10049.67678762035,51,4,0.5,6,75.0,-9134.436140221827,False,50,2,48,2,PPO,gpu_heavy
197,10061.233663403722,50,0,1.0,16,,-9141.103797059357,False,50,1,49,2,PPO,gpu_heavy
198,10061.233663403722,50,4,0.5,11,7.0,-8946.586198788575,False,49,2,49,2,PPO,gpu_heavy
199,10252.35130314416,49,0,1.0,16,,-9084.102075799095,False,49,1,50,2,PPO,gpu_heavy
200,10371.072726914424,49,4,0.5,16,,-9233.388303057782,False,49,0,51,2,PPO,gpu_heavy
201,10371.072726914424,49,8,0.0,5,70.0,-9068.07642672527,False,48,1,51,2,PPO,gpu_heavy
202,10618.984658826028,48,0,1.0,16,,-9242.093898382507,False,48,0,52,2,PPO,gpu_heavy
203,10618.984658826028,48,8,0.0,5,80.0,-9125.353673983587,False,47,1,52,2,PPO,gpu_heavy
204,10696.857933694822,47,3,0.625,16,,-9184.386853162005,False,47,0,53,2,PPO,gpu_heavy
205,10696.857933694822,47,8,0.0,5,81.0,-9016.436307658849,False,46,1,53,2,PPO,gpu_heavy
206,10800.88967747549,46,0,1.0,16,,-9084.137575991897,False,46,0,54,2,PPO,gpu_heavy
207,10800.88967747549,46,8,0.0,5,85.0,-8929.81670442443,False,45,1,54,2,PPO,gpu_heavy
208,11096.239255836861,45,2,0.75,16,,-9138.253279006905,False,45,0,55,2,PPO,gpu_heavy
209,11096.239255836861,45,8,0.0,5,86.0,-9007.401457999482,False,44,1,55,2,PPO,gpu_heavy
210,11453.631555115036,44,0,1.0,16,,-9230.558606544735,False,44,0,56,2,PPO,gpu_heavy
211,11453.631555115036,44,8,0.0,5,96.0,-9129.36425406491,False,43,1,56,2,PPO,gpu_heavy
212,11699.452466777155,43,0,1.0,16,,-9277.315010178801,False,43,0,57,2,PPO,gpu_heavy
213,11699.452466777155,43,8,0.0,5,13.0,-9110.711409182933,False,42,1,57,2,PPO,gpu_heavy
214,11760.535968787315,42,2,0.75,16,,-9148.568394244563,False,42,0,58,2,PPO,gpu_heavy
215,11760.535968787315,42,8,0.0,5,15.0,-8932.033699531794,False,41,1,58,2,PPO,gpu_heavy
216,12098.753634898936,41,2,0.75,16,,-9143.956373347393,False,41,0,59,2,PPO,gpu_heavy
217,12098.753634898936,41,8,0.0,5,17.0,-8974.412803601288,False,40,1,59,2,PPO,gpu_heavy
218,12281.186796039405,40,1,0.875,16,,-9078.452078514185,False,40,0,60,2,PPO,gpu_heavy
219,12281.186796039405,40,8,0.0,5,21.0,-8882.126736215247,False,39,1,60,2,PPO,gpu_heavy
220,12667.766574752393,39,0,1.0,16,,-9085.014018933129,False,39,0,61,2,PPO,gpu_heavy
221,12667.766574752393,39,8,0.0,5,23.0,-8939.044949376346,False,38,1,61,2,PPO,gpu_heavy
222,12871.43045952582,38,1,0.875,16,,-9047.278027009965,False,38,0,62,2,PPO,gpu_heavy
223,12871.43045952582,38,8,0.0,5,24.0,-8845.456271987352,False,37,1,62,2,PPO,gpu_heavy
224,13255.013192604461,37,2,0.75,16,,-9055.385732013303,False,37,0,63,2,PPO,gpu_heavy
225,13255.013192604461,37,8,0.0,5,31.0,-8875.217641942114,False,36,1,63,2,PPO,gpu_heavy
226,13568.382573923574,36,3,0.625,16,,-9049.879630660762,False,36,0,64,2,PPO,gpu_heavy
227,13568.382573923574,36,8,0.0,5,37.0,-8843.012187247969,False,35,1,64,2,PPO,gpu_heavy
228,13568.382573923574,35,4,0.5,6,48.0,-8589.443371510588,False,34,2,64,2,PPO,gpu_heavy
229,13838.398017287494,34,0,1.0,16,,-8703.550012157073,False,34,1,65,2,PPO,gpu_heavy
230,13838.398017287494,34,4,0.5,13,74.0,-8525.295965816997,False,33,2,65,2,PPO,gpu_heavy
231,13877.678640928221,33,0,1.0,16,,-8539.401021509695,False,33,1,66,2,PPO,gpu_heavy
232,13917.337618695019,33,4,0.5,16,,-8570.438730525113,False,33,0,67,2,PPO,gpu_heavy
233,13917.337618695019,33,8,0.0,5,38.0,-8313.993966241023,False,32,1,67,2,PPO,gpu_heavy
234,14280.827016750285,32,0,1.0,16,,-8453.754831482576,False,32,0,68,2,PPO,gpu_heavy
235,14280.827016750285,32,8,0.0,5,52.0,-8279.808365676136,False,31,1,68,2,PPO,gpu_heavy
236,14360.812640733786,31,3,0.625,16,,-8314.901698798483,False,31,0,69,2,PPO,gpu_heavy
237,14360.812640733786,31,8,0.0,5,53.0,-8062.047873930223,False,30,1,69,2,PPO,gpu_heavy
238,14482.529277084814,30,0,1.0,16,,-8102.648696653083,False,30,0,70,2,PPO,gpu_heavy
239,14482.529277084814,30,8,0.0,5,57.0,-7866.908555719489,False,29,1,70,2,PPO,gpu_heavy
240,14827.260842442913,29,2,0.75,16,,-8000.2156951225425,False,29,0,71,2,PPO,gpu_heavy
241,14827.260842442913,29,8,0.0,5,58.0,-7791.89915224878,False,28,1,71,2,PPO,gpu_heavy
242,14904.379477239974,28,2,0.75,16,,-7818.625843710685,False,28,0,72,2,PPO,gpu_heavy
243,14904.379477239974,28,8,0.0,5,60.0,-7558.902499262329,False,27,1,72,2,PPO,gpu_heavy
244,15067.118863511269,27,3,0.625,16,,-7619.353738743937,False,27,0,73,2,PPO,gpu_heavy
245,15067.118863511269,27,8,0.0,5,65.0,-7368.538813473907,False,26,1,73,2,PPO,gpu_heavy
246,15168.366137798179,26,0,1.0,16,,-7393.875577531373,False,26,0,74,2,PPO,gpu_heavy
247,15168.366137798179,26,8,0.0,5,67.0,-7142.254261554473,False,25,1,74,2,PPO,gpu_heavy
248,15433.711228668815,25,3,0.625,16,,-7231.466636541254,False,25,0,75,2,PPO,gpu_heavy
249,15433.711228668815,25,8,0.0,5,77.0,-6996.850895604509,False,24,1,75,2,PPO,gpu_heavy
250,15618.668030185116,24,2,0.75,16,,-7048.950760048027,False,24,0,76,2,PPO,gpu_heavy
251,15618.668030185116,24,8,0.0,5,83.0,-6806.752260522052,False,23,1,76,2,PPO,gpu_heavy
252,15722.908437463788,23,2,0.75,16,,-6833.15777150549,False,23,0,77,2,PPO,gpu_heavy
253,15722.908437463788,23,8,0.0,5,87.0,-6574.189538637214,False,22,1,77,2,PPO,gpu_heavy
254,15992.966525391397,22,1,0.875,16,,-6631.9398905911985,False,22,0,78,2,PPO,gpu_heavy
255,15992.966525391397,22,8,0.0,5,91.0,-6408.648316669341,False,21,1,78,2,PPO,gpu_heavy
256,16381.444125474163,21,3,0.625,16,,-6509.10928369117,False,21,0,79,2,PPO,gpu_heavy
257,16381.444125474163,21,8,0.0,5,99.0,-6281.390419014596,False,20,1,79,2,PPO,gpu_heavy
258,16545.84910056582,20,3,0.625,16,,-6319.464131693187,False,20,0,80,2,PPO,gpu_heavy
259,16545.84910056582,20,8,0.0,5,2.0,-6016.580276238305,False,19,1,80,2,PPO,gpu_heavy
260,16797.27698287283,19,3,0.625,16,,-6070.8372649044995,False,19,0,81,2,PPO,gpu_heavy
261,16797.27698287283,19,8,0.0,5,11.0,-5779.309355595177,False,18,1,81,2,PPO,gpu_heavy
262,17047.465226638087,18,0,1.0,16,,-5804.830062409355,False,18,0,82,2,PPO,gpu_heavy
263,17047.465226638087,18,8,0.0,5,16.0,-5534.311714442912,False,17,1,82,2,PPO,gpu_heavy
264,17428.394887223298,17,2,0.75,16,,-5590.403487682155,False,17,0,83,2,PPO,gpu_heavy
265,17428.394887223298,17,8,0.0,5,25.0,-5324.757717105846,False,16,1,83,2,PPO,gpu_heavy
266,17428.394887223298,16,4,0.5,5,28.0,-4986.75908928633,False,15,2,83,2,PPO,gpu_heavy
267,17718.771440814697,15,0,1.0,16,,-4999.2779169659,False,15,1,84,2,PPO,gpu_heavy
268,17718.771440814697,15,4,0.5,14,94.0,-4755.6386609179135,False,14,2,84,2,PPO,gpu_heavy
269,17783.35864262979,14,0,1.0,16,,-4755.576276972366,False,14,1,85,2,PPO,gpu_heavy
270,17783.35864262979,14,4,0.5,7,43.0,-4434.9396712451135,False,13,2,85,2,PPO,gpu_heavy
271,17815.753232237275,13,0,1.0,16,,-4433.263617141189,False,13,1,86,2,PPO,gpu_heavy
272,17965.232230417103,13,4,0.5,16,,-4461.5419292973365,False,13,0,87,2,PPO,gpu_heavy
273,17965.232230417103,13,8,0.0,5,29.0,-4133.693530473711,False,12,1,87,2,PPO,gpu_heavy
274,18272.694837916613,12,1,0.875,16,,-4138.2271108830755,False,12,0,88,2,PPO,gpu_heavy
275,18272.694837916613,12,8,0.0,5,32.0,-3853.598843207028,False,11,1,88,2,PPO,gpu_heavy
276,18429.072075915417,11,1,0.875,16,,-3851.7943147545266,False,11,0,89,2,PPO,gpu_heavy
277,18429.072075915417,11,8,0.0,5,44.0,-3536.4916125163204,False,10,1,89,2,PPO,gpu_heavy
278,18504.253580873174,10,1,0.875,16,,-3533.0819592983626,False,10,0,90,2,PPO,gpu_heavy
279,18504.253580873174,10,8,0.0,5,49.0,-3199.274050903704,False,9,1,90,2,PPO,gpu_heavy
280,18618.365043481776,9,0,1.0,16,,-3189.286248521102,False,9,0,91,2,PPO,gpu_heavy
281,18618.365043481776,9,8,0.0,5,50.0,-2865.5988559700495,False,8,1,91,2,PPO,gpu_heavy
282,18958.208994157194,8,1,0.875,16,,-2843.633023867869,False,8,0,92,2,PPO,gpu_heavy
283,18958.208994157194,8,8,0.0,5,55.0,-2561.538013961838,False,7,1,92,2,PPO,gpu_heavy
284,19141.922419808827,7,3,0.625,16,,-2556.552670794999,False,7,0,93,2,PPO,gpu_heavy
285,19141.922419808827,7,8,0.0,5,84.0,-2237.9218995963615,False,6,1,93,2,PPO,gpu_heavy
286,19445.320137692637,6,3,0.625,16,,-2224.923732323073,False,6,0,94,2,PPO,gpu_heavy
287,19445.320137692637,6,8,0.0,5,90.0,-1920.6564510271564,False,5,1,94,2,PPO,gpu_heavy
288,19574.622096551826,5,0,1.0,16,,-1899.2611571982782,False,5,0,95,2,PPO,gpu_heavy
289,19574.622096551826,5,8,0.0,4,27.0,-1552.4412775849028,False,4,1,95,2,PPO,gpu_heavy
290,19701.181687740707,4,2,0.75,16,,-1536.836121532098,False,4,0,96,2,PPO,gpu_heavy
291,19701.181687740707,4,8,0.0,0,5.0,-1170.191426512147,False,3,1,96,2,PPO,gpu_heavy
292,19779.110616488735,3,0,1.0,16,,-1153.384930050022,False,3,0,97,2,PPO,gpu_heavy
293,19779.110616488735,3,8,0.0,0,6.0,-781.0330112101457,False,2,1,97,2,PPO,gpu_heavy
294,19868.389993657227,2,1,0.875,16,,-763.0743225412774,False,2,0,98,2,PPO,gpu_heavy
295,19868.389993657227,2,8,0.0,0,10.0,-390.2257687687101,False,1,1,98,2,PPO,gpu_heavy
296,20257.407307770744,1,0,1.0,16,,-298.7517865226013,False,1,0,99,2,PPO,gpu_heavy
297,20369.493375664028,1,8,0.0,0,20.0,19.513448108325974,False,0,0,100,2,PPO,gpu_heavy
1,9.993433725034873,1,8,0.0,0,0.0,1.704748821884954,False,1,1,0,3,PPO,gpu_heavy
2,37.98425288741964,1,1,0.875,16,,5.563175308523973,False,2,1,0,3,PPO,gpu_heavy
3,81.98721480304725,2,1,0.875,16,,7.305713059170741,False,3,1,0,3,PPO,gpu_heavy
4,88.8570911864137,3,1,0.875,16,,-1.229341984013376,False,4,1,0,3,PPO,gpu_heavy
5,94.01380164785132,4,1,0.875,16,,-2.016633866350318,False,5,1,0,3,PPO,gpu_heavy
6,102.70473192917159,5,1,0.875,16,,-2.1126163088830134,False,6,1,0,3,PPO,gpu_heavy
7,104.75659732991979,6,1,0.875,16,,-3.811135599597937,False,7,1,0,3,PPO,gpu_heavy
8,124.77582866909351,7,1,0.875,16,,-2.683466688051677,False,8,1,0,3,PPO,gpu_heavy
9,126.10198945677921,8,1,0.875,16,,-6.984761597219395,False,9,1,0,3,PPO,gpu_heavy
10,131.97934368659068,9,1,0.875,16,,-5.047111793120445,False,9,0,1,3,PPO,gpu_heavy
11,131.97934368659068,9,8,0.0,5,4.0,-7.470337980888165,False,8,1,1,3,PPO,gpu_heavy
12,135.12719711188248,8,3,0.625,16,,-7.482142431233009,False,9,1,1,3,PPO,gpu_heavy
13,202.07996683174963,9,3,0.625,16,,-9.564122809781697,False,10,1,1,3,PPO,gpu_heavy
14,207.41059440827667,10,3,0.625,16,,-20.258708034984,False,11,1,1,3,PPO,gpu_heavy
15,233.11752353818912,11,3,0.625,16,,-22.73043532584827,False,12,1,1,3,PPO,gpu_heavy
16,243.4378448496364,12,3,0.625,16,,-27.6114699122308,False,13,1,1,3,PPO,gpu_heavy
17,284.12295568358314,13,3,0.625,16,,-33.44510036616641,False,14,1,1,3,PPO,gpu_heavy
18,302.2763499400795,14,3,0.625,16,,-42.04863147321201,False,15,1,1,3,PPO,gpu_heavy
19,331.9725725581858,15,3,0.625,16,,-49.153931327142345,False,16,1,1,3,PPO,gpu_heavy
20,337.7583247925635,16,3,0.625,16,,-54.7413830396008,False,17,1,1,3,PPO,gpu_heavy
21,341.3128692717692,17,3,0.625,16,,-56.298554374276364,False,18,1,1,3,PPO,gpu_heavy
22,341.3488598516155,18,3,0.625,16,,-56.861285029795944,False,19,1,1,3,PPO,gpu_heavy
23,364.64935862681915,19,3,0.625,16,,-62.08039515884873,False,20,1,1,3,PPO,gpu_heavy
24,382.53781338653005,20,3,0.625,16,,-70.08140894015385,False,21,1,1,3,PPO,gpu_heavy
25,383.37284574570117,21,3,0.625,16,,-71.09671978109004,False,21,0,2,3,PPO,gpu_heavy
26,383.37284574570117,21,8,0.0,5,6.0,-67.61383131087995,False,20,1,2,3,PPO,gpu_heavy
27,406.861791957288,20,0,1.0,16,,-71.13717324261798,False,21,1,2,3,PPO,gpu_heavy
28,419.93361056245317,21,0,1.0,16,,-79.23161895839276,False,22,1,2,3,PPO,gpu_heavy
29,431.42582511563853,22,0,1.0,16,,-84.68309437478928,False,23,1,2,3,PPO,gpu_heavy
30,443.2219247590666,23,0,1.0,16,,-90.03332893820551,False,24,1,2,3,PPO,gpu_heavy
31,454.90057253575657,24,0,1.0,16,,-95.66844283770124,False,25,1,2,3,PPO,gpu_heavy
32,455.7275840299882,25,0,1.0,16,,-98.79485765543161,False,26,1,2,3,PPO,gpu_heavy
33,498.8650390786148,26,0,1.0,16,,-110.64872339211871,False,27,1,2,3,PPO,gpu_heavy
34,527.1524163576973,27,0,1.0,16,,-129.63642656520932,False,28,1,2,3,PPO,gpu_heavy
35,528.4639844644835,28,0,1.0,16,,-137.11485699808364,False,29,1,2,3,PPO,gpu_heavy
36,557.6127641053033,29,0,1.0,16,,-147.06184630625071,False,30,1,2,3,PPO,gpu_heavy
37,618.8414632954214,30,0,1.0,16,,-175.77908593299702,False,31,1,2,3,PPO,gpu_heavy
38,622.9548146603905,31,0,1.0,16,,-192.6082007355651,False,32,1,2,3,PPO,gpu_heavy
39,638.4487099355996,32,0,1.0,16,,-199.67915773413893,False,33,1,2,3,PPO,gpu_heavy
40,641.0101929114152,33,0,1.0,16,,-204.60283957302556,False,34,1,2,3,PPO,gpu_heavy
41,665.6048098221289,34,0,1.0,16,,-215.81889558858637,False,35,1,2,3,PPO,gpu_heavy
42,708.150635238746,35,0,1.0,16,,-241.1131712537425,False,36,1,2,3,PPO,gpu_heavy
43,722.2201198988664,36,0,1.0,16,,-256.3622853981534,False,36,0,3,3,PPO,gpu_heavy
44,722.2201198988664,36,8,0.0,5,1.0,-247.63512283970687,False,35,1,3,3,PPO,gpu_heavy
45,722.2201198988664,35,4,0.5,12,35.0,-245.95969464044154,False,34,2,3,3,PPO,gpu_heavy
46,726.2705120615944,34,0,1.0,16,,-247.70136327041456,False,35,2,3,3,PPO,gpu_heavy
47,753.3758193260475,35,0,1.0,16,,-260.9113495801005,False,36,2,3,3,PPO,gpu_heavy
48,776.5199281751238,36,0,1.0,16,,-278.56540755527953,False,37,2,3,3,PPO,gpu_heavy
49,791.682954254583,37,0,1.0,16,,-291.7813175464837,False,38,2,3,3,PPO,gpu_heavy
50,827.087197180643,38,0,1.0,16,,-313.62823795863903,False,39,2,3,3,PPO,gpu_heavy
51,834.8623503765036,39,0,1.0,16,,-326.60012988396016,False,40,2,3,3,PPO,gpu_heavy
52,875.6649183899804,40,0,1.0,16,,-350.9853305903376,False,41,2,3,3,PPO,gpu_heavy
53,911.5809957040192,41,0,1.0,16,,-379.6581366627089,False,41,1,4,3,PPO,gpu_heavy
54,911.5809957040192,41,4,0.5,13,40.0,-387.47305246365914,False,40,2,4,3,PPO,gpu_heavy
55,964.4667641106863,40,0,1.0,16,,-416.560225087326,False,41,2,4,3,PPO,gpu_heavy
56,968.3983962658408,41,0,1.0,16,,-432.02269751743086,False,42,2,4,3,PPO,gpu_heavy
57,1015.9929753993292,42,0,1.0,16,,-461.08640724497775,False,43,2,4,3,PPO,gpu_heavy
58,1030.270282952758,43,0,1.0,16,,-481.6942096359413,False,44,2,4,3,PPO,gpu_heavy
59,1040.6139106999995,44,0,1.0,16,,-491.7800220050607,False,45,2,4,3,PPO,gpu_heavy
60,1044.7013958541634,45,0,1.0,16,,-497.02279429207755,False,46,2,4,3,PPO,gpu_heavy
61,1076.8094723067193,46,0,1.0,16,,-517.557076803831,False,46,1,5,3,PPO,gpu_heavy
62,1076.8094723067193,46,4,0.5,8,25.0,-514.6764229731484,False,45,2,5,3,PPO,gpu_heavy
63,1107.283354148501,45,0,1.0,16,,-534.4844461703066,False,46,2,5,3,PPO,gpu_heavy
64,1109.7917070519607,46,0,1.0,16,,-543.7835130760699,False,47,2,5,3,PPO,gpu_heavy
65,1139.1125096519122,47,0,1.0,16,,-564.6419550959014,False,48,2,5,3,PPO,gpu_heavy
66,1151.3547870388704,48,0,1.0,16,,-580.6641726906296,False,49,2,5,3,PPO,gpu_heavy
67,1191.1998384135186,49,0,1.0,16,,-610.8116295408624,False,49,1,6,3,PPO,gpu_heavy
68,1191.1998384135186,49,4,0.5,3,27.0,-608.0469070669692,False,48,2,6,3,PPO,gpu_heavy
69,1201.6953170623096,48,0,1.0,16,,-615.4986969076108,False,49,2,6,3,PPO,gpu_heavy
70,1224.841389273223,49,0,1.0,16,,-635.0191992837754,False,50,2,6,3,PPO,gpu_heavy
71,1247.2857801921907,50,0,1.0,16,,-655.6390105257294,False,50,1,7,3,PPO,gpu_heavy
72,1247.2857801921907,50,4,0.5,1,17.0,-644.9438441027912,False,49,2,7,3,PPO,gpu_heavy
73,1309.9258971744098,49,0,1.0,16,,-690.6711294998113,False,50,2,7,3,PPO,gpu_heavy
74,1314.0398395504885,50,0,1.0,16,,-709.4166155274249,False,51,2,7,3,PPO,gpu_heavy
75,1317.7731381479243,51,0,1.0,16,,-713.3197410414703,False,52,2,7,3,PPO,gpu_heavy
76,1353.8076104252293,52,0,1.0,16,,-742.7202987899,False,53,2,7,3,PPO,gpu_heavy
77,1356.1223419504038,53,0,1.0,16,,-751.6038493946177,False,53,1,8,3,PPO,gpu_heavy
78,1362.5834657474975,53,4,0.5,16,,-760.2236830261938,False,54,1,8,3,PPO,gpu_heavy
79,1362.5834657474975,54,4,0.5,8,62.0,-761.0313235008306,False,53,2,8,3,PPO,gpu_heavy
80,1366.924436871119,53,0,1.0,16,,-762.5475101109641,False,53,1,9,3,PPO,gpu_heavy
81,1417.386863782006,53,4,0.5,16,,-812.815122053549,False,54,1,9,3,PPO,gpu_heavy
82,1439.6340676960426,54,4,0.5,16,,-840.3690051553147,False,55,1,9,3,PPO,gpu_heavy
83,1444.384027206704,55,4,0.5,16,,-845.7811161674642,False,55,0,10,3,PPO,gpu_heavy
84,1444.384027206704,55,8,0.0,5,54.0,-842.269430755201,False,54,1,10,3,PPO,gpu_heavy
85,1450.6124709870046,54,2,0.75,16,,-847.8283168291191,False,55,1,10,3,PPO,gpu_heavy
86,1518.252406425835,55,2,0.75,16,,-910.7175911258582,False,56,1,10,3,PPO,gpu_heavy
87,1519.8861807931555,56,2,0.75,16,,-924.9235736181654,False,57,1,10,3,PPO,gpu_heavy
88,1541.7168078584143,57,2,0.75,16,,-946.023578591697,False,58,1,10,3,PPO,gpu_heavy
89,1557.73642312273,58,2,0.75,16,,-965.6958970109799,False,59,1,10,3,PPO,gpu_heavy
90,1559.296986960641,59,2,0.75,16,,-970.248434482166,False,60,1,10,3,PPO,gpu_heavy
91,1562.3658608170733,60,2,0.75,16,,-973.6482749814118,False,61,1,10,3,PPO,gpu_heavy
92,1564.9338815753024,61,2,0.75,16,,-976.8751702623645,False,62,1,10,3,PPO,gpu_heavy
93,1571.496458079083,62,2,0.75,16,,-984.2637859247614,False,63,1,10,3,PPO,gpu_heavy
94,1577.7158034950412,63,2,0.75,16,,-992.1645169778355,False,64,1,10,3,PPO,gpu_heavy
95,1584.6057984370577,64,2,0.75,16,,-1000.8579637174807,False,65,1,10,3,PPO,gpu_heavy
96,1595.9635814183562,65,2,0.75,16,,-1014.7853713358035,False,66,1,10,3,PPO,gpu_heavy
97,1599.9121580315586,66,2,0.75,16,,-1021.3867186592488,False,67,1,10,3,PPO,gpu_heavy
98,1648.5933853589017,67,2,0.75,16,,-1078.2321912689872,False,68,1,10,3,PPO,gpu_heavy
99,1669.2959790572663,68,2,0.75,16,,-1111.6337125041964,False,69,1,10,3,PPO,gpu_heavy
100,1703.264421189843,69,2,0.75,16,,-1156.0228160657375,False,70,1,10,3,PPO,gpu_heavy
101,1743.93124938681,70,2,0.75,16,,-1211.7004281544178,False,71,1,10,3,PPO,gpu_heavy
102,1745.6459383693712,71,2,0.75,16,,-1221.4388126123558,False,72,1,10,3,PPO,gpu_heavy
103,1764.6837491891547,72,2,0.75,16,,-1245.605174848365,False,73,1,10,3,PPO,gpu_heavy
104,1783.9230590021864,73,2,0.75,16,,-1273.6567861141573,False,74,1,10,3,PPO,gpu_heavy
105,1784.7972903359419,74,2,0.75,16,,-1278.3941007029796,False,75,1,10,3,PPO,gpu_heavy
106,1802.8822098847036,75,2,0.75,16,,-1300.2944759858085,False,75,0,11,3,PPO,gpu_heavy
107,1802.8822098847036,75,8,0.0,5,56.0,-1293.6616605447537,False,74,1,11,3,PPO,gpu_heavy
108,1851.953217259008,74,3,0.625,16,,-1358.619406556489,False,75,1,11,3,PPO,gpu_heavy
109,1854.5783284140298,75,3,0.625,16,,-1369.8142445732847,False,76,1,11,3,PPO,gpu_heavy
110,1873.1197938003158,76,3,0.625,16,,-1395.5103416118045,False,77,1,11,3,PPO,gpu_heavy
111,1935.3126316259388,77,3,0.625,16,,-1484.4667849196173,False,78,1,11,3,PPO,gpu_heavy
112,1944.0622094086032,78,3,0.625,16,,-1506.466635642286,False,79,1,11,3,PPO,gpu_heavy
113,1955.116960580066,79,3,0.625,16,,-1523.5729591511974,False,80,1,11,3,PPO,gpu_heavy
114,1987.7989213840567,80,3,0.625,16,,-1572.4848449325002,False,81,1,11,3,PPO,gpu_heavy
115,1991.2660454681215,81,3,0.625,16,,-1582.6664041861738,False,82,1,11,3,PPO,gpu_heavy
116,2006.362337281244,82,3,0.625,16,,-1605.6072653020294,False,83,1,11,3,PPO,gpu_heavy
117,2016.9050444052857,83,3,0.625,16,,-1623.8196567356076,False,84,1,11,3,PPO,gpu_heavy
118,2045.9796375932613,84,3,0.625,16,,-1669.7693660939167,False,85,1,11,3,PPO,gpu_heavy
119,2068.1392171884913,85,3,0.625,16,,-1708.5211222796745,False,86,1,11,3,PPO,gpu_heavy
120,2070.1475910934,86,3,0.625,16,,-1713.1241512852298,False,86,0,12,3,PPO,gpu_heavy
121,2070.1475910934,86,8,0.0,5,58.0,-1700.2335258294918,False,85,1,12,3,PPO,gpu_heavy
122,2084.168968393067,85,3,0.625,16,,-1721.8790270358531,False,86,1,12,3,PPO,gpu_heavy
123,2104.2056137381805,86,3,0.625,16,,-1755.4021713973473,False,87,1,12,3,PPO,gpu_heavy
124,2137.4591310214796,87,3,0.625,16,,-1809.1981552299462,False,87,0,13,3,PPO,gpu_heavy
125,2137.4591310214796,87,8,0.0,5,71.0,-1804.8921519013734,False,86,1,13,3,PPO,gpu_heavy
126,2444.6685221266325,86,0,1.0,16,,-2254.4899568259484,False,86,0,14,3,PPO,gpu_heavy
127,2444.6685221266325,86,8,0.0,5,75.0,-2316.0910501284447,False,85,1,14,3,PPO,gpu_heavy
128,2588.3352646062153,85,2,0.75,16,,-2531.3869981288135,False,85,0,15,3,PPO,gpu_heavy
129,2588.3352646062153,85,8,0.0,5,82.0,-2543.4707258189987,False,84,1,15,3,PPO,gpu_heavy
130,2588.3352646062153,84,4,0.5,6,94.0,-2531.8312672724996,False,83,2,15,3,PPO,gpu_heavy
131,2677.1384848799735,83,0,1.0,16,,-2655.0438078584984,False,83,1,16,3,PPO,gpu_heavy
132,2875.6319560308507,83,4,0.5,16,,-2981.9320911435343,False,83,0,17,3,PPO,gpu_heavy
133,2875.6319560308507,83,8,0.0,5,88.0,-2988.6935317927832,False,82,1,17,3,PPO,gpu_heavy
134,3216.8421483703873,82,0,1.0,16,,-3460.9756991447393,False,82,0,18,3,PPO,gpu_heavy
135,3216.8421483703873,82,8,0.0,5,5.0,-3485.821680295173,False,81,1,18,3,PPO,gpu_heavy
136,3563.161379984018,81,1,0.875,16,,-3969.1015035937726,False,81,0,19,3,PPO,gpu_heavy
137,3563.161379984018,81,8,0.0,5,9.0,-3978.11764769871,False,80,1,19,3,PPO,gpu_heavy
138,3658.657031273888,80,2,0.75,16,,-4111.005255145651,False,80,0,20,3,PPO,gpu_heavy
139,3658.657031273888,80,8,0.0,5,28.0,-4066.852100817624,False,79,1,20,3,PPO,gpu_heavy
140,3909.3897703488815,79,3,0.625,16,,-4421.832838075646,False,79,0,21,3,PPO,gpu_heavy
141,3909.3897703488815,79,8,0.0,5,29.0,-4394.799333930709,False,78,1,21,3,PPO,gpu_heavy
142,4201.797260809462,78,2,0.75,16,,-4794.128614587856,False,78,0,22,3,PPO,gpu_heavy
143,4201.797260809462,78,8,0.0,5,32.0,-4778.071329115131,False,77,1,22,3,PPO,gpu_heavy
144,4270.980201696917,77,3,0.625,16,,-4871.803223568147,False,77,0,23,3,PPO,gpu_heavy
145,4270.980201696917,77,8,0.0,5,34.0,-4811.65255034108,False,76,1,23,3,PPO,gpu_heavy
146,4452.214513039097,76,3,0.625,16,,-5056.810842433979,False,76,0,24,3,PPO,gpu_heavy
147,4452.214513039097,76,8,0.0,5,45.0,-5015.597711688212,False,75,1,24,3,PPO,gpu_heavy
148,4580.308142211096,75,2,0.75,16,,-5181.720599976461,False,75,0,25,3,PPO,gpu_heavy
149,4580.308142211096,75,8,0.0,5,49.0,-5136.737398261044,False,74,1,25,3,PPO,gpu_heavy
150,4754.69471072412,74,3,0.625,16,,-5365.5816183301595,False,74,0,26,3,PPO,gpu_heavy
151,4754.69471072412,74,8,0.0,5,59.0,-5326.016422236847,False,73,1,26,3,PPO,gpu_heavy
152,4860.913877598353,73,3,0.625,16,,-5462.499661049128,False,73,0,27,3,PPO,gpu_heavy
153,4860.913877598353,73,8,0.0,5,64.0,-5412.670809675181,False,72,1,27,3,PPO,gpu_heavy
154,5137.357047639949,72,0,1.0,16,,-5739.63818202468,False,72,0,28,3,PPO,gpu_heavy
155,5137.357047639949,72,8,0.0,5,65.0,-5737.01408300202,False,71,1,28,3,PPO,gpu_heavy
156,5137.357047639949,71,4,0.5,6,73.0,-5665.696871210803,False,70,2,28,3,PPO,gpu_heavy
157,5249.5210233458765,70,0,1.0,16,,-5792.685443272619,False,70,1,29,3,PPO,gpu_heavy
158,5275.328432322859,70,4,0.5,16,,-5853.630883644754,False,70,0,30,3,PPO,gpu_heavy
159,5275.328432322859,70,8,0.0,5,67.0,-5783.7479647362825,False,69,1,30,3,PPO,gpu_heavy
160,5414.007222532971,69,1,0.875,16,,-5942.788709867775,False,69,0,31,3,PPO,gpu_heavy
161,5414.007222532971,69,8,0.0,5,78.0,-5899.816418482756,False,68,1,31,3,PPO,gpu_heavy
162,5781.354852285174,68,3,0.625,16,,-6340.011127796971,False,68,0,32,3,PPO,gpu_heavy
163,5781.354852285174,68,8,0.0,5,79.0,-6317.1680174811945,False,67,1,32,3,PPO,gpu_heavy
164,5951.594687786084,67,2,0.75,16,,-6511.369427895993,False,67,0,33,3,PPO,gpu_heavy
165,5951.594687786084,67,8,0.0,5,81.0,-6461.136128284428,False,66,1,33,3,PPO,gpu_heavy
166,6128.632914095234,66,2,0.75,16,,-6659.63191957954,False,66,0,34,3,PPO,gpu_heavy
167,6128.632914095234,66,8,0.0,5,93.0,-6612.079249639963,False,65,1,34,3,PPO,gpu_heavy
168,6254.040480360109,65,0,1.0,16,,-6741.757194218082,False,65,0,35,3,PPO,gpu_heavy
169,6254.040480360109,65,8,0.0,5,98.0,-6691.71165554496,False,64,1,35,3,PPO,gpu_heavy
170,6440.22365204184,64,3,0.625,16,,-6898.934994722305,False,64,0,36,3,PPO,gpu_heavy
171,6440.22365204184,64,8,0.0,5,10.0,-6803.924186198977,False,63,1,36,3,PPO,gpu_heavy
172,6740.48547181597,63,1,0.875,16,,-7114.571806038789,False,63,0,37,3,PPO,gpu_heavy
173,6740.48547181597,63,8,0.0,5,12.0,-7051.592581566227,False,62,1,37,3,PPO,gpu_heavy
174,6913.656745652959,62,2,0.75,16,,-7231.8553472796575,False,62,0,38,3,PPO,gpu_heavy
175,6913.656745652959,62,8,0.0,5,18.0,-7134.806992706885,False,61,1,38,3,PPO,gpu_heavy
176,6991.686835104822,61,1,0.875,16,,-7210.934619770564,False,61,0,39,3,PPO,gpu_heavy
177,6991.686835104822,61,8,0.0,5,19.0,-7096.996222521498,False,60,1,39,3,PPO,gpu_heavy
178,7312.749124241068,60,0,1.0,16,,-7400.00539720093,False,60,0,40,3,PPO,gpu_heavy
179,7312.749124241068,60,8,0.0,5,26.0,-7344.880425495352,False,59,1,40,3,PPO,gpu_heavy
180,7564.82119155245,59,3,0.625,16,,-7600.939204405378,False,59,0,41,3,PPO,gpu_heavy
181,7564.82119155245,59,8,0.0,5,30.0,-7501.572089418888,False,58,1,41,3,PPO,gpu_heavy
182,7851.389346038949,58,2,0.75,16,,-7778.259619657008,False,58,0,42,3,PPO,gpu_heavy
183,7851.389346038949,58,8,0.0,5,33.0,-7689.340190968356,False,57,1,42,3,PPO,gpu_heavy
184,8128.9958030551825,57,3,0.625,16,,-7960.435543058075,False,57,0,43,3,PPO,gpu_heavy
185,8128.9958030551825,57,8,0.0,5,41.0,-7858.762034469261,False,56,1,43,3,PPO,gpu_heavy
186,8380.198494842896,56,3,0.625,16,,-8098.85862867967,False,56,0,44,3,PPO,gpu_heavy
187,8380.198494842896,56,8,0.0,5,43.0,-7989.0468233182555,False,55,1,44,3,PPO,gpu_heavy
188,8649.678046024084,55,0,1.0,16,,-8216.104441822265,False,55,0,45,3,PPO,gpu_heavy
189,8649.678046024084,55,8,0.0,5,46.0,-8131.770103979294,False,54,1,45,3,PPO,gpu_heavy
190,8960.632928631594,54,1,0.875,16,,-8397.57999662501,False,54,0,46,3,PPO,gpu_heavy
191,8960.632928631594,54,8,0.0,5,47.0,-8307.75668654809,False,53,1,46,3,PPO,gpu_heavy
192,9248.06535108636,53,3,0.625,16,,-8565.523738341584,False,53,0,47,3,PPO,gpu_heavy
193,9248.06535108636,53,8,0.0,5,50.0,-8448.286025542413,False,52,1,47,3,PPO,gpu_heavy
194,9371.83415183842,52,2,0.75,16,,-8551.798928183545,False,52,0,48,3,PPO,gpu_heavy
195,9371.83415183842,52,8,0.0,5,55.0,-8412.595991028566,False,51,1,48,3,PPO,gpu_heavy
196,9704.541560985654,51,2,0.75,16,,-8687.57490914364,False,51,0,49,3,PPO,gpu_heavy
197,9704.541560985654,51,8,0.0,5,57.0,-8582.363544924496,False,50,1,49,3,PPO,gpu_heavy
198,9935.058939048184,50,1,0.875,16,,-8760.455246535847,False,50,0,50,3,PPO,gpu_heavy
199,9935.058939048184,50,8,0.0,5,61.0,-8641.255896414566,False,49,1,50,3,PPO,gpu_heavy
200,10168.420507341567,49,1,0.875,16,,-8816.902390277904,False,49,0,51,3,PPO,gpu_heavy
201,10168.420507341567,49,8,0.0,5,69.0,-8697.736551657707,False,48,1,51,3,PPO,gpu_heavy
202,10548.70880984396,48,0,1.0,16,,-8965.741246434405,False,48,0,52,3,PPO,gpu_heavy
203,10548.70880984396,48,8,0.0,5,74.0,-8883.393461933025,False,47,1,52,3,PPO,gpu_heavy
204,10618.47675728521,47,2,0.75,16,,-8933.893842382566,False,47,0,53,3,PPO,gpu_heavy
205,10618.47675728521,47,8,0.0,5,84.0,-8772.284258562138,False,46,1,53,3,PPO,gpu_heavy
206,10618.47675728521,46,4,0.5,15,23.0,-8568.051959255581,False,45,2,53,3,PPO,gpu_heavy
207,10783.284054228256,45,0,1.0,16,,-8673.176702268562,False,45,1,54,3,PPO,gpu_heavy
208,10937.010060357385,45,4,0.5,16,,-8833.516181254396,False,45,0,55,3,PPO,gpu_heavy
209,10937.010060357385,45,8,0.0,5,86.0,-8673.03079515857,False,44,1,55,3,PPO,gpu_heavy
210,11089.59210874628,44,1,0.875,16,,-8771.925674655726,False,44,0,56,3,PPO,gpu_heavy
211,11089.59210874628,44,8,0.0,5,87.0,-8622.602722134152,False,43,1,56,3,PPO,gpu_heavy
212,11331.358596650909,43,2,0.75,16,,-8783.190685250016,False,43,0,57,3,PPO,gpu_heavy
213,11331.358596650909,43,8,0.0,5,95.0,-8644.23283068722,False,42,1,57,3,PPO,gpu_heavy
214,11723.857742063647,42,0,1.0,16,,-8873.807326480735,False,42,0,58,3,PPO,gpu_heavy
215,11723.857742063647,42,8,0.0,5,96.0,-8780.374550744513,False,41,1,58,3,PPO,gpu_heavy
216,11809.288012262246,41,1,0.875,16,,-8829.739500701422,False,41,0,59,3,PPO,gpu_heavy
217,11809.288012262246,41,8,0.0,5,97.0,-8655.60439640589,False,40,1,59,3,PPO,gpu_heavy
218,12082.890312011936,40,0,1.0,16,,-8804.085661268218,False,40,0,60,3,PPO,gpu_heavy
219,12082.890312011936,40,8,0.0,5,3.0,-8634.468174261463,False,39,1,60,3,PPO,gpu_heavy
220,12174.609628987417,39,1,0.875,16,,-8683.945640913953,False,39,0,61,3,PPO,gpu_heavy
221,12174.609628987417,39,8,0.0,5,7.0,-8464.612180869188,False,38,1,61,3,PPO,gpu_heavy
222,12351.133324211312,38,1,0.875,16,,-8558.155630909121,False,38,0,62,3,PPO,gpu_heavy
223,12351.133324211312,38,8,0.0,5,8.0,-8354.243039328505,False,37,1,62,3,PPO,gpu_heavy
224,12519.214537977226,37,2,0.75,16,,-8445.107909934173,False,37,0,63,3,PPO,gpu_heavy
225,12519.214537977226,37,8,0.0,5,15.0,-8233.921305869408,False,36,1,63,3,PPO,gpu_heavy
226,12897.772045504244,36,3,0.625,16,,-8445.333100737764,False,36,0,64,3,PPO,gpu_heavy
227,12897.772045504244,36,8,0.0,5,22.0,-8256.178026646507,False,35,1,64,3,PPO,gpu_heavy
228,13095.576711826381,35,1,0.875,16,,-8349.371522314035,False,35,0,65,3,PPO,gpu_heavy
229,13095.576711826381,35,8,0.0,5,24.0,-8141.1284310467245,False,34,1,65,3,PPO,gpu_heavy
230,13323.944680750054,34,0,1.0,16,,-8237.326657683903,False,34,0,66,3,PPO,gpu_heavy
231,13323.944680750054,34,8,0.0,5,31.0,-8040.50903598911,False,33,1,66,3,PPO,gpu_heavy
232,13593.047509631333,33,2,0.75,16,,-8165.660122635516,False,33,0,67,3,PPO,gpu_heavy
233,13593.047509631333,33,8,0.0,5,38.0,-7960.418965562903,False,32,1,67,3,PPO,gpu_heavy
234,13877.278832914464,32,0,1.0,16,,-8069.269181643325,False,32,0,68,3,PPO,gpu_heavy
235,13877.278832914464,32,8,0.0,5,42.0,-7880.615094890909,False,31,1,68,3,PPO,gpu_heavy
236,14009.404891881797,31,2,0.75,16,,-7935.75961539428,False,31,0,69,3,PPO,gpu_heavy
237,14009.404891881797,31,8,0.0,5,48.0,-7702.665013121007,False,30,1,69,3,PPO,gpu_heavy
238,14265.728528524329,30,0,1.0,16,,-7790.378285945893,False,30,0,70,3,PPO,gpu_heavy
239,14265.728528524329,30,8,0.0,5,63.0,-7599.492361811679,False,29,1,70,3,PPO,gpu_heavy
240,14265.728528524329,29,4,0.5,10,13.0,-7318.840141711956,False,28,2,70,3,PPO,gpu_heavy
241,14408.653336254161,28,0,1.0,16,,-7361.146832108205,False,28,1,71,3,PPO,gpu_heavy
242,14493.375709111297,28,4,0.5,16,,-7433.732266233516,False,28,0,72,3,PPO,gpu_heavy
243,14493.375709111297,28,8,0.0,5,76.0,-7188.374320286799,False,27,1,72,3,PPO,gpu_heavy
244,14569.64074125764,27,3,0.625,16,,-7215.641026372959,False,27,0,73,3,PPO,gpu_heavy
245,14569.64074125764,27,8,0.0,5,77.0,-6970.162865981302,False,26,1,73,3,PPO,gpu_heavy
246,14717.527955709815,26,1,0.875,16,,-7012.71388933502,False,26,0,74,3,PPO,gpu_heavy
247,14717.527955709815,26,8,0.0,5,90.0,-6791.594902570409,False,25,1,74,3,PPO,gpu_heavy
248,14880.20395463462,25,0,1.0,16,,-6830.263902301611,False,25,0,75,3,PPO,gpu_heavy
249,14880.20395463462,25,8,0.0,5,99.0,-6617.412935214883,False,24,1,75,3,PPO,gpu_heavy
250,15030.857758588118,24,2,0.75,16,,-6659.479172871283,False,24,0,76,3,PPO,gpu_heavy
251,15030.857758588118,24,8,0.0,5,11.0,-6393.151205277435,False,23,1,76,3,PPO,gpu_heavy
252,15265.140893612985,23,0,1.0,16,,-6440.350663632657,False,23,0,77,3,PPO,gpu_heavy
253,15265.140893612985,23,8,0.0,5,14.0,-6200.487386413607,False,22,1,77,3,PPO,gpu_heavy
254,15440.647181911485,22,0,1.0,16,,-6231.833581190322,False,22,0,78,3,PPO,gpu_heavy
255,15440.647181911485,22,8,0.0,5,16.0,-5974.942736625519,False,21,1,78,3,PPO,gpu_heavy
256,15727.820711863034,21,0,1.0,16,,-6021.762236717283,False,21,0,79,3,PPO,gpu_heavy
257,15727.820711863034,21,8,0.0,5,21.0,-5788.292192140445,False,20,1,79,3,PPO,gpu_heavy
258,16075.904061741816,20,3,0.625,16,,-5871.137508673399,False,20,0,80,3,PPO,gpu_heavy
259,16075.904061741816,20,8,0.0,5,37.0,-5619.319547053564,False,19,1,80,3,PPO,gpu_heavy
260,16272.286697703994,19,1,0.875,16,,-5648.986247102464,False,19,0,81,3,PPO,gpu_heavy
261,16272.286697703994,19,8,0.0,5,39.0,-5383.024625006344,False,18,1,81,3,PPO,gpu_heavy
262,16556.703951870393,18,3,0.625,16,,-5438.974640542748,False,18,0,82,3,PPO,gpu_heavy
263,16556.703951870393,18,8,0.0,5,51.0,-5175.174785385923,False,17,1,82,3,PPO,gpu_heavy
264,16906.433734992537,17,3,0.625,16,,-5237.437633034618,False,17,0,83,3,PPO,gpu_heavy
265,16906.433734992537,17,8,0.0,5,53.0,-4978.15007108864,False,16,1,83,3,PPO,gpu_heavy
266,17131.370592791543,16,2,0.75,16,,-5005.954204747009,False,16,0,84,3,PPO,gpu_heavy
267,17131.370592791543,16,8,0.0,5,60.0,-4733.85791649145,False,15,1,84,3,PPO,gpu_heavy
268,17517.48702294494,15,0,1.0,16,,-4751.16373799912,False,15,0,85,3,PPO,gpu_heavy
269,17517.48702294494,15,8,0.0,5,66.0,-4529.708153207087,False,14,1,85,3,PPO,gpu_heavy
270,17581.059476038026,14,0,1.0,16,,-4529.61532679988,False,14,0,86,3,PPO,gpu_heavy
271,17581.059476038026,14,8,0.0,5,68.0,-4226.721586709558,False,13,1,86,3,PPO,gpu_heavy
272,17753.245437332236,13,1,0.875,16,,-4231.824257612945,False,13,0,87,3,PPO,gpu_heavy
273,17753.245437332236,13,8,0.0,5,70.0,-3947.610967638622,False,12,1,87,3,PPO,gpu_heavy
274,17753.245437332236,12,4,0.5,5,72.0,-3623.844736523483,False,11,2,87,3,PPO,gpu_heavy
275,17828.798947790183,11,0,1.0,16,,-3619.5781312097442,False,11,1,88,3,PPO,gpu_heavy
276,17828.798947790183,11,4,0.5,10,92.0,-3323.646508296109,False,10,2,88,3,PPO,gpu_heavy
277,18043.684807454836,10,0,1.0,16,,-3310.902215312876,False,10,1,89,3,PPO,gpu_heavy
278,18210.27611013462,10,4,0.5,16,,-3377.118027930023,False,10,0,90,3,PPO,gpu_heavy
279,18210.27611013462,10,8,0.0,5,80.0,-3069.8017069861003,False,9,1,90,3,PPO,gpu_heavy
280,18475.846927038885,9,3,0.625,16,,-3074.109013887577,False,9,0,91,3,PPO,gpu_heavy
281,18475.846927038885,9,8,0.0,5,83.0,-2783.381190471874,False,8,1,91,3,PPO,gpu_heavy
282,18704.379755970564,8,1,0.875,16,,-2767.9548867721373,False,8,0,92,3,PPO,gpu_heavy
283,18704.379755970564,8,8,0.0,5,85.0,-2481.5547937882498,False,7,1,92,3,PPO,gpu_heavy
284,19090.12253948222,7,2,0.75,16,,-2461.2320115714465,False,7,0,93,3,PPO,gpu_heavy
285,19090.12253948222,7,8,0.0,5,89.0,-2192.4625853227562,False,6,1,93,3,PPO,gpu_heavy
286,19192.00769293911,6,3,0.625,16,,-2186.769248509944,False,6,0,94,3,PPO,gpu_heavy
287,19192.00769293911,6,8,0.0,5,91.0,-1859.9509890904021,False,5,1,94,3,PPO,gpu_heavy
288,19521.72919327689,5,3,0.625,16,,-1839.4041546964017,False,5,0,95,3,PPO,gpu_heavy
289,19521.72919327689,5,8,0.0,0,2.0,-1503.2482403163904,False,4,1,95,3,PPO,gpu_heavy
290,19700.338729508418,4,3,0.625,16,,-1487.6292631787367,False,4,0,96,3,PPO,gpu_heavy
291,19700.338729508418,4,8,0.0,0,20.0,-1130.3572058217767,False,3,1,96,3,PPO,gpu_heavy
292,19763.387330413567,3,0,1.0,16,,-1116.3779716497984,False,3,0,97,3,PPO,gpu_heavy
293,19763.387330413567,3,8,0.0,0,36.0,-751.6925791260426,False,2,1,97,3,PPO,gpu_heavy
294,19869.51771659967,2,0,1.0,16,,-727.4051980269612,False,2,0,98,3,PPO,gpu_heavy
295,19869.51771659967,2,8,0.0,0,44.0,-375.24468724902334,False,1,1,98,3,PPO,gpu_heavy
296,19975.308973646876,1,1,0.875,16,,-352.218674910891,False,1,0,99,3,PPO,gpu_heavy
297,20125.78230975449,1,8,0.0,0,52.0,25.511458766814936,False,0,0,100,3,PPO,gpu_heavy
1,84.59250837921961,1,8,0.0,0,0.0,1.6154953365448605,False,1,1,0,4,PPO,gpu_heavy
2,149.39649242882496,1,2,0.75,16,,10.854667328308896,False,2,1,0,4,PPO,gpu_heavy
3,152.22032698854125,2,2,0.75,16,,-0.8795640834339544,False,3,1,0,4,PPO,gpu_heavy
4,171.02532203351188,3,2,0.75,16,,0.9886038048529979,False,4,1,0,4,PPO,gpu_heavy
5,186.92680929567112,4,2,0.75,16,,-0.8279228853968776,False,5,1,0,4,PPO,gpu_heavy
6,199.21466405885107,5,2,0.75,16,,-2.7342644552734905,False,6,1,0,4,PPO,gpu_heavy
7,229.57244243505207,6,2,0.75,16,,-2.9890871829761636,False,7,1,0,4,PPO,gpu_heavy
8,243.5021534398639,7,2,0.75,16,,-8.019509355785287,False,8,1,0,4,PPO,gpu_heavy
9,273.22977634137953,8,2,0.75,16,,-9.813820539395827,False,9,1,0,4,PPO,gpu_heavy
10,291.7195533618808,9,2,0.75,16,,-15.249076505776252,False,10,1,0,4,PPO,gpu_heavy
11,310.4587339226783,10,2,0.75,16,,-18.95014945413021,False,11,1,0,4,PPO,gpu_heavy
12,311.36138566807415,11,2,0.75,16,,-22.493081991005095,False,12,1,0,4,PPO,gpu_heavy
13,341.23804288584836,12,2,0.75,16,,-24.23085369719997,False,13,1,0,4,PPO,gpu_heavy
14,392.7741899216079,13,2,0.75,16,,-31.569097585625208,False,13,0,1,4,PPO,gpu_heavy
15,392.7741899216079,13,8,0.0,5,3.0,-38.42104789616878,False,12,1,1,4,PPO,gpu_heavy
16,434.4421148960171,12,3,0.625,16,,-41.91073661277555,False,13,1,1,4,PPO,gpu_heavy
17,452.2281408533197,13,3,0.625,16,,-50.26665008309713,False,14,1,1,4,PPO,gpu_heavy
18,475.68443932055783,14,3,0.625,16,,-55.94843357424639,False,15,1,1,4,PPO,gpu_heavy
19,480.4073532351406,15,3,0.625,16,,-60.29239908497362,False,16,1,1,4,PPO,gpu_heavy
20,488.50856409216465,16,3,0.625,16,,-62.35692766196486,False,17,1,1,4,PPO,gpu_heavy
21,543.1132753064072,17,3,0.625,16,,-73.65635754399194,False,18,1,1,4,PPO,gpu_heavy
22,620.122447330512,18,3,0.625,16,,-97.87896247112872,False,19,1,1,4,PPO,gpu_heavy
23,634.048845026008,19,3,0.625,16,,-113.02767708426232,False,20,1,1,4,PPO,gpu_heavy
24,636.1514979393854,20,3,0.625,16,,-115.7161983718193,False,21,1,1,4,PPO,gpu_heavy
25,666.5302836739976,21,3,0.625,16,,-124.05714262703849,False,22,1,1,4,PPO,gpu_heavy
26,716.4282245778151,22,3,0.625,16,,-142.96236862952983,False,23,1,1,4,PPO,gpu_heavy
27,724.5314658945915,23,3,0.625,16,,-153.22028144572218,False,24,1,1,4,PPO,gpu_heavy
28,729.0376641141888,24,3,0.625,16,,-153.94529457506312,False,24,0,2,4,PPO,gpu_heavy
29,729.0376641141888,24,8,0.0,5,18.0,-151.8388060464347,False,23,1,2,4,PPO,gpu_heavy
30,738.5835666001365,23,3,0.625,16,,-154.7383739265413,False,24,1,2,4,PPO,gpu_heavy
31,740.0720009090659,24,3,0.625,16,,-156.71180179748654,False,25,1,2,4,PPO,gpu_heavy
32,744.1796120255113,25,3,0.625,16,,-158.35636097953486,False,26,1,2,4,PPO,gpu_heavy
33,752.9768861036871,26,3,0.625,16,,-162.1981836624159,False,27,1,2,4,PPO,gpu_heavy
34,758.1218298312123,27,3,0.625,16,,-165.54712989256865,False,28,1,2,4,PPO,gpu_heavy
35,888.48930261924,28,3,0.625,16,,-218.98689448816066,False,29,1,2,4,PPO,gpu_heavy
36,890.045564365114,29,3,0.625,16,,-240.01627802610415,False,30,1,2,4,PPO,gpu_heavy
37,900.2854249318472,30,3,0.625,16,,-242.80338205038476,False,30,0,3,4,PPO,gpu_heavy
38,900.2854249318472,30,8,0.0,5,20.0,-240.8001007119101,False,29,1,3,4,PPO,gpu_heavy
39,913.1122676903126,29,1,0.875,16,,-245.43379765840575,False,30,1,3,4,PPO,gpu_heavy
40,915.2037868721922,30,1,0.875,16,,-249.03706119991162,False,31,1,3,4,PPO,gpu_heavy
41,937.1100950426207,31,1,0.875,16,,-258.28448717433224,False,32,1,3,4,PPO,gpu_heavy
42,973.9880455952838,32,1,0.875,16,,-278.61132875692283,False,33,1,3,4,PPO,gpu_heavy
43,1011.7300611645684,33,1,0.875,16,,-303.33204481026473,False,34,1,3,4,PPO,gpu_heavy
44,1055.9669324881713,34,1,0.875,16,,-331.99236761405757,False,35,1,3,4,PPO,gpu_heavy
45,1066.9193032372282,35,1,0.875,16,,-346.9400116390793,False,36,1,3,4,PPO,gpu_heavy
46,1068.2193226846123,36,1,0.875,16,,-349.9874774884368,False,37,1,3,4,PPO,gpu_heavy
47,1069.0890518942838,37,1,0.875,16,,-348.72520309309334,False,37,0,4,4,PPO,gpu_heavy
48,1069.0890518942838,37,8,0.0,5,26.0,-344.305346651826,False,36,1,4,4,PPO,gpu_heavy
49,1070.8916918622422,36,1,0.875,16,,-345.2089199357652,False,37,1,4,4,PPO,gpu_heavy
50,1097.9158677722905,37,1,0.875,16,,-359.68959912186875,False,38,1,4,4,PPO,gpu_heavy
51,1106.1532292175534,38,1,0.875,16,,-370.0596094844404,False,39,1,4,4,PPO,gpu_heavy
52,1123.520757140013,39,1,0.875,16,,-381.60905734707217,False,40,1,4,4,PPO,gpu_heavy
53,1149.318854461073,40,1,0.875,16,,-400.40334814797626,False,41,1,4,4,PPO,gpu_heavy
54,1178.637265474875,41,1,0.875,16,,-423.67437655900653,False,42,1,4,4,PPO,gpu_heavy
55,1190.8425210712253,42,1,0.875,16,,-437.67029400750835,False,43,1,4,4,PPO,gpu_heavy
56,1209.0261414351935,43,1,0.875,16,,-452.0004402276046,False,44,1,4,4,PPO,gpu_heavy
57,1209.6692345507627,44,1,0.875,16,,-456.40335250489284,False,45,1,4,4,PPO,gpu_heavy
58,1279.6807994102626,45,1,0.875,16,,-504.2394076844578,False,46,1,4,4,PPO,gpu_heavy
59,1283.8343975763687,46,1,0.875,16,,-522.4671482114553,False,47,1,4,4,PPO,gpu_heavy
60,1296.9431986861052,47,1,0.875,16,,-532.8304706106885,False,48,1,4,4,PPO,gpu_heavy
61,1310.4597524060352,48,1,0.875,16,,-545.7171662983415,False,49,1,4,4,PPO,gpu_heavy
62,1324.4968400104838,49,1,0.875,16,,-559.3596453634627,False,50,1,4,4,PPO,gpu_heavy
63,1336.6550070552248,50,1,0.875,16,,-571.9288262806397,False,51,1,4,4,PPO,gpu_heavy
64,1383.573214153602,51,1,0.875,16,,-612.1816387592517,False,52,1,4,4,PPO,gpu_heavy
65,1394.6058838567994,52,1,0.875,16,,-631.5055765557724,False,53,1,4,4,PPO,gpu_heavy
66,1421.4789565777485,53,1,0.875,16,,-656.5259454798452,False,54,1,4,4,PPO,gpu_heavy
67,1443.739014347419,54,1,0.875,16,,-681.5759048916816,False,55,1,4,4,PPO,gpu_heavy
68,1457.236927663721,55,1,0.875,16,,-696.3403286387882,False,55,0,5,4,PPO,gpu_heavy
69,1457.236927663721,55,8,0.0,5,34.0,-690.4523343608987,False,54,1,5,4,PPO,gpu_heavy
70,1470.4242650987194,54,3,0.625,16,,-702.6341373164784,False,55,1,5,4,PPO,gpu_heavy
71,1472.2712590588667,55,3,0.625,16,,-706.4377593405859,False,56,1,5,4,PPO,gpu_heavy
72,1492.0901868234123,56,3,0.625,16,,-725.8268437799397,False,57,1,5,4,PPO,gpu_heavy
73,1540.8987916245092,57,3,0.625,16,,-776.9390162162291,False,58,1,5,4,PPO,gpu_heavy
74,1543.1702230247272,58,3,0.625,16,,-786.8453099843692,False,59,1,5,4,PPO,gpu_heavy
75,1545.4490598899793,59,3,0.625,16,,-789.5331803814552,False,60,1,5,4,PPO,gpu_heavy
76,1628.4516017860199,60,3,0.625,16,,-876.5231517456432,False,61,1,5,4,PPO,gpu_heavy
77,1646.865482992016,61,3,0.625,16,,-909.0800650497779,False,62,1,5,4,PPO,gpu_heavy
78,1653.333983025009,62,3,0.625,16,,-918.9674708989712,False,63,1,5,4,PPO,gpu_heavy
79,1655.2011062747504,63,3,0.625,16,,-922.0390113160282,False,64,1,5,4,PPO,gpu_heavy
80,1669.6608714231304,64,3,0.625,16,,-938.5799104092923,False,65,1,5,4,PPO,gpu_heavy
81,1687.3127102665883,65,3,0.625,16,,-961.0285393909317,False,66,1,5,4,PPO,gpu_heavy
82,1696.9855123539874,66,3,0.625,16,,-975.0433626394326,False,67,1,5,4,PPO,gpu_heavy
83,1706.3801795034567,67,3,0.625,16,,-987.6756752037732,False,68,1,5,4,PPO,gpu_heavy
84,1713.9834927007855,68,3,0.625,16,,-998.2960802071622,False,69,1,5,4,PPO,gpu_heavy
85,1731.9684837974144,69,3,0.625,16,,-1021.4932307487444,False,70,1,5,4,PPO,gpu_heavy
86,1740.1555314661355,70,3,0.625,16,,-1034.4860261455644,False,71,1,5,4,PPO,gpu_heavy
87,1756.2588805053965,71,3,0.625,16,,-1056.1158596921682,False,72,1,5,4,PPO,gpu_heavy
88,1757.4921275347024,72,3,0.625,16,,-1060.2151888534243,False,73,1,5,4,PPO,gpu_heavy
89,1767.5146758537173,73,3,0.625,16,,-1073.474781072669,False,74,1,5,4,PPO,gpu_heavy
90,1773.513804034692,74,3,0.625,16,,-1082.9821501770803,False,75,1,5,4,PPO,gpu_heavy
91,1823.9867947957032,75,3,0.625,16,,-1151.7425952904664,False,76,1,5,4,PPO,gpu_heavy
92,1828.5254748073874,76,3,0.625,16,,-1163.8186249628086,False,76,0,6,4,PPO,gpu_heavy
93,1828.5254748073874,76,8,0.0,5,37.0,-1150.191885441778,False,75,1,6,4,PPO,gpu_heavy
94,1828.5254748073874,75,4,0.5,12,69.0,-1146.7253980711253,False,74,2,6,4,PPO,gpu_heavy
95,1839.6946164877822,74,0,1.0,16,,-1160.463442338011,False,75,2,6,4,PPO,gpu_heavy
96,1857.118425957154,75,0,1.0,16,,-1185.0354895948242,False,76,2,6,4,PPO,gpu_heavy
97,1869.6158317039958,76,0,1.0,16,,-1205.2631472606565,False,77,2,6,4,PPO,gpu_heavy
98,1895.1172451945251,77,0,1.0,16,,-1241.2843221001497,False,78,2,6,4,PPO,gpu_heavy
99,1896.2125776361033,78,0,1.0,16,,-1249.0945609712494,False,79,2,6,4,PPO,gpu_heavy
100,1900.97098590618,79,0,1.0,16,,-1255.697077080846,False,80,2,6,4,PPO,gpu_heavy
101,1901.944147362812,80,0,1.0,16,,-1258.2004471148184,False,81,2,6,4,PPO,gpu_heavy
102,1921.7588356541037,81,0,1.0,16,,-1285.589860438046,False,82,2,6,4,PPO,gpu_heavy
103,1936.3090813923554,82,0,1.0,16,,-1310.7683740870386,False,83,2,6,4,PPO,gpu_heavy
104,1938.104431859166,83,0,1.0,16,,-1316.9373796798045,False,84,2,6,4,PPO,gpu_heavy
105,1950.0725686278236,84,0,1.0,16,,-1334.5006528756876,False,85,2,6,4,PPO,gpu_heavy
106,1972.5542077015357,85,0,1.0,16,,-1370.0910637247343,False,86,2,6,4,PPO,gpu_heavy
107,1986.8730766162807,86,0,1.0,16,,-1396.7602107978378,False,87,2,6,4,PPO,gpu_heavy
108,2013.0473258046534,87,0,1.0,16,,-1439.3395593171995,False,88,2,6,4,PPO,gpu_heavy
109,2036.6513772916476,88,0,1.0,16,,-1481.5252393596538,False,89,2,6,4,PPO,gpu_heavy
110,2047.852330682827,89,0,1.0,16,,-1502.5637109199067,False,89,1,7,4,PPO,gpu_heavy
111,2047.852330682827,89,4,0.5,15,87.0,-1504.4263223721687,False,88,2,7,4,PPO,gpu_heavy
112,2056.3235886877096,88,0,1.0,16,,-1517.2179219595416,False,89,2,7,4,PPO,gpu_heavy
113,2057.714743314832,89,0,1.0,16,,-1521.4642030402592,False,90,2,7,4,PPO,gpu_heavy
114,2062.7935867191486,90,0,1.0,16,,-1529.6841989737309,False,91,2,7,4,PPO,gpu_heavy
115,2152.932374873394,91,0,1.0,16,,-1670.4718072269757,False,91,1,8,4,PPO,gpu_heavy
116,2152.932374873394,91,4,0.5,14,85.0,-1689.8502016719594,False,90,2,8,4,PPO,gpu_heavy
117,2411.8241292685098,90,0,1.0,16,,-2089.132420984389,False,90,1,9,4,PPO,gpu_heavy
118,2411.8241292685098,90,4,0.5,15,97.0,-2148.7453487715516,False,89,2,9,4,PPO,gpu_heavy
119,2416.7320983562945,89,0,1.0,16,,-2154.2545414758624,False,89,1,10,4,PPO,gpu_heavy
120,2724.921521124227,89,4,0.5,16,,-2665.535028428737,False,89,0,11,4,PPO,gpu_heavy
121,2724.921521124227,89,8,0.0,5,40.0,-2672.924662305936,False,88,1,11,4,PPO,gpu_heavy
122,3105.639620211173,88,2,0.75,16,,-3269.603873120159,False,88,0,12,4,PPO,gpu_heavy
123,3105.639620211173,88,8,0.0,5,43.0,-3302.998788879089,False,87,1,12,4,PPO,gpu_heavy
124,3252.6772450431636,87,1,0.875,16,,-3524.679775654755,False,87,0,13,4,PPO,gpu_heavy
125,3252.6772450431636,87,8,0.0,5,56.0,-3521.462175468961,False,86,1,13,4,PPO,gpu_heavy
126,3562.1384277036404,86,0,1.0,16,,-3974.3701139798623,False,86,0,14,4,PPO,gpu_heavy
127,3562.1384277036404,86,8,0.0,5,57.0,-4010.3847587680443,False,85,1,14,4,PPO,gpu_heavy
128,3907.5194931547508,85,1,0.875,16,,-4519.9804619675015,False,85,0,15,4,PPO,gpu_heavy
129,3907.5194931547508,85,8,0.0,5,63.0,-4550.200156004327,False,84,1,15,4,PPO,gpu_heavy
130,4225.54952213208,84,3,0.625,16,,-5032.7984126585325,False,84,0,16,4,PPO,gpu_heavy
131,4225.54952213208,84,8,0.0,5,64.0,-5030.843018704093,False,83,1,16,4,PPO,gpu_heavy
132,4523.9003181784865,83,2,0.75,16,,-5468.164565882427,False,83,0,17,4,PPO,gpu_heavy
133,4523.9003181784865,83,8,0.0,5,65.0,-5466.5363149753575,False,82,1,17,4,PPO,gpu_heavy
134,4608.400795575651,82,0,1.0,16,,-5581.991978557416,False,82,0,18,4,PPO,gpu_heavy
135,4608.400795575651,82,8,0.0,5,70.0,-5546.342299423657,False,81,1,18,4,PPO,gpu_heavy
136,4903.724366352792,81,3,0.625,16,,-5976.622176148697,False,81,0,19,4,PPO,gpu_heavy
137,4903.724366352792,81,8,0.0,5,78.0,-5961.841839306263,False,80,1,19,4,PPO,gpu_heavy
138,5051.481756952084,80,1,0.875,16,,-6163.931735071536,False,80,0,20,4,PPO,gpu_heavy
139,5051.481756952084,80,8,0.0,5,91.0,-6135.986117763273,False,79,1,20,4,PPO,gpu_heavy
140,5112.65609862227,79,0,1.0,16,,-6215.34799218462,False,79,0,21,4,PPO,gpu_heavy
141,5112.65609862227,79,8,0.0,5,11.0,-6136.597630308175,False,78,1,21,4,PPO,gpu_heavy
142,5441.067516430345,78,0,1.0,16,,-6564.816587636753,False,78,0,22,4,PPO,gpu_heavy
143,5441.067516430345,78,8,0.0,5,19.0,-6550.960357266292,False,77,1,22,4,PPO,gpu_heavy
144,5714.694631367973,77,0,1.0,16,,-6901.939335535833,False,77,0,23,4,PPO,gpu_heavy
145,5714.694631367973,77,8,0.0,5,22.0,-6870.775251601668,False,76,1,23,4,PPO,gpu_heavy
146,5714.694631367973,76,4,0.5,6,25.0,-6770.9719882922,False,75,2,23,4,PPO,gpu_heavy
147,5940.815775626994,75,0,1.0,16,,-7051.623418615976,False,75,1,24,4,PPO,gpu_heavy
148,5940.815775626994,75,4,0.5,6,29.0,-7006.396926890266,False,74,2,24,4,PPO,gpu_heavy
149,5989.830045397899,74,0,1.0,16,,-7064.684478708479,False,74,1,25,4,PPO,gpu_heavy
150,5989.830045397899,74,4,0.5,15,83.0,-6996.28381376239,False,73,2,25,4,PPO,gpu_heavy
151,6042.807508849003,73,0,1.0,16,,-7058.386544538226,False,73,1,26,4,PPO,gpu_heavy
152,6042.807508849003,73,4,0.5,15,84.0,-6990.1670768581025,False,72,2,26,4,PPO,gpu_heavy
153,6220.825806716149,72,0,1.0,16,,-7200.008851320006,False,72,1,27,4,PPO,gpu_heavy
154,6220.825806716149,72,4,0.5,8,35.0,-7140.839111553321,False,71,2,27,4,PPO,gpu_heavy
155,6339.358576858532,71,0,1.0,16,,-7277.522452619909,False,71,1,28,4,PPO,gpu_heavy
156,6604.157548697822,71,4,0.5,16,,-7650.070313687385,False,71,0,29,4,PPO,gpu_heavy
157,6604.157548697822,71,8,0.0,5,23.0,-7566.4176398668205,False,70,1,29,4,PPO,gpu_heavy
158,6888.457821438426,70,3,0.625,16,,-7918.016104087948,False,70,0,30,4,PPO,gpu_heavy
159,6888.457821438426,70,8,0.0,5,30.0,-7841.8313018715235,False,69,1,30,4,PPO,gpu_heavy
160,7253.336021748474,69,0,1.0,16,,-8252.143668221877,False,69,0,31,4,PPO,gpu_heavy
161,7253.336021748474,69,8,0.0,5,33.0,-8218.558743218226,False,68,1,31,4,PPO,gpu_heavy
162,7389.443972059213,68,1,0.875,16,,-8371.891941510356,False,68,0,32,4,PPO,gpu_heavy
163,7389.443972059213,68,8,0.0,5,41.0,-8277.29451003689,False,67,1,32,4,PPO,gpu_heavy
164,7691.733942915911,67,2,0.75,16,,-8623.683701449234,False,67,0,33,4,PPO,gpu_heavy
165,7691.733942915911,67,8,0.0,5,45.0,-8551.51476921577,False,66,1,33,4,PPO,gpu_heavy
166,8036.593307609257,66,3,0.625,16,,-8950.844854877652,False,66,0,34,4,PPO,gpu_heavy
167,8036.593307609257,66,8,0.0,5,52.0,-8871.936128432522,False,65,1,34,4,PPO,gpu_heavy
168,8129.869194109038,65,0,1.0,16,,-8967.875809257293,False,65,0,35,4,PPO,gpu_heavy
169,8129.869194109038,65,8,0.0,5,54.0,-8857.087333800268,False,64,1,35,4,PPO,gpu_heavy
170,8326.469525305394,64,3,0.625,16,,-9076.016955982173,False,64,0,36,4,PPO,gpu_heavy
171,8326.469525305394,64,8,0.0,5,59.0,-8971.081147512445,False,63,1,36,4,PPO,gpu_heavy
172,8616.37076700455,63,3,0.625,16,,-9289.059643037888,False,63,0,37,4,PPO,gpu_heavy
173,8616.37076700455,63,8,0.0,5,62.0,-9193.871100449756,False,62,1,37,4,PPO,gpu_heavy
174,8945.184157818925,62,1,0.875,16,,-9527.671775818937,False,62,0,38,4,PPO,gpu_heavy
175,8945.184157818925,62,8,0.0,5,86.0,-9460.620273455927,False,61,1,38,4,PPO,gpu_heavy
176,9013.731080727766,61,3,0.625,16,,-9531.537062700207,False,61,0,39,4,PPO,gpu_heavy
177,9013.731080727766,61,8,0.0,5,92.0,-9402.974349162714,False,60,1,39,4,PPO,gpu_heavy
178,9384.656715812393,60,3,0.625,16,,-9788.127980782292,False,60,0,40,4,PPO,gpu_heavy
179,9384.656715812393,60,8,0.0,5,98.0,-9701.546271814314,False,59,1,40,4,PPO,gpu_heavy
180,9642.821170642583,59,2,0.75,16,,-9955.774493233277,False,59,0,41,4,PPO,gpu_heavy
181,9642.821170642583,59,8,0.0,5,99.0,-9854.57977683547,False,58,1,41,4,PPO,gpu_heavy
182,9951.44868773979,58,0,1.0,16,,-10133.430817393928,False,58,0,42,4,PPO,gpu_heavy
183,9951.44868773979,58,8,0.0,5,1.0,-10015.250573081019,False,57,1,42,4,PPO,gpu_heavy
184,9951.44868773979,57,4,0.5,6,32.0,-9834.022510613526,False,56,2,42,4,PPO,gpu_heavy
185,10262.861243165371,56,0,1.0,16,,-10102.951433833781,False,56,1,43,4,PPO,gpu_heavy
186,10262.861243165371,56,4,0.5,9,55.0,-10004.280447967973,False,55,2,43,4,PPO,gpu_heavy
187,10286.976767512344,55,0,1.0,16,,-10022.7786436629,False,55,1,44,4,PPO,gpu_heavy
188,10627.15692550924,55,4,0.5,16,,-10360.483178796618,False,55,0,45,4,PPO,gpu_heavy
189,10627.15692550924,55,8,0.0,5,8.0,-10197.332603104842,False,54,1,45,4,PPO,gpu_heavy
190,10852.007614612614,54,0,1.0,16,,-10381.958675060641,False,54,0,46,4,PPO,gpu_heavy
191,10852.007614612614,54,8,0.0,5,39.0,-10244.469581108977,False,53,1,46,4,PPO,gpu_heavy
192,11038.269918486903,53,2,0.75,16,,-10404.983441239296,False,53,0,47,4,PPO,gpu_heavy
193,11038.269918486903,53,8,0.0,5,49.0,-10245.335609537002,False,52,1,47,4,PPO,gpu_heavy
194,11283.487289070792,52,0,1.0,16,,-10437.057332298275,False,52,0,48,4,PPO,gpu_heavy
195,11283.487289070792,52,8,0.0,5,50.0,-10300.285545151035,False,51,1,48,4,PPO,gpu_heavy
196,11355.892506528142,51,0,1.0,16,,-10354.037562593194,False,51,0,49,4,PPO,gpu_heavy
197,11355.892506528142,51,8,0.0,5,66.0,-10179.590048862688,False,50,1,49,4,PPO,gpu_heavy
198,11593.503704878585,50,0,1.0,16,,-10355.79844762552,False,50,0,50,4,PPO,gpu_heavy
199,11593.503704878585,50,8,0.0,5,68.0,-10218.397852776061,False,49,1,50,4,PPO,gpu_heavy
200,11799.825915091362,49,3,0.625,16,,-10386.355773438836,False,49,0,51,4,PPO,gpu_heavy
201,11799.825915091362,49,8,0.0,5,73.0,-10218.724704072823,False,48,1,51,4,PPO,gpu_heavy
202,12043.512863685355,48,3,0.625,16,,-10412.588089005245,False,48,0,52,4,PPO,gpu_heavy
203,12043.512863685355,48,8,0.0,5,80.0,-10247.264193530045,False,47,1,52,4,PPO,gpu_heavy
204,12133.017358428555,47,1,0.875,16,,-10309.819310363579,False,47,0,53,4,PPO,gpu_heavy
205,12133.017358428555,47,8,0.0,5,89.0,-10127.173248133164,False,46,1,53,4,PPO,gpu_heavy
206,12300.370370651326,46,1,0.875,16,,-10242.529547954382,False,46,0,54,4,PPO,gpu_heavy
207,12300.370370651326,46,8,0.0,5,94.0,-10074.868073497411,False,45,1,54,4,PPO,gpu_heavy
208,12536.943308560969,45,0,1.0,16,,-10226.640483138679,False,45,0,55,4,PPO,gpu_heavy
209,12536.943308560969,45,8,0.0,5,5.0,-10040.783387630785,False,44,1,55,4,PPO,gpu_heavy
210,12902.417923629046,44,1,0.875,16,,-10280.45347684455,False,44,0,56,4,PPO,gpu_heavy
211,12902.417923629046,44,8,0.0,5,6.0,-10108.336983699288,False,43,1,56,4,PPO,gpu_heavy
212,13250.92316859256,43,1,0.875,16,,-10329.815972032142,False,43,0,57,4,PPO,gpu_heavy
213,13250.92316859256,43,8,0.0,5,7.0,-10147.62447984476,False,42,1,57,4,PPO,gpu_heavy
214,13250.92316859256,42,4,0.5,10,44.0,-9905.076431615711,False,41,2,57,4,PPO,gpu_heavy
215,13377.037362065503,41,0,1.0,16,,-9974.961521895286,False,41,1,58,4,PPO,gpu_heavy
216,13377.037362065503,41,4,0.5,15,67.0,-9773.886632682053,False,40,2,58,4,PPO,gpu_heavy
217,13513.232421462959,40,0,1.0,16,,-9846.793915350654,False,40,1,59,4,PPO,gpu_heavy
218,13513.232421462959,40,4,0.5,9,42.0,-9634.536349126205,False,39,2,59,4,PPO,gpu_heavy
219,13597.295319716835,39,0,1.0,16,,-9677.089685200759,False,39,1,60,4,PPO,gpu_heavy
220,13597.295319716835,39,4,0.5,8,28.0,-9443.043095610401,False,38,2,60,4,PPO,gpu_heavy
221,13670.022340421147,38,0,1.0,16,,-9478.1338761696,False,38,1,61,4,PPO,gpu_heavy
222,13892.97360461086,38,4,0.5,16,,-9637.889684106145,False,38,0,62,4,PPO,gpu_heavy
223,13892.97360461086,38,8,0.0,5,16.0,-9399.412808824054,False,37,1,62,4,PPO,gpu_heavy
224,14215.964635771095,37,0,1.0,16,,-9555.678414092568,False,37,0,63,4,PPO,gpu_heavy
225,14215.964635771095,37,8,0.0,5,17.0,-9363.715026231908,False,36,1,63,4,PPO,gpu_heavy
226,14298.578578758053,36,3,0.625,16,,-9408.288636590807,False,36,0,64,4,PPO,gpu_heavy
227,14298.578578758053,36,8,0.0,5,21.0,-9149.906470507878,False,35,1,64,4,PPO,gpu_heavy
228,14521.462852872362,35,2,0.75,16,,-9262.134660991462,False,35,0,65,4,PPO,gpu_heavy
229,14521.462852872362,35,8,0.0,5,46.0,-9039.068950639945,False,34,1,65,4,PPO,gpu_heavy
230,14694.139454302578,34,2,0.75,16,,-9122.112176844324,False,34,0,66,4,PPO,gpu_heavy
231,14694.139454302578,34,8,0.0,5,51.0,-8888.282938477967,False,33,1,66,4,PPO,gpu_heavy
232,14986.956900380028,33,1,0.875,16,,-9015.488636559641,False,33,0,67,4,PPO,gpu_heavy
233,14986.956900380028,33,8,0.0,5,53.0,-8808.012509929604,False,32,1,67,4,PPO,gpu_heavy
234,15307.985448515026,32,2,0.75,16,,-8951.277927960691,False,32,0,68,4,PPO,gpu_heavy
235,15307.985448515026,32,8,0.0,5,58.0,-8735.740650897258,False,31,1,68,4,PPO,gpu_heavy
236,15625.940312008319,31,2,0.75,16,,-8871.256129358106,False,31,0,69,4,PPO,gpu_heavy
237,15625.940312008319,31,8,0.0,5,60.0,-8649.762345324907,False,30,1,69,4,PPO,gpu_heavy
238,15796.724909247068,30,0,1.0,16,,-8707.53695435847,False,30,0,70,4,PPO,gpu_heavy
239,15796.724909247068,30,8,0.0,5,72.0,-8470.238315730296,False,29,1,70,4,PPO,gpu_heavy
240,15953.927383425724,29,2,0.75,16,,-8529.940286845416,False,29,0,71,4,PPO,gpu_heavy
241,15953.927383425724,29,8,0.0,5,74.0,-8276.616872939416,False,28,1,71,4,PPO,gpu_heavy
242,16060.833284202447,28,2,0.75,16,,-8314.439320978745,False,28,0,72,4,PPO,gpu_heavy
243,16060.833284202447,28,8,0.0,5,75.0,-8049.906881366281,False,27,1,72,4,PPO,gpu_heavy
244,16291.182721390838,27,2,0.75,16,,-8129.105057975188,False,27,0,73,4,PPO,gpu_heavy
245,16291.182721390838,27,8,0.0,5,81.0,-7884.951658916109,False,26,1,73,4,PPO,gpu_heavy
246,16629.926143636563,26,3,0.625,16,,-8006.169578757992,False,26,0,74,4,PPO,gpu_heavy
247,16629.926143636563,26,8,0.0,5,90.0,-7767.225897239002,False,25,1,74,4,PPO,gpu_heavy
248,16629.926143636563,25,4,0.5,10,27.0,-7449.428814384452,False,24,2,74,4,PPO,gpu_heavy
249,16745.24903479372,24,0,1.0,16,,-7473.953079350598,False,24,1,75,4,PPO,gpu_heavy
250,16745.24903479372,24,4,0.5,12,38.0,-7190.998160093776,False,23,2,75,4,PPO,gpu_heavy
251,16791.34500232053,23,0,1.0,16,,-7198.678313274407,False,23,1,76,4,PPO,gpu_heavy
252,16904.740290890593,23,4,0.5,16,,-7248.1897268270795,False,23,0,77,4,PPO,gpu_heavy
253,16904.740290890593,23,8,0.0,5,96.0,-6967.002359626358,False,22,1,77,4,PPO,gpu_heavy
254,16968.959496201718,22,2,0.75,16,,-6981.217708967418,False,22,0,78,4,PPO,gpu_heavy
255,16968.959496201718,22,8,0.0,5,2.0,-6658.867549887796,False,21,1,78,4,PPO,gpu_heavy
256,17128.21937579874,21,1,0.875,16,,-6688.918600656698,False,21,0,79,4,PPO,gpu_heavy
257,17128.21937579874,21,8,0.0,5,9.0,-6388.656907329399,False,20,1,79,4,PPO,gpu_heavy
258,17517.92850456324,20,3,0.625,16,,-6481.648507465744,False,20,0,80,4,PPO,gpu_heavy
259,17517.92850456324,20,8,0.0,5,12.0,-6200.409216457295,False,19,1,80,4,PPO,gpu_heavy
260,17660.02541006617,19,3,0.625,16,,-6230.2033990635755,False,19,0,81,4,PPO,gpu_heavy
261,17660.02541006617,19,8,0.0,5,24.0,-5915.534096838641,False,18,1,81,4,PPO,gpu_heavy
262,17726.765108955427,18,3,0.625,16,,-5927.132310487327,False,18,0,82,4,PPO,gpu_heavy
263,17726.765108955427,18,8,0.0,5,31.0,-5602.79487231205,False,17,1,82,4,PPO,gpu_heavy
264,18089.293824378936,17,1,0.875,16,,-5644.75147905715,False,17,0,83,4,PPO,gpu_heavy
265,18089.293824378936,17,8,0.0,5,36.0,-5383.74851998037,False,16,1,83,4,PPO,gpu_heavy
266,18248.697302610813,16,1,0.875,16,,-5397.8881221513475,False,16,0,84,4,PPO,gpu_heavy
267,18248.697302610813,16,8,0.0,5,47.0,-5093.600537383779,False,15,1,84,4,PPO,gpu_heavy
268,18586.18969479968,15,3,0.625,16,,-5140.115068760928,False,15,0,85,4,PPO,gpu_heavy
269,18586.18969479968,15,8,0.0,5,48.0,-4847.304983973149,False,14,1,85,4,PPO,gpu_heavy
270,18984.615273477684,14,3,0.625,16,,-4894.610149334551,False,14,0,86,4,PPO,gpu_heavy
271,18984.615273477684,14,8,0.0,5,61.0,-4608.617265714614,False,13,1,86,4,PPO,gpu_heavy
272,19225.880728518536,13,3,0.625,16,,-4631.648556675102,False,13,0,87,4,PPO,gpu_heavy
273,19225.880728518536,13,8,0.0,5,71.0,-4320.574923660197,False,12,1,87,4,PPO,gpu_heavy
274,19576.027468836593,12,3,0.625,16,,-4347.899713161834,False,12,0,88,4,PPO,gpu_heavy
275,19576.027468836593,12,8,0.0,5,76.0,-4047.892702589121,False,11,1,88,4,PPO,gpu_heavy
276,19947.254686372533,11,3,0.625,16,,-4069.558437707037,False,11,0,89,4,PPO,gpu_heavy
277,19947.254686372533,11,8,0.0,5,77.0,-3765.742774329685,False,10,1,89,4,PPO,gpu_heavy
278,19947.254686372533,10,4,0.5,9,95.0,-3407.0586271183274,False,9,2,89,4,PPO,gpu_heavy
279,20008.76476385352,9,0,1.0,16,,-3400.752921694658,False,9,1,90,4,PPO,gpu_heavy
280,20008.76476385352,9,4,0.5,7,88.0,-3055.994028735091,False,8,2,90,4,PPO,gpu_heavy
281,20258.417339673575,8,0,1.0,16,,-3031.525296911286,False,8,1,91,4,PPO,gpu_heavy
282,20315.49074245718,8,4,0.5,16,,-3095.936009963726,False,8,0,92,4,PPO,gpu_heavy
283,20315.49074245718,8,8,0.0,5,79.0,-2734.110663979607,False,7,1,92,4,PPO,gpu_heavy
284,20522.388482436123,7,0,1.0,16,,-2709.3519125819234,False,7,0,93,4,PPO,gpu_heavy
285,20522.388482436123,7,8,0.0,5,82.0,-2389.4224702576926,False,6,1,93,4,PPO,gpu_heavy
286,20612.441173224175,6,1,0.875,16,,-2378.5297670423724,False,6,0,94,4,PPO,gpu_heavy
287,20612.441173224175,6,8,0.0,5,93.0,-2027.4310538418063,False,5,1,94,4,PPO,gpu_heavy
288,20876.525320653178,5,0,1.0,16,,-1985.8184317274554,False,5,0,95,4,PPO,gpu_heavy
289,20876.525320653178,5,8,0.0,0,4.0,-1639.729468612313,False,4,1,95,4,PPO,gpu_heavy
290,20939.31801956757,4,2,0.75,16,,-1630.9792534790156,False,4,0,96,4,PPO,gpu_heavy
291,20939.31801956757,4,8,0.0,0,10.0,-1231.8009152013506,False,3,1,96,4,PPO,gpu_heavy
292,21214.849027073935,3,1,0.875,16,,-1186.060367759715,False,3,0,97,4,PPO,gpu_heavy
293,21214.849027073935,3,8,0.0,0,13.0,-830.8605559679706,False,2,1,97,4,PPO,gpu_heavy
294,21456.8798811184,2,0,1.0,16,,-778.0340766186333,False,2,0,98,4,PPO,gpu_heavy
295,21456.8798811184,2,8,0.0,0,14.0,-420.0930348053016,False,1,1,98,4,PPO,gpu_heavy
296,21756.8168966765,1,1,0.875,16,,-358.48055296312873,False,1,0,99,4,PPO,gpu_heavy
297,22072.060608080737,1,8,0.0,0,15.0,51.25682990691166,False,0,0,100,4,PPO,gpu_heavy
