step,simulation_time,queue_length,free_gpus,gpu_utilization,action,selected_job_id,reward,invalid_action,waiting_jobs,running_jobs,completed_jobs,seed,scheduler,scenario
1,21.24411256793468,1,8,0.0,0,0.0,1.5931204710404137,False,1,1,0,0,PPO,heavy_tail
2,21.49169585029787,1,4,0.5,0,1.0,0.054158843016947955,False,1,2,0,0,PPO,heavy_tail
3,21.520062433813223,1,1,0.875,16,,0.005637858473676616,False,2,2,0,0,PPO,heavy_tail
4,28.399348341801325,2,1,0.875,16,,1.229105024382566,False,3,2,0,0,PPO,heavy_tail
5,35.66910952564396,3,1,0.875,16,,2.878335819945187,False,3,1,1,0,PPO,heavy_tail
6,35.66910952564396,3,4,0.5,0,3.0,-0.42894349718377456,False,2,2,1,0,PPO,heavy_tail
7,48.77360377503114,2,0,1.0,16,,2.3230002951875335,False,3,2,1,0,PPO,heavy_tail
8,56.07275089331178,3,0,1.0,16,,2.433714685314059,False,3,1,2,0,PPO,heavy_tail
9,56.07275089331178,3,4,0.5,0,2.0,-0.6994509933958218,False,2,2,2,0,PPO,heavy_tail
10,57.19339068337154,2,0,1.0,16,,-0.4641166374832718,False,3,2,2,0,PPO,heavy_tail
11,66.63465765618893,3,0,1.0,16,,1.049564139837093,False,4,2,2,0,PPO,heavy_tail
12,101.8444823946355,4,0,1.0,16,,4.67491760216866,False,5,2,2,0,PPO,heavy_tail
13,146.06311172219597,5,0,1.0,16,,4.50525581669109,False,5,1,3,0,PPO,heavy_tail
14,146.06311172219597,5,4,0.5,4,6.0,-6.7720070944225395,False,4,2,3,0,PPO,heavy_tail
15,146.06311172219597,4,3,0.625,1,8.0,-5.88763450787133,False,3,3,3,0,PPO,heavy_tail
16,163.73785009267155,3,1,0.875,16,,-1.0817697915583304,False,3,2,4,0,PPO,heavy_tail
17,163.73785009267155,3,5,0.375,0,7.0,-5.0060549613702126,False,2,3,4,0,PPO,heavy_tail
18,177.56639590016766,2,1,0.875,16,,-2.534202398280282,False,3,3,4,0,PPO,heavy_tail
19,177.56639590016766,3,1,0.875,0,9.0,-5.559196793670058,False,2,4,4,0,PPO,heavy_tail
20,210.26026785726663,2,0,1.0,16,,3.3065163173207246,False,2,3,5,0,PPO,heavy_tail
21,213.69019985249818,2,1,0.875,16,,-4.253851327806373,False,2,2,6,0,PPO,heavy_tail
22,213.69019985249818,2,3,0.625,0,4.0,-3.298331921549341,False,1,3,6,0,PPO,heavy_tail
23,218.64674912383947,1,0,1.0,16,,-2.1583255891408446,False,2,3,6,0,PPO,heavy_tail
24,218.66284600302475,2,0,1.0,16,,-3.394082562347257,False,3,3,6,0,PPO,heavy_tail
25,238.14967955089082,3,0,1.0,16,,2.304391591950975,False,3,2,7,0,PPO,heavy_tail
26,238.14967955089082,3,4,0.5,0,10.0,-4.177258186474515,False,2,3,7,0,PPO,heavy_tail
27,242.50123006122575,2,0,1.0,16,,-1.2634325793041796,False,2,2,8,0,PPO,heavy_tail
28,247.0265293063611,2,1,0.875,16,,-3.5424229668199665,False,3,2,8,0,PPO,heavy_tail
29,247.0265293063611,3,1,0.875,2,12.0,-4.532332176693327,False,2,3,8,0,PPO,heavy_tail
30,247.93275036785977,2,0,1.0,16,,-4.342025753778609,False,3,3,8,0,PPO,heavy_tail
31,261.3002541449512,3,0,1.0,16,,-2.028755301505896,False,4,3,8,0,PPO,heavy_tail
32,271.91191701425794,4,0,1.0,16,,-3.5666485579966194,False,5,3,8,0,PPO,heavy_tail
33,311.28577517348907,5,0,1.0,16,,-0.313485551438621,False,6,3,8,0,PPO,heavy_tail
34,311.3983672401375,6,0,1.0,16,,-8.142313122582118,False,6,2,9,0,PPO,heavy_tail
35,311.3983672401375,6,3,0.625,5,14.0,-9.168498877340495,False,5,3,9,0,PPO,heavy_tail
36,315.7109007009047,5,1,0.875,16,,-8.656385528874385,False,6,3,9,0,PPO,heavy_tail
37,319.549789946259,6,1,0.875,16,,-9.220661910438482,False,7,3,9,0,PPO,heavy_tail
38,338.2025326103343,7,1,0.875,16,,-8.591515448063813,False,8,3,9,0,PPO,heavy_tail
39,338.6650850951554,8,1,0.875,16,,-12.644627947347033,False,9,3,9,0,PPO,heavy_tail
40,338.6650850951554,9,1,0.875,5,20.0,-12.745811303401652,False,8,4,9,0,PPO,heavy_tail
41,340.3567202478705,8,0,1.0,16,,-12.593564139657293,False,9,4,9,0,PPO,heavy_tail
42,353.234196581026,9,0,1.0,16,,-12.11504958451518,False,10,4,9,0,PPO,heavy_tail
43,362.916049305691,10,0,1.0,16,,-14.850326031570813,False,11,4,9,0,PPO,heavy_tail
44,366.64025232928776,11,0,1.0,16,,-15.159063122029153,False,11,3,10,0,PPO,heavy_tail
45,384.6370306811991,11,1,0.875,16,,-18.11260985086824,False,12,3,10,0,PPO,heavy_tail
46,389.80790675413294,12,1,0.875,16,,-22.15928623189869,False,13,3,10,0,PPO,heavy_tail
47,395.41054129598456,13,1,0.875,16,,-23.521524047704347,False,14,3,10,0,PPO,heavy_tail
48,418.56169570823823,14,1,0.875,16,,-26.165108561484917,False,15,3,10,0,PPO,heavy_tail
49,440.12686583477586,15,1,0.875,16,,-32.98159366194658,False,16,3,10,0,PPO,heavy_tail
50,444.1701067541583,16,1,0.875,16,,-38.108352770214175,False,17,3,10,0,PPO,heavy_tail
51,446.80462451513694,17,1,0.875,16,,-39.31224699984775,False,18,3,10,0,PPO,heavy_tail
52,446.80462451513694,18,1,0.875,5,30.0,-39.88854776006182,False,17,4,10,0,PPO,heavy_tail
53,462.09579901224913,17,0,1.0,16,,-41.26475346480191,False,18,4,10,0,PPO,heavy_tail
54,468.8248515531289,18,0,1.0,16,,-45.82774286857674,False,19,4,10,0,PPO,heavy_tail
55,473.72648946216043,19,0,1.0,16,,-46.14721893197077,False,19,3,11,0,PPO,heavy_tail
56,473.72648946216043,19,2,0.75,6,18.0,-46.28909441891063,False,18,4,11,0,PPO,heavy_tail
57,479.5084152245959,18,0,1.0,16,,-46.925106252778534,False,19,4,11,0,PPO,heavy_tail
58,482.3173974417879,19,0,1.0,16,,-46.73575538162237,False,19,3,12,0,PPO,heavy_tail
59,490.6649846248599,19,1,0.875,16,,-48.78404936919071,False,19,2,13,0,PPO,heavy_tail
60,490.6649846248599,19,2,0.75,6,31.0,-52.03870035323552,False,18,3,13,0,PPO,heavy_tail
61,492.61744285296845,18,0,1.0,16,,-52.25347075832746,False,19,3,13,0,PPO,heavy_tail
62,508.0195759016905,19,0,1.0,16,,-54.74386261168845,False,20,3,13,0,PPO,heavy_tail
63,544.6216923181038,20,0,1.0,16,,-64.08471333633095,False,21,3,13,0,PPO,heavy_tail
64,546.5428018004555,21,0,1.0,16,,-73.56183105243407,False,22,3,13,0,PPO,heavy_tail
65,564.8653632402783,22,0,1.0,16,,-77.52339509658835,False,23,3,13,0,PPO,heavy_tail
66,572.4804159281625,23,0,1.0,16,,-81.70319652099971,False,23,2,14,0,PPO,heavy_tail
67,572.4804159281625,23,2,0.75,7,38.0,-85.4546586392131,False,22,3,14,0,PPO,heavy_tail
68,578.9183323536439,22,1,0.875,16,,-86.87904764835083,False,23,3,14,0,PPO,heavy_tail
69,600.4532559772341,23,1,0.875,16,,-91.48264219061602,False,23,2,15,0,PPO,heavy_tail
70,600.4532559772341,23,3,0.625,6,37.0,-97.11519764974082,False,22,3,15,0,PPO,heavy_tail
71,602.6439625827634,22,0,1.0,16,,-97.53143190479138,False,23,3,15,0,PPO,heavy_tail
72,610.1313622595909,23,0,1.0,16,,-99.65146248830747,False,24,3,15,0,PPO,heavy_tail
73,615.9899205635895,24,0,1.0,16,,-102.87078081743404,False,25,3,15,0,PPO,heavy_tail
74,626.2037620195591,25,0,1.0,16,,-106.8888807574261,False,26,3,15,0,PPO,heavy_tail
75,629.5096279989833,26,0,1.0,16,,-110.33492493586301,False,27,3,15,0,PPO,heavy_tail
76,638.8324091115486,27,0,1.0,16,,-113.864997953363,False,28,3,15,0,PPO,heavy_tail
77,640.1581848112814,28,0,1.0,16,,-116.6066836984215,False,29,3,15,0,PPO,heavy_tail
78,660.7450272321606,29,0,1.0,16,,-123.73178562224484,False,30,3,15,0,PPO,heavy_tail
79,676.3832858195,30,0,1.0,16,,-132.3518867330334,False,30,2,16,0,PPO,heavy_tail
80,676.3832858195,30,3,0.625,11,21.0,-131.54092006843567,False,29,3,16,0,PPO,heavy_tail
81,689.235504326902,29,0,1.0,16,,-135.7821521758783,False,30,3,16,0,PPO,heavy_tail
82,696.1367852586258,30,0,1.0,16,,-141.41065512883216,False,31,3,16,0,PPO,heavy_tail
83,705.5885372261653,31,0,1.0,16,,-144.6331235897527,False,31,2,17,0,PPO,heavy_tail
84,705.5885372261653,31,1,0.875,6,43.0,-147.40836607750546,False,30,3,17,0,PPO,heavy_tail
85,735.6709221675067,30,0,1.0,16,,-157.93720080697497,False,31,3,17,0,PPO,heavy_tail
86,737.017205060616,31,0,1.0,16,,-165.95592171276076,False,32,3,17,0,PPO,heavy_tail
87,740.511489944685,32,0,1.0,16,,-167.655263540825,False,33,3,17,0,PPO,heavy_tail
88,744.2270984825902,33,0,1.0,16,,-170.05223426238342,False,34,3,17,0,PPO,heavy_tail
89,753.7715601941971,34,0,1.0,16,,-175.0852549328507,False,35,3,17,0,PPO,heavy_tail
90,765.4683759504388,35,0,1.0,16,,-182.73493745106117,False,36,3,17,0,PPO,heavy_tail
91,768.4427566038885,36,0,1.0,16,,-185.05710029724293,False,36,2,18,0,PPO,heavy_tail
92,768.4427566038885,36,3,0.625,6,45.0,-185.20848851075854,False,35,3,18,0,PPO,heavy_tail
93,768.4427566038885,35,2,0.75,11,53.0,-184.72417534833258,False,34,4,18,0,PPO,heavy_tail
94,772.1676610852317,34,0,1.0,16,,-186.32588427531016,False,35,4,18,0,PPO,heavy_tail
95,773.7245865115098,35,0,1.0,16,,-187.95772683747109,False,36,4,18,0,PPO,heavy_tail
96,798.6994784686317,36,0,1.0,16,,-200.0851574138879,False,37,4,18,0,PPO,heavy_tail
97,804.9177774118612,37,0,1.0,16,,-209.37584688535085,False,38,4,18,0,PPO,heavy_tail
98,806.3374013451179,38,0,1.0,16,,-211.65442982711915,False,39,4,18,0,PPO,heavy_tail
99,815.9778566893398,39,0,1.0,16,,-217.11877714287093,False,40,4,18,0,PPO,heavy_tail
100,819.6841022216101,40,0,1.0,16,,-221.5673260216751,False,41,4,18,0,PPO,heavy_tail
101,824.8831287855832,41,0,1.0,16,,-225.4573325462073,False,42,4,18,0,PPO,heavy_tail
102,828.0315147357649,42,0,1.0,16,,-228.61463689780777,False,43,4,18,0,PPO,heavy_tail
103,834.4710948483294,43,0,1.0,16,,-233.32987725401753,False,44,4,18,0,PPO,heavy_tail
104,846.9424030901918,44,0,1.0,16,,-242.79669647453198,False,45,4,18,0,PPO,heavy_tail
105,848.1527177055202,45,0,1.0,16,,-246.70122803496108,False,46,4,18,0,PPO,heavy_tail
106,862.9343355887981,46,0,1.0,16,,-256.9074906705894,False,47,4,18,0,PPO,heavy_tail
107,867.5301043831327,47,0,1.0,16,,-261.77397560949964,False,47,3,19,0,PPO,heavy_tail
108,867.5301043831327,47,1,0.875,13,55.0,-262.88168323942944,False,46,4,19,0,PPO,heavy_tail
109,898.1965107213103,46,0,1.0,16,,-281.4281754860085,False,46,3,20,0,PPO,heavy_tail
110,898.1965107213103,46,1,0.875,15,63.0,-289.6285094318384,False,45,4,20,0,PPO,heavy_tail
111,898.9356201231556,45,0,1.0,16,,-290.1089305430378,False,46,4,20,0,PPO,heavy_tail
112,909.7449123697457,46,0,1.0,16,,-297.53593369871453,False,47,4,20,0,PPO,heavy_tail
113,913.0629563828668,47,0,1.0,16,,-300.5277071294156,False,47,3,21,0,PPO,heavy_tail
114,913.0629563828668,47,2,0.75,10,70.0,-303.2908572524334,False,46,4,21,0,PPO,heavy_tail
115,945.4717297451501,46,0,1.0,16,,-323.00473540516316,False,46,3,22,0,PPO,heavy_tail
116,945.4717297451501,46,1,0.875,13,58.0,-330.1714837202037,False,45,4,22,0,PPO,heavy_tail
117,955.9640084479594,45,0,1.0,16,,-336.99146487702967,False,46,4,22,0,PPO,heavy_tail
118,962.3002230288579,46,0,1.0,16,,-343.859798321934,False,47,4,22,0,PPO,heavy_tail
119,978.3733202476609,47,0,1.0,16,,-356.53428904813273,False,48,4,22,0,PPO,heavy_tail
120,982.7986937780281,48,0,1.0,16,,-361.69457855939424,False,48,3,23,0,PPO,heavy_tail
121,995.8811854785719,48,1,0.875,16,,-372.49831891501407,False,48,2,24,0,PPO,heavy_tail
122,995.8811854785719,48,3,0.625,10,71.0,-376.56177043389573,False,47,3,24,0,PPO,heavy_tail
123,1003.608621844184,47,0,1.0,16,,-381.8937015261681,False,48,3,24,0,PPO,heavy_tail
124,1014.1835182560234,48,0,1.0,16,,-391.33373706997713,False,49,3,24,0,PPO,heavy_tail
125,1023.484327771835,49,0,1.0,16,,-400.76705211947944,False,50,3,24,0,PPO,heavy_tail
126,1030.9933579424298,50,0,1.0,16,,-408.7240271263785,False,51,3,24,0,PPO,heavy_tail
127,1031.9018228932691,51,0,1.0,16,,-411.3008026811735,False,52,3,24,0,PPO,heavy_tail
128,1042.4803526340738,52,0,1.0,16,,-417.884957414119,False,52,2,25,0,PPO,heavy_tail
129,1087.5591239428281,52,1,0.875,16,,-459.5505307866346,False,53,2,25,0,PPO,heavy_tail
130,1108.4381268861127,53,1,0.875,16,,-486.97597323646283,False,54,2,25,0,PPO,heavy_tail
131,1114.962278671421,54,1,0.875,16,,-497.1621808554031,False,55,2,25,0,PPO,heavy_tail
132,1124.0662528683831,55,1,0.875,16,,-504.6122163195121,False,55,1,26,0,PPO,heavy_tail
133,1124.0662528683831,55,4,0.5,5,35.0,-496.28277713576375,False,54,2,26,0,PPO,heavy_tail
134,1136.900183533059,54,0,1.0,16,,-506.93493958744466,False,55,2,26,0,PPO,heavy_tail
135,1149.58656399157,55,0,1.0,16,,-520.9268456433481,False,56,2,26,0,PPO,heavy_tail
136,1149.7371810633674,56,0,1.0,16,,-524.2294776104395,False,57,2,26,0,PPO,heavy_tail
137,1166.8662277390167,57,0,1.0,16,,-539.5119834197169,False,58,2,26,0,PPO,heavy_tail
138,1184.53714194785,58,0,1.0,16,,-559.8747770186674,False,59,2,26,0,PPO,heavy_tail
139,1190.8514695674276,59,0,1.0,16,,-570.1648302570827,False,60,2,26,0,PPO,heavy_tail
140,1191.0182203304016,60,0,1.0,16,,-571.9018253868026,False,61,2,26,0,PPO,heavy_tail
141,1225.1757619262437,61,0,1.0,16,,-605.0763284255129,False,62,2,26,0,PPO,heavy_tail
142,1251.2668133248796,62,0,1.0,16,,-639.4458547091231,False,63,2,26,0,PPO,heavy_tail
143,1276.6020118507358,63,0,1.0,16,,-669.5571680698968,False,63,1,27,0,PPO,heavy_tail
144,1276.6020118507358,63,4,0.5,5,49.0,-666.2816631695185,False,62,2,27,0,PPO,heavy_tail
145,1276.6020118507358,62,1,0.875,9,88.0,-664.569987339112,False,61,3,27,0,PPO,heavy_tail
146,1298.8234806619253,61,0,1.0,16,,-686.1248120859657,False,62,3,27,0,PPO,heavy_tail
147,1299.3959114798606,62,0,1.0,16,,-692.2468857985191,False,63,3,27,0,PPO,heavy_tail
148,1335.5208989125015,63,0,1.0,16,,-728.8762308099701,False,64,3,27,0,PPO,heavy_tail
149,1368.5745266781662,64,0,1.0,16,,-771.9527142667649,False,65,3,27,0,PPO,heavy_tail
150,1408.3919931191588,65,0,1.0,16,,-822.0244609712234,False,66,3,27,0,PPO,heavy_tail
151,1423.4035432100616,66,0,1.0,16,,-846.0411861787376,False,66,2,28,0,PPO,heavy_tail
152,1435.7497271861405,66,1,0.875,16,,-865.3903088051201,False,67,2,28,0,PPO,heavy_tail
153,1440.0746455922363,67,1,0.875,16,,-872.9403513127222,False,68,2,28,0,PPO,heavy_tail
154,1469.348561952122,68,1,0.875,16,,-907.2952842597754,False,69,2,28,0,PPO,heavy_tail
155,1475.8028901155283,69,1,0.875,16,,-921.1940420432559,False,70,2,28,0,PPO,heavy_tail
156,2941.7272640590963,70,1,0.875,16,,-2652.2290930498402,False,70,1,29,0,PPO,heavy_tail
157,2941.7272640590963,70,5,0.375,5,51.0,-2930.805848670027,False,69,2,29,0,PPO,heavy_tail
158,3012.828532773905,69,2,0.75,16,,-3013.594111612436,False,69,1,30,0,PPO,heavy_tail
159,3012.828532773905,69,5,0.375,5,64.0,-2985.2296591357,False,68,2,30,0,PPO,heavy_tail
160,3062.787936116656,68,1,0.875,16,,-3040.2458282006146,False,68,1,31,0,PPO,heavy_tail
161,3062.787936116656,68,5,0.375,5,66.0,-3008.857537021312,False,67,2,31,0,PPO,heavy_tail
162,3062.787936116656,67,2,0.75,14,78.0,-2968.2398147568447,False,66,3,31,0,PPO,heavy_tail
163,3128.3808053514012,66,0,1.0,16,,-3036.4241848380216,False,66,2,32,0,PPO,heavy_tail
164,3134.354864459726,66,2,0.75,16,,-3059.5880240868855,False,66,1,33,0,PPO,heavy_tail
165,3134.354864459726,66,5,0.375,5,77.0,-3020.6409300393507,False,65,2,33,0,PPO,heavy_tail
166,3134.354864459726,65,1,0.875,15,87.0,-2981.770862141504,False,64,3,33,0,PPO,heavy_tail
167,3232.2472103528685,64,0,1.0,16,,-3080.5999784114415,False,64,2,34,0,PPO,heavy_tail
168,3232.2472103528685,64,1,0.875,15,90.0,-3067.4534569441676,False,63,3,34,0,PPO,heavy_tail
169,3260.5992960937715,63,0,1.0,16,,-3094.0890635424794,False,63,2,35,0,PPO,heavy_tail
170,3274.9342014080466,63,1,0.875,16,,-3116.103305136194,False,63,1,36,0,PPO,heavy_tail
171,3274.9342014080466,63,5,0.375,5,89.0,-3080.2438968840556,False,62,2,36,0,PPO,heavy_tail
172,3384.1944513695626,62,1,0.875,16,,-3189.8259271572533,False,62,1,37,0,PPO,heavy_tail
173,3384.1944513695626,62,5,0.375,5,93.0,-3174.753135787194,False,61,2,37,0,PPO,heavy_tail
174,3384.1944513695626,61,2,0.75,14,96.0,-3135.7842413035255,False,60,3,37,0,PPO,heavy_tail
175,3437.4253101217278,60,0,1.0,16,,-3184.353557118083,False,60,2,38,0,PPO,heavy_tail
176,3437.4253101217278,60,3,0.625,5,15.0,-3136.351003943975,False,59,3,38,0,PPO,heavy_tail
177,3441.4938093451847,59,0,1.0,16,,-3138.1347082217894,False,59,2,39,0,PPO,heavy_tail
178,3582.0720619752615,59,2,0.75,16,,-3278.675748763005,False,59,1,40,0,PPO,heavy_tail
179,3582.0720619752615,59,5,0.375,5,39.0,-3246.971096538712,False,58,2,40,0,PPO,heavy_tail
180,3627.2232989078652,58,1,0.875,16,,-3287.4696983015256,False,58,1,41,0,PPO,heavy_tail
181,3627.2232989078652,58,5,0.375,5,52.0,-3241.612295201269,False,57,2,41,0,PPO,heavy_tail
182,3657.091220527646,57,2,0.75,16,,-3268.0614905441103,False,57,1,42,0,PPO,heavy_tail
183,3657.091220527646,57,5,0.375,5,60.0,-3218.646649464168,False,56,2,42,0,PPO,heavy_tail
184,3668.765119380458,56,2,0.75,16,,-3227.5325601444156,False,56,1,43,0,PPO,heavy_tail
185,3668.765119380458,56,5,0.375,5,72.0,-3177.592118252286,False,55,2,43,0,PPO,heavy_tail
186,3706.6988986434053,55,1,0.875,16,,-3209.0212612277583,False,55,1,44,0,PPO,heavy_tail
187,3706.6988986434053,55,5,0.375,5,73.0,-3164.752763873613,False,54,2,44,0,PPO,heavy_tail
188,3706.6988986434053,54,2,0.75,14,44.0,-3103.2089784607247,False,53,3,44,0,PPO,heavy_tail
189,3756.694196030923,53,0,1.0,16,,-3141.7051693446138,False,53,2,45,0,PPO,heavy_tail
190,3756.694196030923,53,3,0.625,5,82.0,-3103.808113441536,False,52,3,45,0,PPO,heavy_tail
191,3778.5921930393397,52,0,1.0,16,,-3119.1075310781853,False,52,2,46,0,PPO,heavy_tail
192,3778.5921930393397,52,3,0.625,6,95.0,-3079.1780263318856,False,51,3,46,0,PPO,heavy_tail
193,3790.977841870531,51,0,1.0,16,,-3086.7149759319027,False,51,2,47,0,PPO,heavy_tail
194,3790.977841870531,51,2,0.75,15,54.0,-3031.0672625061743,False,50,3,47,0,PPO,heavy_tail
195,3814.3957818960475,50,1,0.875,16,,-3047.3625281511086,False,50,2,48,0,PPO,heavy_tail
196,3814.3957818960475,50,2,0.75,15,57.0,-2993.671778624,False,49,3,48,0,PPO,heavy_tail
197,3847.818136154848,49,0,1.0,16,,-3016.0700972329246,False,49,2,49,0,PPO,heavy_tail
198,3847.818136154848,49,3,0.625,10,32.0,-2958.8458201055905,False,48,3,49,0,PPO,heavy_tail
199,3849.010199787432,48,0,1.0,16,,-2957.6921852847245,False,48,2,50,0,PPO,heavy_tail
200,3849.010199787432,48,3,0.625,11,46.0,-2895.8131608933477,False,47,3,50,0,PPO,heavy_tail
201,3870.51379787749,47,0,1.0,16,,-2908.650643575488,False,47,2,51,0,PPO,heavy_tail
202,3870.51379787749,47,3,0.625,11,47.0,-2851.831167685096,False,46,3,51,0,PPO,heavy_tail
203,3870.51379787749,46,1,0.875,13,79.0,-2796.172074206402,False,45,4,51,0,PPO,heavy_tail
204,3907.0460441294094,45,0,1.0,16,,-2817.91803427015,False,45,3,52,0,PPO,heavy_tail
205,3907.0460441294094,45,1,0.875,13,80.0,-2773.0789374882643,False,44,4,52,0,PPO,heavy_tail
206,3948.1044626733146,44,0,1.0,16,,-2796.945741170924,False,44,3,53,0,PPO,heavy_tail
207,3948.1044626733146,44,3,0.625,11,50.0,-2744.9616749967845,False,43,4,53,0,PPO,heavy_tail
208,3962.209104342883,43,0,1.0,16,,-2751.5655064152215,False,43,3,54,0,PPO,heavy_tail
209,3962.209104342883,43,2,0.75,11,62.0,-2694.241166790188,False,42,4,54,0,PPO,heavy_tail
210,3971.9766530376523,42,0,1.0,16,,-2698.004020520102,False,42,3,55,0,PPO,heavy_tail
211,3971.9766530376523,42,2,0.75,15,97.0,-2651.8078675448855,False,41,4,55,0,PPO,heavy_tail
212,4020.974025290666,41,1,0.875,16,,-2679.2675376120096,False,41,3,56,0,PPO,heavy_tail
213,4020.974025290666,41,3,0.625,11,83.0,-2634.557963566375,False,40,4,56,0,PPO,heavy_tail
214,4035.6819535211885,40,0,1.0,16,,-2640.6473240931623,False,40,3,57,0,PPO,heavy_tail
215,4041.699382425718,40,1,0.875,16,,-2647.821936701551,False,40,2,58,0,PPO,heavy_tail
216,4041.699382425718,40,2,0.75,11,85.0,-2593.641586180682,False,39,3,58,0,PPO,heavy_tail
217,4084.9705415501285,39,0,1.0,16,,-2614.57530051662,False,39,2,59,0,PPO,heavy_tail
218,4084.9705415501285,39,3,0.625,15,17.0,-2552.0078974807384,False,38,3,59,0,PPO,heavy_tail
219,4125.946782161369,38,0,1.0,16,,-2570.905780192471,False,38,2,60,0,PPO,heavy_tail
220,4125.946782161369,38,2,0.75,13,98.0,-2530.017875941096,False,37,3,60,0,PPO,heavy_tail
221,4139.4411538409895,37,0,1.0,16,,-2534.6301180641103,False,37,2,61,0,PPO,heavy_tail
222,4139.4411538409895,37,3,0.625,15,40.0,-2469.267767158851,False,36,3,61,0,PPO,heavy_tail
223,4139.4411538409895,36,1,0.875,15,56.0,-2401.9222973037354,False,35,4,61,0,PPO,heavy_tail
224,4167.0088856653165,35,0,1.0,16,,-2412.3277766246824,False,35,3,62,0,PPO,heavy_tail
225,4180.531694986989,35,2,0.75,16,,-2426.150149358122,False,35,2,63,0,PPO,heavy_tail
226,4180.531694986989,35,3,0.625,15,61.0,-2363.3945993399825,False,34,3,63,0,PPO,heavy_tail
227,4214.244927780505,34,0,1.0,16,,-2375.891289441194,False,34,2,64,0,PPO,heavy_tail
228,4214.244927780505,34,3,0.625,12,92.0,-2328.02261731356,False,33,3,64,0,PPO,heavy_tail
229,4221.694863655484,33,0,1.0,16,,-2329.077091022302,False,33,2,65,0,PPO,heavy_tail
230,4221.694863655484,33,3,0.625,9,26.0,-2256.4138885438565,False,32,3,65,0,PPO,heavy_tail
231,4267.457077637408,32,0,1.0,16,,-2272.2611519968063,False,32,2,66,0,PPO,heavy_tail
232,4292.233273813869,32,2,0.75,16,,-2294.9129342621363,False,32,1,67,0,PPO,heavy_tail
233,4292.233273813869,32,5,0.375,5,84.0,-2238.708549190213,False,31,2,67,0,PPO,heavy_tail
234,4406.932795539015,31,1,0.875,16,,-2282.7317322824274,False,31,1,68,0,PPO,heavy_tail
235,4406.932795539015,31,5,0.375,5,11.0,-2226.0568536690835,False,30,2,68,0,PPO,heavy_tail
236,5829.062037262173,30,1,0.875,16,,-2766.2436270760377,False,30,1,69,0,PPO,heavy_tail
237,5829.062037262173,30,5,0.375,5,22.0,-2969.8178418893553,False,29,2,69,0,PPO,heavy_tail
238,5928.199750933274,29,1,0.875,16,,-3003.6313409530408,False,29,1,70,0,PPO,heavy_tail
239,5928.199750933274,29,5,0.375,5,25.0,-2916.5498789350113,False,28,2,70,0,PPO,heavy_tail
240,5928.199750933274,28,2,0.75,14,23.0,-2805.2442049024594,False,27,3,70,0,PPO,heavy_tail
241,5949.4731323559345,27,0,1.0,16,,-2809.4134855150305,False,27,2,71,0,PPO,heavy_tail
242,5949.4731323559345,27,3,0.625,15,33.0,-2707.3325365280693,False,26,3,71,0,PPO,heavy_tail
243,6030.219475351342,26,1,0.875,16,,-2729.6573723554357,False,26,2,72,0,PPO,heavy_tail
244,6030.219475351342,26,3,0.625,15,34.0,-2638.568594235714,False,25,3,72,0,PPO,heavy_tail
245,6113.709604361315,25,0,1.0,16,,-2657.4411264882065,False,25,2,73,0,PPO,heavy_tail
246,6115.296112817085,25,2,0.75,16,,-2678.809442633128,False,25,1,74,0,PPO,heavy_tail
247,6115.296112817085,25,5,0.375,5,41.0,-2571.003617957435,False,24,2,74,0,PPO,heavy_tail
248,6115.296112817085,24,1,0.875,15,42.0,-2461.0174941123655,False,23,3,74,0,PPO,heavy_tail
249,6258.188755125629,23,0,1.0,16,,-2489.0249489971593,False,23,2,75,0,PPO,heavy_tail
250,6258.188755125629,23,4,0.5,5,91.0,-2427.5608040850216,False,22,3,75,0,PPO,heavy_tail
251,6278.461331185084,22,0,1.0,16,,-2429.412593536318,False,22,2,76,0,PPO,heavy_tail
252,6279.9094555257825,22,1,0.875,16,,-2434.8011350615616,False,22,1,77,0,PPO,heavy_tail
253,6279.9094555257825,22,5,0.375,5,5.0,-2312.495195226074,False,21,2,77,0,PPO,heavy_tail
254,6279.9094555257825,21,1,0.875,15,65.0,-2203.5864280125247,False,20,3,77,0,PPO,heavy_tail
255,6319.722658185554,20,0,1.0,16,,-2207.5584084114907,False,20,2,78,0,PPO,heavy_tail
256,6325.145086358885,20,1,0.875,16,,-2218.49452418285,False,20,1,79,0,PPO,heavy_tail
257,6325.145086358885,20,5,0.375,5,24.0,-2102.8705192322122,False,19,2,79,0,PPO,heavy_tail
258,6365.581840518147,19,1,0.875,16,,-2107.3909458403937,False,19,1,80,0,PPO,heavy_tail
259,6365.581840518147,19,5,0.375,5,67.0,-2007.8879033564795,False,18,2,80,0,PPO,heavy_tail
260,6488.8000393862385,18,1,0.875,16,,-2023.2924739465973,False,18,1,81,0,PPO,heavy_tail
261,6488.8000393862385,18,5,0.375,5,74.0,-1942.5426265981512,False,17,2,81,0,PPO,heavy_tail
262,6499.564348124456,17,1,0.875,16,,-1941.84779903266,False,17,1,82,0,PPO,heavy_tail
263,6499.564348124456,17,5,0.375,5,75.0,-1836.4948749717764,False,16,2,82,0,PPO,heavy_tail
264,6639.152653545222,16,1,0.875,16,,-1848.6281908956291,False,16,1,83,0,PPO,heavy_tail
265,6639.152653545222,16,5,0.375,5,86.0,-1772.0708224744742,False,15,2,83,0,PPO,heavy_tail
266,6639.152653545222,15,2,0.75,10,68.0,-1656.5464561153458,False,14,3,83,0,PPO,heavy_tail
267,6715.72115196714,14,0,1.0,16,,-1656.8435110680032,False,14,2,84,0,PPO,heavy_tail
268,6715.72115196714,14,2,0.75,11,76.0,-1564.1408991895764,False,13,3,84,0,PPO,heavy_tail
269,6779.385802296056,13,0,1.0,16,,-1562.7775456928657,False,13,2,85,0,PPO,heavy_tail
270,6779.385802296056,13,3,0.625,5,94.0,-1472.4774827627368,False,12,3,85,0,PPO,heavy_tail
271,6780.833964590513,12,0,1.0,16,,-1470.4630011397921,False,12,2,86,0,PPO,heavy_tail
272,6780.833964590513,12,3,0.625,0,13.0,-1342.1670174289536,False,11,3,86,0,PPO,heavy_tail
273,6800.110372240165,11,0,1.0,16,,-1339.5887251994639,False,11,2,87,0,PPO,heavy_tail
274,6800.110372240165,11,3,0.625,10,99.0,-1239.9216774693841,False,10,3,87,0,PPO,heavy_tail
275,6837.497216559406,10,0,1.0,16,,-1236.0523352534221,False,10,2,88,0,PPO,heavy_tail
276,6837.497216559406,10,2,0.75,7,59.0,-1126.7474575502815,False,9,3,88,0,PPO,heavy_tail
277,6844.820274558996,9,0,1.0,16,,-1124.2348434903104,False,9,2,89,0,PPO,heavy_tail
278,6844.820274558996,9,3,0.625,0,16.0,-997.3949180024975,False,8,3,89,0,PPO,heavy_tail
279,6850.9611587133795,8,0,1.0,16,,-994.8422384286031,False,8,2,90,0,PPO,heavy_tail
280,6850.9611587133795,8,3,0.625,0,19.0,-868.1222869451381,False,7,3,90,0,PPO,heavy_tail
281,6948.280240235757,7,0,1.0,16,,-855.4171879776765,False,7,2,91,0,PPO,heavy_tail
282,6965.490807206509,7,2,0.75,16,,-878.9294564271603,False,7,1,92,0,PPO,heavy_tail
283,6965.490807206509,7,5,0.375,5,69.0,-762.8253339925092,False,6,2,92,0,PPO,heavy_tail
284,7000.8516842680265,6,1,0.875,16,,-757.3334473826843,False,6,1,93,0,PPO,heavy_tail
285,7000.8516842680265,6,5,0.375,5,81.0,-649.3508511279591,False,5,2,93,0,PPO,heavy_tail
286,7010.0273808720995,5,1,0.875,16,,-646.2612371562253,False,5,1,94,0,PPO,heavy_tail
287,7010.0273808720995,5,4,0.5,4,48.0,-523.8525832574624,False,4,2,94,0,PPO,heavy_tail
288,7106.667108232227,4,0,1.0,16,,-505.4238296062407,False,4,1,95,0,PPO,heavy_tail
289,7106.667108232227,4,4,0.5,0,28.0,-398.25295659832364,False,3,2,95,0,PPO,heavy_tail
290,7148.537272781372,3,0,1.0,16,,-388.29762533398616,False,3,1,96,0,PPO,heavy_tail
291,7148.537272781372,3,4,0.5,0,29.0,-266.67782315072805,False,2,2,96,0,PPO,heavy_tail
292,7169.5081683381695,2,0,1.0,16,,-260.27393508380055,False,2,1,97,0,PPO,heavy_tail
293,7169.5081683381695,2,4,0.5,0,27.0,-132.49772952040132,False,1,2,97,0,PPO,heavy_tail
294,7236.1501785994915,1,0,1.0,16,,-115.17006716029726,False,1,1,98,0,PPO,heavy_tail
295,7296.935294711201,1,4,0.5,0,36.0,12.222176544278682,False,0,0,100,0,PPO,heavy_tail
1,17.26852713122279,1,8,0.0,0,0.0,0.24097901884787842,False,1,1,0,1,PPO,heavy_tail
2,84.46148803882437,1,6,0.25,0,1.0,12.458475667653602,False,1,1,1,1,PPO,heavy_tail
3,89.04182695007226,1,6,0.25,0,2.0,0.5725423639059866,False,1,2,1,1,PPO,heavy_tail
4,90.4838524389073,1,4,0.5,0,3.0,0.3605063722087607,False,1,3,1,1,PPO,heavy_tail
5,108.22527201793581,1,0,1.0,16,,6.080526503176555,False,1,2,2,1,PPO,heavy_tail
6,112.98131600960465,1,2,0.75,16,,0.44180897702396266,False,2,2,2,1,PPO,heavy_tail
7,119.21430473278527,2,2,0.75,16,,0.46941656525519404,False,3,2,2,1,PPO,heavy_tail
8,119.21430473278527,3,2,0.75,2,6.0,-0.6992688203411714,False,2,3,2,1,PPO,heavy_tail
9,126.1070719430816,2,1,0.875,16,,0.5328133184992987,False,3,3,2,1,PPO,heavy_tail
10,126.47848996761006,3,1,0.875,16,,-0.9160168973591333,False,4,3,2,1,PPO,heavy_tail
11,136.02932159163066,4,1,0.875,16,,0.32791329760812693,False,5,3,2,1,PPO,heavy_tail
12,149.04755177097448,5,1,0.875,16,,-0.21541628634930277,False,6,3,2,1,PPO,heavy_tail
13,151.9300766628399,6,1,0.875,16,,-2.7785048050090513,False,7,3,2,1,PPO,heavy_tail
14,172.89525991928966,7,1,0.875,16,,-1.7580489436591948,False,8,3,2,1,PPO,heavy_tail
15,175.50296714045908,8,1,0.875,16,,-6.190979981763877,False,9,3,2,1,PPO,heavy_tail
16,178.04977070869555,9,1,0.875,16,,-4.662727298125522,False,9,2,3,1,PPO,heavy_tail
17,178.04977070869555,9,2,0.75,5,9.0,-6.379431596335953,False,8,3,3,1,PPO,heavy_tail
18,185.33116112841532,8,0,1.0,16,,-5.724106458561174,False,9,3,3,1,PPO,heavy_tail
19,186.94067135156902,9,0,1.0,16,,-7.431788347870357,False,10,3,3,1,PPO,heavy_tail
20,198.4769682231611,10,0,1.0,16,,-7.257351060079179,False,11,3,3,1,PPO,heavy_tail
21,202.77936938253814,11,0,1.0,16,,-8.012353243195887,False,11,2,4,1,PPO,heavy_tail
22,202.77936938253814,11,4,0.5,5,15.0,-10.771179572420765,False,10,3,4,1,PPO,heavy_tail
23,203.33288506538506,10,0,1.0,16,,-8.743503788278419,False,10,2,5,1,PPO,heavy_tail
24,203.33288506538506,10,2,0.75,9,10.0,-9.796176043101937,False,9,3,5,1,PPO,heavy_tail
25,204.2565182582064,9,0,1.0,16,,-9.731521719604443,False,10,3,5,1,PPO,heavy_tail
26,212.86577005712908,10,0,1.0,16,,-9.531967427863645,False,11,3,5,1,PPO,heavy_tail
27,221.2514059817877,11,0,1.0,16,,-9.432711299854557,False,11,2,6,1,PPO,heavy_tail
28,221.2514059817877,11,2,0.75,0,14.0,-12.810715383951765,False,10,3,6,1,PPO,heavy_tail
29,245.97857413746925,10,1,0.875,16,,-12.347080981032736,False,11,3,6,1,PPO,heavy_tail
30,259.3538901430461,11,1,0.875,16,,-15.772868160095047,False,11,2,7,1,PPO,heavy_tail
31,259.3538901430461,11,3,0.625,6,12.0,-18.96954593183985,False,10,3,7,1,PPO,heavy_tail
32,259.91000352046643,10,1,0.875,16,,-18.959118806013223,False,11,3,7,1,PPO,heavy_tail
33,271.144803803651,11,1,0.875,16,,-19.094812107677896,False,12,3,7,1,PPO,heavy_tail
34,274.486171066717,12,1,0.875,16,,-19.623428723964672,False,12,2,8,1,PPO,heavy_tail
35,274.486171066717,12,5,0.375,5,4.0,-18.674306440204173,False,11,3,8,1,PPO,heavy_tail
36,274.486171066717,11,2,0.75,10,21.0,-18.607479094942853,False,10,4,8,1,PPO,heavy_tail
37,288.76970201546095,10,0,1.0,16,,-15.893302547505655,False,10,3,9,1,PPO,heavy_tail
38,288.76970201546095,10,2,0.75,1,20.0,-20.88699131479175,False,9,4,9,1,PPO,heavy_tail
39,306.64439827749584,9,0,1.0,16,,-19.635762576449306,False,10,4,9,1,PPO,heavy_tail
40,328.79219755054436,10,0,1.0,16,,-20.997046678305598,False,10,3,10,1,PPO,heavy_tail
41,332.03006314936283,10,1,0.875,16,,-28.47328651658989,False,11,3,10,1,PPO,heavy_tail
42,332.03006314936283,11,1,0.875,7,23.0,-29.181569616331426,False,10,4,10,1,PPO,heavy_tail
43,346.60303815761694,10,0,1.0,16,,-28.45292086591872,False,11,4,10,1,PPO,heavy_tail
44,350.71065381578717,11,0,1.0,16,,-31.97293614823714,False,12,4,10,1,PPO,heavy_tail
45,361.9388902427497,12,0,1.0,16,,-30.887557698510072,False,12,3,11,1,PPO,heavy_tail
46,368.644506966604,12,1,0.875,16,,-35.83711116063262,False,13,3,11,1,PPO,heavy_tail
47,370.61644421196786,13,1,0.875,16,,-37.385307230346996,False,14,3,11,1,PPO,heavy_tail
48,397.81605427544685,14,1,0.875,16,,-37.48264461915844,False,14,2,12,1,PPO,heavy_tail
49,397.81605427544685,14,4,0.5,5,22.0,-43.609126200585436,False,13,3,12,1,PPO,heavy_tail
50,410.2277414409483,13,1,0.875,16,,-42.12110829616237,False,13,2,13,1,PPO,heavy_tail
51,410.2277414409483,13,3,0.625,5,25.0,-45.6458231111126,False,12,3,13,1,PPO,heavy_tail
52,411.94764390446653,12,0,1.0,16,,-43.628624086477416,False,12,2,14,1,PPO,heavy_tail
53,411.94764390446653,12,3,0.625,6,18.0,-42.07696222541022,False,11,3,14,1,PPO,heavy_tail
54,454.61773965799523,11,0,1.0,16,,-38.79685935280436,False,11,2,15,1,PPO,heavy_tail
55,454.61773965799523,11,2,0.75,10,26.0,-49.74491863735871,False,10,3,15,1,PPO,heavy_tail
56,475.9030636884077,10,0,1.0,16,,-48.680652435838084,False,11,3,15,1,PPO,heavy_tail
57,476.35067310104233,11,0,1.0,16,,-51.98855516106216,False,11,2,16,1,PPO,heavy_tail
58,476.35067310104233,11,2,0.75,10,24.0,-51.50550481535232,False,10,3,16,1,PPO,heavy_tail
59,478.8523331742274,10,0,1.0,16,,-51.38042181169307,False,11,3,16,1,PPO,heavy_tail
60,509.82891023508125,11,0,1.0,16,,-51.076539518163706,False,12,3,16,1,PPO,heavy_tail
61,514.1121992912845,12,0,1.0,16,,-56.77785089281515,False,12,2,17,1,PPO,heavy_tail
62,514.1121992912845,12,3,0.625,9,5.0,-51.82605549123235,False,11,3,17,1,PPO,heavy_tail
63,533.6070534214485,11,0,1.0,16,,-51.241209867327434,False,12,3,17,1,PPO,heavy_tail
64,537.6060191639012,12,0,1.0,16,,-56.074933742443925,False,13,3,17,1,PPO,heavy_tail
65,541.2308068763292,13,0,1.0,16,,-55.110923055181374,False,13,2,18,1,PPO,heavy_tail
66,541.2308068763292,13,3,0.625,9,32.0,-57.94462422903981,False,12,3,18,1,PPO,heavy_tail
67,560.1215807956362,12,0,1.0,16,,-57.75571648984674,False,13,3,18,1,PPO,heavy_tail
68,560.7192698599051,13,0,1.0,16,,-62.48438686031617,False,14,3,18,1,PPO,heavy_tail
69,573.5169964021811,14,0,1.0,16,,-61.01774092265168,False,14,2,19,1,PPO,heavy_tail
70,573.5169964021811,14,3,0.625,9,30.0,-64.94341083487869,False,13,3,19,1,PPO,heavy_tail
71,577.6652081675275,13,0,1.0,16,,-64.98489295253215,False,14,3,19,1,PPO,heavy_tail
72,592.6227516462449,14,0,1.0,16,,-66.47067219823026,False,15,3,19,1,PPO,heavy_tail
73,593.3630867907657,15,0,1.0,16,,-70.24707482513566,False,16,3,19,1,PPO,heavy_tail
74,607.1591940866712,16,0,1.0,16,,-71.39788612197924,False,17,3,19,1,PPO,heavy_tail
75,609.8490411731354,17,0,1.0,16,,-73.0889991837374,False,17,2,20,1,PPO,heavy_tail
76,609.8490411731354,17,2,0.75,6,33.0,-74.76691174780348,False,16,3,20,1,PPO,heavy_tail
77,626.621826601025,16,1,0.875,16,,-74.46515627237729,False,16,2,21,1,PPO,heavy_tail
78,626.621826601025,16,4,0.5,5,28.0,-77.11982782647577,False,15,3,21,1,PPO,heavy_tail
79,654.1103559667996,15,0,1.0,16,,-78.49425429476452,False,16,3,21,1,PPO,heavy_tail
80,664.1264411499101,16,0,1.0,16,,-86.0675125990259,False,17,3,21,1,PPO,heavy_tail
81,671.1960491214044,17,0,1.0,16,,-89.20779861223801,False,18,3,21,1,PPO,heavy_tail
82,678.7739860782086,18,0,1.0,16,,-91.80877367036004,False,19,3,21,1,PPO,heavy_tail
83,693.3547511284472,19,0,1.0,16,,-95.59875736609213,False,20,3,21,1,PPO,heavy_tail
84,699.9667608481191,20,0,1.0,16,,-100.23575008660256,False,21,3,21,1,PPO,heavy_tail
85,700.0784154275254,21,0,1.0,16,,-99.90773379501962,False,21,2,22,1,PPO,heavy_tail
86,700.0784154275254,21,3,0.625,9,39.0,-101.01628625065669,False,20,3,22,1,PPO,heavy_tail
87,700.0784154275254,20,1,0.875,12,42.0,-100.59019766367035,False,19,4,22,1,PPO,heavy_tail
88,703.3215081667739,19,0,1.0,16,,-101.01179971977265,False,20,4,22,1,PPO,heavy_tail
89,716.1556559781404,20,0,1.0,16,,-103.74769507628974,False,21,4,22,1,PPO,heavy_tail
90,734.1833552024384,21,0,1.0,16,,-110.02094089726202,False,22,4,22,1,PPO,heavy_tail
91,741.8733722888503,22,0,1.0,16,,-113.98896894975478,False,22,3,23,1,PPO,heavy_tail
92,741.8733722888503,22,4,0.5,5,11.0,-106.11260730883754,False,21,4,23,1,PPO,heavy_tail
93,744.3124395296925,21,0,1.0,16,,-106.52724873978072,False,22,4,23,1,PPO,heavy_tail
94,759.4771324066716,22,0,1.0,16,,-108.01830719661729,False,22,3,24,1,PPO,heavy_tail
95,759.4771324066716,22,2,0.75,9,29.0,-108.19698443121317,False,21,4,24,1,PPO,heavy_tail
96,766.2943264159974,21,0,1.0,16,,-107.35590741279857,False,21,3,25,1,PPO,heavy_tail
97,772.3268033741173,21,1,0.875,16,,-112.27424190295167,False,22,3,25,1,PPO,heavy_tail
98,774.1882705636784,22,1,0.875,16,,-114.00569585323079,False,23,3,25,1,PPO,heavy_tail
99,775.4038861285156,23,1,0.875,16,,-112.70615905596426,False,23,2,26,1,PPO,heavy_tail
100,775.4038861285156,23,2,0.75,13,38.0,-111.6071811199355,False,22,3,26,1,PPO,heavy_tail
101,778.4964038545457,22,0,1.0,16,,-112.19475948788123,False,23,3,26,1,PPO,heavy_tail
102,780.0600105497983,23,0,1.0,16,,-113.2962463253918,False,24,3,26,1,PPO,heavy_tail
103,780.3908380360908,24,0,1.0,16,,-113.76323832105223,False,25,3,26,1,PPO,heavy_tail
104,788.1072312803988,25,0,1.0,16,,-115.77504350370234,False,26,3,26,1,PPO,heavy_tail
105,793.5562990840666,26,0,1.0,16,,-117.17539012176964,False,26,2,27,1,PPO,heavy_tail
106,793.5562990840666,26,2,0.75,12,51.0,-120.23645916809618,False,25,3,27,1,PPO,heavy_tail
107,799.0240601422186,25,0,1.0,16,,-121.60339943263416,False,26,3,27,1,PPO,heavy_tail
108,819.1706446083681,26,0,1.0,16,,-126.40991750303255,False,26,2,28,1,PPO,heavy_tail
109,819.1706446083681,26,2,0.75,15,31.0,-127.73529179583151,False,25,3,28,1,PPO,heavy_tail
110,825.2576003375564,25,0,1.0,16,,-129.2570307281286,False,26,3,28,1,PPO,heavy_tail
111,834.0407710892874,26,0,1.0,16,,-133.15022576339302,False,27,3,28,1,PPO,heavy_tail
112,836.7405788941434,27,0,1.0,16,,-136.12896271473403,False,28,3,28,1,PPO,heavy_tail
113,836.8295215526078,28,0,1.0,16,,-136.831486890072,False,29,3,28,1,PPO,heavy_tail
114,840.1833488240882,29,0,1.0,16,,-137.96048555427663,False,30,3,28,1,PPO,heavy_tail
115,846.6788220381449,30,0,1.0,16,,-141.07235799706655,False,31,3,28,1,PPO,heavy_tail
116,859.0912444172444,31,0,1.0,16,,-145.28882258084758,False,31,2,29,1,PPO,heavy_tail
117,859.0912444172444,31,2,0.75,6,58.0,-149.94491486516043,False,30,3,29,1,PPO,heavy_tail
118,862.2304133751148,30,0,1.0,16,,-151.04362400041506,False,31,3,29,1,PPO,heavy_tail
119,865.6903476184546,31,0,1.0,16,,-153.10859190991837,False,32,3,29,1,PPO,heavy_tail
120,875.6205167843403,32,0,1.0,16,,-157.84634144544876,False,33,3,29,1,PPO,heavy_tail
121,879.5874724617155,33,0,1.0,16,,-161.955335564644,False,34,3,29,1,PPO,heavy_tail
122,902.4083403496891,34,0,1.0,16,,-170.76004767581645,False,34,2,30,1,PPO,heavy_tail
123,902.4083403496891,34,4,0.5,5,53.0,-176.0249146015379,False,33,3,30,1,PPO,heavy_tail
124,911.4279280643093,33,0,1.0,16,,-179.72294556453218,False,34,3,30,1,PPO,heavy_tail
125,922.5949391907842,34,0,1.0,16,,-184.77965727757143,False,34,2,31,1,PPO,heavy_tail
126,922.5949391907842,34,4,0.5,5,59.0,-187.85610170642664,False,33,3,31,1,PPO,heavy_tail
127,922.5949391907842,33,2,0.75,6,65.0,-186.99595237184528,False,32,4,31,1,PPO,heavy_tail
128,957.6522261112189,32,0,1.0,16,,-198.66829427081478,False,32,3,32,1,PPO,heavy_tail
129,957.6522261112189,32,2,0.75,15,63.0,-207.59337843106817,False,31,4,32,1,PPO,heavy_tail
130,963.2869441948973,31,0,1.0,16,,-207.67822412202918,False,31,3,33,1,PPO,heavy_tail
131,963.2869441948973,31,2,0.75,15,66.0,-210.049723320337,False,30,4,33,1,PPO,heavy_tail
132,982.2835674018422,30,0,1.0,16,,-216.69854144276775,False,31,4,33,1,PPO,heavy_tail
133,984.4318221461906,31,0,1.0,16,,-222.24255149991288,False,32,4,33,1,PPO,heavy_tail
134,993.8544143440558,32,0,1.0,16,,-226.4544261431674,False,33,4,33,1,PPO,heavy_tail
135,994.8816782314361,33,0,1.0,16,,-227.23125238645966,False,33,3,34,1,PPO,heavy_tail
136,994.8816782314361,33,2,0.75,10,67.0,-229.23610614171284,False,32,4,34,1,PPO,heavy_tail
137,1007.3014968883,32,0,1.0,16,,-234.07983541788977,False,33,4,34,1,PPO,heavy_tail
138,1009.0242465365413,33,0,1.0,16,,-237.89111743788467,False,34,4,34,1,PPO,heavy_tail
139,1009.926028301953,34,0,1.0,16,,-238.70957100907205,False,35,4,34,1,PPO,heavy_tail
140,1027.0684284735726,35,0,1.0,16,,-246.64909652765374,False,36,4,34,1,PPO,heavy_tail
141,1032.7443992499282,36,0,1.0,16,,-251.6024028354458,False,36,3,35,1,PPO,heavy_tail
142,1032.7443992499282,36,2,0.75,11,71.0,-254.54699247526693,False,35,4,35,1,PPO,heavy_tail
143,1045.411921000399,35,0,1.0,16,,-258.2473772629788,False,35,3,36,1,PPO,heavy_tail
144,1045.411921000399,35,2,0.75,11,72.0,-262.70453984662754,False,34,4,36,1,PPO,heavy_tail
145,1045.411921000399,34,1,0.875,7,70.0,-261.94233136438555,False,33,5,36,1,PPO,heavy_tail
146,1052.4188343300946,33,0,1.0,16,,-264.8151658295608,False,34,5,36,1,PPO,heavy_tail
147,1061.7939802198655,34,0,1.0,16,,-270.5982068945862,False,35,5,36,1,PPO,heavy_tail
148,1069.7836985159172,35,0,1.0,16,,-276.5373666002522,False,36,5,36,1,PPO,heavy_tail
149,1076.1987589109744,36,0,1.0,16,,-281.549874559942,False,37,5,36,1,PPO,heavy_tail
150,1084.6546557077531,37,0,1.0,16,,-287.2970290891279,False,38,5,36,1,PPO,heavy_tail
151,1089.6385703922633,38,0,1.0,16,,-289.95279977742274,False,38,4,37,1,PPO,heavy_tail
152,1089.6385703922633,38,2,0.75,15,61.0,-288.3395834814679,False,37,5,37,1,PPO,heavy_tail
153,1112.952550537381,37,0,1.0,16,,-299.7634337525757,False,38,5,37,1,PPO,heavy_tail
154,1115.6043640756886,38,0,1.0,16,,-304.9443536933919,False,38,4,38,1,PPO,heavy_tail
155,1115.6043640756886,38,1,0.875,15,68.0,-304.98385623937884,False,37,5,38,1,PPO,heavy_tail
156,1117.0965867952389,37,0,1.0,16,,-303.71504537195847,False,37,4,39,1,PPO,heavy_tail
157,1117.0965867952389,37,2,0.75,3,46.0,-298.0692824355041,False,36,5,39,1,PPO,heavy_tail
158,1118.746169455627,36,0,1.0,16,,-296.8445862858865,False,36,4,40,1,PPO,heavy_tail
159,1119.791665741694,36,1,0.875,16,,-299.78103696437466,False,37,4,40,1,PPO,heavy_tail
160,1135.7539864911253,37,1,0.875,16,,-308.3300989675928,False,38,4,40,1,PPO,heavy_tail
161,1136.6667318821192,38,1,0.875,16,,-312.3158800744063,False,39,4,40,1,PPO,heavy_tail
162,1142.9829226687261,39,1,0.875,16,,-314.06050520766945,False,39,3,41,1,PPO,heavy_tail
163,1142.9829226687261,39,3,0.625,5,69.0,-314.45960177574625,False,38,4,41,1,PPO,heavy_tail
164,1152.6402848899331,38,0,1.0,16,,-317.3848565085618,False,38,3,42,1,PPO,heavy_tail
165,1166.295181878815,38,2,0.75,16,,-329.6166255899984,False,39,3,42,1,PPO,heavy_tail
166,1169.5279742984412,39,2,0.75,16,,-334.0923482840423,False,40,3,42,1,PPO,heavy_tail
167,1187.2502513203178,40,2,0.75,16,,-345.5533915386217,False,41,3,42,1,PPO,heavy_tail
168,1191.1803638518145,41,2,0.75,16,,-351.36211465639525,False,42,3,42,1,PPO,heavy_tail
169,1192.6073493646393,42,2,0.75,16,,-353.030118803169,False,43,3,42,1,PPO,heavy_tail
170,1192.6073493646393,43,2,0.75,6,87.0,-353.2976785868236,False,42,4,42,1,PPO,heavy_tail
171,1200.0159561226535,42,1,0.875,16,,-357.90027553524,False,43,4,42,1,PPO,heavy_tail
172,1209.2587278309725,43,1,0.875,16,,-365.44783562151514,False,44,4,42,1,PPO,heavy_tail
173,1209.6462884174618,44,1,0.875,16,,-367.72596637052595,False,45,4,42,1,PPO,heavy_tail
174,1209.6462884174618,45,1,0.875,6,90.0,-367.8107452488205,False,44,5,42,1,PPO,heavy_tail
175,1212.6578088246513,44,0,1.0,16,,-369.7080031053499,False,45,5,42,1,PPO,heavy_tail
176,1215.6654513703777,45,0,1.0,16,,-372.41585086186944,False,46,5,42,1,PPO,heavy_tail
177,1224.2429246444387,46,0,1.0,16,,-378.91466859192195,False,47,5,42,1,PPO,heavy_tail
178,1233.4464468089782,47,0,1.0,16,,-385.40946720396937,False,47,4,43,1,PPO,heavy_tail
179,1233.4464468089782,47,1,0.875,11,91.0,-389.29457498541774,False,46,5,43,1,PPO,heavy_tail
180,1244.38442813808,46,0,1.0,16,,-396.62302247591595,False,47,5,43,1,PPO,heavy_tail
181,1249.0539793783614,47,0,1.0,16,,-402.5795081639856,False,48,5,43,1,PPO,heavy_tail
182,1251.360003831329,48,0,1.0,16,,-403.38417333566304,False,48,4,44,1,PPO,heavy_tail
183,1262.8735569850553,48,1,0.875,16,,-414.4951007241045,False,49,4,44,1,PPO,heavy_tail
184,1279.7246703549695,49,1,0.875,16,,-427.84160052932924,False,49,3,45,1,PPO,heavy_tail
185,1279.7246703549695,49,4,0.5,5,86.0,-431.7568954489348,False,48,4,45,1,PPO,heavy_tail
186,1287.5888544740317,48,0,1.0,16,,-437.34046617346905,False,49,4,45,1,PPO,heavy_tail
187,1295.4265182439515,49,0,1.0,16,,-445.028006755276,False,50,4,45,1,PPO,heavy_tail
188,1297.4859565781321,50,0,1.0,16,,-448.53200144839144,False,51,4,45,1,PPO,heavy_tail
189,1315.7116458929972,51,0,1.0,16,,-461.08064180438276,False,51,3,46,1,PPO,heavy_tail
190,1315.7116458929972,51,4,0.5,5,93.0,-465.8076897081279,False,50,4,46,1,PPO,heavy_tail
191,1315.7116458929972,50,1,0.875,6,98.0,-465.4019871551469,False,49,5,46,1,PPO,heavy_tail
192,1369.0617194746058,49,0,1.0,16,,-502.3475408697212,False,49,4,47,1,PPO,heavy_tail
193,1370.0654927959004,49,1,0.875,16,,-516.4491817059588,False,49,3,48,1,PPO,heavy_tail
194,1370.0654927959004,49,2,0.75,5,97.0,-517.0192243535546,False,48,4,48,1,PPO,heavy_tail
195,1384.4309955239466,48,0,1.0,16,,-525.2187312904675,False,48,3,49,1,PPO,heavy_tail
196,1384.4309955239466,48,3,0.625,5,8.0,-505.65105686135234,False,47,4,49,1,PPO,heavy_tail
197,1449.2324583177092,47,0,1.0,16,,-548.3640661890486,False,47,3,50,1,PPO,heavy_tail
198,1501.4050235973814,47,1,0.875,16,,-602.1938945954528,False,47,2,51,1,PPO,heavy_tail
199,1501.4050235973814,47,3,0.625,6,45.0,-599.6449729417689,False,46,3,51,1,PPO,heavy_tail
200,1502.0132997736912,46,0,1.0,16,,-598.0525179798965,False,46,2,52,1,PPO,heavy_tail
201,1502.0132997736912,46,3,0.625,6,80.0,-592.5601543433339,False,45,3,52,1,PPO,heavy_tail
202,1552.686356378191,45,0,1.0,16,,-623.4976411362588,False,45,2,53,1,PPO,heavy_tail
203,1552.686356378191,45,3,0.625,15,94.0,-631.9998667225816,False,44,3,53,1,PPO,heavy_tail
204,1604.0126445022154,44,0,1.0,16,,-662.3354282407169,False,44,2,54,1,PPO,heavy_tail
205,1604.0126445022154,44,3,0.625,14,83.0,-668.412651019255,False,43,3,54,1,PPO,heavy_tail
206,1630.2495979899888,43,2,0.75,16,,-684.0570022397826,False,43,2,55,1,PPO,heavy_tail
207,1630.2495979899888,43,3,0.625,0,16.0,-662.3409784234036,False,42,3,55,1,PPO,heavy_tail
208,1634.145006303943,42,0,1.0,16,,-662.6392693286366,False,42,2,56,1,PPO,heavy_tail
209,1634.145006303943,42,3,0.625,1,41.0,-646.3541422634744,False,41,3,56,1,PPO,heavy_tail
210,1664.7649055965376,41,0,1.0,16,,-661.8074848602532,False,41,2,57,1,PPO,heavy_tail
211,1664.7649055965376,41,3,0.625,15,73.0,-658.7085301409426,False,40,3,57,1,PPO,heavy_tail
212,1717.386723697614,40,0,1.0,16,,-685.6505300965346,False,40,2,58,1,PPO,heavy_tail
213,1717.386723697614,40,3,0.625,15,74.0,-687.5066268344532,False,39,3,58,1,PPO,heavy_tail
214,1758.5453124625844,39,0,1.0,16,,-707.3206788798877,False,39,2,59,1,PPO,heavy_tail
215,1828.19967951152,39,3,0.625,16,,-761.0572375179038,False,39,1,60,1,PPO,heavy_tail
216,1828.19967951152,39,6,0.25,5,7.0,-739.8988802179312,False,38,2,60,1,PPO,heavy_tail
217,1961.6165754264775,38,2,0.75,16,,-814.2800531292444,False,38,1,61,1,PPO,heavy_tail
218,1961.6165754264775,38,6,0.25,5,35.0,-813.61669376812,False,37,2,61,1,PPO,heavy_tail
219,2016.5957416555445,37,2,0.75,16,,-841.9926831096795,False,37,1,62,1,PPO,heavy_tail
220,2016.5957416555445,37,6,0.25,5,50.0,-829.4531273557923,False,36,2,62,1,PPO,heavy_tail
221,2016.5957416555445,36,2,0.75,15,84.0,-812.5117720086502,False,35,3,62,1,PPO,heavy_tail
222,2116.0841014578227,35,1,0.875,16,,-858.3905451634967,False,35,2,63,1,PPO,heavy_tail
223,2177.3950753360473,35,2,0.75,16,,-911.575497982835,False,35,1,64,1,PPO,heavy_tail
224,2177.3950753360473,35,6,0.25,5,52.0,-897.124604289277,False,34,2,64,1,PPO,heavy_tail
225,2177.3950753360473,34,2,0.75,15,92.0,-877.8900118099637,False,33,3,64,1,PPO,heavy_tail
226,2249.684473439956,33,0,1.0,16,,-905.5286650325662,False,33,2,65,1,PPO,heavy_tail
227,2249.684473439956,33,4,0.5,5,57.0,-897.2881405115301,False,32,3,65,1,PPO,heavy_tail
228,2273.2006193282277,32,0,1.0,16,,-904.4594374079561,False,32,2,66,1,PPO,heavy_tail
229,2303.8591582647928,32,2,0.75,16,,-924.2114627488196,False,32,1,67,1,PPO,heavy_tail
230,2303.8591582647928,32,6,0.25,5,76.0,-907.2784296044481,False,31,2,67,1,PPO,heavy_tail
231,2303.8591582647928,31,2,0.75,15,37.0,-873.0685081749676,False,30,3,67,1,PPO,heavy_tail
232,2325.958899378353,30,0,1.0,16,,-878.8034175647138,False,30,2,68,1,PPO,heavy_tail
233,2338.2492356497523,30,2,0.75,16,,-889.3981165550559,False,30,1,69,1,PPO,heavy_tail
234,2338.2492356497523,30,4,0.5,5,82.0,-869.6709045305906,False,29,2,69,1,PPO,heavy_tail
235,2448.549453413098,29,0,1.0,16,,-904.0699763924947,False,29,1,70,1,PPO,heavy_tail
236,2448.549453413098,29,4,0.5,5,17.0,-888.7591721302333,False,28,2,70,1,PPO,heavy_tail
237,2465.824129264685,28,0,1.0,16,,-892.1143216442252,False,28,1,71,1,PPO,heavy_tail
238,2465.824129264685,28,4,0.5,5,19.0,-854.0360795045776,False,27,2,71,1,PPO,heavy_tail
239,2508.4719719130594,27,0,1.0,16,,-864.4039538726063,False,27,1,72,1,PPO,heavy_tail
240,2508.4719719130594,27,4,0.5,5,60.0,-843.7001420729205,False,26,2,72,1,PPO,heavy_tail
241,2518.0623509049256,26,0,1.0,16,,-844.2895444007243,False,26,1,73,1,PPO,heavy_tail
242,2518.0623509049256,26,4,0.5,5,75.0,-819.5617717349896,False,25,2,73,1,PPO,heavy_tail
243,2578.3075621414996,25,0,1.0,16,,-832.6230745441331,False,25,1,74,1,PPO,heavy_tail
244,2578.3075621414996,25,4,0.5,5,78.0,-819.8113192246018,False,24,2,74,1,PPO,heavy_tail
245,2593.2012003151767,24,0,1.0,16,,-821.2368560045475,False,24,1,75,1,PPO,heavy_tail
246,2593.2012003151767,24,4,0.5,5,81.0,-797.8113212714857,False,23,2,75,1,PPO,heavy_tail
247,2593.2012003151767,23,1,0.875,15,56.0,-762.4524492719333,False,22,3,75,1,PPO,heavy_tail
248,2645.599680798426,22,0,1.0,16,,-770.4081605637507,False,22,2,76,1,PPO,heavy_tail
249,2645.599680798426,22,1,0.875,10,44.0,-746.5951222855568,False,21,3,76,1,PPO,heavy_tail
250,2646.2863913323886,21,0,1.0,16,,-744.7118630763305,False,21,2,77,1,PPO,heavy_tail
251,2646.2863913323886,21,3,0.625,5,88.0,-717.9581320056265,False,20,3,77,1,PPO,heavy_tail
252,2656.6072588504694,20,0,1.0,16,,-717.5062621333386,False,20,2,78,1,PPO,heavy_tail
253,2656.6072588504694,20,3,0.625,10,49.0,-684.4008699033318,False,19,3,78,1,PPO,heavy_tail
254,2723.7215050596546,19,0,1.0,16,,-691.1257219105257,False,19,2,79,1,PPO,heavy_tail
255,2723.7215050596546,19,4,0.5,5,34.0,-666.6442387588271,False,18,3,79,1,PPO,heavy_tail
256,2748.3210541343,18,0,1.0,16,,-667.3501891570381,False,18,2,80,1,PPO,heavy_tail
257,2748.3210541343,18,4,0.5,5,36.0,-632.3861103759384,False,17,3,80,1,PPO,heavy_tail
258,2748.3210541343,17,1,0.875,10,64.0,-594.9320996289392,False,16,4,80,1,PPO,heavy_tail
259,2753.5630441446515,16,0,1.0,16,,-593.2990389296638,False,16,3,81,1,PPO,heavy_tail
260,2753.5630441446515,16,3,0.625,5,40.0,-554.8208043723569,False,15,4,81,1,PPO,heavy_tail
261,2754.1530227820563,15,0,1.0,16,,-552.850303304227,False,15,3,82,1,PPO,heavy_tail
262,2754.1530227820563,15,1,0.875,7,54.0,-515.6768821335451,False,14,4,82,1,PPO,heavy_tail
263,2852.936316274337,14,0,1.0,16,,-516.6403809383135,False,14,3,83,1,PPO,heavy_tail
264,2852.936316274337,14,3,0.625,5,43.0,-500.1445730084659,False,13,4,83,1,PPO,heavy_tail
265,2881.143053932173,13,0,1.0,16,,-498.4266403850443,False,13,3,84,1,PPO,heavy_tail
266,2881.143053932173,13,3,0.625,6,55.0,-465.83594492370423,False,12,4,84,1,PPO,heavy_tail
267,2881.143053932173,12,2,0.75,10,95.0,-433.194163432628,False,11,5,84,1,PPO,heavy_tail
268,2894.28972026951,11,0,1.0,16,,-430.7997634425079,False,11,4,85,1,PPO,heavy_tail
269,2917.6180117486892,11,2,0.75,16,,-434.84459949991543,False,11,3,86,1,PPO,heavy_tail
270,2917.6180117486892,11,3,0.625,10,96.0,-408.1237650569889,False,10,4,86,1,PPO,heavy_tail
271,2984.25276938708,10,0,1.0,16,,-402.7920271750693,False,10,3,87,1,PPO,heavy_tail
272,2984.25276938708,10,3,0.625,7,79.0,-384.0247122076731,False,9,4,87,1,PPO,heavy_tail
273,3059.2142813617147,9,0,1.0,16,,-376.77740636944867,False,9,3,88,1,PPO,heavy_tail
274,3059.2142813617147,9,3,0.625,7,85.0,-360.0785037622793,False,8,4,88,1,PPO,heavy_tail
275,3135.2306724677787,8,0,1.0,16,,-351.23702856273354,False,8,3,89,1,PPO,heavy_tail
276,3413.940623598891,8,3,0.625,16,,-371.2862886559912,False,8,2,90,1,PPO,heavy_tail
277,3413.940623598891,8,6,0.25,5,47.0,-363.2395731522985,False,7,3,90,1,PPO,heavy_tail
278,3524.6731566261938,7,2,0.75,16,,-355.9797778335016,False,7,2,91,1,PPO,heavy_tail
279,3524.6731566261938,7,6,0.25,5,77.0,-329.7726398218165,False,6,3,91,1,PPO,heavy_tail
280,4181.474420601126,6,2,0.75,16,,-283.4385545035085,False,6,2,92,1,PPO,heavy_tail
281,4181.474420601126,6,6,0.25,5,89.0,-349.14447764340537,False,5,3,92,1,PPO,heavy_tail
282,4236.372846105027,5,2,0.75,16,,-342.340865411814,False,5,2,93,1,PPO,heavy_tail
283,4236.372846105027,5,6,0.25,4,99.0,-295.85658240325745,False,4,3,93,1,PPO,heavy_tail
284,5073.172617221668,4,2,0.75,16,,-203.90060700821874,False,4,2,94,1,PPO,heavy_tail
285,5106.720964787389,4,3,0.625,16,,-358.2425025907025,False,4,1,95,1,PPO,heavy_tail
286,5106.720964787389,4,7,0.125,0,27.0,-270.76234148633796,False,3,2,95,1,PPO,heavy_tail
287,5199.279722777725,3,3,0.625,16,,-259.8535610297683,False,3,1,96,1,PPO,heavy_tail
288,5199.279722777725,3,7,0.125,0,48.0,-187.2165213007975,False,2,2,96,1,PPO,heavy_tail
289,5219.481961374145,2,3,0.625,16,,-182.8680110639637,False,2,1,97,1,PPO,heavy_tail
290,5219.481961374145,2,7,0.125,0,62.0,-100.87957988467372,False,1,2,97,1,PPO,heavy_tail
291,5256.68585016544,1,3,0.625,16,,-93.81055003685984,False,1,1,98,1,PPO,heavy_tail
292,5465.587512940089,1,7,0.125,0,13.0,16.300224591719598,False,0,0,100,1,PPO,heavy_tail
1,4.358050031525709,1,8,0.0,0,0.0,0.3418482289344847,False,1,1,0,2,PPO,heavy_tail
2,10.776537448830862,1,4,0.5,0,1.0,1.4040441225355023,False,1,2,0,2,PPO,heavy_tail
3,19.620134998725973,1,1,0.875,16,,1.7576650130416536,False,2,2,0,2,PPO,heavy_tail
4,19.620134998725973,2,1,0.875,1,3.0,-0.17687195099790223,False,1,3,0,2,PPO,heavy_tail
5,34.7845653088465,1,0,1.0,16,,3.3109470203298192,False,2,3,0,2,PPO,heavy_tail
6,51.531730842125555,2,0,1.0,16,,3.036744204788288,False,3,3,0,2,PPO,heavy_tail
7,54.6269157153622,3,0,1.0,16,,-0.5619620526165117,False,4,3,0,2,PPO,heavy_tail
8,56.15075066417991,4,0,1.0,16,,0.9232936703733368,False,4,2,1,2,PPO,heavy_tail
9,56.15075066417991,4,4,0.5,0,4.0,-1.0303413597244222,False,3,3,1,2,PPO,heavy_tail
10,56.15075066417991,3,3,0.625,1,6.0,-0.999864660748068,False,2,4,1,2,PPO,heavy_tail
11,56.80800160782472,2,0,1.0,16,,-0.8618419625826577,False,3,4,1,2,PPO,heavy_tail
12,63.12862611524208,3,0,1.0,16,,0.1747639579154372,False,4,4,1,2,PPO,heavy_tail
13,70.31827137754945,4,0,1.0,16,,-0.1831524743466484,False,5,4,1,2,PPO,heavy_tail
14,93.41819828029189,5,0,1.0,16,,1.4844252454878744,False,6,4,1,2,PPO,heavy_tail
15,97.8757418020428,6,0,1.0,16,,-3.711075822370118,False,7,4,1,2,PPO,heavy_tail
16,109.46417104982905,7,0,1.0,16,,-3.5507344855513567,False,8,4,1,2,PPO,heavy_tail
17,122.8193882545103,8,0,1.0,16,,-5.245872249076607,False,9,4,1,2,PPO,heavy_tail
18,128.34763310450256,9,0,1.0,16,,-8.197699410747461,False,10,4,1,2,PPO,heavy_tail
19,151.4495195723079,10,0,1.0,16,,-6.424666299855261,False,10,3,2,2,PPO,heavy_tail
20,151.4495195723079,10,3,0.625,5,14.0,-13.738100187450488,False,9,4,2,2,PPO,heavy_tail
21,162.03271073176037,9,0,1.0,16,,-10.997276806288818,False,9,3,3,2,PPO,heavy_tail
22,162.03271073176037,9,1,0.875,0,8.0,-13.664992903821567,False,8,4,3,2,PPO,heavy_tail
23,163.2146261272741,8,0,1.0,16,,-13.558620518225332,False,9,4,3,2,PPO,heavy_tail
24,164.8679173112078,9,0,1.0,16,,-11.738368984228407,False,9,3,4,2,PPO,heavy_tail
25,164.8679173112078,9,1,0.875,2,9.0,-12.260698861538662,False,8,4,4,2,PPO,heavy_tail
26,183.87173828134652,8,0,1.0,16,,-10.550354974226178,False,9,4,4,2,PPO,heavy_tail
27,219.24032987323045,9,0,1.0,16,,-12.825508805328983,False,10,4,4,2,PPO,heavy_tail
28,219.9952734742272,10,0,1.0,16,,-19.629909523250127,False,10,3,5,2,PPO,heavy_tail
29,220.17023662467403,10,1,0.875,16,,-21.815364864428428,False,11,3,5,2,PPO,heavy_tail
30,222.09152431076603,11,1,0.875,16,,-21.856039663196295,False,12,3,5,2,PPO,heavy_tail
31,222.09152431076603,12,1,0.875,6,19.0,-22.27632134452892,False,11,4,5,2,PPO,heavy_tail
32,223.18847201357636,11,0,1.0,16,,-22.24341291344461,False,12,4,5,2,PPO,heavy_tail
33,230.97311319910102,12,0,1.0,16,,-22.43980342729195,False,13,4,5,2,PPO,heavy_tail
34,253.99061054984625,13,0,1.0,16,,-24.616138697180563,False,14,4,5,2,PPO,heavy_tail
35,259.29555198876113,14,0,1.0,16,,-28.52966127803432,False,14,3,6,2,PPO,heavy_tail
36,259.29555198876113,14,1,0.875,4,20.0,-31.13375503825934,False,13,4,6,2,PPO,heavy_tail
37,269.52561354307176,13,0,1.0,16,,-29.236055653802445,False,13,3,7,2,PPO,heavy_tail
38,269.52561354307176,13,3,0.625,10,10.0,-30.27142273712451,False,12,4,7,2,PPO,heavy_tail
39,273.1661643755693,12,0,1.0,16,,-30.235017228799535,False,13,4,7,2,PPO,heavy_tail
40,282.98060542865704,13,0,1.0,16,,-31.243299347454787,False,14,4,7,2,PPO,heavy_tail
41,296.8067440134128,14,0,1.0,16,,-34.111693768269404,False,15,4,7,2,PPO,heavy_tail
42,299.8346585342478,15,0,1.0,16,,-35.719624140500095,False,15,3,8,2,PPO,heavy_tail
43,299.8346585342478,15,1,0.875,13,21.0,-37.09937186400591,False,14,4,8,2,PPO,heavy_tail
44,308.9690561753446,14,0,1.0,16,,-37.373403793238815,False,15,4,8,2,PPO,heavy_tail
45,312.01725781468343,15,0,1.0,16,,-37.80941328547995,False,15,3,9,2,PPO,heavy_tail
46,312.01725781468343,15,1,0.875,2,25.0,-40.267253419289254,False,14,4,9,2,PPO,heavy_tail
47,323.34601883949387,14,0,1.0,16,,-40.60711625003356,False,15,4,9,2,PPO,heavy_tail
48,330.28968515467926,15,0,1.0,16,,-43.78648982199544,False,16,4,9,2,PPO,heavy_tail
49,336.60534413241356,16,0,1.0,16,,-45.96450252923319,False,17,4,9,2,PPO,heavy_tail
50,339.32647904838666,17,0,1.0,16,,-47.78831941610435,False,18,4,9,2,PPO,heavy_tail
51,344.075354020476,18,0,1.0,16,,-48.99097939202745,False,19,4,9,2,PPO,heavy_tail
52,361.50574036774526,19,0,1.0,16,,-52.444148360194795,False,20,4,9,2,PPO,heavy_tail
53,372.15649640169073,20,0,1.0,16,,-58.39935835210392,False,21,4,9,2,PPO,heavy_tail
54,374.63556349023276,21,0,1.0,16,,-59.483488765642434,False,21,3,10,2,PPO,heavy_tail
55,374.63556349023276,21,1,0.875,9,28.0,-61.21633797106687,False,20,4,10,2,PPO,heavy_tail
56,377.40497155296157,20,0,1.0,16,,-59.631749180476184,False,20,3,11,2,PPO,heavy_tail
57,377.40497155296157,20,1,0.875,2,29.0,-61.508108647747434,False,19,4,11,2,PPO,heavy_tail
58,384.1866866886608,19,0,1.0,16,,-60.38973161538833,False,19,3,12,2,PPO,heavy_tail
59,384.1866866886608,19,3,0.625,5,22.0,-61.48123887653686,False,18,4,12,2,PPO,heavy_tail
60,386.47071653793114,18,0,1.0,16,,-59.7324821599566,False,18,3,13,2,PPO,heavy_tail
61,396.09188860406994,18,1,0.875,16,,-63.66248017661627,False,19,3,13,2,PPO,heavy_tail
62,396.09188860406994,19,1,0.875,10,34.0,-65.76711156608414,False,18,4,13,2,PPO,heavy_tail
63,405.10001022655877,18,0,1.0,16,,-66.75800494455791,False,19,4,13,2,PPO,heavy_tail
64,409.76090213847,19,0,1.0,16,,-69.61595129872859,False,20,4,13,2,PPO,heavy_tail
65,411.3673844882826,20,0,1.0,16,,-69.02214662917827,False,20,3,14,2,PPO,heavy_tail
66,411.3673844882826,20,1,0.875,14,36.0,-71.39163756963518,False,19,4,14,2,PPO,heavy_tail
67,423.0075698301804,19,0,1.0,16,,-72.90486166408189,False,20,4,14,2,PPO,heavy_tail
68,436.36682051712734,20,0,1.0,16,,-75.81879560259837,False,20,3,15,2,PPO,heavy_tail
69,436.36682051712734,20,3,0.625,5,23.0,-77.89459515150395,False,19,4,15,2,PPO,heavy_tail
70,446.1319847539444,19,1,0.875,16,,-77.4692278846907,False,19,3,16,2,PPO,heavy_tail
71,446.1319847539444,19,2,0.75,10,11.0,-74.6402327024564,False,18,4,16,2,PPO,heavy_tail
72,467.0192459050374,18,0,1.0,16,,-76.93783142907662,False,19,4,16,2,PPO,heavy_tail
73,472.3055859184025,19,0,1.0,16,,-80.84687091858736,False,19,3,17,2,PPO,heavy_tail
74,478.9294143447016,19,1,0.875,16,,-85.23654825566936,False,20,3,17,2,PPO,heavy_tail
75,491.91434775210274,20,1,0.875,16,,-89.03902990401373,False,21,3,17,2,PPO,heavy_tail
76,491.91434775210274,21,1,0.875,15,40.0,-91.87948408688273,False,20,4,17,2,PPO,heavy_tail
77,495.6227437955628,20,0,1.0,16,,-92.43574349340176,False,21,4,17,2,PPO,heavy_tail
78,502.873000768841,21,0,1.0,16,,-94.59538618972407,False,22,4,17,2,PPO,heavy_tail
79,527.6177084865624,22,0,1.0,16,,-101.10944489941068,False,23,4,17,2,PPO,heavy_tail
80,530.0329363190617,23,0,1.0,16,,-105.80281967366588,False,23,3,18,2,PPO,heavy_tail
81,533.4755771207434,23,1,0.875,16,,-109.23716372519642,False,24,3,18,2,PPO,heavy_tail
82,534.8508721892592,24,1,0.875,16,,-110.34953723721405,False,25,3,18,2,PPO,heavy_tail
83,549.8131905391443,25,1,0.875,16,,-114.85853506935706,False,26,3,18,2,PPO,heavy_tail
84,552.9599290707816,26,1,0.875,16,,-119.07949719105017,False,27,3,18,2,PPO,heavy_tail
85,556.2136169090642,27,1,0.875,16,,-120.8130934628941,False,28,3,18,2,PPO,heavy_tail
86,557.2252816654945,28,1,0.875,16,,-121.87006827565025,False,29,3,18,2,PPO,heavy_tail
87,562.6186542988381,29,1,0.875,16,,-122.03972580491478,False,29,2,19,2,PPO,heavy_tail
88,562.6186542988381,29,3,0.625,5,13.0,-116.42354074757213,False,28,3,19,2,PPO,heavy_tail
89,567.2513333260225,28,1,0.875,16,,-118.0044424655988,False,29,3,19,2,PPO,heavy_tail
90,576.2897495331961,29,1,0.875,16,,-122.28296885763683,False,30,3,19,2,PPO,heavy_tail
91,583.7847962639822,30,1,0.875,16,,-125.11760896906827,False,30,2,20,2,PPO,heavy_tail
92,583.7847962639822,30,3,0.625,5,7.0,-118.2176145483046,False,29,3,20,2,PPO,heavy_tail
93,586.1775659218877,29,0,1.0,16,,-117.00722853541339,False,29,2,21,2,PPO,heavy_tail
94,586.1775659218877,29,2,0.75,11,16.0,-111.55930439707892,False,28,3,21,2,PPO,heavy_tail
95,587.4289067108608,28,0,1.0,16,,-111.94722004166061,False,29,3,21,2,PPO,heavy_tail
96,620.771068718562,29,0,1.0,16,,-123.26296870144529,False,30,3,21,2,PPO,heavy_tail
97,625.7035976467471,30,0,1.0,16,,-133.32489432823536,False,31,3,21,2,PPO,heavy_tail
98,647.7595552145294,31,0,1.0,16,,-142.7187308603611,False,32,3,21,2,PPO,heavy_tail
99,652.0766324486267,32,0,1.0,16,,-149.91638037360462,False,33,3,21,2,PPO,heavy_tail
100,671.2901725107934,33,0,1.0,16,,-158.87320110761726,False,34,3,21,2,PPO,heavy_tail
101,674.7345459516014,34,0,1.0,16,,-165.15766670270636,False,35,3,21,2,PPO,heavy_tail
102,680.3903375009197,35,0,1.0,16,,-168.5638662601016,False,36,3,21,2,PPO,heavy_tail
103,684.5156584997873,36,0,1.0,16,,-171.91671501689896,False,37,3,21,2,PPO,heavy_tail
104,685.8640334732604,37,0,1.0,16,,-173.6087490036177,False,38,3,21,2,PPO,heavy_tail
105,688.1896260704439,38,0,1.0,16,,-173.13189497154954,False,38,2,22,2,PPO,heavy_tail
106,688.1896260704439,38,3,0.625,6,58.0,-175.44419151846856,False,37,3,22,2,PPO,heavy_tail
107,695.6423402737738,37,0,1.0,16,,-179.09602147810023,False,38,3,22,2,PPO,heavy_tail
108,703.1367762947622,38,0,1.0,16,,-184.78136239963678,False,39,3,22,2,PPO,heavy_tail
109,703.6701047334146,39,0,1.0,16,,-186.93763547736967,False,40,3,22,2,PPO,heavy_tail
110,711.3746038263498,40,0,1.0,16,,-189.30844208814713,False,40,2,23,2,PPO,heavy_tail
111,711.3746038263498,40,2,0.75,10,48.0,-190.13134712303523,False,39,3,23,2,PPO,heavy_tail
112,721.8569654782904,39,0,1.0,16,,-195.6869987985637,False,40,3,23,2,PPO,heavy_tail
113,727.0801669195905,40,0,1.0,16,,-201.18035000426394,False,41,3,23,2,PPO,heavy_tail
114,749.1209008837786,41,0,1.0,16,,-213.0493687241762,False,41,2,24,2,PPO,heavy_tail
115,749.1209008837786,41,3,0.625,10,43.0,-216.1294883672789,False,40,3,24,2,PPO,heavy_tail
116,749.1209008837786,40,1,0.875,12,61.0,-214.86435101906852,False,39,4,24,2,PPO,heavy_tail
117,758.3040087390067,39,0,1.0,16,,-217.73139818233943,False,39,3,25,2,PPO,heavy_tail
118,758.3040087390067,39,2,0.75,9,42.0,-216.91855498674312,False,38,4,25,2,PPO,heavy_tail
119,763.5683814792415,38,0,1.0,16,,-219.60338508426284,False,39,4,25,2,PPO,heavy_tail
120,779.6011429545453,39,0,1.0,16,,-229.41684185123253,False,40,4,25,2,PPO,heavy_tail
121,781.4324288770565,40,0,1.0,16,,-232.4322394774397,False,40,3,26,2,PPO,heavy_tail
122,781.4324288770565,40,1,0.875,12,66.0,-233.80301571891818,False,39,4,26,2,PPO,heavy_tail
123,781.8537238877365,39,0,1.0,16,,-234.02630207457855,False,40,4,26,2,PPO,heavy_tail
124,789.668757327981,40,0,1.0,16,,-238.42989421938304,False,41,4,26,2,PPO,heavy_tail
125,804.7187621633262,41,0,1.0,16,,-248.96215533559098,False,42,4,26,2,PPO,heavy_tail
126,869.8253621238966,42,0,1.0,16,,-291.1375505211638,False,43,4,26,2,PPO,heavy_tail
127,891.2436623362662,43,0,1.0,16,,-318.47936364085183,False,43,3,27,2,PPO,heavy_tail
128,891.2436623362662,43,2,0.75,13,70.0,-323.8024405937785,False,42,4,27,2,PPO,heavy_tail
129,899.152245292204,42,1,0.875,16,,-328.7156477551549,False,43,4,27,2,PPO,heavy_tail
130,906.5641613966617,43,1,0.875,16,,-335.19854147874975,False,44,4,27,2,PPO,heavy_tail
131,915.7708729112486,44,1,0.875,16,,-342.9078361156205,False,45,4,27,2,PPO,heavy_tail
132,928.860175707568,45,1,0.875,16,,-351.838891789429,False,45,3,28,2,PPO,heavy_tail
133,928.860175707568,45,2,0.75,14,75.0,-356.44039072019746,False,44,4,28,2,PPO,heavy_tail
134,945.0839344939869,44,0,1.0,16,,-366.66135875564134,False,45,4,28,2,PPO,heavy_tail
135,955.085197894528,45,0,1.0,16,,-375.21811966259787,False,45,3,29,2,PPO,heavy_tail
136,955.085197894528,45,2,0.75,0,15.0,-363.881024077388,False,44,4,29,2,PPO,heavy_tail
137,956.1972871279564,44,0,1.0,16,,-364.5816402944479,False,45,4,29,2,PPO,heavy_tail
138,986.9350053251209,45,0,1.0,16,,-384.83917943096185,False,46,4,29,2,PPO,heavy_tail
139,987.88772456157,46,0,1.0,16,,-393.16193086867395,False,47,4,29,2,PPO,heavy_tail
140,989.4214312405517,47,0,1.0,16,,-394.4583682862836,False,48,4,29,2,PPO,heavy_tail
141,989.7252636654673,48,0,1.0,16,,-393.05751597771905,False,48,3,30,2,PPO,heavy_tail
142,989.7252636654673,48,3,0.625,6,67.0,-390.6103364402235,False,47,4,30,2,PPO,heavy_tail
143,989.7252636654673,47,1,0.875,12,79.0,-390.57358565814553,False,46,5,30,2,PPO,heavy_tail
144,994.341061640381,46,0,1.0,16,,-393.66617030133773,False,47,5,30,2,PPO,heavy_tail
145,1011.7334637226872,47,0,1.0,16,,-406.8208772318574,False,48,5,30,2,PPO,heavy_tail
146,1026.0198800997523,48,0,1.0,16,,-419.3123333801502,False,48,4,31,2,PPO,heavy_tail
147,1026.0198800997523,48,2,0.75,6,69.0,-420.00061435017614,False,47,5,31,2,PPO,heavy_tail
148,1046.733149794387,47,0,1.0,16,,-434.292770439474,False,48,5,31,2,PPO,heavy_tail
149,1046.9517012334927,48,0,1.0,16,,-439.62625938489776,False,49,5,31,2,PPO,heavy_tail
150,1052.780813652343,49,0,1.0,16,,-443.936149310435,False,50,5,31,2,PPO,heavy_tail
151,1052.9661927049262,50,0,1.0,16,,-445.532461704585,False,51,5,31,2,PPO,heavy_tail
152,1060.776859882821,51,0,1.0,16,,-451.5930201947098,False,52,5,31,2,PPO,heavy_tail
153,1062.087358021167,52,0,1.0,16,,-454.58098051847674,False,53,5,31,2,PPO,heavy_tail
154,1064.56966077296,53,0,1.0,16,,-456.91927028201565,False,54,5,31,2,PPO,heavy_tail
155,1073.8217401340335,54,0,1.0,16,,-463.2190718396549,False,54,4,32,2,PPO,heavy_tail
156,1073.8217401340335,54,1,0.875,13,81.0,-465.94247811005016,False,53,5,32,2,PPO,heavy_tail
157,1101.0383762059566,53,0,1.0,16,,-487.9879533283079,False,54,5,32,2,PPO,heavy_tail
158,1109.1421828689217,54,0,1.0,16,,-501.51827187654976,False,55,5,32,2,PPO,heavy_tail
159,1114.1664758507122,55,0,1.0,16,,-507.81487257681295,False,56,5,32,2,PPO,heavy_tail
160,1115.0931186125295,56,0,1.0,16,,-509.87712502504155,False,57,5,32,2,PPO,heavy_tail
161,1129.4385740768078,57,0,1.0,16,,-522.8762410787035,False,58,5,32,2,PPO,heavy_tail
162,1132.430051057517,58,0,1.0,16,,-529.1848489972184,False,59,5,32,2,PPO,heavy_tail
163,1139.5596206965215,59,0,1.0,16,,-534.56321800667,False,59,4,33,2,PPO,heavy_tail
164,1139.5596206965215,59,2,0.75,10,95.0,-538.203019023641,False,58,5,33,2,PPO,heavy_tail
165,1141.5688688416642,58,0,1.0,16,,-540.0314348357208,False,59,5,33,2,PPO,heavy_tail
166,1141.653063453071,59,0,1.0,16,,-540.6120478606147,False,60,5,33,2,PPO,heavy_tail
167,1152.5323011436687,60,0,1.0,16,,-550.9683723195344,False,61,5,33,2,PPO,heavy_tail
168,1162.82477562426,61,0,1.0,16,,-563.6718819883574,False,62,5,33,2,PPO,heavy_tail
169,1190.2339503230112,62,0,1.0,16,,-591.3800835602688,False,62,4,34,2,PPO,heavy_tail
170,1190.2339503230112,62,2,0.75,10,96.0,-599.2590756053297,False,61,5,34,2,PPO,heavy_tail
171,1190.2339503230112,61,1,0.875,15,92.0,-597.7377261158838,False,60,6,34,2,PPO,heavy_tail
172,1213.1695654046523,60,0,1.0,16,,-617.5265604434428,False,60,5,35,2,PPO,heavy_tail
173,1246.603465619033,60,1,0.875,16,,-656.0674787992141,False,60,4,36,2,PPO,heavy_tail
174,1246.603465619033,60,3,0.625,10,27.0,-646.9159955355191,False,59,5,36,2,PPO,heavy_tail
175,1289.3584671845074,59,0,1.0,16,,-684.6781469914104,False,59,4,37,2,PPO,heavy_tail
176,1310.466653356157,59,1,0.875,16,,-715.657141340277,False,59,3,38,2,PPO,heavy_tail
177,1310.466653356157,59,4,0.5,5,65.0,-710.5023633077681,False,58,4,38,2,PPO,heavy_tail
178,1416.8462466405897,58,0,1.0,16,,-805.3077931966019,False,58,3,39,2,PPO,heavy_tail
179,1416.8462466405897,58,4,0.5,5,73.0,-823.5488114907424,False,57,4,39,2,PPO,heavy_tail
180,1489.1511553105504,57,1,0.875,16,,-888.1597086029436,False,57,3,40,2,PPO,heavy_tail
181,1489.1511553105504,57,4,0.5,5,84.0,-897.1324182929565,False,56,4,40,2,PPO,heavy_tail
182,1568.1602318269236,56,0,1.0,16,,-963.8703148622011,False,56,3,41,2,PPO,heavy_tail
183,1568.1602318269236,56,4,0.5,5,89.0,-975.550772570215,False,55,4,41,2,PPO,heavy_tail
184,1568.1602318269236,55,2,0.75,14,60.0,-957.8778811036724,False,54,5,41,2,PPO,heavy_tail
185,1633.2439677793564,54,0,1.0,16,,-1009.8973819441915,False,54,4,42,2,PPO,heavy_tail
186,1658.941991511548,54,1,0.875,16,,-1048.3007388716499,False,54,3,43,2,PPO,heavy_tail
187,1658.941991511548,54,3,0.625,5,93.0,-1045.0452041050862,False,53,4,43,2,PPO,heavy_tail
188,1812.844501068317,53,0,1.0,16,,-1167.7062368460693,False,53,3,44,2,PPO,heavy_tail
189,1812.844501068317,53,3,0.625,10,30.0,-1178.711503794863,False,52,4,44,2,PPO,heavy_tail
190,1837.7806432677712,52,0,1.0,16,,-1196.4110561324317,False,52,3,45,2,PPO,heavy_tail
191,1973.1498953758437,52,1,0.875,16,,-1313.8170899760498,False,52,2,46,2,PPO,heavy_tail
192,1973.1498953758437,52,4,0.5,5,35.0,-1314.068116171705,False,51,3,46,2,PPO,heavy_tail
193,2061.0748525661743,51,0,1.0,16,,-1379.7703332082597,False,51,2,47,2,PPO,heavy_tail
194,2061.0748525661743,51,2,0.75,15,86.0,-1383.5893993086172,False,50,3,47,2,PPO,heavy_tail
195,2083.7935344731263,50,1,0.875,16,,-1399.3383695484238,False,50,2,48,2,PPO,heavy_tail
196,2083.7935344731263,50,5,0.375,5,54.0,-1377.1462824790415,False,49,3,48,2,PPO,heavy_tail
197,2203.8375925274413,49,1,0.875,16,,-1466.5298216728893,False,49,2,49,2,PPO,heavy_tail
198,2203.8375925274413,49,2,0.75,15,91.0,-1472.8955511791,False,48,3,49,2,PPO,heavy_tail
199,2220.8670554889063,48,0,1.0,16,,-1482.98646988174,False,48,2,50,2,PPO,heavy_tail
200,2220.8670554889063,48,2,0.75,13,83.0,-1465.761157508216,False,47,3,50,2,PPO,heavy_tail
201,2236.9356363931493,47,0,1.0,16,,-1474.8484783321437,False,47,2,51,2,PPO,heavy_tail
202,2236.9356363931493,47,4,0.5,5,57.0,-1449.5527142805572,False,46,3,51,2,PPO,heavy_tail
203,2281.7756491682076,46,1,0.875,16,,-1478.996773239067,False,46,2,52,2,PPO,heavy_tail
204,2281.7756491682076,46,4,0.5,5,90.0,-1467.190780574366,False,45,3,52,2,PPO,heavy_tail
205,2304.7423645082,45,1,0.875,16,,-1480.8368553997357,False,45,2,53,2,PPO,heavy_tail
206,2304.7423645082,45,4,0.5,5,2.0,-1441.9815078391716,False,44,3,53,2,PPO,heavy_tail
207,2348.225103255727,44,0,1.0,16,,-1467.3756332501137,False,44,2,54,2,PPO,heavy_tail
208,2348.225103255727,44,2,0.75,12,18.0,-1437.6852206043743,False,43,3,54,2,PPO,heavy_tail
209,2382.172896091347,43,0,1.0,16,,-1456.3933742341026,False,43,2,55,2,PPO,heavy_tail
210,2382.172896091347,43,2,0.75,12,32.0,-1426.4669793285354,False,42,3,55,2,PPO,heavy_tail
211,2448.091365781995,42,0,1.0,16,,-1463.3588764460183,False,42,2,56,2,PPO,heavy_tail
212,2448.091365781995,42,2,0.75,15,45.0,-1443.5736839968251,False,41,3,56,2,PPO,heavy_tail
213,2605.556906399572,41,0,1.0,16,,-1531.3290421488443,False,41,2,57,2,PPO,heavy_tail
214,2605.556906399572,41,2,0.75,15,47.0,-1531.6434877566626,False,40,3,57,2,PPO,heavy_tail
215,2605.556906399572,40,1,0.875,15,50.0,-1490.8773762951917,False,39,4,57,2,PPO,heavy_tail
216,2664.0778139513977,39,0,1.0,16,,-1519.893457297659,False,39,3,58,2,PPO,heavy_tail
217,2664.0778139513977,39,1,0.875,15,62.0,-1497.154974712063,False,38,4,58,2,PPO,heavy_tail
218,2694.376353761612,38,0,1.0,16,,-1510.6072300152723,False,38,3,59,2,PPO,heavy_tail
219,2709.774065740217,38,1,0.875,16,,-1526.5158765762458,False,38,2,60,2,PPO,heavy_tail
220,2709.774065740217,38,2,0.75,13,39.0,-1487.2672330436553,False,37,3,60,2,PPO,heavy_tail
221,3222.189880911863,37,0,1.0,16,,-1736.350982477762,False,37,2,61,2,PPO,heavy_tail
222,3222.189880911863,37,4,0.5,5,52.0,-1813.7597167866534,False,36,3,61,2,PPO,heavy_tail
223,3344.693315728746,36,1,0.875,16,,-1873.1645634886158,False,36,2,62,2,PPO,heavy_tail
224,3344.693315728746,36,4,0.5,5,53.0,-1847.4837449146053,False,35,3,62,2,PPO,heavy_tail
225,3490.9059528487783,35,0,1.0,16,,-1911.27943161862,False,35,2,63,2,PPO,heavy_tail
226,3490.9059528487783,35,2,0.75,14,80.0,-1899.8029004664636,False,34,3,63,2,PPO,heavy_tail
227,3503.357828028038,34,0,1.0,16,,-1903.1572067935454,False,34,2,64,2,PPO,heavy_tail
228,3503.357828028038,34,4,0.5,5,72.0,-1855.5995262702772,False,33,3,64,2,PPO,heavy_tail
229,3645.0460426173404,33,0,1.0,16,,-1911.6916942518912,False,33,2,65,2,PPO,heavy_tail
230,3645.0460426173404,33,2,0.75,0,17.0,-1880.5976336443348,False,32,3,65,2,PPO,heavy_tail
231,3661.5253333909372,32,0,1.0,16,,-1885.0245570460374,False,32,2,66,2,PPO,heavy_tail
232,3661.5253333909372,32,4,0.5,5,76.0,-1836.8155517614978,False,31,3,66,2,PPO,heavy_tail
233,3702.2252150838335,31,1,0.875,16,,-1851.1463792907723,False,31,2,67,2,PPO,heavy_tail
234,3702.2252150838335,31,4,0.5,5,88.0,-1809.24672126984,False,30,3,67,2,PPO,heavy_tail
235,3720.962413278089,30,0,1.0,16,,-1813.8047406378296,False,30,2,68,2,PPO,heavy_tail
236,3755.8911355388664,30,2,0.75,16,,-1832.897138118964,False,30,1,69,2,PPO,heavy_tail
237,3755.8911355388664,30,6,0.25,5,94.0,-1788.9172223136188,False,29,2,69,2,PPO,heavy_tail
238,3755.8911355388664,29,3,0.625,11,12.0,-1715.988683023838,False,28,3,69,2,PPO,heavy_tail
239,3804.0581104669172,28,0,1.0,16,,-1728.9204452515335,False,28,2,70,2,PPO,heavy_tail
240,3804.0581104669172,28,3,0.625,6,41.0,-1676.7934816501195,False,27,3,70,2,PPO,heavy_tail
241,3818.1515826978934,27,0,1.0,16,,-1678.8805885971024,False,27,2,71,2,PPO,heavy_tail
242,3818.1515826978934,27,3,0.625,10,24.0,-1613.7005371094617,False,26,3,71,2,PPO,heavy_tail
243,3870.8207410600194,26,0,1.0,16,,-1625.9212098672358,False,26,2,72,2,PPO,heavy_tail
244,3870.8207410600194,26,3,0.625,6,64.0,-1577.7454867312351,False,25,3,72,2,PPO,heavy_tail
245,3904.1896323310875,25,0,1.0,16,,-1584.0877095490023,False,25,2,73,2,PPO,heavy_tail
246,3904.1896323310875,25,3,0.625,15,59.0,-1529.9539464701656,False,24,3,73,2,PPO,heavy_tail
247,3904.1896323310875,24,2,0.75,15,63.0,-1465.9328893494394,False,23,4,73,2,PPO,heavy_tail
248,3919.6140341525993,23,0,1.0,16,,-1467.1720137319567,False,23,3,74,2,PPO,heavy_tail
249,3919.6140341525993,23,2,0.75,11,44.0,-1405.3053450466975,False,22,4,74,2,PPO,heavy_tail
250,3919.6140341525993,22,1,0.875,12,49.0,-1338.0575699969556,False,21,5,74,2,PPO,heavy_tail
251,3929.4178100624963,21,0,1.0,16,,-1337.724211901638,False,21,4,75,2,PPO,heavy_tail
252,3929.4178100624963,21,3,0.625,15,78.0,-1283.3254997843646,False,20,5,75,2,PPO,heavy_tail
253,3929.4178100624963,20,1,0.875,13,71.0,-1220.8315188263814,False,19,6,75,2,PPO,heavy_tail
254,3966.0971344997156,19,0,1.0,16,,-1223.5998310032198,False,19,5,76,2,PPO,heavy_tail
255,3985.04571678882,19,1,0.875,16,,-1235.8251210066426,False,19,4,77,2,PPO,heavy_tail
256,3985.04571678882,19,3,0.625,15,87.0,-1183.4847462442642,False,18,5,77,2,PPO,heavy_tail
257,3998.11015358989,18,1,0.875,16,,-1183.3300979424157,False,18,4,78,2,PPO,heavy_tail
258,4000.8618651757347,18,2,0.75,16,,-1186.6626137412077,False,18,3,79,2,PPO,heavy_tail
259,4000.8618651757347,18,4,0.5,5,37.0,-1117.6214737566424,False,17,4,79,2,PPO,heavy_tail
260,4007.862557205556,17,0,1.0,16,,-1116.2515360393263,False,17,3,80,2,PPO,heavy_tail
261,4036.732529200796,17,2,0.75,16,,-1122.404379776056,False,17,2,81,2,PPO,heavy_tail
262,4036.732529200796,17,3,0.625,6,82.0,-1069.3175182156012,False,16,3,81,2,PPO,heavy_tail
263,4049.9430832670837,16,0,1.0,16,,-1068.2422570002414,False,16,2,82,2,PPO,heavy_tail
264,4058.7224868160083,16,1,0.875,16,,-1072.433810126142,False,16,1,83,2,PPO,heavy_tail
265,4058.7224868160083,16,5,0.375,5,68.0,-1010.7718777752399,False,15,2,83,2,PPO,heavy_tail
266,4219.435738618689,15,1,0.875,16,,-1021.8298294842078,False,15,1,84,2,PPO,heavy_tail
267,4219.435738618689,15,5,0.375,5,5.0,-975.6277731605129,False,14,2,84,2,PPO,heavy_tail
268,4289.595596852537,14,1,0.875,16,,-977.9250644773359,False,14,1,85,2,PPO,heavy_tail
269,4289.595596852537,14,5,0.375,5,26.0,-915.6600026524463,False,13,2,85,2,PPO,heavy_tail
270,4424.240765551273,13,1,0.875,16,,-919.2141158612692,False,13,1,86,2,PPO,heavy_tail
271,4424.240765551273,13,5,0.375,5,33.0,-869.6260611311262,False,12,2,86,2,PPO,heavy_tail
272,4424.240765551273,12,2,0.75,11,99.0,-804.3977413325858,False,11,3,86,2,PPO,heavy_tail
273,4479.1645317403945,11,0,1.0,16,,-800.7500283469122,False,11,2,87,2,PPO,heavy_tail
274,6327.339712799809,11,2,0.75,16,,-874.5466632786236,False,11,1,88,2,PPO,heavy_tail
275,6327.339712799809,11,5,0.375,5,46.0,-1107.5289792820504,False,10,2,88,2,PPO,heavy_tail
276,6448.01154051129,10,1,0.875,16,,-1103.26638251246,False,10,1,89,2,PPO,heavy_tail
277,6448.01154051129,10,5,0.375,5,56.0,-1015.7446466630935,False,9,2,89,2,PPO,heavy_tail
278,6568.378331889358,9,1,0.875,16,,-1009.0804334971933,False,9,1,90,2,PPO,heavy_tail
279,6568.378331889358,9,4,0.5,5,77.0,-925.1670482159176,False,8,2,90,2,PPO,heavy_tail
280,6577.946147952101,8,1,0.875,16,,-922.6049390222317,False,8,1,91,2,PPO,heavy_tail
281,6577.946147952101,8,5,0.375,5,85.0,-816.1945920999614,False,7,2,91,2,PPO,heavy_tail
282,6582.249249620382,7,1,0.875,16,,-813.8557228435841,False,7,1,92,2,PPO,heavy_tail
283,6582.249249620382,7,4,0.5,5,97.0,-707.9851026101745,False,6,2,92,2,PPO,heavy_tail
284,6739.507403387696,6,1,0.875,16,,-690.4558599256524,False,6,1,93,2,PPO,heavy_tail
285,6739.507403387696,6,4,0.5,5,98.0,-615.1165790173717,False,5,2,93,2,PPO,heavy_tail
286,6834.0028815616415,5,1,0.875,16,,-601.8952409842155,False,5,1,94,2,PPO,heavy_tail
287,6834.0028815616415,5,4,0.5,0,31.0,-494.76757628394284,False,4,2,94,2,PPO,heavy_tail
288,6911.998467980984,4,0,1.0,16,,-479.5083265926546,False,4,1,95,2,PPO,heavy_tail
289,6911.998467980984,4,4,0.5,0,38.0,-372.10763875597127,False,3,2,95,2,PPO,heavy_tail
290,6987.37430226072,3,1,0.875,16,,-358.14172506406334,False,3,1,96,2,PPO,heavy_tail
291,6987.37430226072,3,4,0.5,0,51.0,-248.408497758205,False,2,2,96,2,PPO,heavy_tail
292,7100.199402347913,2,1,0.875,16,,-226.2410111176193,False,2,1,97,2,PPO,heavy_tail
293,7100.199402347913,2,4,0.5,0,55.0,-123.87270481902502,False,1,2,97,2,PPO,heavy_tail
294,7148.140844117214,1,0,1.0,16,,-110.84617321208567,False,1,1,98,2,PPO,heavy_tail
295,7218.305111197935,1,4,0.5,0,74.0,20.008465780052802,False,0,0,100,2,PPO,heavy_tail
1,6.245896078146796,1,8,0.0,0,0.0,0.4566291487191842,False,1,1,0,3,PPO,heavy_tail
2,23.740158054637277,1,5,0.375,0,1.0,3.2801741205919654,False,1,2,0,3,PPO,heavy_tail
3,51.242009251904534,1,2,0.75,0,2.0,7.923896129650753,False,1,2,1,3,PPO,heavy_tail
4,55.53568199150856,1,2,0.75,0,3.0,1.0734181849010067,False,1,3,1,3,PPO,heavy_tail
5,58.75862602990708,1,0,1.0,16,,0.7412771288316587,False,2,3,1,3,PPO,heavy_tail
6,64.19045745573224,2,0,1.0,16,,1.0762257186553146,False,3,3,1,3,PPO,heavy_tail
7,65.47287333119986,3,0,1.0,16,,-0.0380731214621291,False,4,3,1,3,PPO,heavy_tail
8,77.5492853351594,4,0,1.0,16,,3.694312950344086,False,4,2,2,3,PPO,heavy_tail
9,77.5492853351594,4,3,0.625,0,4.0,-0.8845179837727801,False,3,3,2,3,PPO,heavy_tail
10,77.5492853351594,3,2,0.75,1,7.0,-0.6429897436935894,False,2,4,2,3,PPO,heavy_tail
11,77.98489291818345,2,1,0.875,16,,-0.5651248882280412,False,3,4,2,3,PPO,heavy_tail
12,78.813743410487,3,1,0.875,16,,-0.5288340313613615,False,4,4,2,3,PPO,heavy_tail
13,84.45449819492654,4,1,0.875,16,,0.07250964978822072,False,5,4,2,3,PPO,heavy_tail
14,126.2999792698435,5,1,0.875,16,,3.8077454183384614,False,6,4,2,3,PPO,heavy_tail
15,127.01135877679702,6,1,0.875,16,,-3.2757048404879656,False,6,3,3,3,PPO,heavy_tail
16,127.01135877679702,6,4,0.5,5,11.0,-5.417091517494976,False,5,4,3,3,PPO,heavy_tail
17,127.01135877679702,5,2,0.75,4,6.0,-4.1606734910736805,False,4,5,3,3,PPO,heavy_tail
18,129.6316215051729,4,0,1.0,16,,-3.715228827249784,False,5,5,3,3,PPO,heavy_tail
19,145.69845221136816,5,0,1.0,16,,-1.9602699034144582,False,6,5,3,3,PPO,heavy_tail
20,148.36664567607366,6,0,1.0,16,,-3.6301124295515663,False,6,4,4,3,PPO,heavy_tail
21,152.14865303102272,6,1,0.875,16,,-5.923687569426715,False,7,4,4,3,PPO,heavy_tail
22,152.14865303102272,7,1,0.875,6,14.0,-6.751001678321824,False,6,5,4,3,PPO,heavy_tail
23,177.29200159858988,6,0,1.0,16,,-1.482366364538093,False,6,4,5,3,PPO,heavy_tail
24,177.29200159858988,6,2,0.75,3,8.0,-7.782061332821755,False,5,5,5,3,PPO,heavy_tail
25,177.5768473022394,5,0,1.0,16,,-7.739334477274326,False,6,5,5,3,PPO,heavy_tail
26,188.92271871254962,6,0,1.0,16,,-6.335582619846377,False,7,5,5,3,PPO,heavy_tail
27,207.48285784886605,7,0,1.0,16,,-7.130435167429127,False,8,5,5,3,PPO,heavy_tail
28,211.0989529953521,8,0,1.0,16,,-11.445021388324488,False,9,5,5,3,PPO,heavy_tail
29,213.3205432948557,9,0,1.0,16,,-12.193533853980753,False,10,5,5,3,PPO,heavy_tail
30,213.3430374072596,10,0,1.0,16,,-12.747806723236453,False,11,5,5,3,PPO,heavy_tail
31,214.4028286495109,11,0,1.0,16,,-10.72163651406989,False,11,4,6,3,PPO,heavy_tail
32,214.4028286495109,11,1,0.875,5,16.0,-12.476982125893487,False,10,5,6,3,PPO,heavy_tail
33,227.90584914176188,10,0,1.0,16,,-11.801831101280941,False,11,5,6,3,PPO,heavy_tail
34,233.52177991733078,11,0,1.0,16,,-13.009108301076619,False,11,4,7,3,PPO,heavy_tail
35,233.52177991733078,11,2,0.75,4,21.0,-16.300772379457463,False,10,5,7,3,PPO,heavy_tail
36,239.08613336658118,10,1,0.875,16,,-16.19644075228402,False,11,5,7,3,PPO,heavy_tail
37,254.2886199733049,11,1,0.875,16,,-17.432646177565957,False,12,5,7,3,PPO,heavy_tail
38,262.45850660153314,12,1,0.875,16,,-20.93180021363661,False,13,5,7,3,PPO,heavy_tail
39,267.2572047276465,13,1,0.875,16,,-20.916909211263718,False,13,4,8,3,PPO,heavy_tail
40,267.2572047276465,13,3,0.625,5,23.0,-23.707252731264187,False,12,5,8,3,PPO,heavy_tail
41,269.64114069727395,12,0,1.0,16,,-23.683413371567916,False,13,5,8,3,PPO,heavy_tail
42,277.0137029744165,13,0,1.0,16,,-24.3531229867462,False,14,5,8,3,PPO,heavy_tail
43,281.9301739288296,14,0,1.0,16,,-24.343757684664226,False,14,4,9,3,PPO,heavy_tail
44,281.9301739288296,14,1,0.875,12,26.0,-27.474546004179246,False,13,5,9,3,PPO,heavy_tail
45,283.1730387009581,13,0,1.0,16,,-25.48697465190053,False,13,4,10,3,PPO,heavy_tail
46,283.1730387009581,13,2,0.75,5,25.0,-27.527052884858968,False,12,5,10,3,PPO,heavy_tail
47,284.3128578348477,12,0,1.0,16,,-27.515654693520073,False,13,5,10,3,PPO,heavy_tail
48,284.8297400187425,13,0,1.0,16,,-27.80577829883142,False,14,5,10,3,PPO,heavy_tail
49,311.79064942413413,14,0,1.0,16,,-28.743826126966866,False,15,5,10,3,PPO,heavy_tail
50,328.78829005813003,15,0,1.0,16,,-34.33393551001458,False,15,4,11,3,PPO,heavy_tail
51,328.78829005813003,15,1,0.875,6,28.0,-39.704174667725795,False,14,5,11,3,PPO,heavy_tail
52,329.47026022356073,14,0,1.0,16,,-39.72463377268872,False,15,5,11,3,PPO,heavy_tail
53,330.289990290302,15,0,1.0,16,,-39.93611281738345,False,16,5,11,3,PPO,heavy_tail
54,347.0656926214497,16,0,1.0,16,,-39.31534449724911,False,16,4,12,3,PPO,heavy_tail
55,347.0656926214497,16,1,0.875,8,30.0,-45.15736143207827,False,15,5,12,3,PPO,heavy_tail
56,348.5079775658144,15,0,1.0,16,,-45.2294756792965,False,16,5,12,3,PPO,heavy_tail
57,354.16104978230817,16,0,1.0,16,,-43.98576197054222,False,16,4,13,3,PPO,heavy_tail
58,354.16104978230817,16,2,0.75,6,24.0,-45.56497916105017,False,15,5,13,3,PPO,heavy_tail
59,373.1985026849393,15,0,1.0,16,,-44.516851806181734,False,15,4,14,3,PPO,heavy_tail
60,373.1985026849393,15,3,0.625,9,19.0,-48.07865584403784,False,14,5,14,3,PPO,heavy_tail
61,386.7759145596382,14,1,0.875,16,,-48.910272321363145,False,15,5,14,3,PPO,heavy_tail
62,389.3467591627439,15,1,0.875,16,,-52.08921229295587,False,16,5,14,3,PPO,heavy_tail
63,389.3467591627439,16,1,0.875,7,34.0,-52.65158454988525,False,15,6,14,3,PPO,heavy_tail
64,398.41377725527025,15,0,1.0,16,,-51.10493545451156,False,15,5,15,3,PPO,heavy_tail
65,399.03044370974965,15,1,0.875,16,,-55.421794127069596,False,16,5,15,3,PPO,heavy_tail
66,400.6313705696344,16,1,0.875,16,,-55.71878375855029,False,17,5,15,3,PPO,heavy_tail
67,416.0030061388305,17,1,0.875,16,,-57.93279732191512,False,18,5,15,3,PPO,heavy_tail
68,424.7977101404691,18,1,0.875,16,,-60.537594542908224,False,18,4,16,3,PPO,heavy_tail
69,424.7977101404691,18,2,0.75,15,32.0,-62.93564139177357,False,17,5,16,3,PPO,heavy_tail
70,427.09470032772685,17,0,1.0,16,,-61.14237050862677,False,17,4,17,3,PPO,heavy_tail
71,442.59414702421617,17,1,0.875,16,,-65.59592596739053,False,18,4,17,3,PPO,heavy_tail
72,453.91907003849644,18,1,0.875,16,,-70.58607530801466,False,19,4,17,3,PPO,heavy_tail
73,453.91907003849644,19,1,0.875,7,39.0,-73.06340221738847,False,18,5,17,3,PPO,heavy_tail
74,470.8598870787796,18,0,1.0,16,,-74.92689209181961,False,19,5,17,3,PPO,heavy_tail
75,485.3249551094523,19,0,1.0,16,,-81.04255519587785,False,20,5,17,3,PPO,heavy_tail
76,494.80184640911426,20,0,1.0,16,,-86.08035589849531,False,21,5,17,3,PPO,heavy_tail
77,494.86513403711905,21,0,1.0,16,,-86.46033762017163,False,21,4,18,3,PPO,heavy_tail
78,510.5989684226663,21,1,0.875,16,,-89.6425936972642,False,21,3,19,3,PPO,heavy_tail
79,510.5989684226663,21,2,0.75,14,20.0,-89.13925134879453,False,20,4,19,3,PPO,heavy_tail
80,516.9294982379017,20,0,1.0,16,,-90.08883082107985,False,21,4,19,3,PPO,heavy_tail
81,519.3498524556833,21,0,1.0,16,,-90.08292349191157,False,21,3,20,3,PPO,heavy_tail
82,519.3498524556833,21,2,0.75,15,37.0,-90.62107512001991,False,20,4,20,3,PPO,heavy_tail
83,521.7889689853146,20,0,1.0,16,,-90.9869425994646,False,21,4,20,3,PPO,heavy_tail
84,530.9118571530145,21,0,1.0,16,,-91.14761272038139,False,21,3,21,3,PPO,heavy_tail
85,530.9118571530145,21,2,0.75,8,42.0,-94.70613454742838,False,20,4,21,3,PPO,heavy_tail
86,547.2905739937376,20,0,1.0,16,,-97.16294207353683,False,21,4,21,3,PPO,heavy_tail
87,602.7917275691788,21,0,1.0,16,,-110.69281739154262,False,22,4,21,3,PPO,heavy_tail
88,605.2489976661503,22,0,1.0,16,,-125.03498710382752,False,23,4,21,3,PPO,heavy_tail
89,628.4326537296806,23,0,1.0,16,,-128.51787240141178,False,23,3,22,3,PPO,heavy_tail
90,634.9956096245805,23,2,0.75,16,,-138.10219189865455,False,24,3,22,3,PPO,heavy_tail
91,643.9189268454735,24,2,0.75,16,,-141.9428164160595,False,25,3,22,3,PPO,heavy_tail
92,643.9189268454735,25,2,0.75,15,49.0,-143.61593839497692,False,24,4,22,3,PPO,heavy_tail
93,650.3836941874995,24,1,0.875,16,,-145.3048588630812,False,25,4,22,3,PPO,heavy_tail
94,652.938372408852,25,1,0.875,16,,-147.4375299689048,False,26,4,22,3,PPO,heavy_tail
95,673.2538214282085,26,1,0.875,16,,-152.11639484690681,False,26,3,23,3,PPO,heavy_tail
96,673.2538214282085,26,3,0.625,6,33.0,-152.83084118251966,False,25,4,23,3,PPO,heavy_tail
97,692.052096342813,25,0,1.0,16,,-157.53040991117075,False,26,4,23,3,PPO,heavy_tail
98,693.6198169074753,26,0,1.0,16,,-162.6532631922807,False,27,4,23,3,PPO,heavy_tail
99,711.945318532445,27,0,1.0,16,,-168.35958880468746,False,28,4,23,3,PPO,heavy_tail
100,719.5967418992938,28,0,1.0,16,,-175.312905454653,False,29,4,23,3,PPO,heavy_tail
101,751.0595731639432,29,0,1.0,16,,-187.60849561369955,False,30,4,23,3,PPO,heavy_tail
102,765.5258682957642,30,0,1.0,16,,-200.53740672599923,False,31,4,23,3,PPO,heavy_tail
103,780.7333462483301,31,0,1.0,16,,-207.7807473514039,False,31,3,24,3,PPO,heavy_tail
104,780.7333462483301,31,3,0.625,15,52.0,-211.80899184143502,False,30,4,24,3,PPO,heavy_tail
105,808.9109542703529,30,0,1.0,16,,-219.671154649143,False,30,3,25,3,PPO,heavy_tail
106,818.7036857340058,30,1,0.875,16,,-232.44903552516635,False,31,3,25,3,PPO,heavy_tail
107,821.2748997190552,31,1,0.875,16,,-235.62289514434147,False,32,3,25,3,PPO,heavy_tail
108,823.6082113424526,32,1,0.875,16,,-237.16825572492718,False,33,3,25,3,PPO,heavy_tail
109,846.1297565157682,33,1,0.875,16,,-247.61629945027093,False,34,3,25,3,PPO,heavy_tail
110,851.6146660921859,34,1,0.875,16,,-255.07280199905637,False,35,3,25,3,PPO,heavy_tail
111,885.8667898637538,35,1,0.875,16,,-272.75646053396474,False,36,3,25,3,PPO,heavy_tail
112,899.7712923100266,36,1,0.875,16,,-287.2187444601895,False,37,3,25,3,PPO,heavy_tail
113,906.6327943668779,37,1,0.875,16,,-293.8369123174454,False,38,3,25,3,PPO,heavy_tail
114,938.001179482286,38,1,0.875,16,,-310.3160043360963,False,38,2,26,3,PPO,heavy_tail
115,938.001179482286,38,4,0.5,5,27.0,-306.1040721471431,False,37,3,26,3,PPO,heavy_tail
116,948.907754016147,37,0,1.0,16,,-311.44829366873495,False,38,3,26,3,PPO,heavy_tail
117,949.9288629957223,38,0,1.0,16,,-314.6957028817836,False,39,3,26,3,PPO,heavy_tail
118,963.5730049115091,39,0,1.0,16,,-322.1823753420444,False,40,3,26,3,PPO,heavy_tail
119,966.0000714625518,40,0,1.0,16,,-324.92829742406457,False,40,2,27,3,PPO,heavy_tail
120,966.0000714625518,40,4,0.5,5,41.0,-317.92156173476326,False,39,3,27,3,PPO,heavy_tail
121,973.5852644517065,39,0,1.0,16,,-321.9417140190152,False,40,3,27,3,PPO,heavy_tail
122,974.560616850401,40,0,1.0,16,,-324.37445608558585,False,41,3,27,3,PPO,heavy_tail
123,976.478663010671,41,0,1.0,16,,-325.7115804966134,False,42,3,27,3,PPO,heavy_tail
124,978.0836759845641,42,0,1.0,16,,-327.13804969127784,False,43,3,27,3,PPO,heavy_tail
125,982.1852862994269,43,0,1.0,16,,-330.0412852268174,False,44,3,27,3,PPO,heavy_tail
126,986.0723771844008,44,0,1.0,16,,-333.5155550630667,False,45,3,27,3,PPO,heavy_tail
127,990.3786240231611,45,0,1.0,16,,-337.2863882295044,False,46,3,27,3,PPO,heavy_tail
128,997.4772383864727,46,0,1.0,16,,-343.11902156261317,False,47,3,27,3,PPO,heavy_tail
129,999.9450987697242,47,0,1.0,16,,-346.5964988178846,False,48,3,27,3,PPO,heavy_tail
130,1030.3708658493135,48,0,1.0,16,,-368.81575854020593,False,49,3,27,3,PPO,heavy_tail
131,1043.3099869107914,49,0,1.0,16,,-385.8677586849821,False,50,3,27,3,PPO,heavy_tail
132,1064.5402632436517,50,0,1.0,16,,-405.02524619999684,False,51,3,27,3,PPO,heavy_tail
133,1089.957030866756,51,0,1.0,16,,-429.90372635300224,False,52,3,27,3,PPO,heavy_tail
134,1091.0287114808568,52,0,1.0,16,,-437.10454594391797,False,53,3,27,3,PPO,heavy_tail
135,1101.124647424224,53,0,1.0,16,,-443.5501742115705,False,53,2,28,3,PPO,heavy_tail
136,1101.124647424224,53,4,0.5,5,55.0,-440.44360008691365,False,52,3,28,3,PPO,heavy_tail
137,1101.124647424224,52,2,0.75,5,59.0,-434.8466051328102,False,51,4,28,3,PPO,heavy_tail
138,1102.9273432432215,51,0,1.0,16,,-436.2346809134384,False,52,4,28,3,PPO,heavy_tail
139,1114.9519118763662,52,0,1.0,16,,-446.18476408837216,False,53,4,28,3,PPO,heavy_tail
140,1115.4983064599633,53,0,1.0,16,,-449.6334858593719,False,54,4,28,3,PPO,heavy_tail
141,1157.4707607868795,54,0,1.0,16,,-484.6072215966117,False,55,4,28,3,PPO,heavy_tail
142,1159.111455258768,55,0,1.0,16,,-496.494925479446,False,56,4,28,3,PPO,heavy_tail
143,1161.7052778305238,56,0,1.0,16,,-497.16172473484556,False,56,3,29,3,PPO,heavy_tail
144,1161.7052778305238,56,2,0.75,15,87.0,-499.7583039263494,False,55,4,29,3,PPO,heavy_tail
145,1161.7052778305238,55,1,0.875,13,71.0,-496.05377162995234,False,54,5,29,3,PPO,heavy_tail
146,1170.6998711251968,54,0,1.0,16,,-503.51928406453095,False,55,5,29,3,PPO,heavy_tail
147,1206.8603572251418,55,0,1.0,16,,-534.5043455731525,False,55,4,30,3,PPO,heavy_tail
148,1206.8603572251418,55,2,0.75,8,75.0,-541.2148324340991,False,54,5,30,3,PPO,heavy_tail
149,1209.5703947662112,54,1,0.875,16,,-543.5488522663452,False,55,5,30,3,PPO,heavy_tail
150,1215.0388808803764,55,1,0.875,16,,-548.9607763665622,False,56,5,30,3,PPO,heavy_tail
151,1221.9481003625406,56,1,0.875,16,,-556.3839417623362,False,57,5,30,3,PPO,heavy_tail
152,1242.3743258650347,57,1,0.875,16,,-576.7129937682325,False,58,5,30,3,PPO,heavy_tail
153,1244.5412784175753,58,1,0.875,16,,-583.2208746869819,False,59,5,30,3,PPO,heavy_tail
154,1253.9764608007767,59,1,0.875,16,,-592.7644646237025,False,60,5,30,3,PPO,heavy_tail
155,1260.5656527533029,60,1,0.875,16,,-601.294055373444,False,61,5,30,3,PPO,heavy_tail
156,1278.7372734957876,61,1,0.875,16,,-620.9297763814718,False,62,5,30,3,PPO,heavy_tail
157,1292.5870107428063,62,1,0.875,16,,-639.0488625824084,False,63,5,30,3,PPO,heavy_tail
158,1298.2788206568243,63,1,0.875,16,,-646.005089678165,False,63,4,31,3,PPO,heavy_tail
159,1298.2788206568243,63,2,0.75,15,94.0,-648.3641258997354,False,62,5,31,3,PPO,heavy_tail
160,1302.6056052456663,62,0,1.0,16,,-652.6476426426891,False,63,5,31,3,PPO,heavy_tail
161,1315.1285085863622,63,0,1.0,16,,-666.3774711640024,False,64,5,31,3,PPO,heavy_tail
162,1324.263709255192,64,0,1.0,16,,-676.9174536880711,False,64,4,32,3,PPO,heavy_tail
163,1324.263709255192,64,1,0.875,9,99.0,-681.0185498419019,False,63,5,32,3,PPO,heavy_tail
164,1328.2561034933938,63,0,1.0,16,,-683.0508680224857,False,63,4,33,3,PPO,heavy_tail
165,1349.340683469353,63,1,0.875,16,,-706.0032854820038,False,63,3,34,3,PPO,heavy_tail
166,1349.340683469353,63,3,0.625,10,35.0,-693.6093325565527,False,62,4,34,3,PPO,heavy_tail
167,1396.6085973192148,62,0,1.0,16,,-738.4045672679158,False,62,3,35,3,PPO,heavy_tail
168,1463.6920302427156,62,1,0.875,16,,-818.7305016035066,False,62,2,36,3,PPO,heavy_tail
169,1463.6920302427156,62,4,0.5,5,64.0,-824.1265877968685,False,61,3,36,3,PPO,heavy_tail
170,1546.943935220224,61,0,1.0,16,,-902.8809356250516,False,61,2,37,3,PPO,heavy_tail
171,1546.943935220224,61,4,0.5,5,66.0,-913.7331882453472,False,60,3,37,3,PPO,heavy_tail
172,1584.8980121141533,60,0,1.0,16,,-947.7895612945799,False,60,2,38,3,PPO,heavy_tail
173,1584.8980121141533,60,4,0.5,5,67.0,-946.5786975356938,False,59,3,38,3,PPO,heavy_tail
174,1707.2552356898118,59,1,0.875,16,,-1062.1945786977956,False,59,2,39,3,PPO,heavy_tail
175,1707.2552356898118,59,4,0.5,5,95.0,-1082.0264296962407,False,58,3,39,3,PPO,heavy_tail
176,1707.2552356898118,58,1,0.875,15,63.0,-1065.5986607797195,False,57,4,39,3,PPO,heavy_tail
177,1728.151574207348,57,0,1.0,16,,-1082.1964020603268,False,57,3,40,3,PPO,heavy_tail
178,1775.8430040687167,57,1,0.875,16,,-1131.3562164494965,False,57,2,41,3,PPO,heavy_tail
179,1775.8430040687167,57,4,0.5,5,29.0,-1114.5076696387794,False,56,3,41,3,PPO,heavy_tail
180,1863.6250733676109,56,0,1.0,16,,-1188.8780699288172,False,56,2,42,3,PPO,heavy_tail
181,1888.8109206862418,56,2,0.75,16,,-1234.3093898781644,False,56,1,43,3,PPO,heavy_tail
182,1888.8109206862418,56,6,0.25,5,40.0,-1212.6727155782582,False,55,2,43,3,PPO,heavy_tail
183,1888.8109206862418,55,3,0.625,11,17.0,-1179.0461543215108,False,54,3,43,3,PPO,heavy_tail
184,1931.5247929850814,54,0,1.0,16,,-1212.4986683295476,False,54,2,44,3,PPO,heavy_tail
185,1931.5247929850814,54,3,0.625,10,9.0,-1188.1229154127657,False,53,3,44,3,PPO,heavy_tail
186,1946.8989745777567,53,0,1.0,16,,-1198.5760025028326,False,53,2,45,3,PPO,heavy_tail
187,1946.8989745777567,53,3,0.625,10,31.0,-1172.0873682152524,False,52,3,45,3,PPO,heavy_tail
188,1972.2909208469007,52,0,1.0,16,,-1190.1470057678762,False,52,2,46,3,PPO,heavy_tail
189,1972.2909208469007,52,3,0.625,11,81.0,-1180.8483145355592,False,51,3,46,3,PPO,heavy_tail
190,1989.4320746167164,51,0,1.0,16,,-1192.0470029383173,False,51,2,47,3,PPO,heavy_tail
191,1989.4320746167164,51,3,0.625,11,84.0,-1180.8426881259643,False,50,3,47,3,PPO,heavy_tail
192,1989.4320746167164,50,2,0.75,12,90.0,-1165.3548242512372,False,49,4,47,3,PPO,heavy_tail
193,2005.1950264319212,49,1,0.875,16,,-1175.3543713205622,False,49,3,48,3,PPO,heavy_tail
194,2092.0322076511206,49,2,0.75,16,,-1247.6209831463536,False,49,2,49,3,PPO,heavy_tail
195,2092.0322076511206,49,3,0.625,15,46.0,-1236.1181450233148,False,48,3,49,3,PPO,heavy_tail
196,2095.227568929084,48,0,1.0,16,,-1236.3868515306688,False,48,2,50,3,PPO,heavy_tail
197,2095.227568929084,48,3,0.625,12,93.0,-1222.1719660399294,False,47,3,50,3,PPO,heavy_tail
198,2149.0596057356315,47,0,1.0,16,,-1257.3160714364471,False,47,2,51,3,PPO,heavy_tail
199,2149.0596057356315,47,3,0.625,15,58.0,-1246.1669622380516,False,46,3,51,3,PPO,heavy_tail
200,2218.524187507495,46,1,0.875,16,,-1292.8790002055707,False,46,2,52,3,PPO,heavy_tail
201,2218.524187507495,46,4,0.5,5,48.0,-1278.4038059105076,False,45,3,52,3,PPO,heavy_tail
202,2251.4798532656664,45,0,1.0,16,,-1297.824988653319,False,45,2,53,3,PPO,heavy_tail
203,2251.4798532656664,45,2,0.75,13,57.0,-1278.344825393464,False,44,3,53,3,PPO,heavy_tail
204,2257.541433768519,44,0,1.0,16,,-1280.163621110261,False,44,2,54,3,PPO,heavy_tail
205,2257.541433768519,44,2,0.75,13,61.0,-1255.4507826909191,False,43,3,54,3,PPO,heavy_tail
206,2343.011798842108,43,0,1.0,16,,-1305.5877053858082,False,43,2,55,3,PPO,heavy_tail
207,2343.011798842108,43,4,0.5,5,73.0,-1301.738766403352,False,42,3,55,3,PPO,heavy_tail
208,2398.9064179476472,42,0,1.0,16,,-1332.71659167562,False,42,2,56,3,PPO,heavy_tail
209,2398.9064179476472,42,4,0.5,5,88.0,-1324.126115515556,False,41,3,56,3,PPO,heavy_tail
210,2415.000148663879,41,0,1.0,16,,-1331.299542023808,False,41,2,57,3,PPO,heavy_tail
211,2415.000148663879,41,4,0.5,5,96.0,-1314.5977171995044,False,40,3,57,3,PPO,heavy_tail
212,2417.0642081934366,40,0,1.0,16,,-1313.732949940761,False,40,2,58,3,PPO,heavy_tail
213,2417.0642081934366,40,2,0.75,14,76.0,-1287.857225427011,False,39,3,58,3,PPO,heavy_tail
214,2506.930574827226,39,0,1.0,16,,-1333.4863997429193,False,39,2,59,3,PPO,heavy_tail
215,2506.930574827226,39,4,0.5,5,98.0,-1333.8664920097353,False,38,3,59,3,PPO,heavy_tail
216,2566.4971911264793,38,0,1.0,16,,-1362.2454663223548,False,38,2,60,3,PPO,heavy_tail
217,2566.4971911264793,38,2,0.75,15,79.0,-1348.6733763128543,False,37,3,60,3,PPO,heavy_tail
218,2634.4694684433093,37,0,1.0,16,,-1379.9797921981008,False,37,2,61,3,PPO,heavy_tail
219,2634.4694684433093,37,4,0.5,5,72.0,-1365.8451456781338,False,36,3,61,3,PPO,heavy_tail
220,2737.375857573393,36,0,1.0,16,,-1412.211148569273,False,36,2,62,3,PPO,heavy_tail
221,2737.375857573393,36,4,0.5,5,85.0,-1407.5001948295255,False,35,3,62,3,PPO,heavy_tail
222,2755.394073476246,35,0,1.0,16,,-1413.6083919858092,False,35,2,63,3,PPO,heavy_tail
223,2755.394073476246,35,4,0.5,5,18.0,-1369.2270435519044,False,34,3,63,3,PPO,heavy_tail
224,2887.685368985235,34,0,1.0,16,,-1424.1123006207695,False,34,2,64,3,PPO,heavy_tail
225,2887.685368985235,34,4,0.5,5,36.0,-1409.4440445297053,False,33,3,64,3,PPO,heavy_tail
226,3006.4775777418304,33,0,1.0,16,,-1456.1488501199092,False,33,2,65,3,PPO,heavy_tail
227,3006.4775777418304,33,4,0.5,5,65.0,-1445.850006641559,False,32,3,65,3,PPO,heavy_tail
228,3099.8763192510137,32,0,1.0,16,,-1480.2755158301404,False,32,2,66,3,PPO,heavy_tail
229,3099.8763192510137,32,4,0.5,5,68.0,-1462.899134920646,False,31,3,66,3,PPO,heavy_tail
230,3147.9557169555737,31,0,1.0,16,,-1478.6885120713332,False,31,2,67,3,PPO,heavy_tail
231,3147.9557169555737,31,2,0.75,9,83.0,-1451.8077940232263,False,30,3,67,3,PPO,heavy_tail
232,3147.9557169555737,30,1,0.875,13,43.0,-1399.1872696488729,False,29,4,67,3,PPO,heavy_tail
233,3217.8332457997244,29,0,1.0,16,,-1420.246854167443,False,29,3,68,3,PPO,heavy_tail
234,3233.6308899942296,29,1,0.875,16,,-1443.4231353437453,False,29,2,69,3,PPO,heavy_tail
235,3233.6308899942296,29,5,0.375,5,70.0,-1403.6974645484167,False,28,3,69,3,PPO,heavy_tail
236,3233.6308899942296,28,2,0.75,7,78.0,-1359.6322640655185,False,27,4,69,3,PPO,heavy_tail
237,3299.743874720277,27,0,1.0,16,,-1376.805029636072,False,27,3,70,3,PPO,heavy_tail
238,3335.951588050659,27,1,0.875,16,,-1404.9650037249694,False,27,2,71,3,PPO,heavy_tail
239,3335.951588050659,27,3,0.625,5,74.0,-1367.8878567986653,False,26,3,71,3,PPO,heavy_tail
240,3366.5035687655845,26,0,1.0,16,,-1374.136891591695,False,26,2,72,3,PPO,heavy_tail
241,3366.5035687655845,26,3,0.625,10,44.0,-1326.880594774821,False,25,3,72,3,PPO,heavy_tail
242,3370.7123442830007,25,0,1.0,16,,-1325.932788654175,False,25,2,73,3,PPO,heavy_tail
243,3370.7123442830007,25,2,0.75,15,54.0,-1275.809642018518,False,24,3,73,3,PPO,heavy_tail
244,3370.7123442830007,24,1,0.875,15,56.0,-1223.4165865961368,False,23,4,73,3,PPO,heavy_tail
245,3387.545686335205,23,0,1.0,16,,-1224.9515884270995,False,23,3,74,3,PPO,heavy_tail
246,3387.545686335205,23,3,0.625,11,47.0,-1175.5139901667699,False,22,4,74,3,PPO,heavy_tail
247,3397.7100100372913,22,0,1.0,16,,-1175.4452116701661,False,22,3,75,3,PPO,heavy_tail
248,3397.7100100372913,22,3,0.625,6,86.0,-1135.1815076106793,False,21,4,75,3,PPO,heavy_tail
249,3419.1006143618683,21,0,1.0,16,,-1136.8179103458576,False,21,3,76,3,PPO,heavy_tail
250,3419.1006143618683,21,1,0.875,15,69.0,-1095.2552544287985,False,20,4,76,3,PPO,heavy_tail
251,3474.466157428049,20,0,1.0,16,,-1101.5600858887256,False,20,3,77,3,PPO,heavy_tail
252,3474.466157428049,20,3,0.625,12,53.0,-1061.7845448448593,False,19,4,77,3,PPO,heavy_tail
253,3478.7310423135086,19,0,1.0,16,,-1060.338979879969,False,19,3,78,3,PPO,heavy_tail
254,3478.7310423135086,19,1,0.875,12,60.0,-1010.3027444819128,False,18,4,78,3,PPO,heavy_tail
255,3532.98807570671,18,0,1.0,16,,-1014.271018155165,False,18,3,79,3,PPO,heavy_tail
256,3532.98807570671,18,3,0.625,10,50.0,-972.1831888730811,False,17,4,79,3,PPO,heavy_tail
257,3551.1160427082814,17,0,1.0,16,,-971.8147059032226,False,17,3,80,3,PPO,heavy_tail
258,3551.1160427082814,17,1,0.875,13,82.0,-929.1449510290669,False,16,4,80,3,PPO,heavy_tail
259,3579.0877559207615,16,0,1.0,16,,-929.1029709539406,False,16,3,81,3,PPO,heavy_tail
260,3579.0877559207615,16,3,0.625,15,97.0,-892.3658843535014,False,15,4,81,3,PPO,heavy_tail
261,3597.8916427586487,15,0,1.0,16,,-891.3060786953959,False,15,3,82,3,PPO,heavy_tail
262,3597.8916427586487,15,3,0.625,12,80.0,-847.3400228145676,False,14,4,82,3,PPO,heavy_tail
263,3598.4913047565747,14,0,1.0,16,,-845.3580126745055,False,14,3,83,3,PPO,heavy_tail
264,3598.4913047565747,14,3,0.625,13,92.0,-800.3855885961561,False,13,4,83,3,PPO,heavy_tail
265,3602.7664733781617,13,1,0.875,16,,-798.5619393017967,False,13,3,84,3,PPO,heavy_tail
266,3616.2197614319653,13,2,0.75,16,,-800.4724958216696,False,13,2,85,3,PPO,heavy_tail
267,3616.2197614319653,13,4,0.5,5,77.0,-752.6694940785129,False,12,3,85,3,PPO,heavy_tail
268,3626.719726949032,12,0,1.0,16,,-750.5644944233422,False,12,2,86,3,PPO,heavy_tail
269,3665.7473389086645,12,1,0.875,16,,-754.018822556751,False,12,1,87,3,PPO,heavy_tail
270,3665.7473389086645,12,4,0.5,5,91.0,-715.6801279019982,False,11,2,87,3,PPO,heavy_tail
271,3706.0453883093505,11,0,1.0,16,,-712.4711864199777,False,11,1,88,3,PPO,heavy_tail
272,3706.0453883093505,11,4,0.5,5,12.0,-653.0174234340656,False,10,2,88,3,PPO,heavy_tail
273,3715.781328761301,10,0,1.0,16,,-650.5306264114681,False,10,1,89,3,PPO,heavy_tail
274,3715.781328761301,10,4,0.5,5,38.0,-589.5008678897141,False,9,2,89,3,PPO,heavy_tail
275,3854.060925577074,9,0,1.0,16,,-577.82129611261,False,9,1,90,3,PPO,heavy_tail
276,3854.060925577074,9,4,0.5,5,45.0,-548.2557882848864,False,8,2,90,3,PPO,heavy_tail
277,3945.2184739803943,8,0,1.0,16,,-538.0516089285876,False,8,1,91,3,PPO,heavy_tail
278,3945.2184739803943,8,4,0.5,5,51.0,-496.99539399798687,False,7,2,91,3,PPO,heavy_tail
279,4027.2264096172685,7,0,1.0,16,,-485.9745210779306,False,7,1,92,3,PPO,heavy_tail
280,4027.2264096172685,7,4,0.5,5,62.0,-444.9642701166475,False,6,2,92,3,PPO,heavy_tail
281,4114.55323700945,6,0,1.0,16,,-431.61178255566404,False,6,1,93,3,PPO,heavy_tail
282,4114.55323700945,6,4,0.5,5,89.0,-397.3438325588445,False,5,2,93,3,PPO,heavy_tail
283,4884.5693259111395,5,0,1.0,16,,-279.84141922359123,False,5,1,94,3,PPO,heavy_tail
284,4884.5693259111395,5,4,0.5,0,5.0,-377.8292274513889,False,4,2,94,3,PPO,heavy_tail
285,4948.033139013868,4,0,1.0,16,,-365.040379223925,False,4,1,95,3,PPO,heavy_tail
286,4948.033139013868,4,4,0.5,0,10.0,-285.6347596832283,False,3,2,95,3,PPO,heavy_tail
287,5001.696627087509,3,0,1.0,16,,-273.43869694923654,False,3,1,96,3,PPO,heavy_tail
288,5001.696627087509,3,4,0.5,0,13.0,-191.73460547012394,False,2,2,96,3,PPO,heavy_tail
289,5149.163909568686,2,0,1.0,16,,-158.7664761490768,False,2,1,97,3,PPO,heavy_tail
290,5149.163909568686,2,4,0.5,0,15.0,-98.20155552404209,False,1,2,97,3,PPO,heavy_tail
291,5729.064810183204,1,0,1.0,16,,37.17565161729702,False,1,1,98,3,PPO,heavy_tail
292,6501.791307414247,1,4,0.5,0,22.0,112.80894730751312,False,0,0,100,3,PPO,heavy_tail
1,52.87031773701226,1,8,0.0,0,0.0,0.5048422926702689,False,1,1,0,4,PPO,heavy_tail
2,93.3728077680156,1,5,0.375,0,1.0,7.5942168808131285,False,1,2,0,4,PPO,heavy_tail
3,95.13770436783828,1,2,0.75,0,2.0,0.4412241499556693,False,1,3,0,4,PPO,heavy_tail
4,106.89082627094493,1,0,1.0,16,,2.7032180377145285,False,2,3,0,4,PPO,heavy_tail
5,107.30108371288921,2,0,1.0,16,,1.8510916247461662,False,2,2,1,4,PPO,heavy_tail
6,107.30108371288921,2,3,0.625,0,3.0,-0.008205148838885633,False,1,3,1,4,PPO,heavy_tail
7,116.82925580979445,1,1,0.875,16,,1.8855190554210308,False,2,3,1,4,PPO,heavy_tail
8,124.50916503678192,2,1,0.875,16,,1.1740151835470205,False,3,3,1,4,PPO,heavy_tail
9,137.1449868790766,3,1,0.875,16,,3.4999717576077933,False,3,2,2,4,PPO,heavy_tail
10,137.1449868790766,3,4,0.5,0,5.0,-0.8577996490085275,False,2,3,2,4,PPO,heavy_tail
11,143.48277652190754,2,0,1.0,16,,0.47313617598596713,False,3,3,2,4,PPO,heavy_tail
12,152.18884589991492,3,0,1.0,16,,0.5428419470996386,False,4,3,2,4,PPO,heavy_tail
13,170.7686102133622,4,0,1.0,16,,1.524884535883828,False,5,3,2,4,PPO,heavy_tail
14,182.3247208511755,5,0,1.0,16,,-1.3866399468059933,False,6,3,2,4,PPO,heavy_tail
15,194.03670870167392,6,0,1.0,16,,-2.753109185694525,False,7,3,2,4,PPO,heavy_tail
16,194.60086604254633,7,0,1.0,16,,-5.619048840823164,False,8,3,2,4,PPO,heavy_tail
17,213.2737768036552,8,0,1.0,16,,-4.079526207541468,False,9,3,2,4,PPO,heavy_tail
18,230.1289900446116,9,0,1.0,16,,-5.56788897095174,False,9,2,3,4,PPO,heavy_tail
19,230.1289900446116,9,2,0.75,8,9.0,-10.594484684565852,False,8,3,3,4,PPO,heavy_tail
20,239.96923231372986,8,0,1.0,16,,-7.70886288034521,False,8,2,4,4,PPO,heavy_tail
21,239.96923231372986,8,4,0.5,5,6.0,-9.859722102085813,False,7,3,4,4,PPO,heavy_tail
22,267.59295094068557,7,0,1.0,16,,-4.821113053120687,False,7,2,5,4,PPO,heavy_tail
23,267.59295094068557,7,4,0.5,5,10.0,-12.02167810806941,False,6,3,5,4,PPO,heavy_tail
24,267.59295094068557,6,1,0.875,1,8.0,-9.713596007253997,False,5,4,5,4,PPO,heavy_tail
25,271.52632181001064,5,0,1.0,16,,-9.123590376855239,False,6,4,5,4,PPO,heavy_tail
26,282.6425880333248,6,0,1.0,16,,-8.661818485155669,False,7,4,5,4,PPO,heavy_tail
27,297.3027745753486,7,0,1.0,16,,-9.82826452136158,False,8,4,5,4,PPO,heavy_tail
28,300.25459577196284,8,0,1.0,16,,-13.22764724917226,False,9,4,5,4,PPO,heavy_tail
29,305.31785255760286,9,0,1.0,16,,-13.611174573331015,False,10,4,5,4,PPO,heavy_tail
30,339.44579706650444,10,0,1.0,16,,-13.170591544295942,False,11,4,5,4,PPO,heavy_tail
31,387.57652958156996,11,0,1.0,16,,-20.25865569606937,False,12,4,5,4,PPO,heavy_tail
32,390.37916106031855,12,0,1.0,16,,-30.263312510048266,False,12,3,6,4,PPO,heavy_tail
33,390.37916106031855,12,2,0.75,5,13.0,-29.421862694602147,False,11,4,6,4,PPO,heavy_tail
34,396.280528141255,11,0,1.0,16,,-29.244821682174052,False,12,4,6,4,PPO,heavy_tail
35,397.59468621211585,12,0,1.0,16,,-30.707021871699553,False,13,4,6,4,PPO,heavy_tail
36,416.5814272962484,13,0,1.0,16,,-31.22542880025609,False,14,4,6,4,PPO,heavy_tail
37,431.64952316218887,14,0,1.0,16,,-34.42415694726745,False,14,3,7,4,PPO,heavy_tail
38,431.64952316218887,14,3,0.625,5,11.0,-35.43892462454226,False,13,4,7,4,PPO,heavy_tail
39,431.64952316218887,13,2,0.75,11,21.0,-34.73154472412359,False,12,5,7,4,PPO,heavy_tail
40,431.64952316218887,12,1,0.875,2,19.0,-32.8874702022099,False,11,6,7,4,PPO,heavy_tail
41,444.7043892517007,11,0,1.0,16,,-30.495824219524543,False,11,5,8,4,PPO,heavy_tail
42,447.76764036113434,11,1,0.875,16,,-35.763369805789296,False,12,5,8,4,PPO,heavy_tail
43,447.76764036113434,12,1,0.875,7,24.0,-36.4334559859779,False,11,6,8,4,PPO,heavy_tail
44,452.83216618411967,11,0,1.0,16,,-36.28152021128834,False,12,6,8,4,PPO,heavy_tail
45,461.61472912508526,12,0,1.0,16,,-37.459826037625014,False,13,6,8,4,PPO,heavy_tail
46,462.54500056816613,13,0,1.0,16,,-39.66476948729722,False,14,6,8,4,PPO,heavy_tail
47,465.1122575159445,14,0,1.0,16,,-39.9743550565008,False,15,6,8,4,PPO,heavy_tail
48,470.61055381480435,15,0,1.0,16,,-40.89108410838838,False,16,6,8,4,PPO,heavy_tail
49,473.82614364450757,16,0,1.0,16,,-42.49074947118256,False,17,6,8,4,PPO,heavy_tail
50,508.50681637027697,17,0,1.0,16,,-44.41590747392761,False,17,5,9,4,PPO,heavy_tail
51,508.50681637027697,17,2,0.75,6,30.0,-54.392462200854574,False,16,6,9,4,PPO,heavy_tail
52,555.3058141370249,16,0,1.0,16,,-57.668392044526925,False,17,6,9,4,PPO,heavy_tail
53,556.2784777281961,17,0,1.0,16,,-69.45568120941932,False,18,6,9,4,PPO,heavy_tail
54,558.7613436888386,18,0,1.0,16,,-67.97196236288279,False,18,5,10,4,PPO,heavy_tail
55,558.7613436888386,18,1,0.875,14,28.0,-68.71969712958553,False,17,6,10,4,PPO,heavy_tail
56,568.0530402387384,17,0,1.0,16,,-67.55594981907652,False,17,5,11,4,PPO,heavy_tail
57,568.0530402387384,17,1,0.875,7,32.0,-71.64338270634063,False,16,6,11,4,PPO,heavy_tail
58,570.6951673064452,16,0,1.0,16,,-71.82833160108011,False,17,6,11,4,PPO,heavy_tail
59,572.00236679512,17,0,1.0,16,,-72.60651132198754,False,18,6,11,4,PPO,heavy_tail
60,585.6938094016378,18,0,1.0,16,,-74.4393698808732,False,19,6,11,4,PPO,heavy_tail
61,608.7425284970523,19,0,1.0,16,,-80.85856401490653,False,20,6,11,4,PPO,heavy_tail
62,617.9879504557694,20,0,1.0,16,,-86.0075570825677,False,20,5,12,4,PPO,heavy_tail
63,617.9879504557694,20,1,0.875,15,34.0,-89.39920089903399,False,19,6,12,4,PPO,heavy_tail
64,632.3312882278551,19,0,1.0,16,,-91.26383480940514,False,20,6,12,4,PPO,heavy_tail
65,638.8542920942818,20,0,1.0,16,,-93.82811983239058,False,20,5,13,4,PPO,heavy_tail
66,638.8542920942818,20,2,0.75,9,37.0,-97.32841072166873,False,19,6,13,4,PPO,heavy_tail
67,638.8542920942818,19,1,0.875,14,33.0,-95.965228225912,False,18,7,13,4,PPO,heavy_tail
68,659.979332805107,18,0,1.0,16,,-98.28898270410278,False,19,7,13,4,PPO,heavy_tail
69,666.8245645232674,19,0,1.0,16,,-104.46012300516992,False,20,7,13,4,PPO,heavy_tail
70,667.6370766778825,20,0,1.0,16,,-106.2933077579023,False,21,7,13,4,PPO,heavy_tail
71,669.3073074139012,21,0,1.0,16,,-106.78037502167923,False,22,7,13,4,PPO,heavy_tail
72,686.1974173576814,22,0,1.0,16,,-110.40705359500214,False,23,7,13,4,PPO,heavy_tail
73,691.3457682609707,23,0,1.0,16,,-115.71073477063793,False,24,7,13,4,PPO,heavy_tail
74,694.3949655311403,24,0,1.0,16,,-115.69913786859927,False,24,6,14,4,PPO,heavy_tail
75,694.3949655311403,24,1,0.875,12,41.0,-117.95968402379691,False,23,7,14,4,PPO,heavy_tail
76,702.200473212508,23,0,1.0,16,,-119.5988406368841,False,24,7,14,4,PPO,heavy_tail
77,718.3242840381704,24,0,1.0,16,,-125.25869404712839,False,25,7,14,4,PPO,heavy_tail
78,736.6482909217967,25,0,1.0,16,,-133.87064847445058,False,26,7,14,4,PPO,heavy_tail
79,744.2765756695158,26,0,1.0,16,,-140.5112870772413,False,27,7,14,4,PPO,heavy_tail
80,755.6413383969959,27,0,1.0,16,,-145.7141394551403,False,28,7,14,4,PPO,heavy_tail
81,756.0432715942267,28,0,1.0,16,,-148.67992942815187,False,29,7,14,4,PPO,heavy_tail
82,758.8756732969434,29,0,1.0,16,,-147.71510528935607,False,29,6,15,4,PPO,heavy_tail
83,772.5224281936075,29,1,0.875,16,,-153.35309592145518,False,29,5,16,4,PPO,heavy_tail
84,772.5224281936075,29,2,0.75,9,48.0,-158.00070175916824,False,28,6,16,4,PPO,heavy_tail
85,788.8491408084762,28,0,1.0,16,,-161.06198266977754,False,28,5,17,4,PPO,heavy_tail
86,799.8004996314141,28,1,0.875,16,,-170.8808120218223,False,29,5,17,4,PPO,heavy_tail
87,802.3964984852305,29,1,0.875,16,,-174.21422635028108,False,30,5,17,4,PPO,heavy_tail
88,810.5894991788159,30,1,0.875,16,,-177.90568261398283,False,31,5,17,4,PPO,heavy_tail
89,819.0373452537722,31,1,0.875,16,,-183.08759975328084,False,32,5,17,4,PPO,heavy_tail
90,819.0373452537722,32,1,0.875,14,53.0,-184.93556608217753,False,31,6,17,4,PPO,heavy_tail
91,827.8105250065526,31,0,1.0,16,,-188.1816425907063,False,32,6,17,4,PPO,heavy_tail
92,835.4093794095157,32,0,1.0,16,,-193.33849074605703,False,33,6,17,4,PPO,heavy_tail
93,844.0129844889155,33,0,1.0,16,,-196.76568242935176,False,33,5,18,4,PPO,heavy_tail
94,864.7332588460015,33,1,0.875,16,,-210.05940475926585,False,34,5,18,4,PPO,heavy_tail
95,871.6286774104998,34,1,0.875,16,,-217.77247658775326,False,35,5,18,4,PPO,heavy_tail
96,888.424347861093,35,1,0.875,16,,-227.36376580308524,False,36,5,18,4,PPO,heavy_tail
97,888.424347861093,36,1,0.875,9,58.0,-231.0378187141525,False,35,6,18,4,PPO,heavy_tail
98,902.3368839671372,35,0,1.0,16,,-237.2984599618724,False,36,6,18,4,PPO,heavy_tail
99,919.0151656866999,36,0,1.0,16,,-248.61538639657792,False,37,6,18,4,PPO,heavy_tail
100,920.169536911792,37,0,1.0,16,,-253.3505987267637,False,38,6,18,4,PPO,heavy_tail
101,931.1834860778025,38,0,1.0,16,,-257.2563056077021,False,38,5,19,4,PPO,heavy_tail
102,931.1834860778025,38,2,0.75,12,44.0,-257.43013264189887,False,37,6,19,4,PPO,heavy_tail
103,932.5563667646329,37,0,1.0,16,,-258.1028441784457,False,38,6,19,4,PPO,heavy_tail
104,962.1634966938226,38,0,1.0,16,,-271.54570061404013,False,38,5,20,4,PPO,heavy_tail
105,963.0617447653185,38,1,0.875,16,,-281.43365986503466,False,39,5,20,4,PPO,heavy_tail
106,963.0617447653185,39,1,0.875,14,63.0,-281.6301516306744,False,38,6,20,4,PPO,heavy_tail
107,964.4813893904548,38,0,1.0,16,,-282.35417038949385,False,39,6,20,4,PPO,heavy_tail
108,965.9056624312374,39,0,1.0,16,,-283.46394625739276,False,40,6,20,4,PPO,heavy_tail
109,993.462758655454,40,0,1.0,16,,-296.97641744090754,False,40,5,21,4,PPO,heavy_tail
110,1017.7822511162628,40,1,0.875,16,,-320.0013964898068,False,41,5,21,4,PPO,heavy_tail
111,1029.2909268700105,41,1,0.875,16,,-332.24087676254953,False,42,5,21,4,PPO,heavy_tail
112,1033.333739390631,42,1,0.875,16,,-337.2699968621174,False,43,5,21,4,PPO,heavy_tail
113,1034.5006914217195,43,1,0.875,16,,-338.9026700909386,False,44,5,21,4,PPO,heavy_tail
114,1043.538044639457,44,1,0.875,16,,-345.13389066296804,False,45,5,21,4,PPO,heavy_tail
115,1046.667585210356,45,1,0.875,16,,-347.2428111932731,False,45,4,22,4,PPO,heavy_tail
116,1046.667585210356,45,3,0.625,10,17.0,-334.99913840438944,False,44,5,22,4,PPO,heavy_tail
117,1054.5704439166182,44,0,1.0,16,,-339.9779393893346,False,45,5,22,4,PPO,heavy_tail
118,1060.6159452212426,45,0,1.0,16,,-345.883229913906,False,46,5,22,4,PPO,heavy_tail
119,1066.487612189661,46,0,1.0,16,,-351.3286221089024,False,47,5,22,4,PPO,heavy_tail
120,1071.2396829379916,47,0,1.0,16,,-356.07546766735516,False,48,5,22,4,PPO,heavy_tail
121,1082.4803023733846,48,0,1.0,16,,-365.2443251535668,False,49,5,22,4,PPO,heavy_tail
122,1087.5972071663352,49,0,1.0,16,,-371.78982051126906,False,50,5,22,4,PPO,heavy_tail
123,1097.6618003158733,50,0,1.0,16,,-380.6174915716602,False,51,5,22,4,PPO,heavy_tail
124,1098.4325797091894,51,0,1.0,16,,-383.7271399918982,False,52,5,22,4,PPO,heavy_tail
125,1104.6966724085737,52,0,1.0,16,,-388.86846807274077,False,53,5,22,4,PPO,heavy_tail
126,1108.4461275216827,53,0,1.0,16,,-393.4715498892052,False,54,5,22,4,PPO,heavy_tail
127,1115.6355285770549,54,0,1.0,16,,-398.3761165434413,False,54,4,23,4,PPO,heavy_tail
128,1139.9917467473147,54,1,0.875,16,,-423.15025970642057,False,55,4,23,4,PPO,heavy_tail
129,1149.809135304864,55,1,0.875,16,,-437.1297560975052,False,56,4,23,4,PPO,heavy_tail
130,1159.5818279972216,56,1,0.875,16,,-446.08494913345646,False,56,3,24,4,PPO,heavy_tail
131,1159.5818279972216,56,4,0.5,5,26.0,-436.26338368246695,False,55,4,24,4,PPO,heavy_tail
132,1160.6990162232214,55,0,1.0,16,,-437.2129936745668,False,56,4,24,4,PPO,heavy_tail
133,1168.5098948149976,56,0,1.0,16,,-444.287755105912,False,57,4,24,4,PPO,heavy_tail
134,1184.4482782465784,57,0,1.0,16,,-460.425636007963,False,58,4,24,4,PPO,heavy_tail
135,1185.1328610225648,58,0,1.0,16,,-465.0332021920059,False,59,4,24,4,PPO,heavy_tail
136,1188.1068661913628,59,0,1.0,16,,-467.9701726929846,False,60,4,24,4,PPO,heavy_tail
137,1188.7150921017578,60,0,1.0,16,,-469.2914886000594,False,61,4,24,4,PPO,heavy_tail
138,1201.099272283815,61,0,1.0,16,,-481.4561998542536,False,62,4,24,4,PPO,heavy_tail
139,1210.1931758702224,62,0,1.0,16,,-493.55520945031117,False,63,4,24,4,PPO,heavy_tail
140,1211.315269911979,63,0,1.0,16,,-496.9620003290871,False,64,4,24,4,PPO,heavy_tail
141,1218.7953553923899,64,0,1.0,16,,-504.94701188434954,False,65,4,24,4,PPO,heavy_tail
142,1232.8463798134599,65,0,1.0,16,,-521.5706088965758,False,66,4,24,4,PPO,heavy_tail
143,1241.7956728851755,66,0,1.0,16,,-534.659108588579,False,67,4,24,4,PPO,heavy_tail
144,1258.1545786279084,67,0,1.0,16,,-554.7276391160868,False,68,4,24,4,PPO,heavy_tail
145,1272.9071108072799,68,0,1.0,16,,-575.1926762708723,False,69,4,24,4,PPO,heavy_tail
146,1285.2022429298186,69,0,1.0,16,,-592.774308614184,False,70,4,24,4,PPO,heavy_tail
147,1286.0717145717701,70,0,1.0,16,,-596.8479840330629,False,71,4,24,4,PPO,heavy_tail
148,1289.245991699468,71,0,1.0,16,,-600.7792561829574,False,72,4,24,4,PPO,heavy_tail
149,1308.4736345645995,72,0,1.0,16,,-622.4537204743881,False,72,3,25,4,PPO,heavy_tail
150,1308.4736345645995,72,2,0.75,12,87.0,-626.8532958232064,False,71,4,25,4,PPO,heavy_tail
151,1317.9340390241068,71,0,1.0,16,,-635.9219690408299,False,71,3,26,4,PPO,heavy_tail
152,1317.9340390241068,71,4,0.5,5,31.0,-625.0345056579652,False,70,4,26,4,PPO,heavy_tail
153,1317.9340390241068,70,1,0.875,11,89.0,-622.6978103231593,False,69,5,26,4,PPO,heavy_tail
154,1389.8863126397134,69,0,1.0,16,,-702.0038795087946,False,69,4,27,4,PPO,heavy_tail
155,1389.8863126397134,69,2,0.75,11,91.0,-718.4205270581417,False,68,5,27,4,PPO,heavy_tail
156,1389.8863126397134,68,1,0.875,12,96.0,-716.080943021493,False,67,6,27,4,PPO,heavy_tail
157,1410.6321983044581,67,0,1.0,16,,-736.6939583960648,False,67,5,28,4,PPO,heavy_tail
158,1410.6321983044581,67,3,0.625,10,85.0,-739.3567514110935,False,66,6,28,4,PPO,heavy_tail
159,1471.9996399723343,66,0,1.0,16,,-803.0199139957208,False,66,5,29,4,PPO,heavy_tail
160,1471.9996399723343,66,1,0.875,11,98.0,-816.6432159046786,False,65,6,29,4,PPO,heavy_tail
161,1491.5681379056496,65,0,1.0,16,,-835.1901387346597,False,65,5,30,4,PPO,heavy_tail
162,1544.5699779002305,65,1,0.875,16,,-897.3905027121291,False,65,4,31,4,PPO,heavy_tail
163,1544.5699779002305,65,4,0.5,5,42.0,-893.8172040000926,False,64,5,31,4,PPO,heavy_tail
164,1569.3354474313805,64,0,1.0,16,,-917.3256376171771,False,64,4,32,4,PPO,heavy_tail
165,1692.1760387326763,64,1,0.875,16,,-1053.881582518465,False,64,3,33,4,PPO,heavy_tail
166,1692.1760387326763,64,5,0.375,5,46.0,-1063.6424069094057,False,63,4,33,4,PPO,heavy_tail
167,1692.1760387326763,63,2,0.75,11,47.0,-1044.6844176481425,False,62,5,33,4,PPO,heavy_tail
168,1820.566287322274,62,0,1.0,16,,-1169.7907637518445,False,62,4,34,4,PPO,heavy_tail
169,1820.566287322274,62,2,0.75,15,78.0,-1189.445651746982,False,61,5,34,4,PPO,heavy_tail
170,1846.489205788791,61,0,1.0,16,,-1212.5908826595037,False,61,4,35,4,PPO,heavy_tail
171,1846.489205788791,61,3,0.625,11,55.0,-1200.850015748547,False,60,5,35,4,PPO,heavy_tail
172,1890.8048742999422,60,0,1.0,16,,-1240.9499008341409,False,60,4,36,4,PPO,heavy_tail
173,1890.8048742999422,60,2,0.75,12,69.0,-1236.9027343043642,False,59,5,36,4,PPO,heavy_tail
174,1917.1581736469843,59,0,1.0,16,,-1259.4113026971136,False,59,4,37,4,PPO,heavy_tail
175,1917.1581736469843,59,2,0.75,12,75.0,-1251.3060701084019,False,58,5,37,4,PPO,heavy_tail
176,1931.158107201202,58,0,1.0,16,,-1262.04600964274,False,58,4,38,4,PPO,heavy_tail
177,1931.158107201202,58,2,0.75,12,81.0,-1251.7226658222166,False,57,5,38,4,PPO,heavy_tail
178,1931.158107201202,57,1,0.875,15,92.0,-1237.4754107860406,False,56,6,38,4,PPO,heavy_tail
179,1957.8528199184618,56,0,1.0,16,,-1258.6998108500566,False,56,5,39,4,PPO,heavy_tail
180,1971.8872388707462,56,1,0.875,16,,-1278.0220091101176,False,56,4,40,4,PPO,heavy_tail
181,1971.8872388707462,56,4,0.5,5,67.0,-1264.2401120159152,False,55,5,40,4,PPO,heavy_tail
182,2066.166608757033,55,0,1.0,16,,-1342.377576419259,False,55,4,41,4,PPO,heavy_tail
183,2080.8488326937386,55,1,0.875,16,,-1378.8861287350524,False,55,3,42,4,PPO,heavy_tail
184,2080.8488326937386,55,5,0.375,5,73.0,-1363.8106408111253,False,54,4,42,4,PPO,heavy_tail
185,2134.2410040441214,54,1,0.875,16,,-1407.7946483866424,False,54,3,43,4,PPO,heavy_tail
186,2134.2410040441214,54,5,0.375,5,77.0,-1400.742601794974,False,53,4,43,4,PPO,heavy_tail
187,2175.142416018644,53,1,0.875,16,,-1433.1509146185406,False,53,3,44,4,PPO,heavy_tail
188,2175.142416018644,53,5,0.375,5,93.0,-1425.252177763864,False,52,4,44,4,PPO,heavy_tail
189,2175.142416018644,52,1,0.875,15,51.0,-1397.7972594131957,False,51,5,44,4,PPO,heavy_tail
190,2284.125523863909,51,0,1.0,16,,-1479.71425245405,False,51,4,45,4,PPO,heavy_tail
191,2284.125523863909,51,4,0.5,5,22.0,-1471.2294126623306,False,50,5,45,4,PPO,heavy_tail
192,2334.305596602927,50,0,1.0,16,,-1506.8644672165938,False,50,4,46,4,PPO,heavy_tail
193,2334.305596602927,50,4,0.5,5,39.0,-1488.0598647597549,False,49,5,46,4,PPO,heavy_tail
194,2337.8440936977468,49,0,1.0,16,,-1488.6429676389735,False,49,4,47,4,PPO,heavy_tail
195,2381.5495657462666,49,1,0.875,16,,-1522.7983825096142,False,49,3,48,4,PPO,heavy_tail
196,2381.5495657462666,49,5,0.375,5,64.0,-1506.0175909931118,False,48,4,48,4,PPO,heavy_tail
197,2381.5495657462666,48,2,0.75,10,43.0,-1472.2135150434058,False,47,5,48,4,PPO,heavy_tail
198,2509.6801198575163,47,0,1.0,16,,-1558.623597380168,False,47,4,49,4,PPO,heavy_tail
199,2509.6801198575163,47,2,0.75,14,71.0,-1563.5540423891623,False,46,5,49,4,PPO,heavy_tail
200,2530.7772220961565,46,0,1.0,16,,-1575.6891008890516,False,46,4,50,4,PPO,heavy_tail
201,2530.7772220961565,46,3,0.625,5,83.0,-1555.5618123312527,False,45,5,50,4,PPO,heavy_tail
202,2685.121465211087,45,0,1.0,16,,-1653.8855703559577,False,45,4,51,4,PPO,heavy_tail
203,2685.121465211087,45,3,0.625,5,88.0,-1664.5435036725037,False,44,5,51,4,PPO,heavy_tail
204,2834.5929752229536,44,0,1.0,16,,-1756.7105549799794,False,44,4,52,4,PPO,heavy_tail
205,2834.5929752229536,44,3,0.625,10,60.0,-1757.7668762922212,False,43,5,52,4,PPO,heavy_tail
206,2878.0399211248296,43,0,1.0,16,,-1782.2695132923654,False,43,4,53,4,PPO,heavy_tail
207,2883.336127684468,43,1,0.875,16,,-1796.5274422242023,False,43,3,54,4,PPO,heavy_tail
208,2883.336127684468,43,4,0.5,5,90.0,-1766.2231283728386,False,42,4,54,4,PPO,heavy_tail
209,2937.79129339127,42,0,1.0,16,,-1796.3516761398519,False,42,3,55,4,PPO,heavy_tail
210,2950.0649185526036,42,1,0.875,16,,-1817.590457198031,False,42,2,56,4,PPO,heavy_tail
211,2950.0649185526036,42,5,0.375,5,94.0,-1788.1099277887238,False,41,3,56,4,PPO,heavy_tail
212,2950.0649185526036,41,3,0.625,5,4.0,-1731.2464459430907,False,40,4,56,4,PPO,heavy_tail
213,3003.2188069023,40,0,1.0,16,,-1758.4810845354236,False,40,3,57,4,PPO,heavy_tail
214,3003.2188069023,40,1,0.875,15,40.0,-1727.0579220183595,False,39,4,57,4,PPO,heavy_tail
215,3013.54171925141,39,0,1.0,16,,-1730.5290655633878,False,39,3,58,4,PPO,heavy_tail
216,3013.54171925141,39,2,0.75,14,35.0,-1686.5528354536698,False,38,4,58,4,PPO,heavy_tail
217,3045.952194864272,38,0,1.0,16,,-1701.0821780162296,False,38,3,59,4,PPO,heavy_tail
218,3045.952194864272,38,3,0.625,6,52.0,-1666.477543005736,False,37,4,59,4,PPO,heavy_tail
219,3056.3267371379216,37,0,1.0,16,,-1669.561068719824,False,37,3,60,4,PPO,heavy_tail
220,3056.3267371379216,37,3,0.625,15,54.0,-1629.5843800456091,False,36,4,60,4,PPO,heavy_tail
221,3150.861758020419,36,0,1.0,16,,-1672.015839860383,False,36,3,61,4,PPO,heavy_tail
222,3150.861758020419,36,2,0.75,15,59.0,-1652.6790975999415,False,35,4,61,4,PPO,heavy_tail
223,3157.8809842772534,35,1,0.875,16,,-1654.0571002360434,False,35,3,62,4,PPO,heavy_tail
224,3157.8809842772534,35,2,0.75,14,49.0,-1609.555801726065,False,34,4,62,4,PPO,heavy_tail
225,3159.4396122106646,34,0,1.0,16,,-1608.2260117374321,False,34,3,63,4,PPO,heavy_tail
226,3159.4396122106646,34,3,0.625,15,76.0,-1569.1788206198983,False,33,4,63,4,PPO,heavy_tail
227,3159.4396122106646,33,2,0.75,15,79.0,-1528.0839618238565,False,32,5,63,4,PPO,heavy_tail
228,3176.503102866601,32,0,1.0,16,,-1532.7387231796718,False,32,4,64,4,PPO,heavy_tail
229,3176.503102866601,32,2,0.75,15,80.0,-1497.6434563367573,False,31,5,64,4,PPO,heavy_tail
230,3228.26189754017,31,0,1.0,16,,-1514.794210365978,False,31,4,65,4,PPO,heavy_tail
231,3228.26189754017,31,1,0.875,15,82.0,-1488.164853789664,False,30,5,65,4,PPO,heavy_tail
232,3305.3776564376867,30,0,1.0,16,,-1513.1553694037948,False,30,4,66,4,PPO,heavy_tail
233,3305.3776564376867,30,2,0.75,15,86.0,-1492.0294132198717,False,29,5,66,4,PPO,heavy_tail
234,3306.7902464494637,29,1,0.875,16,,-1490.539711361626,False,29,4,67,4,PPO,heavy_tail
235,3306.7902464494637,29,3,0.625,11,16.0,-1432.65896598922,False,28,5,67,4,PPO,heavy_tail
236,3313.728547540297,28,0,1.0,16,,-1432.809839327378,False,28,4,68,4,PPO,heavy_tail
237,3365.953352855508,28,1,0.875,16,,-1452.3661294139024,False,28,3,69,4,PPO,heavy_tail
238,3365.953352855508,28,2,0.75,15,18.0,-1404.5775955706465,False,27,4,69,4,PPO,heavy_tail
239,3395.9293000105035,27,0,1.0,16,,-1411.2706202455952,False,27,3,70,4,PPO,heavy_tail
240,3453.2224642161536,27,1,0.875,16,,-1437.1700360354093,False,27,2,71,4,PPO,heavy_tail
241,3453.2224642161536,27,4,0.5,5,50.0,-1398.6344764137007,False,26,3,71,4,PPO,heavy_tail
242,3536.7525859620596,26,0,1.0,16,,-1419.1876092850948,False,26,2,72,4,PPO,heavy_tail
243,3536.7525859620596,26,4,0.5,5,70.0,-1392.2058488951195,False,25,3,72,4,PPO,heavy_tail
244,3556.1850422392586,25,0,1.0,16,,-1395.0639629644195,False,25,2,73,4,PPO,heavy_tail
245,3556.1850422392586,25,4,0.5,5,74.0,-1352.2231698476937,False,24,3,73,4,PPO,heavy_tail
246,3556.1850422392586,24,1,0.875,13,36.0,-1293.2743195728497,False,23,4,73,4,PPO,heavy_tail
247,3631.2284234746417,23,0,1.0,16,,-1307.03342963228,False,23,3,74,4,PPO,heavy_tail
248,3680.261197142683,23,1,0.875,16,,-1337.6234315885408,False,23,2,75,4,PPO,heavy_tail
249,3680.261197142683,23,4,0.5,5,84.0,-1300.1143247818711,False,22,3,75,4,PPO,heavy_tail
250,3782.2450027603036,22,1,0.875,16,,-1320.6782417747695,False,22,2,76,4,PPO,heavy_tail
251,3782.2450027603036,22,4,0.5,5,12.0,-1273.234316519269,False,21,3,76,4,PPO,heavy_tail
252,3851.4325559037115,21,0,1.0,16,,-1282.9962005536484,False,21,2,77,4,PPO,heavy_tail
253,3851.4325559037115,21,4,0.5,5,14.0,-1230.6949641576264,False,20,3,77,4,PPO,heavy_tail
254,3959.4497027574466,20,0,1.0,16,,-1244.897536185687,False,20,2,78,4,PPO,heavy_tail
255,3959.4497027574466,20,4,0.5,5,29.0,-1204.1250399202677,False,19,3,78,4,PPO,heavy_tail
256,3959.4497027574466,19,1,0.875,15,66.0,-1145.2916908874438,False,18,4,78,4,PPO,heavy_tail
257,4027.3818186527087,18,0,1.0,16,,-1150.764223635923,False,18,3,79,4,PPO,heavy_tail
258,4027.3818186527087,18,3,0.625,11,57.0,-1106.632189784894,False,17,4,79,4,PPO,heavy_tail
259,4027.3818186527087,17,1,0.875,12,62.0,-1044.7356807471326,False,16,5,79,4,PPO,heavy_tail
260,4058.1935511904057,16,0,1.0,16,,-1044.8925020247714,False,16,4,80,4,PPO,heavy_tail
261,4058.1935511904057,16,1,0.875,15,99.0,-999.2164839693769,False,15,5,80,4,PPO,heavy_tail
262,4064.1530850882236,15,0,1.0,16,,-997.5144606642677,False,15,4,81,4,PPO,heavy_tail
263,4064.1530850882236,15,2,0.75,11,61.0,-938.1246731751936,False,14,5,81,4,PPO,heavy_tail
264,4115.838697375199,14,0,1.0,16,,-937.6752415438029,False,14,4,82,4,PPO,heavy_tail
265,4178.15123074155,14,1,0.875,16,,-954.4132872842358,False,14,3,83,4,PPO,heavy_tail
266,4178.15123074155,14,3,0.625,11,65.0,-905.7992425919186,False,13,4,83,4,PPO,heavy_tail
267,4189.5118020335685,13,0,1.0,16,,-903.9128483048388,False,13,3,84,4,PPO,heavy_tail
268,4327.620644210275,13,1,0.875,16,,-912.4499808676326,False,13,2,85,4,PPO,heavy_tail
269,4327.620644210275,13,4,0.5,5,45.0,-872.475362890345,False,12,3,85,4,PPO,heavy_tail
270,4368.089032528148,12,0,1.0,16,,-870.0706790071663,False,12,2,86,4,PPO,heavy_tail
271,4368.089032528148,12,4,0.5,5,72.0,-816.0383143404964,False,11,3,86,4,PPO,heavy_tail
272,5448.094699378146,11,1,0.875,16,,-815.3883214240589,False,11,2,87,4,PPO,heavy_tail
273,5448.094699378146,11,3,0.625,10,95.0,-969.8407586324913,False,10,3,87,4,PPO,heavy_tail
274,5509.69704120428,10,0,1.0,16,,-964.7606415411848,False,10,2,88,4,PPO,heavy_tail
275,5509.69704120428,10,3,0.625,4,25.0,-881.023929497315,False,9,3,88,4,PPO,heavy_tail
276,5598.2831375873775,9,0,1.0,16,,-872.8229027504981,False,9,2,89,4,PPO,heavy_tail
277,5598.2831375873775,9,3,0.625,0,7.0,-787.873419624963,False,8,3,89,4,PPO,heavy_tail
278,5663.422099287234,8,0,1.0,16,,-780.0109130719759,False,8,2,90,4,PPO,heavy_tail
279,5663.422099287234,8,2,0.75,7,68.0,-705.693886299008,False,7,3,90,4,PPO,heavy_tail
280,5663.47466831203,7,0,1.0,16,,-703.6881037062805,False,7,2,91,4,PPO,heavy_tail
281,5663.47466831203,7,3,0.625,0,15.0,-598.0846043569054,False,6,3,91,4,PPO,heavy_tail
282,5673.960914877085,6,0,1.0,16,,-594.7213923034483,False,6,2,92,4,PPO,heavy_tail
283,5731.343449859673,6,2,0.75,16,,-593.4696328333872,False,6,1,93,4,PPO,heavy_tail
284,5731.343449859673,6,5,0.375,5,56.0,-508.8966543223491,False,5,2,93,4,PPO,heavy_tail
285,5819.503779863759,5,1,0.875,16,,-496.4276151343639,False,5,1,94,4,PPO,heavy_tail
286,5819.503779863759,5,5,0.375,4,38.0,-414.5221983815846,False,4,2,94,4,PPO,heavy_tail
287,5936.3259021816475,4,1,0.875,16,,-396.3131289099777,False,4,1,95,4,PPO,heavy_tail
288,5936.3259021816475,4,5,0.375,0,20.0,-312.89298071501423,False,3,2,95,4,PPO,heavy_tail
289,5992.859260871937,3,2,0.75,16,,-303.6849774820022,False,3,1,96,4,PPO,heavy_tail
290,5992.859260871937,3,5,0.375,0,23.0,-204.75942556491782,False,2,2,96,4,PPO,heavy_tail
291,6141.666553830958,2,2,0.75,16,,-180.81034985346218,False,2,1,97,4,PPO,heavy_tail
292,6141.666553830958,2,5,0.375,0,97.0,-113.58243106525585,False,1,2,97,4,PPO,heavy_tail
293,6201.162611059633,1,1,0.875,16,,-99.75758969105672,False,1,1,98,4,PPO,heavy_tail
294,7187.837788667444,1,5,0.375,0,27.0,113.7657500702287,False,0,0,100,4,PPO,heavy_tail
