job_id,arrival_time,start_time,completion_time,waiting_time,turnaround_time,gpu_requirement,memory_requirement,execution_time,priority,scheduler,scenario,seed,status,assigned_gpus
0,8.499148799611369,8.499148799611369,99.3396014355364,0.0,90.84045263592503,4,38.18032682684247,90.84045263592503,3,FCFS,priority_skew,0,completed,"0,1,2,3"
1,21.24411256793468,21.24411256793468,158.3651038729844,0.0,137.12099130504973,2,10.26859982655234,137.12099130504973,2,FCFS,priority_skew,0,completed,"4,5"
2,21.49169585029787,99.3396014355364,121.8982781593079,77.84790558523852,100.40658230901003,3,48.27630727829746,22.558676723771516,2,FCFS,priority_skew,0,completed,"0,1,2"
3,21.520062433813223,21.520062433813223,190.1767377613342,0.0,168.656675327521,1,36.714488502676375,168.656675327521,1,FCFS,priority_skew,0,completed,6
4,28.399348341801325,121.8982781593079,196.98787476796792,93.49892981750658,168.5885264261666,2,11.734640490957679,75.08959660866003,1,FCFS,priority_skew,0,completed,"0,1"
5,48.77360377503114,178.03738670607981,287.99448146263296,129.26378293104867,239.2208776876018,4,62.09947652390793,109.95709475655312,1,FCFS,priority_skew,0,completed,"2,3,4,5"
6,57.19339068337154,121.8982781593079,178.03738670607981,64.70488747593637,120.84399602270827,2,57.73462595691407,56.1391085467719,1,FCFS,priority_skew,0,completed,"2,3"
7,66.63465765618893,66.63465765618893,180.41434802622618,0.0,113.77969037003724,1,24.146522392424345,113.77969037003724,1,FCFS,priority_skew,0,completed,7
8,101.8444823946355,196.98787476796792,263.1352690769616,95.14339237333242,161.2907866823261,4,39.38665331234641,66.14739430899368,1,FCFS,priority_skew,0,completed,"0,1,6,7"
9,177.56639590016766,263.1352690769616,383.37630306412217,85.56887317679394,205.8099071639545,4,53.814774374370984,120.24103398716056,4,FCFS,priority_skew,0,completed,"0,1,6,7"
10,218.64674912383947,287.99448146263296,403.0223537207399,69.34773233879349,184.37560459690042,3,38.946244589192084,115.02787225810692,2,FCFS,priority_skew,0,completed,"2,3,4"
11,218.66284600302475,383.37630306412217,468.41795694382245,164.71345706109742,249.7551109407977,2,16.146518138445778,85.04165387970026,3,FCFS,priority_skew,0,completed,"0,1"
12,247.0265293063611,933.1925693493072,1019.6540153287032,686.1660400429461,772.627486022342,4,54.07155169016411,86.46144597939595,2,FCFS,priority_skew,0,completed,"1,2,3,4"
13,247.93275036785977,287.99448146263296,366.4018667039563,40.061731094773194,118.4691163360965,1,8.55745540520835,78.40738524132331,1,FCFS,priority_skew,0,completed,5
14,261.3002541449512,383.37630306412217,515.8006343696879,122.07604891917094,254.50038022473672,2,23.335549521575203,132.4243313055658,3,FCFS,priority_skew,0,completed,"6,7"
15,271.91191701425794,403.0223537207399,561.3868809848638,131.11043670648195,289.4749639706058,3,15.101757726629874,158.36452726412386,1,FCFS,priority_skew,0,completed,"2,3,4"
16,311.28577517348907,468.41795694382245,566.6338844371767,157.13218177033337,255.3481092636876,2,32.067347426000296,98.21592749335429,4,FCFS,priority_skew,0,completed,"0,1"
17,315.7109007009047,515.8006343696879,585.2178124047697,200.08973366878325,269.506911703865,2,51.43870653370239,69.41717803508176,1,FCFS,priority_skew,0,completed,"6,7"
18,319.549789946259,561.3868809848638,663.099921871847,241.83709103860474,343.55013192558795,3,57.353201673310636,101.71304088698324,1,FCFS,priority_skew,0,completed,"2,3,4"
19,338.2025326103343,1019.6540153287032,1090.2049825875351,681.4514827183689,752.0024499772009,4,63.7153714970114,70.55096725883203,1,FCFS,priority_skew,0,completed,"1,2,3,4"
20,338.6650850951554,566.6338844371767,693.4961893285929,227.96879934202127,354.8311042334375,2,53.49078229423022,126.8623048914162,4,FCFS,priority_skew,0,completed,"0,1"
21,340.3567202478705,1090.2049825875351,1229.9247431158158,749.8482623396646,889.5680228679453,4,59.84001632400745,139.71976052828066,3,FCFS,priority_skew,0,completed,"1,2,3,4"
22,353.234196581026,1229.9247431158158,1357.1346390062056,876.6905465347897,1003.9004424251796,4,15.909807186457769,127.20989589038976,2,FCFS,priority_skew,0,completed,"1,2,3,4"
23,362.916049305691,366.4018667039563,449.6910304007364,3.485817398265283,86.7749810950454,1,17.35496401180724,83.28916369678015,3,FCFS,priority_skew,0,completed,5
24,384.6370306811991,663.099921871847,714.1606855343739,278.46289119064784,329.5236548531748,3,40.38681123587127,51.06076366252697,1,FCFS,priority_skew,0,completed,"2,3,4"
25,389.80790675413294,714.1606855343739,748.3903879737774,324.35277878024095,358.5824812196444,3,37.31234473411551,34.22970243940352,4,FCFS,priority_skew,0,completed,"2,3,4"
26,395.41054129598456,449.6910304007364,593.3149025967986,54.28048910475184,197.904361300814,1,8.35889742920137,143.62387219606217,4,FCFS,priority_skew,0,completed,5
27,418.56169570823823,748.3903879737774,819.5394497790038,329.82869226553913,400.97775407076557,3,41.03272158597323,71.1490618052264,1,FCFS,priority_skew,0,completed,"2,3,4"
28,440.12686583477586,585.2178124047697,697.6478752076272,145.09094656999383,257.5210093728513,2,18.92601431358108,112.43006280285748,2,FCFS,priority_skew,0,completed,"6,7"
29,444.1701067541583,819.5394497790038,851.1018922637841,375.3693430248455,406.93178550962574,3,61.895693214965334,31.562442484780284,1,FCFS,priority_skew,0,completed,"2,3,4"
30,446.80462451513694,851.1018922637841,933.1925693493072,404.29726774864713,486.38794483417024,3,17.924697466580895,82.09067708552308,1,FCFS,priority_skew,0,completed,"2,3,4"
31,462.09579901224913,1357.1346390062056,1391.1775008877235,895.0388399939565,929.0817018754743,3,48.6493283714435,34.04286188151788,1,FCFS,priority_skew,0,completed,"1,2,3"
32,468.8248515531289,2077.260662241005,2243.2801716235467,1608.435810687876,1774.4553200704179,4,34.44881885800064,166.01950938254168,2,FCFS,priority_skew,0,completed,"0,4,5,6"
33,479.5084152245959,2143.329467424644,2183.713948872469,1663.8210522000481,1704.205533647873,4,59.25814176625889,40.38448144782501,1,FCFS,priority_skew,0,completed,"1,2,3,7"
34,492.61744285296845,593.3149025967986,714.7660992923895,100.69745974383011,222.14865643942107,1,56.65584048344988,121.45119669559092,1,FCFS,priority_skew,0,completed,5
35,508.0195759016905,693.4961893285929,821.2935393649567,185.47661342690242,313.2739634632662,1,17.158431307002896,127.79735003636378,1,FCFS,priority_skew,0,completed,0
36,544.6216923181038,693.4961893285929,794.6913670157172,148.8744970104891,250.06967469761344,1,33.77989841657019,101.19517768712434,2,FCFS,priority_skew,0,completed,1
37,546.5428018004555,1391.1775008877235,1503.7788614194837,844.6346990872679,957.2360596190282,3,13.193746629309322,112.6013605317604,1,FCFS,priority_skew,0,completed,"1,2,3"
38,564.8653632402783,1459.408015003567,1637.599268342418,894.5426517632887,1072.73390510214,3,35.375378023238554,178.19125333885114,1,FCFS,priority_skew,0,completed,"0,4,5"
39,578.9183323536439,2183.713948872469,2331.8606747298463,1604.7956165188248,1752.9423423762023,4,61.92907184695897,148.14672585737745,1,FCFS,priority_skew,0,completed,"1,2,3,7"
40,602.6439625827634,2243.2801716235467,2368.0995418621674,1640.6362090407833,1765.455579279404,4,41.75953869350251,124.81937023862085,3,FCFS,priority_skew,0,completed,"0,4,5,6"
41,610.1313622595909,2331.8606747298463,2485.4587873631904,1721.7293124702555,1875.3274251035996,4,11.655143319032318,153.5981126333441,1,FCFS,priority_skew,0,completed,"1,2,3,7"
42,615.9899205635895,1503.7788614194837,1648.7693417517044,887.7889408558942,1032.7794211881148,3,63.66549918775912,144.9904803322205,1,FCFS,priority_skew,0,completed,"1,2,3"
43,626.2037620195591,697.6478752076272,858.0525001471145,71.44411318806806,231.8487381275554,2,31.667190199787747,160.40462493948738,1,FCFS,priority_skew,0,completed,"6,7"
44,629.5096279989833,2368.0995418621674,2515.970962616746,1738.589913863184,1886.4613346177625,4,52.192658927488175,147.87142075457837,1,FCFS,priority_skew,0,completed,"0,4,5,6"
45,638.8324091115486,1637.599268342418,1693.6518190425245,998.7668592308695,1054.8194099309758,3,52.61179423377906,56.05255070010642,1,FCFS,priority_skew,0,completed,"0,4,5"
46,640.1581848112814,1648.7693417517044,1686.7875282381935,1008.6111569404229,1046.629343426912,3,38.318959083289215,38.01818648648915,1,FCFS,priority_skew,0,completed,"1,2,3"
47,660.7450272321606,858.0525001471145,997.1534163626984,197.3074729149539,336.4083891305378,2,8.016838645987683,139.10091621558385,3,FCFS,priority_skew,0,completed,"6,7"
48,689.235504326902,714.7660992923895,866.1425934355317,25.53059496548758,176.90708910862975,1,47.41200307894068,151.3764941431422,4,FCFS,priority_skew,0,completed,5
49,696.1367852586258,794.6913670157172,882.5484046867593,98.55458175709146,186.41161942813358,1,55.252271492648696,87.85703767104206,4,FCFS,priority_skew,0,completed,1
50,735.6709221675067,1686.7875282381935,1827.3389744116184,951.1166060706869,1091.6680522441118,3,36.20591083523242,140.55144617342484,3,FCFS,priority_skew,0,completed,"1,2,3"
51,737.017205060616,2485.4587873631904,2643.664585938724,1748.4415823025743,1906.647380878108,4,34.66423603025017,158.20579857553358,2,FCFS,priority_skew,0,completed,"1,2,3,7"
52,740.511489944685,2515.970962616746,2627.2805283542657,1775.459472672061,1886.7690384095808,4,50.98852711907452,111.30956573751986,1,FCFS,priority_skew,0,completed,"0,4,5,6"
53,744.2270984825902,997.1534163626984,1028.9519785063474,252.92631788010817,284.7248800237571,2,29.917303873061194,31.798562143648947,1,FCFS,priority_skew,0,completed,"6,7"
54,753.7715601941971,821.2935393649567,935.1015959394822,67.52197917075955,181.33003574528504,1,31.72929680634505,113.8080565745255,1,FCFS,priority_skew,0,completed,0
55,765.4683759504388,1028.9519785063474,1158.4000501983526,263.48360255590853,392.93167424791375,2,60.29105895758319,129.44807169200527,2,FCFS,priority_skew,0,completed,"6,7"
56,772.1676610852317,1693.6518190425245,1720.0867343872605,921.4841579572928,947.9190733020289,3,40.66592262771465,26.434915344736112,2,FCFS,priority_skew,0,completed,"0,4,5"
57,773.7245865115098,2627.2805283542657,2779.4336839015295,1853.555941842756,2005.70909739002,4,39.865447838748054,152.15315554726388,1,FCFS,priority_skew,0,completed,"0,4,5,6"
58,798.6994784686317,1037.1310358722017,1113.2198056910638,238.43155740356997,314.5203272224321,2,63.83257641205954,76.0887698188621,1,FCFS,priority_skew,0,completed,"0,5"
59,804.9177774118612,2643.664585938724,2784.152584317232,1838.7468085268629,1979.234806905371,4,29.93378876941856,140.48799837850822,1,FCFS,priority_skew,0,completed,"1,2,3,7"
60,806.3374013451179,1720.0867343872605,1856.2664961366975,913.7493330421427,1049.9290947915797,3,15.132074427613578,136.17976174943686,1,FCFS,priority_skew,0,completed,"0,4,5"
61,815.9778566893398,1827.3389744116184,1985.4109741849295,1011.3611177222787,1169.4331174955896,3,18.67458338262502,158.07199977331112,1,FCFS,priority_skew,0,completed,"1,2,3"
62,819.6841022216101,1113.2198056910638,1146.9817954608243,293.53570346945367,327.29769323921414,2,58.334130853915134,33.76198976976042,2,FCFS,priority_skew,0,completed,"0,5"
63,824.8831287855832,1146.9817954608243,1195.0473554584373,322.09866667524113,370.16422667285417,2,26.36700822681774,48.06555999761297,2,FCFS,priority_skew,0,completed,"0,5"
64,828.0315147357649,866.1425934355317,1037.1310358722017,38.111078699766836,209.0995211364368,1,26.47416661966041,170.98844243667006,1,FCFS,priority_skew,0,completed,5
65,834.4710948483294,1158.4000501983526,1182.2421623057685,323.9289553500232,347.77106745743913,2,36.68172483891316,23.842112107415883,1,FCFS,priority_skew,0,completed,"6,7"
66,846.9424030901918,1856.2664961366975,1965.360174545336,1009.3240930465057,1118.4177714551442,3,52.19786270214987,109.09367840863844,1,FCFS,priority_skew,0,completed,"0,4,5"
67,848.1527177055202,2779.4336839015295,2801.3771280797077,1931.2809661960093,1953.2244103741875,4,39.233864626793164,21.94344417817801,2,FCFS,priority_skew,0,completed,"0,4,5,6"
68,862.9343355887981,1182.2421623057685,1300.0563517898006,319.30782671697034,437.12201620100245,2,44.17852131971587,117.8141894840322,1,FCFS,priority_skew,0,completed,"6,7"
69,898.9356201231556,1965.360174545336,2077.260662241005,1066.4245544221803,1178.3250421178493,3,21.79873426685463,111.90048769566911,1,FCFS,priority_skew,0,completed,"0,4,5"
70,909.7449123697457,1985.4109741849295,2029.7322385885354,1075.6660618151836,1119.9873262187898,3,59.72974001301015,44.32126440360592,1,FCFS,priority_skew,0,completed,"1,2,3"
71,955.9640084479594,2784.152584317232,2825.999530605374,1828.1885758692729,1870.0355221574146,4,46.98804594179357,41.84694628814178,1,FCFS,priority_skew,0,completed,"1,2,3,7"
72,962.3002230288579,962.3002230288579,1036.9790470618395,0.0,74.67882403298165,1,58.46205323167885,74.67882403298164,1,FCFS,priority_skew,0,completed,0
73,978.3733202476609,2029.7322385885354,2143.329467424644,1051.3589183408744,1164.956147176983,3,54.020352152892016,113.59722883610854,1,FCFS,priority_skew,0,completed,"1,2,3"
74,1003.608621844184,2801.3771280797077,2824.239755423224,1797.7685062355238,1820.63113357904,4,12.068867524305976,22.862627343516042,1,FCFS,priority_skew,0,completed,"0,4,5,6"
75,1014.1835182560234,1195.0473554584373,1371.1326320067285,180.86383720241395,356.9491137507051,2,18.70217531376419,176.08527654829126,1,FCFS,priority_skew,0,completed,"0,5"
76,1023.484327771835,2824.239755423224,2881.4095914689087,1800.7554276513888,1857.9252636970737,4,30.100948635973758,57.16983604568496,2,FCFS,priority_skew,0,completed,"0,4,5,6"
77,1030.9933579424298,1300.0563517898006,1436.1775813980998,269.06299384737076,405.18422345567,2,44.04746667649738,136.1212296082992,1,FCFS,priority_skew,0,completed,"6,7"
78,1031.9018228932691,1371.1326320067285,1459.408015003567,339.2308091134594,427.5061921102979,2,37.110652162716974,88.27538299683857,1,FCFS,priority_skew,0,completed,"0,5"
79,1087.5591239428281,1436.1775813980998,1607.3815251268402,348.6184574552717,519.822401184012,2,18.86553747444442,171.20394372874023,1,FCFS,priority_skew,0,completed,"6,7"
80,1108.4381268861127,1607.3815251268402,1689.9885262593375,498.94339824072745,581.5503993732248,2,54.03968090760864,82.60700113249727,1,FCFS,priority_skew,0,completed,"6,7"
81,1114.962278671421,2825.999530605374,2954.909342696608,1711.0372519339528,1839.9470640251868,4,54.14410122839548,128.909812091234,2,FCFS,priority_skew,0,completed,"1,2,3,7"
82,1136.900183533059,2881.4095914689087,3047.4854484300095,1744.5094079358498,1910.5852648969505,3,46.71120284867386,166.0758569611005,2,FCFS,priority_skew,0,completed,"0,4,5"
83,1149.58656399157,2954.909342696608,3094.625226709607,1805.3227787050378,1945.038662718037,4,18.027510504647623,139.7158840129992,1,FCFS,priority_skew,0,completed,"1,2,3,6"
84,1149.7371810633674,3047.4854484300095,3099.832343466087,1897.748267366642,1950.0951624027196,4,30.218105680591812,52.34689503607754,3,FCFS,priority_skew,0,completed,"0,4,5,7"
85,1166.8662277390167,1689.9885262593375,1710.7724326575096,523.1222985203208,543.9062049184929,2,13.307493988225351,20.783906398172096,1,FCFS,priority_skew,0,completed,"6,7"
86,1184.53714194785,3094.625226709607,3247.5363091924437,1910.088084761757,2062.999167244594,3,22.822927189752633,152.91108248283695,1,FCFS,priority_skew,0,completed,"1,2,3"
87,1190.8514695674276,3099.832343466087,3273.1778370947895,1908.9808738986594,2082.326367527362,4,40.83718786870915,173.3454936287027,2,FCFS,priority_skew,0,completed,"0,4,5,6"
88,1191.0182203304016,3247.5363091924437,3424.869862240991,2056.518088862042,2233.8516419105895,4,40.17517234898622,177.33355304854743,2,FCFS,priority_skew,0,completed,"1,2,3,7"
89,1225.1757619262437,3273.1778370947895,3435.3362190006296,2048.002075168546,2210.1604570743857,4,51.581900661707984,162.15838190584003,2,FCFS,priority_skew,0,completed,"0,4,5,6"
90,1251.2668133248796,1357.1346390062056,1413.3747023153837,105.86782568132594,162.10788899050408,1,37.58381664319161,56.24006330917817,2,FCFS,priority_skew,0,completed,4
91,1298.8234806619253,1710.7724326575096,1823.1241044953642,411.94895199558437,524.300623833439,2,17.524396090432525,112.35167183785451,1,FCFS,priority_skew,0,completed,"6,7"
92,1299.3959114798606,1413.3747023153837,1450.947164085609,113.97879083552311,151.55125260574846,1,50.587249525254,37.57246177022543,2,FCFS,priority_skew,0,completed,4
93,1335.5208989125015,3424.869862240991,3543.1420919478637,2089.34896332849,2207.621193035362,3,31.181529418050793,118.2722297068726,2,FCFS,priority_skew,0,completed,"1,2,3"
94,1368.5745266781662,1823.1241044953642,1926.328145648108,454.54957781719804,557.7536189699417,2,49.04162030408805,103.20404115274368,1,FCFS,priority_skew,0,completed,"6,7"
95,1408.3919931191588,3435.3362190006296,3492.000486200103,2026.9442258814709,2083.608493080944,3,24.05905646511797,56.664267199473045,2,FCFS,priority_skew,0,completed,"0,4,5"
96,1435.7497271861405,3492.000486200103,3667.4944728578807,2056.250759013962,2231.74474567174,4,18.947020726689395,175.49398665777795,2,FCFS,priority_skew,0,completed,"0,4,5,6"
97,1440.0746455922363,3543.1420919478637,3697.7301481950585,2103.0674463556275,2257.6555026028223,3,37.74810289975027,154.5880562471948,1,FCFS,priority_skew,0,completed,"1,2,3"
98,1469.348561952122,3667.4944728578807,3712.4761498803914,2198.1459109057587,2243.1275879282693,4,22.463366404342064,44.98167702251077,2,FCFS,priority_skew,0,completed,"0,4,5,6"
99,1475.8028901155283,1926.328145648108,2054.775950143461,450.52525553257965,578.9730600279329,2,55.27021422138638,128.44780449535344,1,FCFS,priority_skew,0,completed,"6,7"
0,8.499148799611369,8.499148799611369,99.3396014355364,0.0,90.84045263592503,4,38.18032682684247,90.84045263592503,3,SJF,priority_skew,0,completed,"0,1,2,3"
1,21.24411256793468,21.24411256793468,158.3651038729844,0.0,137.12099130504973,2,10.26859982655234,137.12099130504973,2,SJF,priority_skew,0,completed,"4,5"
2,21.49169585029787,99.3396014355364,121.8982781593079,77.84790558523852,100.40658230901003,3,48.27630727829746,22.558676723771516,2,SJF,priority_skew,0,completed,"0,1,2"
3,21.520062433813223,21.520062433813223,190.1767377613342,0.0,168.656675327521,1,36.714488502676375,168.656675327521,1,SJF,priority_skew,0,completed,6
4,28.399348341801325,121.8982781593079,196.98787476796792,93.49892981750658,168.5885264261666,2,11.734640490957679,75.08959660866003,1,SJF,priority_skew,0,completed,"2,3"
5,48.77360377503114,196.98787476796792,306.94496952452107,148.21427099293678,258.17136574948995,4,62.09947652390793,109.95709475655312,1,SJF,priority_skew,0,completed,"2,3,6,7"
6,57.19339068337154,121.8982781593079,178.03738670607981,64.70488747593637,120.84399602270827,2,57.73462595691407,56.1391085467719,1,SJF,priority_skew,0,completed,"0,1"
7,66.63465765618893,66.63465765618893,180.41434802622618,0.0,113.77969037003724,1,24.146522392424345,113.77969037003724,1,SJF,priority_skew,0,completed,7
8,101.8444823946355,178.03738670607981,244.1847810150735,76.19290431144431,142.34029862043798,4,39.38665331234641,66.14739430899368,1,SJF,priority_skew,0,completed,"0,1,4,5"
9,177.56639590016766,1843.461976781522,1963.7030107686826,1665.8955808813544,1786.136614868515,4,53.814774374370984,120.24103398716056,4,SJF,priority_skew,0,completed,"3,4,5,6"
10,218.64674912383947,1728.434104523415,1843.461976781522,1509.7873553995755,1624.8152276576825,3,38.946244589192084,115.02787225810692,2,SJF,priority_skew,0,completed,"3,4,5"
11,218.66284600302475,244.1847810150735,329.2264348947738,25.521935012048743,110.56358889174902,2,16.146518138445778,85.04165387970026,3,SJF,priority_skew,0,completed,"0,1"
12,247.0265293063611,306.94496952452107,393.406415503917,59.91844021815996,146.3798861975559,4,54.07155169016411,86.46144597939595,2,SJF,priority_skew,0,completed,"2,3,5,6"
13,247.93275036785977,247.93275036785977,326.3401356091831,0.0,78.40738524132334,1,8.55745540520835,78.40738524132331,1,SJF,priority_skew,0,completed,4
14,261.3002541449512,427.44236238812806,559.8666936936938,166.14210824317684,298.5664395487426,2,23.335549521575203,132.4243313055658,3,SJF,priority_skew,0,completed,"0,1"
15,271.91191701425794,3119.0585638187117,3277.4230910828355,2847.1466468044537,3005.5111740685775,3,15.101757726629874,158.36452726412386,1,SJF,priority_skew,0,completed,"3,4,5"
16,311.28577517348907,329.2264348947738,427.44236238812806,17.940659721284703,116.15658721463899,2,32.067347426000296,98.21592749335429,4,SJF,priority_skew,0,completed,"0,1"
17,315.7109007009047,326.3401356091831,395.75731364426485,10.62923490827842,80.04641294336017,2,51.43870653370239,69.41717803508176,1,SJF,priority_skew,0,completed,"4,7"
18,319.549789946259,1274.008112646349,1375.7211535333322,954.45832270009,1056.1713635870733,3,57.353201673310636,101.71304088698324,1,SJF,priority_skew,0,completed,"4,5,7"
19,338.2025326103343,1375.7211535333322,1446.2721207921643,1037.5186209229978,1108.06958818183,4,63.7153714970114,70.55096725883203,1,SJF,priority_skew,0,completed,"3,4,5,7"
20,338.6650850951554,395.75731364426485,522.6196185356811,57.09222854910945,183.95453344052567,2,53.49078229423022,126.8623048914162,4,SJF,priority_skew,0,completed,"4,7"
21,340.3567202478705,2227.092668408509,2366.8124289367897,1886.7359481606384,2026.4557086889192,4,59.84001632400745,139.71976052828066,3,SJF,priority_skew,0,completed,"3,4,5,7"
22,353.234196581026,1963.7030107686826,2090.912906659072,1610.4688141876566,1737.6787100780462,4,15.909807186457769,127.20989589038976,2,SJF,priority_skew,0,completed,"3,4,5,6"
23,362.916049305691,393.406415503917,476.6955792006971,30.490366198226013,113.77952989500614,1,17.35496401180724,83.28916369678015,3,SJF,priority_skew,0,completed,6
24,384.6370306811991,427.6361179433205,478.6968816058475,42.99908726212141,94.0598509246484,3,40.38681123587127,51.06076366252697,1,SJF,priority_skew,0,completed,"2,3,5"
25,389.80790675413294,393.406415503917,427.6361179433205,3.5985087497840595,37.828211189187584,3,37.31234473411551,34.22970243940352,4,SJF,priority_skew,0,completed,"2,3,5"
26,395.41054129598456,476.6955792006971,620.3194513967593,81.28503790471257,224.90891010077473,1,8.35889742920137,143.62387219606217,4,SJF,priority_skew,0,completed,6
27,418.56169570823823,544.3021859721457,615.4512477773721,125.74049026390747,196.8895520691339,3,41.03272158597323,71.1490618052264,1,SJF,priority_skew,0,completed,"2,3,5"
28,440.12686583477586,522.6196185356811,635.0496813385386,82.49275270090521,194.9228155037627,2,18.92601431358108,112.43006280285748,2,SJF,priority_skew,0,completed,"4,7"
29,444.1701067541583,478.6968816058475,510.2593240906278,34.5267748516892,66.08921733646946,3,61.895693214965334,31.562442484780284,1,SJF,priority_skew,0,completed,"2,3,5"
30,446.80462451513694,615.4512477773721,697.5419248628953,168.6466232622352,250.73730034775832,3,17.924697466580895,82.09067708552308,1,SJF,priority_skew,0,completed,"2,3,5"
31,462.09579901224913,510.2593240906278,544.3021859721457,48.163525078378655,82.20638695989658,3,48.6493283714435,34.04286188151788,1,SJF,priority_skew,0,completed,"2,3,5"
32,468.8248515531289,3277.4230910828355,3443.4426004653774,2808.5982395297065,2974.6177489122483,4,34.44881885800064,166.01950938254168,2,SJF,priority_skew,0,completed,"3,4,5,7"
33,479.5084152245959,1037.938689425014,1078.323170872839,558.4302742004181,598.8147556482431,4,59.25814176625889,40.38448144782501,1,SJF,priority_skew,0,completed,"3,4,5,6"
34,492.61744285296845,559.8666936936938,681.3178903892848,67.24925084072538,188.70044753631635,1,56.65584048344988,121.45119669559092,1,SJF,priority_skew,0,completed,1
35,508.0195759016905,620.3194513967593,748.1168014331231,112.29987549506882,240.09722553143263,1,17.158431307002896,127.79735003636378,1,SJF,priority_skew,0,completed,6
36,544.6216923181038,559.8666936936938,661.0618713808182,15.24500137559005,116.44017906271438,1,33.77989841657019,101.19517768712434,2,SJF,priority_skew,0,completed,0
37,546.5428018004555,1568.619281057279,1681.2206415890396,1022.0764792568235,1134.6778397885842,3,13.193746629309322,112.6013605317604,1,SJF,priority_skew,0,completed,"0,1,7"
38,564.8653632402783,3752.2875477971866,3930.478801136038,3187.422184556908,3365.6134378957595,3,35.375378023238554,178.19125333885114,1,SJF,priority_skew,0,completed,"0,1,2"
39,578.9183323536439,2634.7076591095256,2782.854384966903,2055.7893267558816,2203.936052613259,4,61.92907184695897,148.14672585737745,1,SJF,priority_skew,0,completed,"0,1,2,7"
40,602.6439625827634,1955.7841140559428,2080.6034842945637,1353.1401514731795,1477.9595217118003,4,41.75953869350251,124.81937023862085,3,SJF,priority_skew,0,completed,"0,1,2,7"
41,610.1313622595909,2807.3884514120564,2960.9865640454004,2197.2570891524656,2350.8552017858096,4,11.655143319032318,153.5981126333441,1,SJF,priority_skew,0,completed,"3,4,5,6"
42,615.9899205635895,2489.717178777305,2634.7076591095256,1873.7272582137155,2018.717738545936,3,63.66549918775912,144.9904803322205,1,SJF,priority_skew,0,completed,"0,1,2"
43,626.2037620195591,635.0496813385386,795.4543062780259,8.84591931897944,169.2505442584668,2,31.667190199787747,160.40462493948738,1,SJF,priority_skew,0,completed,"4,7"
44,629.5096279989833,2507.3638751102144,2655.2352958647925,1877.854247111231,2025.725667865809,4,52.192658927488175,147.87142075457837,1,SJF,priority_skew,0,completed,"3,4,5,6"
45,638.8324091115486,735.5601113493844,791.6126620494908,96.72770223783584,152.78025293794224,3,52.61179423377906,56.05255070010642,1,SJF,priority_skew,0,completed,"2,3,5"
46,640.1581848112814,697.5419248628953,735.5601113493844,57.38374005161381,95.401926538103,3,38.318959083289215,38.01818648648915,1,SJF,priority_skew,0,completed,"2,3,5"
47,660.7450272321606,681.3178903892848,820.4188066048687,20.572863157124175,159.67377937270805,2,8.016838645987683,139.10091621558385,3,SJF,priority_skew,0,completed,"0,1"
48,689.235504326902,835.9738391041651,987.3503332473073,146.73833477726316,298.11482892040533,1,47.41200307894068,151.3764941431422,4,SJF,priority_skew,0,completed,6
49,696.1367852586258,748.1168014331231,835.9738391041651,51.98001617449734,139.83705384553934,1,55.252271492648696,87.85703767104206,4,SJF,priority_skew,0,completed,6
50,735.6709221675067,2366.8124289367897,2507.3638751102144,1631.141506769283,1771.6929529427077,3,36.20591083523242,140.55144617342484,3,SJF,priority_skew,0,completed,"3,4,5"
51,737.017205060616,3090.3535236969346,3248.5593222724683,2353.3363186363185,2511.542117211852,4,34.66423603025017,158.20579857553358,2,SJF,priority_skew,0,completed,"0,1,2,6"
52,740.511489944685,1726.2023186115503,1837.5118843490702,985.6908286668653,1097.0003944043851,4,50.98852711907452,111.30956573751986,1,SJF,priority_skew,0,completed,"0,1,2,6"
53,744.2270984825902,795.4543062780259,827.2528684216749,51.227207795435675,83.02576993908463,2,29.917303873061194,31.798562143648947,1,SJF,priority_skew,0,completed,"4,7"
54,753.7715601941971,818.0475773942269,931.8556339687524,64.27601720002974,178.08407377455524,1,31.72929680634505,113.8080565745255,1,SJF,priority_skew,0,completed,5
55,765.4683759504388,878.0229084820451,1007.4709801740503,112.55453253160624,242.00260422361146,2,60.29105895758319,129.44807169200527,2,SJF,priority_skew,0,completed,"0,1"
56,772.1676610852317,791.6126620494908,818.0475773942269,19.44500096425918,45.879916308995234,3,40.66592262771465,26.434915344736112,2,SJF,priority_skew,0,completed,"2,3,5"
57,773.7245865115098,2655.2352958647925,2807.3884514120564,1881.510709353283,2033.6638649005467,4,39.865447838748054,152.15315554726388,1,SJF,priority_skew,0,completed,"3,4,5,6"
58,798.6994784686317,818.0475773942269,894.136347213089,19.348098925595195,95.43686874445734,2,63.83257641205954,76.0887698188621,1,SJF,priority_skew,0,completed,"2,3"
59,804.9177774118612,2349.229180398797,2489.717178777305,1544.3114029869357,1684.7994013654438,4,29.93378876941856,140.48799837850822,1,SJF,priority_skew,0,completed,"0,1,2,6"
60,806.3374013451179,2090.912906659072,2227.092668408509,1284.5755053139542,1420.7552670633909,3,15.132074427613578,136.17976174943686,1,SJF,priority_skew,0,completed,"3,4,5"
61,815.9778566893398,2960.9865640454004,3119.0585638187117,2145.0087073560608,2303.080707129372,3,18.67458338262502,158.07199977331112,1,SJF,priority_skew,0,completed,"3,4,5"
62,819.6841022216101,820.4188066048687,854.1807963746292,0.7347043832585314,34.49669415301901,2,58.334130853915134,33.76198976976042,2,SJF,priority_skew,0,completed,"0,1"
63,824.8831287855832,827.2528684216749,875.3184284192878,2.3697396360917082,50.43529963370463,2,26.36700822681774,48.06555999761297,2,SJF,priority_skew,0,completed,"4,7"
64,828.0315147357649,894.136347213089,1065.1247896497591,66.10483247732418,237.09327491399426,1,26.47416661966041,170.98844243667006,1,SJF,priority_skew,0,completed,2
65,834.4710948483294,854.1807963746292,878.0229084820451,19.709701526299796,43.55181363371571,2,36.68172483891316,23.842112107415883,1,SJF,priority_skew,0,completed,"0,1"
66,846.9424030901918,1459.5256026486406,1568.619281057279,612.5831995584489,721.6768779670873,3,52.19786270214987,109.09367840863844,1,SJF,priority_skew,0,completed,"0,1,7"
67,848.1527177055202,993.13261790332,1015.076062081498,144.9799001977998,166.92334437597776,4,39.233864626793164,21.94344417817801,2,SJF,priority_skew,0,completed,"4,5,6,7"
68,862.9343355887981,875.3184284192878,993.13261790332,12.384092830489635,130.19828231452186,2,44.17852131971587,117.8141894840322,1,SJF,priority_skew,0,completed,"4,7"
69,898.9356201231556,1502.9363879916373,1614.8368756873065,604.0007678684817,715.9012555641509,3,21.79873426685463,111.90048769566911,1,SJF,priority_skew,0,completed,"3,4,5"
70,909.7449123697457,1120.1701171609807,1164.4913815645866,210.42520479123493,254.74646919484087,3,59.72974001301015,44.32126440360592,1,SJF,priority_skew,0,completed,"3,4,5"
71,955.9640084479594,1078.323170872839,1120.1701171609807,122.35916242487963,164.2061087130213,4,46.98804594179357,41.84694628814178,1,SJF,priority_skew,0,completed,"3,4,5,6"
72,962.3002230288579,962.3002230288579,1036.9790470618395,0.0,74.67882403298165,1,58.46205323167885,74.67882403298164,1,SJF,priority_skew,0,completed,3
73,978.3733202476609,1614.8368756873065,1728.434104523415,636.4635554396456,750.0607842757541,3,54.020352152892016,113.59722883610854,1,SJF,priority_skew,0,completed,"3,4,5"
74,1003.608621844184,1015.076062081498,1037.938689425014,11.467440237314008,34.33006758083002,4,12.068867524305976,22.862627343516042,1,SJF,priority_skew,0,completed,"4,5,6,7"
75,1014.1835182560234,1014.1835182560234,1190.2687948043147,0.0,176.0852765482913,2,18.70217531376419,176.08527654829126,1,SJF,priority_skew,0,completed,"0,1"
76,1023.484327771835,1216.8382766006641,1274.008112646349,193.35394882882917,250.52378487451404,4,30.100948635973758,57.16983604568496,2,SJF,priority_skew,0,completed,"3,4,5,7"
77,1030.9933579424298,1211.0527012024868,1347.173930810786,180.05934326005695,316.1805728683562,2,44.04746667649738,136.1212296082992,1,SJF,priority_skew,0,completed,"0,1"
78,1031.9018228932691,1065.1247896497591,1153.4001726465976,33.222966756489996,121.49834975332851,2,37.110652162716974,88.27538299683857,1,SJF,priority_skew,0,completed,"2,7"
79,1087.5591239428281,1236.007173779095,1407.2111175078353,148.44804983626682,319.65199356500716,2,18.86553747444442,171.20394372874023,1,SJF,priority_skew,0,completed,"2,6"
80,1108.4381268861127,1153.4001726465976,1236.007173779095,44.9620457604849,127.56904689298221,2,54.03968090760864,82.60700113249727,1,SJF,priority_skew,0,completed,"2,6"
81,1114.962278671421,2080.6034842945637,2209.5132963857977,965.6412056231427,1094.5510177143767,4,54.14410122839548,128.909812091234,2,SJF,priority_skew,0,completed,"0,1,2,7"
82,1136.900183533059,3410.7177041783084,3576.7935611394087,2273.8175206452497,2439.8933776063495,3,46.71120284867386,166.0758569611005,2,SJF,priority_skew,0,completed,"0,1,2"
83,1149.58656399157,2209.5132963857977,2349.229180398797,1059.9267323942277,1199.6426164072268,4,18.027510504647623,139.7158840129992,1,SJF,priority_skew,0,completed,"0,1,2,6"
84,1149.7371810633674,1164.4913815645866,1216.8382766006641,14.754200501219202,67.10109553729671,4,30.218105680591812,52.34689503607754,3,SJF,priority_skew,0,completed,"3,4,5,7"
85,1166.8662277390167,1190.2687948043147,1211.0527012024868,23.402567065297944,44.186473463470065,2,13.307493988225351,20.783906398172096,1,SJF,priority_skew,0,completed,"0,1"
86,1184.53714194785,2782.854384966903,2935.76546744974,1598.3172430190532,1751.22832550189,3,22.822927189752633,152.91108248283695,1,SJF,priority_skew,0,completed,"0,1,2"
87,1190.8514695674276,3443.4426004653774,3616.78809409408,2252.59113089795,2425.9366245266524,4,40.83718786870915,173.3454936287027,2,SJF,priority_skew,0,completed,"3,4,5,6"
88,1191.0182203304016,3616.78809409408,3794.1216471426274,2425.7698737636783,2603.1034268122257,4,40.17517234898622,177.33355304854743,2,SJF,priority_skew,0,completed,"3,4,5,6"
89,1225.1757619262437,3248.5593222724683,3410.7177041783084,2023.3835603462246,2185.5419422520645,4,51.581900661707984,162.15838190584003,2,SJF,priority_skew,0,completed,"0,1,2,6"
90,1251.2668133248796,1274.008112646349,1330.2481759555271,22.74129932146934,78.98136263064748,1,37.58381664319161,56.24006330917817,2,SJF,priority_skew,0,completed,3
91,1298.8234806619253,1347.173930810786,1459.5256026486406,48.35045014886077,160.70212198671538,2,17.524396090432525,112.35167183785451,1,SJF,priority_skew,0,completed,"0,1"
92,1299.3959114798606,1330.2481759555271,1367.8206377257525,30.852264475666516,68.42472624589186,1,50.587249525254,37.57246177022543,2,SJF,priority_skew,0,completed,3
93,1335.5208989125015,1837.5118843490702,1955.7841140559428,501.99098543656874,620.2632151434414,3,31.181529418050793,118.2722297068726,2,SJF,priority_skew,0,completed,"0,1,2"
94,1368.5745266781662,1407.2111175078353,1510.415158660579,38.6365908296691,141.8406319824128,2,49.04162030408805,103.20404115274368,1,SJF,priority_skew,0,completed,"2,6"
95,1408.3919931191588,1446.2721207921643,1502.9363879916373,37.88012767300552,94.5443948724785,3,24.05905646511797,56.664267199473045,2,SJF,priority_skew,0,completed,"3,4,5"
96,1435.7497271861405,3576.7935611394087,3752.2875477971866,2141.0438339532684,2316.5378206110463,4,18.947020726689395,175.49398665777795,2,SJF,priority_skew,0,completed,"0,1,2,7"
97,1440.0746455922363,2935.76546744974,3090.3535236969346,1495.6908218575036,1650.2788781046984,3,37.74810289975027,154.5880562471948,1,SJF,priority_skew,0,completed,"0,1,2"
98,1469.348561952122,1681.2206415890396,1726.2023186115503,211.87207963691753,256.8537566594282,4,22.463366404342064,44.98167702251077,2,SJF,priority_skew,0,completed,"0,1,2,6"
99,1475.8028901155283,1510.415158660579,1638.8629631559324,34.61226854505071,163.06007304040418,2,55.27021422138638,128.44780449535344,1,SJF,priority_skew,0,completed,"2,6"
0,8.499148799611369,8.499148799611369,99.3396014355364,0.0,90.84045263592503,4,38.18032682684247,90.84045263592503,3,Priority,priority_skew,0,completed,"0,1,2,3"
1,21.24411256793468,21.24411256793468,158.3651038729844,0.0,137.12099130504973,2,10.26859982655234,137.12099130504973,2,Priority,priority_skew,0,completed,"4,5"
2,21.49169585029787,99.3396014355364,121.8982781593079,77.84790558523852,100.40658230901003,3,48.27630727829746,22.558676723771516,2,Priority,priority_skew,0,completed,"0,1,2"
3,21.520062433813223,21.520062433813223,190.1767377613342,0.0,168.656675327521,1,36.714488502676375,168.656675327521,1,Priority,priority_skew,0,completed,6
4,28.399348341801325,121.8982781593079,196.98787476796792,93.49892981750658,168.5885264261666,2,11.734640490957679,75.08959660866003,1,Priority,priority_skew,0,completed,"0,1"
5,48.77360377503114,196.98787476796792,306.94496952452107,148.21427099293678,258.17136574948995,4,62.09947652390793,109.95709475655312,1,Priority,priority_skew,0,completed,"0,1,6,7"
6,57.19339068337154,121.8982781593079,178.03738670607981,64.70488747593637,120.84399602270827,2,57.73462595691407,56.1391085467719,1,Priority,priority_skew,0,completed,"2,3"
7,66.63465765618893,66.63465765618893,180.41434802622618,0.0,113.77969037003724,1,24.146522392424345,113.77969037003724,1,Priority,priority_skew,0,completed,7
8,101.8444823946355,2352.5685671721476,2418.715961481141,2250.724084777512,2316.8714790865056,4,39.38665331234641,66.14739430899368,1,Priority,priority_skew,0,completed,"0,1,2,7"
9,177.56639590016766,178.03738670607981,298.2784206932404,0.4709908059121517,120.71202479307271,4,53.814774374370984,120.24103398716056,4,Priority,priority_skew,0,completed,"2,3,4,5"
10,218.64674912383947,306.94496952452107,421.972841782628,88.2982204006816,203.32609265878853,3,38.946244589192084,115.02787225810692,2,Priority,priority_skew,0,completed,"0,1,6"
11,218.66284600302475,298.2784206932404,383.32007457294065,79.61557469021562,164.6572285699159,2,16.146518138445778,85.04165387970026,3,Priority,priority_skew,0,completed,"2,3"
12,247.0265293063611,1248.6122854965258,1335.0737314759217,1001.5857561901647,1088.0472021695605,4,54.07155169016411,86.46144597939595,2,Priority,priority_skew,0,completed,"0,2,3,7"
13,247.93275036785977,306.94496952452107,385.3523547658444,59.0122191566613,137.4196043979846,1,8.55745540520835,78.40738524132331,1,Priority,priority_skew,0,completed,7
14,261.3002541449512,298.2784206932404,430.7027519988062,36.97816654828915,169.40249785385498,2,23.335549521575203,132.4243313055658,3,Priority,priority_skew,0,completed,"4,5"
15,271.91191701425794,515.7657045056984,674.1302317698223,243.85378749144047,402.2183147555644,3,15.101757726629874,158.36452726412386,1,Priority,priority_skew,0,completed,"2,3,7"
16,311.28577517348907,383.32007457294065,481.53600206629494,72.03429939945158,170.25022689280587,2,32.067347426000296,98.21592749335429,4,Priority,priority_skew,0,completed,"2,3"
17,315.7109007009047,430.7027519988062,500.11993003388795,114.99185129790152,184.40902933298327,2,51.43870653370239,69.41717803508176,1,Priority,priority_skew,0,completed,"4,5"
18,319.549789946259,674.1302317698223,775.8432726568055,354.5804418235633,456.2934827105465,3,57.353201673310636,101.71304088698324,1,Priority,priority_skew,0,completed,"2,3,7"
19,338.2025326103343,2418.715961481141,2489.266928739973,2080.513428870807,2151.0643961296387,4,63.7153714970114,70.55096725883203,1,Priority,priority_skew,0,completed,"0,1,2,7"
20,338.6650850951554,421.972841782628,548.8351466740442,83.30775668747259,210.17006157888875,2,53.49078229423022,126.8623048914162,4,Priority,priority_skew,0,completed,"0,1"
21,340.3567202478705,931.7262596935468,1071.4460202218274,591.3695394456763,731.0892999739569,4,59.84001632400745,139.71976052828066,3,Priority,priority_skew,0,completed,"0,2,3,7"
22,353.234196581026,1335.0737314759217,1462.2836273663115,981.8395348948957,1109.0494307852855,4,15.909807186457769,127.20989589038976,2,Priority,priority_skew,0,completed,"0,2,3,7"
23,362.916049305691,385.3523547658444,468.6415184626245,22.436305460153392,105.72546915693351,1,17.35496401180724,83.28916369678015,3,Priority,priority_skew,0,completed,7
24,384.6370306811991,2464.5378527131697,2515.5986163756966,2079.9008220319706,2130.9615856944974,3,40.38681123587127,51.06076366252697,1,Priority,priority_skew,0,completed,"3,4,5"
25,389.80790675413294,481.53600206629494,515.7657045056984,91.728095312162,125.95779775156547,3,37.31234473411551,34.22970243940352,4,Priority,priority_skew,0,completed,"2,3,7"
26,395.41054129598456,421.972841782628,565.5967139786901,26.562300486643437,170.18617268270555,1,8.35889742920137,143.62387219606217,4,Priority,priority_skew,0,completed,6
27,418.56169570823823,2489.266928739973,2560.4159905451993,2070.7052330317347,2141.854294836961,3,41.03272158597323,71.1490618052264,1,Priority,priority_skew,0,completed,"0,1,2"
28,440.12686583477586,500.11993003388795,612.5499928367454,59.9930641991121,172.4231270019696,2,18.92601431358108,112.43006280285748,2,Priority,priority_skew,0,completed,"4,5"
29,444.1701067541583,2515.5986163756966,2547.1610588604767,2071.428509621538,2102.990952106318,3,61.895693214965334,31.562442484780284,1,Priority,priority_skew,0,completed,"3,4,5"
30,446.80462451513694,2547.1610588604767,2629.251735946,2100.35643434534,2182.447111430863,3,17.924697466580895,82.09067708552308,1,Priority,priority_skew,0,completed,"3,4,5"
31,462.09579901224913,2560.4159905451993,2594.4588524267174,2098.32019153295,2132.363053414468,3,48.6493283714435,34.04286188151788,1,Priority,priority_skew,0,completed,"0,1,2"
32,468.8248515531289,1462.2836273663115,1628.3031367488531,993.4587758131827,1159.4782851957243,4,34.44881885800064,166.01950938254168,2,Priority,priority_skew,0,completed,"0,2,3,7"
33,479.5084152245959,2594.4588524267174,2634.8433338745426,2114.9504372021215,2155.3349186499468,4,59.25814176625889,40.38448144782501,1,Priority,priority_skew,0,completed,"0,1,2,6"
34,492.61744285296845,548.8351466740442,670.2863433696351,56.2177038210757,177.66890051666667,1,56.65584048344988,121.45119669559092,1,Priority,priority_skew,0,completed,1
35,508.0195759016905,565.5967139786901,693.3940640150539,57.57713807699963,185.37448811336344,1,17.158431307002896,127.79735003636378,1,Priority,priority_skew,0,completed,6
36,544.6216923181038,548.8351466740442,650.0303243611685,4.213454355940371,105.4086320430647,1,33.77989841657019,101.19517768712434,2,Priority,priority_skew,0,completed,0
37,546.5428018004555,2629.251735946,2741.85309647776,2082.7089341455444,2195.3102946773047,3,13.193746629309322,112.6013605317604,1,Priority,priority_skew,0,completed,"3,4,5"
38,564.8653632402783,2634.8433338745426,2813.034587213394,2069.9779706342642,2248.1692239731155,3,35.375378023238554,178.19125333885114,1,Priority,priority_skew,0,completed,"0,1,2"
39,578.9183323536439,2741.85309647776,2889.9998223351377,2162.934764124116,2311.0814899814936,4,61.92907184695897,148.14672585737745,1,Priority,priority_skew,0,completed,"3,4,5,6"
40,602.6439625827634,1071.4460202218274,1196.2653904604483,468.80205763906406,593.6214278776849,4,41.75953869350251,124.81937023862085,3,Priority,priority_skew,0,completed,"0,2,3,7"
41,610.1313622595909,2813.034587213394,2966.632699846738,2202.903224953803,2356.501337587147,4,11.655143319032318,153.5981126333441,1,Priority,priority_skew,0,completed,"0,1,2,7"
42,615.9899205635895,2889.9998223351377,3034.9903026673583,2274.0099017715484,2419.000382103769,3,63.66549918775912,144.9904803322205,1,Priority,priority_skew,0,completed,"3,4,5"
43,626.2037620195591,626.2037620195591,786.6083869590465,0.0,160.40462493948735,2,31.667190199787747,160.40462493948738,1,Priority,priority_skew,0,completed,"4,5"
44,629.5096279989833,2966.632699846738,3114.5041206013166,2337.1230718477545,2484.994492602333,4,52.192658927488175,147.87142075457837,1,Priority,priority_skew,0,completed,"0,1,2,6"
45,638.8324091115486,3034.9903026673583,3091.042853367465,2396.1578935558096,2452.210444255916,3,52.61179423377906,56.05255070010642,1,Priority,priority_skew,0,completed,"3,4,5"
46,640.1581848112814,3091.042853367465,3129.061039853954,2450.8846685561834,2488.9028550426724,3,38.318959083289215,38.01818648648915,1,Priority,priority_skew,0,completed,"3,4,5"
47,660.7450272321606,670.2863433696351,809.387259585219,9.541316137474496,148.64223235305838,2,8.016838645987683,139.10091621558385,3,Priority,priority_skew,0,completed,"0,1"
48,689.235504326902,693.3940640150539,844.7705581581961,4.158559688151968,155.53505383129414,1,47.41200307894068,151.3764941431422,4,Priority,priority_skew,0,completed,6
49,696.1367852586258,775.8432726568055,863.7003103278475,79.70648739817977,167.56352506922178,1,55.252271492648696,87.85703767104206,4,Priority,priority_skew,0,completed,2
50,735.6709221675067,818.4069491026954,958.9583952761202,82.73602693518876,223.28747310861354,3,36.20591083523242,140.55144617342484,3,Priority,priority_skew,0,completed,"1,4,5"
51,737.017205060616,1628.3031367488531,1786.5089353243868,891.2859316882372,1049.491730263771,4,34.66423603025017,158.20579857553358,2,Priority,priority_skew,0,completed,"0,1,2,3"
52,740.511489944685,3114.5041206013166,3225.8136863388363,2373.9926306566317,2485.3021963941515,4,50.98852711907452,111.30956573751986,1,Priority,priority_skew,0,completed,"0,1,2,6"
53,744.2270984825902,786.6083869590465,818.4069491026954,42.381288476456234,74.17985062010519,2,29.917303873061194,31.798562143648947,1,Priority,priority_skew,0,completed,"4,5"
54,753.7715601941971,809.387259585219,923.1953161597445,55.61569939102185,169.42375596554734,1,31.72929680634505,113.8080565745255,1,Priority,priority_skew,0,completed,0
55,765.4683759504388,775.8432726568055,905.2913443488108,10.374896706366712,139.82296839837193,2,60.29105895758319,129.44807169200527,2,Priority,priority_skew,0,completed,"3,7"
56,772.1676610852317,905.2913443488108,931.7262596935468,133.1236832635791,159.55859860831515,3,40.66592262771465,26.434915344736112,2,Priority,priority_skew,0,completed,"2,3,7"
57,773.7245865115098,3129.061039853954,3281.2141954012177,2355.336453342444,2507.489608889708,4,39.865447838748054,152.15315554726388,1,Priority,priority_skew,0,completed,"3,4,5,7"
58,798.6994784686317,1036.9790470618395,1113.0678168807017,238.27956859320784,314.36833841207,2,63.83257641205954,76.0887698188621,1,Priority,priority_skew,0,completed,"5,6"
59,804.9177774118612,3225.8136863388363,3366.3016847173444,2420.895908926975,2561.3839073054833,4,29.93378876941856,140.48799837850822,1,Priority,priority_skew,0,completed,"0,1,2,6"
60,806.3374013451179,3281.2141954012177,3417.3939571506544,2474.8767940560997,2611.0565558055364,3,15.132074427613578,136.17976174943686,1,Priority,priority_skew,0,completed,"3,4,5"
61,815.9778566893398,3366.3016847173444,3524.3736844906557,2550.3238280280048,2708.395827801316,3,18.67458338262502,158.07199977331112,1,Priority,priority_skew,0,completed,"0,1,2"
62,819.6841022216101,958.9583952761202,992.7203850458807,139.27429305451005,173.03628282427053,2,58.334130853915134,33.76198976976042,2,Priority,priority_skew,0,completed,"1,4"
63,824.8831287855832,992.7203850458807,1040.7859450434937,167.83725626029752,215.90281625791056,2,26.36700822681774,48.06555999761297,2,Priority,priority_skew,0,completed,"1,4"
64,828.0315147357649,844.7705581581961,1015.7590005948662,16.739043422431223,187.7274858591013,1,26.47416661966041,170.98844243667006,1,Priority,priority_skew,0,completed,6
65,834.4710948483294,1040.7859450434937,1064.6280571509096,206.31485019516435,230.15696230258027,2,36.68172483891316,23.842112107415883,1,Priority,priority_skew,0,completed,"1,4"
66,846.9424030901918,3417.3939571506544,3526.487635559293,2570.4515540604625,2679.545232469101,3,52.19786270214987,109.09367840863844,1,Priority,priority_skew,0,completed,"3,4,5"
67,848.1527177055202,1748.2489461150085,1770.1923902931865,900.0962284094883,922.0396725876662,4,39.233864626793164,21.94344417817801,2,Priority,priority_skew,0,completed,"4,5,6,7"
68,862.9343355887981,1064.6280571509096,1182.4422466349417,201.69372156211148,319.5079110461436,2,44.17852131971587,117.8141894840322,1,Priority,priority_skew,0,completed,"1,4"
69,898.9356201231556,3524.3736844906557,3636.274172186325,2625.4380643675004,2737.338552063169,3,21.79873426685463,111.90048769566911,1,Priority,priority_skew,0,completed,"0,1,2"
70,909.7449123697457,3526.487635559293,3570.8088999628985,2616.742723189547,2661.063987593153,3,59.72974001301015,44.32126440360592,1,Priority,priority_skew,0,completed,"3,4,5"
71,955.9640084479594,3570.8088999628985,3612.65584625104,2614.8448915149393,2656.691837803081,4,46.98804594179357,41.84694628814178,1,Priority,priority_skew,0,completed,"3,4,5,6"
72,962.3002230288579,962.3002230288579,1036.9790470618395,0.0,74.67882403298165,1,58.46205323167885,74.67882403298164,1,Priority,priority_skew,0,completed,5
73,978.3733202476609,3612.65584625104,3726.2530750871488,2634.282526003379,2747.8797548394878,3,54.020352152892016,113.59722883610854,1,Priority,priority_skew,0,completed,"3,4,5"
74,1003.608621844184,3636.274172186325,3659.136799529841,2632.6655503421407,2655.5281776856573,4,12.068867524305976,22.862627343516042,1,Priority,priority_skew,0,completed,"0,1,2,6"
75,1014.1835182560234,1113.0678168807017,1289.1530934289929,98.88429862467831,274.9695751729695,2,18.70217531376419,176.08527654829126,1,Priority,priority_skew,0,completed,"5,6"
76,1023.484327771835,1770.1923902931865,1827.3622263388713,746.7080625213515,803.8778985670364,4,30.100948635973758,57.16983604568496,2,Priority,priority_skew,0,completed,"4,5,6,7"
77,1030.9933579424298,1182.4422466349417,1318.563476243241,151.4488886925119,287.57011830081115,2,44.04746667649738,136.1212296082992,1,Priority,priority_skew,0,completed,"1,4"
78,1031.9018228932691,1318.563476243241,1406.8388592400795,286.66165334997186,374.9370363468104,2,37.110652162716974,88.27538299683857,1,Priority,priority_skew,0,completed,"1,4"
79,1087.5591239428281,1345.393156738171,1516.5971004669113,257.83403279534286,429.0379765240832,2,18.86553747444442,171.20394372874023,1,Priority,priority_skew,0,completed,"5,6"
80,1108.4381268861127,1406.8388592400795,1489.4458603725768,298.40073235396676,381.0077334864641,2,54.03968090760864,82.60700113249727,1,Priority,priority_skew,0,completed,"1,4"
81,1114.962278671421,1786.5089353243868,1915.4187474156208,671.5466566529658,800.4564687441998,4,54.14410122839548,128.909812091234,2,Priority,priority_skew,0,completed,"0,1,2,3"
82,1136.900183533059,1827.3622263388713,1993.4380832999718,690.4620428058124,856.5378997669129,3,46.71120284867386,166.0758569611005,2,Priority,priority_skew,0,completed,"4,5,6"
83,1149.58656399157,3659.136799529841,3798.85268354284,2509.550235538271,2649.26611955127,4,18.027510504647623,139.7158840129992,1,Priority,priority_skew,0,completed,"0,1,2,6"
84,1149.7371810633674,1196.2653904604483,1248.6122854965258,46.5282093970809,98.87510443315841,4,30.218105680591812,52.34689503607754,3,Priority,priority_skew,0,completed,"0,2,3,7"
85,1166.8662277390167,1489.4458603725768,1510.229766770749,322.5796326335601,343.3635390317322,2,13.307493988225351,20.783906398172096,1,Priority,priority_skew,0,completed,"1,4"
86,1184.53714194785,3726.2530750871488,3879.164157569986,2541.7159331392986,2694.6270156221362,3,22.822927189752633,152.91108248283695,1,Priority,priority_skew,0,completed,"3,4,5"
87,1190.8514695674276,1915.4187474156208,2088.7642410443236,724.5672778481933,897.9127714768961,4,40.83718786870915,173.3454936287027,2,Priority,priority_skew,0,completed,"0,1,2,3"
88,1191.0182203304016,1993.4380832999718,2170.771636348519,802.4198629695702,979.7534160181176,4,40.17517234898622,177.33355304854743,2,Priority,priority_skew,0,completed,"4,5,6,7"
89,1225.1757619262437,2088.7642410443236,2250.9226229501637,863.5884791180799,1025.74686102392,4,51.581900661707984,162.15838190584003,2,Priority,priority_skew,0,completed,"0,1,2,3"
90,1251.2668133248796,1289.1530934289929,1345.393156738171,37.88628010411321,94.12634341329135,1,37.58381664319161,56.24006330917817,2,Priority,priority_skew,0,completed,5
91,1298.8234806619253,1510.229766770749,1622.5814386086035,211.40628610882368,323.7579579466783,2,17.524396090432525,112.35167183785451,1,Priority,priority_skew,0,completed,"1,4"
92,1299.3959114798606,1299.3959114798606,1336.968373250086,0.0,37.572461770225345,1,50.587249525254,37.57246177022543,2,Priority,priority_skew,0,completed,6
93,1335.5208989125015,2170.771636348519,2289.043866055392,835.2507374360177,953.5229671428904,3,31.181529418050793,118.2722297068726,2,Priority,priority_skew,0,completed,"4,5,6"
94,1368.5745266781662,1516.5971004669113,1619.801141619655,148.02257378874515,251.22661494148883,2,49.04162030408805,103.20404115274368,1,Priority,priority_skew,0,completed,"5,6"
95,1408.3919931191588,2250.9226229501637,2307.586890149637,842.530629831005,899.1948970304782,3,24.05905646511797,56.664267199473045,2,Priority,priority_skew,0,completed,"0,1,2"
96,1435.7497271861405,2289.043866055392,2464.5378527131697,853.2941388692514,1028.7881255270293,4,18.947020726689395,175.49398665777795,2,Priority,priority_skew,0,completed,"3,4,5,6"
97,1440.0746455922363,3798.85268354284,3953.440739790035,2358.778037950604,2513.3660941977987,3,37.74810289975027,154.5880562471948,1,Priority,priority_skew,0,completed,"0,1,2"
98,1469.348561952122,2307.586890149637,2352.5685671721476,838.2383281975149,883.2200052200255,4,22.463366404342064,44.98167702251077,2,Priority,priority_skew,0,completed,"0,1,2,7"
99,1475.8028901155283,1619.801141619655,1748.2489461150085,143.99825150412676,272.4460559994802,2,55.27021422138638,128.44780449535344,1,Priority,priority_skew,0,completed,"5,6"
0,8.499148799611369,8.499148799611369,99.3396014355364,0.0,90.84045263592503,4,38.18032682684247,90.84045263592503,3,BestFit,priority_skew,0,completed,"0,1,2,3"
1,21.24411256793468,21.24411256793468,158.3651038729844,0.0,137.12099130504973,2,10.26859982655234,137.12099130504973,2,BestFit,priority_skew,0,completed,"4,5"
2,21.49169585029787,158.3651038729844,180.92378059675593,136.87340802268653,159.43208474645806,3,48.27630727829746,22.558676723771516,2,BestFit,priority_skew,0,completed,"0,1,4"
3,21.520062433813223,21.520062433813223,190.1767377613342,0.0,168.656675327521,1,36.714488502676375,168.656675327521,1,BestFit,priority_skew,0,completed,6
4,28.399348341801325,99.3396014355364,174.42919804419643,70.94025309373507,146.0298497023951,2,11.734640490957679,75.08959660866003,1,BestFit,priority_skew,0,completed,"2,3"
5,48.77360377503114,190.1767377613342,300.1338325178873,141.40313398630306,251.36022874285615,4,62.09947652390793,109.95709475655312,1,BestFit,priority_skew,0,completed,"0,1,4,6"
6,57.19339068337154,99.3396014355364,155.4787099823083,42.146210752164855,98.28531929893674,2,57.73462595691407,56.1391085467719,1,BestFit,priority_skew,0,completed,"0,1"
7,66.63465765618893,66.63465765618893,180.41434802622618,0.0,113.77969037003724,1,24.146522392424345,113.77969037003724,1,BestFit,priority_skew,0,completed,7
8,101.8444823946355,180.41434802622618,246.56174233521986,78.56986563159067,144.71725994058437,4,39.38665331234641,66.14739430899368,1,BestFit,priority_skew,0,completed,"2,3,5,7"
9,177.56639590016766,2571.156348592173,2691.3973825793337,2393.589952692005,2513.830986679166,4,53.814774374370984,120.24103398716056,4,BestFit,priority_skew,0,completed,"3,4,5,6"
10,218.64674912383947,300.1338325178873,415.1617047759942,81.48708339404783,196.51495565215475,3,38.946244589192084,115.02787225810692,2,BestFit,priority_skew,0,completed,"4,6,7"
11,218.66284600302475,246.56174233521986,331.6033962149201,27.898896332195108,112.94055021189536,2,16.146518138445778,85.04165387970026,3,BestFit,priority_skew,0,completed,"2,3"
12,247.0265293063611,2484.694902612777,2571.156348592173,2237.6683733064156,2324.1298192858117,4,54.07155169016411,86.46144597939595,2,BestFit,priority_skew,0,completed,"3,4,5,6"
13,247.93275036785977,247.93275036785977,326.3401356091831,0.0,78.40738524132334,1,8.55745540520835,78.40738524132331,1,BestFit,priority_skew,0,completed,5
14,261.3002541449512,300.1338325178873,432.5581638234531,38.833578372936074,171.2579096785019,2,23.335549521575203,132.4243313055658,3,BestFit,priority_skew,0,completed,"0,1"
15,271.91191701425794,2045.312855878386,2203.67738314251,1773.400938864128,1931.7654661282518,3,15.101757726629874,158.36452726412386,1,BestFit,priority_skew,0,completed,"0,1,2"
16,311.28577517348907,415.1617047759942,513.3776322693485,103.87592960250515,202.09185709585944,2,32.067347426000296,98.21592749335429,4,BestFit,priority_skew,0,completed,"3,4"
17,315.7109007009047,331.6033962149201,401.02057425000186,15.892495514015422,85.30967354909717,2,51.43870653370239,69.41717803508176,1,BestFit,priority_skew,0,completed,"2,3"
18,319.549789946259,1225.2283487891143,1326.9413896760975,905.6785588428553,1007.3915997298385,3,57.353201673310636,101.71304088698324,1,BestFit,priority_skew,0,completed,"0,1,4"
19,338.2025326103343,2476.0624778055803,2546.613445064412,2137.859945195246,2208.410912454078,4,63.7153714970114,70.55096725883203,1,BestFit,priority_skew,0,completed,"0,1,2,7"
20,338.6650850951554,415.1617047759942,542.0240096674104,76.49661968083882,203.35892457225498,2,53.49078229423022,126.8623048914162,4,BestFit,priority_skew,0,completed,"6,7"
21,340.3567202478705,2911.6521931317866,3051.3719536600674,2571.295472883916,2711.0152334121967,4,59.84001632400745,139.71976052828066,3,BestFit,priority_skew,0,completed,"0,1,2,7"
22,353.234196581026,2691.3973825793337,2818.6072784697235,2338.1631859983077,2465.3730818886975,4,15.909807186457769,127.20989589038976,2,BestFit,priority_skew,0,completed,"3,4,5,6"
23,362.916049305691,362.916049305691,446.20521300247117,0.0,83.28916369678018,1,17.35496401180724,83.28916369678015,3,BestFit,priority_skew,0,completed,5
24,384.6370306811991,614.0686395485594,665.1294032110864,229.4316088673603,280.49237252988723,3,40.38681123587127,51.06076366252697,1,BestFit,priority_skew,0,completed,"5,6,7"
25,389.80790675413294,607.6293140337085,641.859016473112,217.82140727957557,252.05110971897903,3,37.31234473411551,34.22970243940352,4,BestFit,priority_skew,0,completed,"0,1,4"
26,395.41054129598456,401.02057425000186,544.644446446064,5.610032954017299,149.2339051500794,1,8.35889742920137,143.62387219606217,4,BestFit,priority_skew,0,completed,2
27,418.56169570823823,997.1741509774165,1068.323212782643,578.6124552691783,649.7615170744048,3,41.03272158597323,71.1490618052264,1,BestFit,priority_skew,0,completed,"0,1,3"
28,440.12686583477586,440.12686583477586,552.5569286376333,0.0,112.43006280285744,2,18.92601431358108,112.43006280285748,2,BestFit,priority_skew,0,completed,"0,1"
29,444.1701067541583,542.0240096674104,573.5864521521906,97.85390291325206,129.41634539803232,3,61.895693214965334,31.562442484780284,1,BestFit,priority_skew,0,completed,"4,6,7"
30,446.80462451513694,1003.1856903520346,1085.2763674375576,556.3810658368977,638.4717429224206,3,17.924697466580895,82.09067708552308,1,BestFit,priority_skew,0,completed,"2,5,6"
31,462.09579901224913,573.5864521521906,607.6293140337085,111.49065313994151,145.53351502145938,3,48.6493283714435,34.04286188151788,1,BestFit,priority_skew,0,completed,"0,1,4"
32,468.8248515531289,3509.602328537443,3675.621837919985,3040.777476984314,3206.796986366856,4,34.44881885800064,166.01950938254168,2,BestFit,priority_skew,0,completed,"0,1,2,7"
33,479.5084152245959,2342.158908096756,2382.5433895445813,1862.6504928721602,1903.0349743199854,4,59.25814176625889,40.38448144782501,1,BestFit,priority_skew,0,completed,"3,4,5,6"
34,492.61744285296845,492.61744285296845,614.0686395485594,0.0,121.45119669559097,1,56.65584048344988,121.45119669559092,1,BestFit,priority_skew,0,completed,5
35,508.0195759016905,513.3776322693485,641.1749823057123,5.358056367658037,133.15540640402185,1,17.158431307002896,127.79735003636378,1,BestFit,priority_skew,0,completed,3
36,544.6216923181038,544.644446446064,645.8396241331883,0.022754127960183723,101.21793181508451,1,33.77989841657019,101.19517768712434,2,BestFit,priority_skew,0,completed,2
37,546.5428018004555,1448.8688609457552,1561.4702214775157,902.3260591452996,1014.9274196770601,3,13.193746629309322,112.6013605317604,1,BestFit,priority_skew,0,completed,"4,6,7"
38,564.8653632402783,2203.67738314251,2381.868636481361,1638.8120199022314,1817.0032732410828,3,35.375378023238554,178.19125333885114,1,BestFit,priority_skew,0,completed,"0,1,2"
39,578.9183323536439,3098.8111608612307,3246.9578867186083,2519.8928285075867,2668.0395543649643,4,61.92907184695897,148.14672585737745,1,BestFit,priority_skew,0,completed,"3,4,5,6"
40,602.6439625827634,2657.923010801932,2782.7423810405526,2055.2790482191685,2180.098418457789,4,41.75953869350251,124.81937023862085,3,BestFit,priority_skew,0,completed,"0,1,2,7"
41,610.1313622595909,3246.9578867186083,3400.5559993519523,2636.8265244590175,2790.4246370923615,4,11.655143319032318,153.5981126333441,1,BestFit,priority_skew,0,completed,"3,4,5,6"
42,615.9899205635895,1745.7343192989706,1890.7247996311912,1129.744398735381,1274.7348790676017,3,63.66549918775912,144.9904803322205,1,BestFit,priority_skew,0,completed,"0,1,2"
43,626.2037620195591,641.859016473112,802.2636414125993,15.655254453552857,176.0598793930402,2,31.667190199787747,160.40462493948738,1,BestFit,priority_skew,0,completed,"0,1"
44,629.5096279989833,3051.3719536600674,3199.2433744146456,2421.862325661084,2569.733746415662,4,52.192658927488175,147.87142075457837,1,BestFit,priority_skew,0,completed,"0,1,2,7"
45,638.8324091115486,683.8578106196775,739.9103613197839,45.02540150812888,101.07795220823527,3,52.61179423377906,56.05255070010642,1,BestFit,priority_skew,0,completed,"2,3,4"
46,640.1581848112814,645.8396241331883,683.8578106196775,5.681439321906851,43.699625808396036,3,38.318959083289215,38.01818648648915,1,BestFit,priority_skew,0,completed,"2,3,4"
47,660.7450272321606,665.1294032110864,804.2303194266702,4.384375978925732,143.4852921945096,2,8.016838645987683,139.10091621558385,3,BestFit,priority_skew,0,completed,"5,6"
48,689.235504326902,689.235504326902,840.6119984700441,0.0,151.37649414314217,1,47.41200307894068,151.3764941431422,4,BestFit,priority_skew,0,completed,7
49,696.1367852586258,739.9103613197839,827.767398990826,43.77357606115811,131.63061373220023,1,55.252271492648696,87.85703767104206,4,BestFit,priority_skew,0,completed,2
50,735.6709221675067,1679.7424511843883,1820.2938973578132,944.0715290168816,1084.6229751903065,3,36.20591083523242,140.55144617342484,3,BestFit,priority_skew,0,completed,"3,4,5"
51,737.017205060616,3351.3965299619094,3509.602328537443,2614.3793249012933,2772.585123476827,4,34.66423603025017,158.20579857553358,2,BestFit,priority_skew,0,completed,"0,1,2,7"
52,740.511489944685,2546.613445064412,2657.923010801932,1806.1019551197273,1917.411520857247,4,50.98852711907452,111.30956573751986,1,BestFit,priority_skew,0,completed,"0,1,2,7"
53,744.2270984825902,744.2270984825902,776.0256606262392,0.0,31.79856214364895,2,29.917303873061194,31.798562143648947,1,BestFit,priority_skew,0,completed,"3,4"
54,753.7715601941971,776.0256606262392,889.8337172007647,22.254100432042037,136.06215700656753,1,31.72929680634505,113.8080565745255,1,BestFit,priority_skew,0,completed,3
55,765.4683759504388,804.2303194266702,933.6783911186756,38.76194347623141,168.21001516823674,2,60.29105895758319,129.44807169200527,2,BestFit,priority_skew,0,completed,"4,5"
56,772.1676610852317,926.4179712290744,952.8528865738106,154.25031014384274,180.6852254885789,3,40.66592262771465,26.434915344736112,2,BestFit,priority_skew,0,completed,"0,1,3"
57,773.7245865115098,3199.2433744146456,3351.3965299619094,2425.518787903136,2577.6719434504,4,39.865447838748054,152.15315554726388,1,BestFit,priority_skew,0,completed,"0,1,2,7"
58,798.6994784686317,802.2636414125993,878.3524112314615,3.564162943967631,79.65293276282978,2,63.83257641205954,76.0887698188621,1,BestFit,priority_skew,0,completed,"0,1"
59,804.9177774118612,2958.3231624827226,3098.8111608612307,2153.4053850708615,2293.8933834493696,4,29.93378876941856,140.48799837850822,1,BestFit,priority_skew,0,completed,"3,4,5,6"
60,806.3374013451179,1609.5545575495337,1745.7343192989706,803.2171562044158,939.3969179538527,3,15.132074427613578,136.17976174943686,1,BestFit,priority_skew,0,completed,"0,1,2"
61,815.9778566893398,1973.2049798406501,2131.2769796139614,1157.2271231513105,1315.2991229246218,3,18.67458338262502,158.07199977331112,1,BestFit,priority_skew,0,completed,"3,4,5"
62,819.6841022216101,827.767398990826,861.5293887605865,8.083296769215849,41.845286538976325,2,58.334130853915134,33.76198976976042,2,BestFit,priority_skew,0,completed,"2,6"
63,824.8831287855832,878.3524112314615,926.4179712290744,53.46928244587832,101.53484244349124,2,26.36700822681774,48.06555999761297,2,BestFit,priority_skew,0,completed,"0,1"
64,828.0315147357649,840.6119984700441,1011.6004409067142,12.580483734279255,183.56892617094934,1,26.47416661966041,170.98844243667006,1,BestFit,priority_skew,0,completed,7
65,834.4710948483294,861.5293887605865,885.3715008680024,27.058293912257113,50.90040601967303,2,36.68172483891316,23.842112107415883,1,BestFit,priority_skew,0,completed,"2,6"
66,846.9424030901918,1261.3616439858488,1370.4553223944872,414.419240895657,523.5129193042955,3,52.19786270214987,109.09367840863844,1,BestFit,priority_skew,0,completed,"2,3,5"
67,848.1527177055202,2297.3528365750617,2319.29628075324,1449.2001188695415,1471.1435630477197,4,39.233864626793164,21.94344417817801,2,BestFit,priority_skew,0,completed,"3,4,5,6"
68,862.9343355887981,885.3715008680024,1003.1856903520346,22.437165279204237,140.25135476323646,2,44.17852131971587,117.8141894840322,1,BestFit,priority_skew,0,completed,"2,6"
69,898.9356201231556,1336.968373250086,1448.8688609457552,438.0327531269304,549.9332408225996,3,21.79873426685463,111.90048769566911,1,BestFit,priority_skew,0,completed,"4,6,7"
70,909.7449123697457,952.8528865738106,997.1741509774165,43.10797420406482,87.42923860767075,3,59.72974001301015,44.32126440360592,1,BestFit,priority_skew,0,completed,"0,1,3"
71,955.9640084479594,2381.868636481361,2423.715582769503,1425.9046280334019,1467.7515743215436,4,46.98804594179357,41.84694628814178,1,BestFit,priority_skew,0,completed,"0,1,2,7"
72,962.3002230288579,962.3002230288579,1036.9790470618395,0.0,74.67882403298165,1,58.46205323167885,74.67882403298164,1,BestFit,priority_skew,0,completed,4
73,978.3733202476609,1495.957328713425,1609.5545575495337,517.5840084657642,631.1812373018728,3,54.020352152892016,113.59722883610854,1,BestFit,priority_skew,0,completed,"0,1,5"
74,1003.608621844184,2319.29628075324,2342.158908096756,1315.687658909056,1338.550286252572,4,12.068867524305976,22.862627343516042,1,BestFit,priority_skew,0,completed,"3,4,5,6"
75,1014.1835182560234,1085.2763674375576,1261.3616439858488,71.09284918153423,247.1781257298254,2,18.70217531376419,176.08527654829126,1,BestFit,priority_skew,0,completed,"2,3"
76,1023.484327771835,2427.525066567092,2484.694902612777,1404.0407387952569,1461.2105748409417,4,30.100948635973758,57.16983604568496,2,BestFit,priority_skew,0,completed,"3,4,5,6"
77,1030.9933579424298,1068.323212782643,1204.4444423909422,37.3298548402131,173.45108444851235,2,44.04746667649738,136.1212296082992,1,BestFit,priority_skew,0,completed,"0,1"
78,1031.9018228932691,1036.9790470618395,1125.254430058678,5.07722416857041,93.35260716540893,2,37.110652162716974,88.27538299683857,1,BestFit,priority_skew,0,completed,"4,7"
79,1087.5591239428281,1087.5591239428281,1258.7630676715685,0.0,171.20394372874034,2,18.86553747444442,171.20394372874023,1,BestFit,priority_skew,0,completed,"5,6"
80,1108.4381268861127,1125.254430058678,1207.8614311911754,16.816303172565313,99.42330430506263,2,54.03968090760864,82.60700113249727,1,BestFit,priority_skew,0,completed,"4,7"
81,1114.962278671421,2782.7423810405526,2911.6521931317866,1667.7801023691316,1796.6899144603656,4,54.14410122839548,128.909812091234,2,BestFit,priority_skew,0,completed,"0,1,2,7"
82,1136.900183533059,2131.2769796139614,2297.3528365750617,994.3767960809025,1160.4526530420028,3,46.71120284867386,166.0758569611005,2,BestFit,priority_skew,0,completed,"3,4,5"
83,1149.58656399157,2818.6072784697235,2958.3231624827226,1669.0207144781534,1808.7365984911526,4,18.027510504647623,139.7158840129992,1,BestFit,priority_skew,0,completed,"3,4,5,6"
84,1149.7371810633674,2423.715582769503,2476.0624778055803,1273.9784017061354,1326.325296742213,4,30.218105680591812,52.34689503607754,3,BestFit,priority_skew,0,completed,"0,1,2,7"
85,1166.8662277390167,1204.4444423909422,1225.2283487891143,37.578214651925464,58.362121050097585,2,13.307493988225351,20.783906398172096,1,BestFit,priority_skew,0,completed,"0,1"
86,1184.53714194785,1820.2938973578132,1973.2049798406501,635.7567554099633,788.6678378928002,3,22.822927189752633,152.91108248283695,1,BestFit,priority_skew,0,completed,"3,4,5"
87,1190.8514695674276,3562.7143812577924,3736.059874886495,2371.862911690365,2545.2084053190674,4,40.83718786870915,173.3454936287027,2,BestFit,priority_skew,0,completed,"3,4,5,6"
88,1191.0182203304016,3736.059874886495,3913.3934279350424,2545.0416545560934,2722.3752076046408,4,40.17517234898622,177.33355304854743,2,BestFit,priority_skew,0,completed,"3,4,5,6"
89,1225.1757619262437,3400.5559993519523,3562.7143812577924,2175.3802374257084,2337.538619331549,4,51.581900661707984,162.15838190584003,2,BestFit,priority_skew,0,completed,"3,4,5,6"
90,1251.2668133248796,1251.2668133248796,1307.5068766340578,0.0,56.24006330917814,1,37.58381664319161,56.24006330917817,2,BestFit,priority_skew,0,completed,7
91,1298.8234806619253,1326.9413896760975,1439.2930615139521,28.117909014172255,140.46958085202687,2,17.524396090432525,112.35167183785451,1,BestFit,priority_skew,0,completed,"0,1"
92,1299.3959114798606,1299.3959114798606,1336.968373250086,0.0,37.572461770225345,1,50.587249525254,37.57246177022543,2,BestFit,priority_skew,0,completed,6
93,1335.5208989125015,1561.4702214775157,1679.7424511843883,225.9493225650142,344.2215522718868,3,31.181529418050793,118.2722297068726,2,BestFit,priority_skew,0,completed,"4,6,7"
94,1368.5745266781662,1370.4553223944872,1473.659363547231,1.8807957163210176,105.0848368690647,2,49.04162030408805,103.20404115274368,1,BestFit,priority_skew,0,completed,"2,3"
95,1408.3919931191588,1439.2930615139521,1495.957328713425,30.901068394793356,87.56533559426634,3,24.05905646511797,56.664267199473045,2,BestFit,priority_skew,0,completed,"0,1,5"
96,1435.7497271861405,3675.621837919985,3851.115824577763,2239.8721107338442,2415.366097391622,4,18.947020726689395,175.49398665777795,2,BestFit,priority_skew,0,completed,"0,1,2,7"
97,1440.0746455922363,1890.7247996311912,2045.312855878386,450.65015403895495,605.2382102861498,3,37.74810289975027,154.5880562471948,1,BestFit,priority_skew,0,completed,"0,1,2"
98,1469.348561952122,2382.5433895445813,2427.525066567092,913.1948275924592,958.1765046149699,4,22.463366404342064,44.98167702251077,2,BestFit,priority_skew,0,completed,"3,4,5,6"
99,1475.8028901155283,1475.8028901155283,1604.2506946108817,0.0,128.44780449535347,2,55.27021422138638,128.44780449535344,1,BestFit,priority_skew,0,completed,"2,3"
0,8.499148799611369,8.499148799611369,99.3396014355364,0.0,90.84045263592503,4,38.18032682684247,90.84045263592503,3,PPO,priority_skew,0,completed,"0,1,2,3"
1,21.24411256793468,21.24411256793468,158.3651038729844,0.0,137.12099130504973,2,10.26859982655234,137.12099130504973,2,PPO,priority_skew,0,completed,"4,5"
2,21.49169585029787,99.3396014355364,121.8982781593079,77.84790558523852,100.40658230901003,3,48.27630727829746,22.558676723771516,2,PPO,priority_skew,0,completed,"0,1,2"
3,21.520062433813223,21.520062433813223,190.1767377613342,0.0,168.656675327521,1,36.714488502676375,168.656675327521,1,PPO,priority_skew,0,completed,6
4,28.399348341801325,121.8982781593079,196.98787476796792,93.49892981750658,168.5885264261666,2,11.734640490957679,75.08959660866003,1,PPO,priority_skew,0,completed,"0,1"
5,48.77360377503114,196.98787476796792,306.94496952452107,148.21427099293678,258.17136574948995,4,62.09947652390793,109.95709475655312,1,PPO,priority_skew,0,completed,"0,1,6,7"
6,57.19339068337154,121.8982781593079,178.03738670607981,64.70488747593637,120.84399602270827,2,57.73462595691407,56.1391085467719,1,PPO,priority_skew,0,completed,"2,3"
7,66.63465765618893,66.63465765618893,180.41434802622618,0.0,113.77969037003724,1,24.146522392424345,113.77969037003724,1,PPO,priority_skew,0,completed,7
8,101.8444823946355,306.94496952452107,373.09236383351475,205.10048712988555,271.24788143887923,4,39.38665331234641,66.14739430899368,1,PPO,priority_skew,0,completed,"0,1,6,7"
9,177.56639590016766,178.03738670607981,298.2784206932404,0.4709908059121517,120.71202479307271,4,53.814774374370984,120.24103398716056,4,PPO,priority_skew,0,completed,"2,3,4,5"
10,218.64674912383947,373.09236383351475,488.1202360916217,154.44561470967528,269.4734869677822,3,38.946244589192084,115.02787225810692,2,PPO,priority_skew,0,completed,"1,6,7"
11,218.66284600302475,712.0431024463583,797.0847563260585,493.3802564433335,578.4219103230337,2,16.146518138445778,85.04165387970026,3,PPO,priority_skew,0,completed,"1,6"
12,247.0265293063611,596.3627084856449,682.8241544650409,349.3361791792838,435.7976251586798,4,54.07155169016411,86.46144597939595,2,PPO,priority_skew,0,completed,"0,3,4,5"
13,247.93275036785977,298.2784206932404,376.6858059345637,50.34567032538061,128.75305556670392,1,8.55745540520835,78.40738524132331,1,PPO,priority_skew,0,completed,2
14,261.3002541449512,1336.968373250086,1469.3927045556518,1075.6681191051348,1208.0924504107006,2,23.335549521575203,132.4243313055658,3,PPO,priority_skew,0,completed,"1,6"
15,271.91191701425794,298.2784206932404,456.64294795736424,26.36650367898244,184.7310309431063,3,15.101757726629874,158.36452726412386,1,PPO,priority_skew,0,completed,"3,4,5"
16,311.28577517348907,1017.6121489121684,1115.8280764055228,706.3263737386794,804.5423012320337,2,32.067347426000296,98.21592749335429,4,PPO,priority_skew,0,completed,"0,3"
17,315.7109007009047,948.1949708770867,1017.6121489121684,632.4840701761821,701.9012482112637,2,51.43870653370239,69.41717803508176,1,PPO,priority_skew,0,completed,"0,3"
18,319.549789946259,488.1202360916217,589.8332769786049,168.57044614536267,270.2834870323459,3,57.353201673310636,101.71304088698324,1,PPO,priority_skew,0,completed,"1,6,7"
19,338.2025326103343,1919.2481705934229,1989.799137852255,1581.0456379830885,1651.5966052419208,4,63.7153714970114,70.55096725883203,1,PPO,priority_skew,0,completed,"1,2,5,7"
20,338.6650850951554,1147.4612940010209,1274.323598892437,808.7962089058655,935.6585137972817,2,53.49078229423022,126.8623048914162,4,PPO,priority_skew,0,completed,"1,6"
21,340.3567202478705,456.64294795736424,596.3627084856449,116.28622770949374,256.00598823777443,4,59.84001632400745,139.71976052828066,3,PPO,priority_skew,0,completed,"0,3,4,5"
22,353.234196581026,3497.113055222009,3624.3229511123986,3143.878858640983,3271.0887545313726,4,15.909807186457769,127.20989589038976,2,PPO,priority_skew,0,completed,"1,2,5,6"
23,362.916049305691,373.09236383351475,456.3815275302949,10.176314527823763,93.46547822460388,1,17.35496401180724,83.28916369678015,3,PPO,priority_skew,0,completed,0
24,384.6370306811991,589.8332769786049,640.8940406411318,205.19624629740576,256.2570099599327,3,40.38681123587127,51.06076366252697,1,PPO,priority_skew,0,completed,"1,6,7"
25,389.80790675413294,1315.9467952481411,1350.1764976875447,926.1388884940081,960.3685909334117,3,37.31234473411551,34.22970243940352,4,PPO,priority_skew,0,completed,"0,3,4"
26,395.41054129598456,395.41054129598456,539.0344134920467,0.0,143.62387219606217,1,8.35889742920137,143.62387219606217,4,PPO,priority_skew,0,completed,2
27,418.56169570823823,640.8940406411318,712.0431024463583,222.3323449328936,293.48140673812003,3,41.03272158597323,71.1490618052264,1,PPO,priority_skew,0,completed,"1,6,7"
28,440.12686583477586,807.6435247036618,920.0735875065193,367.51665886888594,479.94672167174343,2,18.92601431358108,112.43006280285748,2,PPO,priority_skew,0,completed,"5,7"
29,444.1701067541583,1002.1642645920424,1033.7267070768228,557.9941578378841,589.5566003226645,3,61.895693214965334,31.562442484780284,1,PPO,priority_skew,0,completed,"2,5,7"
30,446.80462451513694,920.0735875065193,1002.1642645920424,473.26896299138235,555.3596400769054,3,17.924697466580895,82.09067708552308,1,PPO,priority_skew,0,completed,"2,5,7"
31,462.09579901224913,1115.8280764055228,1149.8709382870406,653.7322773932736,687.7751392747915,3,48.6493283714435,34.04286188151788,1,PPO,priority_skew,0,completed,"0,3,4"
32,468.8248515531289,3500.7458573431923,3666.765366725734,3031.921005790063,3197.940515172605,4,34.44881885800064,166.01950938254168,2,PPO,priority_skew,0,completed,"0,3,4,7"
33,479.5084152245959,1989.799137852255,2030.18361930008,1510.290722627659,1550.675204075484,4,59.25814176625889,40.38448144782501,1,PPO,priority_skew,0,completed,"1,2,5,7"
34,492.61744285296845,645.8168700052281,767.2680667008191,153.19942715225966,274.6506238478506,1,56.65584048344988,121.45119669559092,1,PPO,priority_skew,0,completed,2
35,508.0195759016905,948.1949708770867,1075.9923209134504,440.1753949753962,567.9727450117599,1,17.158431307002896,127.79735003636378,1,PPO,priority_skew,0,completed,4
36,544.6216923181038,544.6216923181038,645.8168700052281,0.0,101.19517768712433,1,33.77989841657019,101.19517768712434,2,PPO,priority_skew,0,completed,2
37,546.5428018004555,1060.1616224215588,1172.7629829533194,513.6188206211033,626.2201811528638,3,13.193746629309322,112.6013605317604,1,PPO,priority_skew,0,completed,"2,5,7"
38,564.8653632402783,1172.7629829533194,1350.9542362921704,607.8976197130411,786.0888730518922,3,35.375378023238554,178.19125333885114,1,PPO,priority_skew,0,completed,"2,5,7"
39,578.9183323536439,2030.18361930008,2178.3303451574575,1451.265286946436,1599.4120128038135,4,61.92907184695897,148.14672585737745,1,PPO,priority_skew,0,completed,"1,2,5,7"
40,602.6439625827634,682.8241544650409,807.6435247036618,80.18019188227754,204.99956212089842,4,41.75953869350251,124.81937023862085,3,PPO,priority_skew,0,completed,"0,3,4,5"
41,610.1313622595909,2036.616425632423,2190.2145382657673,1426.485063372832,1580.0831760061765,4,11.655143319032318,153.5981126333441,1,PPO,priority_skew,0,completed,"0,3,4,6"
42,615.9899205635895,2178.3303451574575,2323.320825489678,1562.340424593868,1707.3309049260886,3,63.66549918775912,144.9904803322205,1,PPO,priority_skew,0,completed,"1,2,5"
43,626.2037620195591,1350.9542362921704,1511.3588612316578,724.7504742726113,885.1550992120987,2,31.667190199787747,160.40462493948738,1,PPO,priority_skew,0,completed,"2,5"
44,629.5096279989833,2190.2145382657673,2338.0859590203454,1560.7049102667838,1708.576331021362,4,52.192658927488175,147.87142075457837,1,PPO,priority_skew,0,completed,"0,3,4,6"
45,638.8324091115486,2323.320825489678,2379.3733761897847,1684.4884163781294,1740.540967078236,3,52.61179423377906,56.05255070010642,1,PPO,priority_skew,0,completed,"1,2,5"
46,640.1581848112814,2338.0859590203454,2376.1041455068344,1697.927774209064,1735.945960695553,3,38.318959083289215,38.01818648648915,1,PPO,priority_skew,0,completed,"0,3,4"
47,660.7450272321606,1008.3603777854371,1147.4612940010209,347.61535055327647,486.71626676886024,2,8.016838645987683,139.10091621558385,3,PPO,priority_skew,0,completed,"1,6"
48,689.235504326902,767.2680667008191,918.6445608439612,78.03256237391713,229.4090565170593,1,47.41200307894068,151.3764941431422,4,PPO,priority_skew,0,completed,2
49,696.1367852586258,712.0431024463583,799.9001401174003,15.906317187732498,103.7633548587745,1,55.252271492648696,87.85703767104206,4,PPO,priority_skew,0,completed,7
50,735.6709221675067,807.6435247036618,948.1949708770867,71.97260253615514,212.52404870958003,3,36.20591083523242,140.55144617342484,3,PPO,priority_skew,0,completed,"0,3,4"
51,737.017205060616,3624.3229511123986,3782.5287496879323,2887.3057460517825,3045.511544627316,4,34.66423603025017,158.20579857553358,2,PPO,priority_skew,0,completed,"1,2,5,6"
52,740.511489944685,2376.1041455068344,2487.413711244354,1635.5926555621495,1746.9022212996692,4,50.98852711907452,111.30956573751986,1,PPO,priority_skew,0,completed,"0,3,4,6"
53,744.2270984825902,2379.3733761897847,2411.1719383334334,1635.1462777071945,1666.9448398508432,2,29.917303873061194,31.798562143648947,1,PPO,priority_skew,0,completed,"1,2"
54,753.7715601941971,2178.3303451574575,2292.138401731983,1424.5587849632602,1538.3668415377856,1,31.72929680634505,113.8080565745255,1,PPO,priority_skew,0,completed,7
55,765.4683759504388,797.0847563260585,926.5328280180638,31.616380375619656,161.06445206762498,2,60.29105895758319,129.44807169200527,2,PPO,priority_skew,0,completed,"1,6"
56,772.1676610852317,1033.7267070768228,1060.1616224215588,261.5590459915911,287.9939613363272,3,40.66592262771465,26.434915344736112,2,PPO,priority_skew,0,completed,"2,5,7"
57,773.7245865115098,2487.413711244354,2639.566866791618,1713.6891247328444,1865.8422802801083,4,39.865447838748054,152.15315554726388,1,PPO,priority_skew,0,completed,"0,3,4,6"
58,798.6994784686317,2520.265616742072,2596.354386560934,1721.5661382734402,1797.6549080923023,2,63.83257641205954,76.0887698188621,1,PPO,priority_skew,0,completed,"1,2"
59,804.9177774118612,2639.566866791618,2780.054865170126,1834.6490893797568,1975.137087758265,4,29.93378876941856,140.48799837850822,1,PPO,priority_skew,0,completed,"0,3,4,6"
60,806.3374013451179,2780.054865170126,2916.2346269195627,1973.717463825008,2109.8972255744447,3,15.132074427613578,136.17976174943686,1,PPO,priority_skew,0,completed,"0,3,4"
61,815.9778566893398,2815.0826173017304,2973.1546170750416,1999.1047606123907,2157.176760385702,3,18.67458338262502,158.07199977331112,1,PPO,priority_skew,0,completed,"1,2,6"
62,819.6841022216101,974.5983880156767,1008.3603777854371,154.9142857940666,188.67627556382695,2,58.334130853915134,33.76198976976042,2,PPO,priority_skew,0,completed,"1,6"
63,824.8831287855832,926.5328280180638,974.5983880156767,101.64969923248066,149.71525923009358,2,26.36700822681774,48.06555999761297,2,PPO,priority_skew,0,completed,"1,6"
64,828.0315147357649,2292.138401731983,2463.126844168653,1464.106886996218,1635.095329432888,1,26.47416661966041,170.98844243667006,1,PPO,priority_skew,0,completed,7
65,834.4710948483294,2885.0948884786662,2908.937000586082,2050.623793630337,2074.4659057377526,2,36.68172483891316,23.842112107415883,1,PPO,priority_skew,0,completed,"5,7"
66,846.9424030901918,2411.1719383334334,2520.265616742072,1564.2295352432416,1673.32321365188,3,52.19786270214987,109.09367840863844,1,PPO,priority_skew,0,completed,"1,2,5"
67,848.1527177055202,3422.822716007753,3444.7661601859313,2574.6699983022327,2596.6134424804113,4,39.233864626793164,21.94344417817801,2,PPO,priority_skew,0,completed,"1,2,5,6"
68,862.9343355887981,2908.937000586082,3026.7511900701143,2046.0026649972838,2163.816854481316,2,44.17852131971587,117.8141894840322,1,PPO,priority_skew,0,completed,"5,7"
69,898.9356201231556,2916.2346269195627,3028.135114615232,2017.2990067964072,2129.199494492076,3,21.79873426685463,111.90048769566911,1,PPO,priority_skew,0,completed,"0,3,4"
70,909.7449123697457,2973.1546170750416,3017.4758814786474,2063.409704705296,2107.7309691089017,3,59.72974001301015,44.32126440360592,1,PPO,priority_skew,0,completed,"1,2,6"
71,955.9640084479594,3028.135114615232,3069.9820609033736,2072.1711061672727,2114.0180524554144,4,46.98804594179357,41.84694628814178,1,PPO,priority_skew,0,completed,"0,3,4,7"
72,962.3002230288579,2463.126844168653,2537.8056682016345,1500.826621139795,1575.5054451727765,1,58.46205323167885,74.67882403298164,1,PPO,priority_skew,0,completed,7
73,978.3733202476609,3069.9820609033736,3183.579289739482,2091.6087406557126,2205.205969491821,3,54.020352152892016,113.59722883610854,1,PPO,priority_skew,0,completed,"0,3,4"
74,1003.608621844184,3183.579289739482,3206.4419170829983,2179.970667895298,2202.8332952388146,4,12.068867524305976,22.862627343516042,1,PPO,priority_skew,0,completed,"0,3,4,7"
75,1014.1835182560234,2537.8056682016345,2713.890944749926,1523.622149945611,1699.7074264939024,2,18.70217531376419,176.08527654829126,1,PPO,priority_skew,0,completed,"5,7"
76,1023.484327771835,1468.4487273944173,1525.6185634401022,444.9643996225824,502.13423566826725,4,30.100948635973758,57.16983604568496,2,PPO,priority_skew,0,completed,"0,3,4,7"
77,1030.9933579424298,2596.354386560934,2732.475616169233,1565.3610286185042,1701.4822582268032,2,44.04746667649738,136.1212296082992,1,PPO,priority_skew,0,completed,"1,2"
78,1031.9018228932691,3139.102861907969,3227.3782449048076,2107.2010390146997,2195.4764220115385,2,37.110652162716974,88.27538299683857,1,PPO,priority_skew,0,completed,"5,6"
79,1087.5591239428281,2713.890944749926,2885.0948884786662,1626.3318208070978,1797.535764535838,2,18.86553747444442,171.20394372874023,1,PPO,priority_skew,0,completed,"5,7"
80,1108.4381268861127,2732.475616169233,2815.0826173017304,1624.0374892831203,1706.6444904156176,2,54.03968090760864,82.60700113249727,1,PPO,priority_skew,0,completed,"1,2"
81,1114.962278671421,1511.3588612316578,1640.2686733228918,396.39658256023677,525.3063946514708,4,54.14410122839548,128.909812091234,2,PPO,priority_skew,0,completed,"1,2,5,6"
82,1136.900183533059,1149.8709382870406,1315.9467952481411,12.970754753981737,179.04661171508224,3,46.71120284867386,166.0758569611005,2,PPO,priority_skew,0,completed,"0,3,4"
83,1149.58656399157,3206.4419170829983,3346.1578010959975,2056.8553530914282,2196.5712371044274,4,18.027510504647623,139.7158840129992,1,PPO,priority_skew,0,completed,"0,3,4,7"
84,1149.7371810633674,3444.7661601859313,3497.113055222009,2295.028979122564,2347.3758741586416,4,30.218105680591812,52.34689503607754,3,PPO,priority_skew,0,completed,"1,2,5,6"
85,1166.8662277390167,3017.4758814786474,3038.2597878768192,1850.6096537396306,1871.3935601378025,2,13.307493988225351,20.783906398172096,1,PPO,priority_skew,0,completed,"1,2"
86,1184.53714194785,3269.9116335249164,3422.822716007753,2085.3744915770667,2238.2855740599034,3,22.822927189752633,152.91108248283695,1,PPO,priority_skew,0,completed,"1,2,5"
87,1190.8514695674276,1525.6185634401022,1698.964057068805,334.76709387267465,508.11258750137745,4,40.83718786870915,173.3454936287027,2,PPO,priority_skew,0,completed,"0,3,4,7"
88,1191.0182203304016,1640.2686733228918,1817.6022263714392,449.2504529924902,626.5840060410376,4,40.17517234898622,177.33355304854743,2,PPO,priority_skew,0,completed,"1,2,5,6"
89,1225.1757619262437,1698.964057068805,1861.122438974645,473.7882951425613,635.9466770484014,4,51.581900661707984,162.15838190584003,2,PPO,priority_skew,0,completed,"0,3,4,7"
90,1251.2668133248796,1274.323598892437,1330.5636622016152,23.056785567557426,79.29684887673557,1,37.58381664319161,56.24006330917817,2,PPO,priority_skew,0,completed,1
91,1298.8234806619253,3026.7511900701143,3139.102861907969,1727.927709408189,1840.2793812460436,2,17.524396090432525,112.35167183785451,1,PPO,priority_skew,0,completed,"5,6"
92,1299.3959114798606,1299.3959114798606,1336.968373250086,0.0,37.572461770225345,1,50.587249525254,37.57246177022543,2,PPO,priority_skew,0,completed,6
93,1335.5208989125015,1350.1764976875447,1468.4487273944173,14.655598775043245,132.92782848191587,3,31.181529418050793,118.2722297068726,2,PPO,priority_skew,0,completed,"0,3,4"
94,1368.5745266781662,3038.2597878768192,3141.463829029563,1669.685261198653,1772.8893023513967,2,49.04162030408805,103.20404115274368,1,PPO,priority_skew,0,completed,"1,2"
95,1408.3919931191588,1817.6022263714392,1874.2664935709122,409.21023325228043,465.8745004517534,3,24.05905646511797,56.664267199473045,2,PPO,priority_skew,0,completed,"1,2,5"
96,1435.7497271861405,1861.122438974645,2036.616425632423,425.3727117885046,600.8666984462825,4,18.947020726689395,175.49398665777795,2,PPO,priority_skew,0,completed,"0,3,4,6"
97,1440.0746455922363,3346.1578010959975,3500.7458573431923,1906.0831555037612,2060.671211750956,3,37.74810289975027,154.5880562471948,1,PPO,priority_skew,0,completed,"0,3,4"
98,1469.348561952122,1874.2664935709122,1919.2481705934229,404.91793161879013,449.8996086413008,4,22.463366404342064,44.98167702251077,2,PPO,priority_skew,0,completed,"1,2,5,7"
99,1475.8028901155283,3141.463829029563,3269.9116335249164,1665.6609389140347,1794.1087434093881,2,55.27021422138638,128.44780449535344,1,PPO,priority_skew,0,completed,"1,2"
0,13.412862829656735,13.412862829656735,88.10001866007481,0.0,74.68715583041808,2,53.375363717952744,74.68715583041808,1,FCFS,priority_skew,1,completed,"0,1"
1,17.26852713122279,17.26852713122279,196.65111755020325,0.0,179.38259041898047,3,18.99262556642619,179.38259041898047,1,FCFS,priority_skew,1,completed,"2,3,4"
2,84.46148803882437,84.46148803882437,145.70998707830222,0.0,61.24849903947785,1,12.098644053894095,61.24849903947785,2,FCFS,priority_skew,1,completed,5
3,89.04182695007226,89.04182695007226,129.62954092081938,0.0,40.58771397074712,2,47.08203995825255,40.58771397074711,1,FCFS,priority_skew,1,completed,"0,1"
4,90.4838524389073,90.4838524389073,183.4324865259071,0.0,92.9486340869998,1,45.2391177962698,92.94863408699982,1,FCFS,priority_skew,1,completed,6
5,112.98131600960465,129.62954092081938,265.86531857079865,16.648224911214726,152.884002561194,2,55.02233780210077,136.23577764997927,1,FCFS,priority_skew,1,completed,"0,1"
6,119.21430473278527,145.70998707830222,183.26753331937368,26.495682345516954,64.05322858658842,2,28.59117590264037,37.55754624107148,1,FCFS,priority_skew,1,completed,"5,7"
7,126.1070719430816,183.26753331937368,253.52895661574203,57.160461376292076,127.42188467266043,2,23.89316338087134,70.26142329636835,1,FCFS,priority_skew,1,completed,"5,7"
8,126.47848996761006,196.65111755020325,340.5973791380004,70.1726275825932,214.11888917039033,4,62.414638634706264,143.94626158779712,2,FCFS,priority_skew,1,completed,"2,3,4,6"
9,136.02932159163066,340.5973791380004,456.1154160218014,204.56805754636974,320.08609443017076,3,50.519036030216476,115.51803688380103,3,FCFS,priority_skew,1,completed,"2,3,4"
10,149.04755177097448,1782.4027103671092,1814.7361197271955,1633.3551585961347,1665.688567956221,4,36.01996012126477,32.3334093600862,1,FCFS,priority_skew,1,completed,"0,3,6,7"
11,151.9300766628399,456.1154160218014,497.34682362928737,304.1853393589615,345.4167469664475,3,19.918535739058722,41.23140760748596,1,FCFS,priority_skew,1,completed,"2,3,4"
12,172.89525991928966,253.52895661574203,396.53243820120866,80.63369669645238,223.637178281919,2,24.520360797109092,143.00348158546663,1,FCFS,priority_skew,1,completed,"5,7"
13,175.50296714045908,1814.7361197271955,1989.1309587639532,1639.2331525867364,1813.6279916234942,4,16.346689308759903,174.39483903675773,1,FCFS,priority_skew,1,completed,"0,3,6,7"
14,185.33116112841532,497.34682362928737,537.2604768317641,312.01566250087205,351.9293157033488,3,55.43190875548886,39.91365320247677,2,FCFS,priority_skew,1,completed,"2,3,4"
15,186.94067135156902,265.86531857079865,348.6640027328118,78.92464721922963,161.7233313812428,2,18.518185583666227,82.79868416201319,1,FCFS,priority_skew,1,completed,"0,1"
16,198.4769682231611,340.5973791380004,516.5482291991667,142.1204109148393,318.07126097600565,1,29.844174908632258,175.95085006116628,2,FCFS,priority_skew,1,completed,6
17,204.2565182582064,1989.1309587639532,2092.57497830514,1784.8744405057469,1888.3184600469338,4,46.84287874336325,103.4440195411868,1,FCFS,priority_skew,1,completed,"0,3,6,7"
18,212.86577005712908,348.6640027328118,400.85651484875814,135.79823267568273,187.99074479162906,1,60.6923145090665,52.192512115946315,4,FCFS,priority_skew,1,completed,0
19,245.97857413746925,396.53243820120866,474.0983464400263,150.5538640637394,228.11977230255707,2,50.46512827221383,77.56590823881764,2,FCFS,priority_skew,1,completed,"5,7"
20,259.91000352046643,537.2604768317641,637.8689488628888,277.35047331129766,377.9589453424224,3,29.36360422783552,100.60847203112473,1,FCFS,priority_skew,1,completed,"2,3,4"
21,271.144803803651,426.21754276337145,601.6732889148735,155.07273895972048,330.52848511122255,2,35.64000735683018,175.45574615150207,1,FCFS,priority_skew,1,completed,"0,1"
22,306.64439827749584,637.8689488628888,691.3539156817345,331.224550585393,384.7095174042387,3,32.796177843947724,53.48496681884568,3,FCFS,priority_skew,1,completed,"2,3,4"
23,332.03006314936283,691.3539156817345,759.9153439376562,359.3238525323717,427.88528078829336,3,8.942327942091929,68.56142825592171,5,FCFS,priority_skew,1,completed,"2,3,4"
24,346.60303815761694,474.0983464400263,591.007650224939,127.49530828240938,244.40461206732203,2,55.54649322411923,116.90930378491268,2,FCFS,priority_skew,1,completed,"5,7"
25,350.71065381578717,591.007650224939,669.0391473541947,240.2969964091518,318.32849353840754,2,43.29779430483478,78.03149712925574,2,FCFS,priority_skew,1,completed,"5,7"
26,368.644506966604,601.6732889148735,681.1700200940904,233.0287819482695,312.5255131274864,2,33.02152529712931,79.49673117921697,1,FCFS,priority_skew,1,completed,"0,1"
27,370.61644421196786,370.61644421196786,426.21754276337145,0.0,55.601098551403595,1,15.146758443779898,55.601098551403595,1,FCFS,priority_skew,1,completed,1
28,475.9030636884077,516.5482291991667,633.370083483569,40.645165510759,157.46701979516132,1,52.33274751305907,116.82185428440232,3,FCFS,priority_skew,1,completed,6
29,478.8523331742274,669.0391473541947,785.3308989955651,190.1868141799673,306.4785658213377,2,49.012206890233855,116.2917516413704,1,FCFS,priority_skew,1,completed,"5,7"
30,509.82891023508125,681.1700200940904,713.2037979843951,171.34110985900918,203.37488774931387,2,22.07098437758058,32.033777890304705,4,FCFS,priority_skew,1,completed,"0,1"
31,533.6070534214485,2092.57497830514,2236.39806591311,1558.9679248836915,1702.7910124916611,4,38.24062748540227,143.8230876079698,1,FCFS,priority_skew,1,completed,"0,3,6,7"
32,537.6060191639012,2187.045480151697,2236.9324688483066,1649.4394609877959,1699.3264496844054,4,9.89796602892435,49.886988696609365,2,FCFS,priority_skew,1,completed,"1,2,4,5"
33,560.1215807956362,759.9153439376562,805.2841493755302,199.79376314202,245.162568579894,3,39.9516174853399,45.36880543787403,4,FCFS,priority_skew,1,completed,"2,3,4"
34,560.7192698599051,2236.39806591311,2279.438525916191,1675.6787960532047,1718.7192560562858,4,36.57698198536638,43.04046000308123,2,FCFS,priority_skew,1,completed,"0,3,6,7"
35,577.6652081675275,633.370083483569,674.8315195030543,55.70487531604158,97.16631133552687,1,23.473528789328554,41.46143601948532,1,FCFS,priority_skew,1,completed,6
36,592.6227516462449,713.2037979843951,819.1193307158819,120.58104633815026,226.49657906963705,2,18.74072813651972,105.91553273148682,1,FCFS,priority_skew,1,completed,"0,1"
37,593.3630867907657,674.8315195030543,847.4957334017171,81.46843271228863,254.13264661095138,1,61.60848456619809,172.66421389866278,2,FCFS,priority_skew,1,completed,6
38,607.1591940866712,785.3308989955651,955.5311915523466,178.17170490889396,348.37199746567546,2,55.3212931278274,170.20029255678153,1,FCFS,priority_skew,1,completed,"5,7"
39,654.1103559667996,805.2841493755302,882.926370924913,151.1737934087306,228.81601495811344,3,14.613892720448087,77.6422215493829,1,FCFS,priority_skew,1,completed,"2,3,4"
40,664.1264411499101,2236.9324688483066,2299.2268255094787,1572.8060276983965,1635.1003843595686,4,22.58039645149408,62.29435666117208,1,FCFS,priority_skew,1,completed,"1,2,4,5"
41,671.1960491214044,882.926370924913,1021.4774834430184,211.73032180350867,350.28143432161403,3,13.472076824725843,138.5511125181054,2,FCFS,priority_skew,1,completed,"2,3,4"
42,678.7739860782086,819.1193307158819,907.8335938581023,140.3453446376733,229.05960777989367,1,9.906552607555424,88.7142631422204,2,FCFS,priority_skew,1,completed,0
43,693.3547511284472,1021.4774834430184,1103.1827385882266,328.1227323145712,409.82798745977937,3,16.75541239460084,81.70525514520813,1,FCFS,priority_skew,1,completed,"2,3,4"
44,699.9667608481191,955.5311915523466,1041.8752173349465,255.56443070422756,341.9084564868274,2,20.12140047994702,86.34402578259979,1,FCFS,priority_skew,1,completed,"5,7"
45,703.3215081667739,819.1193307158819,889.784681463724,115.79782254910799,186.46317329695012,1,57.53320577061433,70.66535074784213,1,FCFS,priority_skew,1,completed,1
46,716.1556559781404,1103.1827385882266,1138.0614574141832,387.02708261008615,421.9058014360428,3,11.463428380920075,34.87871882595654,4,FCFS,priority_skew,1,completed,"2,3,4"
47,734.1833552024384,2279.438525916191,2353.4951983608717,1545.2551707137525,1619.3118431584332,4,50.188463415188075,74.0566724446808,1,FCFS,priority_skew,1,completed,"0,3,6,7"
48,744.3124395296925,847.4957334017171,1007.4063256325128,103.18329387202459,263.0938861028203,1,26.99491399568972,159.91059223079571,1,FCFS,priority_skew,1,completed,6
49,772.3268033741173,1041.8752173349465,1210.1640497123203,269.5484139608292,437.83724633820304,2,12.594520336874833,168.2888323773738,2,FCFS,priority_skew,1,completed,"5,7"
50,774.1882705636784,2299.2268255094787,2393.776144095761,1525.0385549458001,1619.5878735320825,4,14.337752962599652,94.54931858628228,1,FCFS,priority_skew,1,completed,"1,2,4,5"
51,778.4964038545457,889.784681463724,1008.4060880389097,111.2882776091783,229.90968418436398,1,43.378122763354476,118.62140657518565,1,FCFS,priority_skew,1,completed,1
52,780.0600105497983,1138.0614574141832,1304.5107803926326,358.0014468643849,524.4507698428342,3,52.06050661261192,166.44932297844935,2,FCFS,priority_skew,1,completed,"2,3,4"
53,780.3908380360908,2353.4951983608717,2399.6938630733785,1573.1043603247808,1619.3030250372876,4,46.800285010772505,46.19866471250687,1,FCFS,priority_skew,1,completed,"0,3,6,7"
54,788.1072312803988,1210.1640497123203,1333.4794682018617,422.05681843192156,545.3722369214629,2,62.00983504898001,123.31541848954137,3,FCFS,priority_skew,1,completed,"5,7"
55,799.0240601422186,907.8335938581023,1048.6690461239286,108.80953371588373,249.64498598171008,1,27.565524096837354,140.83545226582623,1,FCFS,priority_skew,1,completed,0
56,825.2576003375564,1304.5107803926326,1412.5617006647512,479.2531800550762,587.3041003271949,3,23.51946675283144,108.05092027211867,1,FCFS,priority_skew,1,completed,"2,3,4"
57,834.0407710892874,1007.4063256325128,1095.3204991736452,173.36555454322536,261.27972808435777,1,35.94324132919283,87.91417354113241,1,FCFS,priority_skew,1,completed,6
58,836.7405788941434,1333.4794682018617,1487.4748956896065,496.7388893077183,650.7343167954631,2,33.65245538722267,153.99542748774476,1,FCFS,priority_skew,1,completed,"5,7"
59,836.8295215526078,2393.776144095761,2503.455575078545,1556.9466225431534,1666.626053525937,4,29.592886404883224,109.67943098278386,2,FCFS,priority_skew,1,completed,"1,2,4,5"
60,840.1833488240882,1412.5617006647512,1584.0826876624617,572.3783518406631,743.8993388383735,2,30.360296755249333,171.52098699771042,2,FCFS,priority_skew,1,completed,"2,3"
61,846.6788220381449,1487.4748956896065,1517.922689372781,640.7960736514616,671.2438673346361,2,40.758109911088496,30.44779368317455,1,FCFS,priority_skew,1,completed,"5,6"
62,862.2304133751148,2399.6938630733785,2577.0938517571044,1537.4634496982635,1714.8634383819895,4,15.718075447523448,177.399988683726,1,FCFS,priority_skew,1,completed,"0,3,6,7"
63,865.6903476184546,1008.4060880389097,1037.753679978718,142.71574042045518,172.06333236026353,1,28.487237634108958,29.347591939808257,2,FCFS,priority_skew,1,completed,1
64,875.6205167843403,1037.753679978718,1070.5444808760171,162.13316319437774,194.9239640916768,1,11.830939590336449,32.79080089729902,1,FCFS,priority_skew,1,completed,1
65,879.5874724617155,1048.6690461239286,1197.540824944865,169.08157366221315,317.9533524831496,1,40.27605180781243,148.87177882093658,1,FCFS,priority_skew,1,completed,0
66,911.4279280643093,1070.5444808760171,1209.8962217042288,159.11655281170783,298.46829363991947,1,54.17100006130847,139.35174082821163,1,FCFS,priority_skew,1,completed,1
67,982.2835674018422,1517.922689372781,1670.922866754426,535.6391219709387,688.6392993525837,2,53.15554034355599,153.000177381645,1,FCFS,priority_skew,1,completed,"5,6"
68,984.4318221461906,1095.3204991736452,1154.2793330981385,110.8886770274546,169.84751095194792,1,19.017642821989327,58.958833924493206,1,FCFS,priority_skew,1,completed,6
69,993.8544143440558,1584.0826876624617,1680.7280501261716,590.2282733184059,686.8736357821158,3,37.24432156524527,96.64536246370997,1,FCFS,priority_skew,1,completed,"1,2,3"
70,1007.3014968883,2503.455575078545,2567.9113210031223,1496.154078190245,1560.6098241148225,4,51.60050061516308,64.45574592457733,3,FCFS,priority_skew,1,completed,"1,2,4,5"
71,1009.0242465365413,1154.2793330981385,1222.8687815692722,145.25508656159718,213.84453503273085,1,36.848697001017015,68.58944847113357,1,FCFS,priority_skew,1,completed,6
72,1009.926028301953,1555.7775580456232,1675.4725645611325,545.8515297436702,665.5465362591794,2,29.07264880847573,119.69500651550923,1,FCFS,priority_skew,1,completed,"0,7"
73,1027.0684284735726,1670.922866754426,1824.2180297637913,643.8544382808534,797.1496012902187,2,10.069743088039019,153.29516300936538,1,FCFS,priority_skew,1,completed,"4,5"
74,1052.4188343300946,1197.540824944865,1365.378124990875,145.12199061477054,312.9592906607804,1,53.51398003133947,167.8373000460099,2,FCFS,priority_skew,1,completed,0
75,1061.7939802198655,2567.9113210031223,2658.6200268357684,1506.1173407832569,1596.826046615903,4,16.99492350989963,90.70870583264605,1,FCFS,priority_skew,1,completed,"1,2,4,5"
76,1069.7836985159172,1209.8962217042288,1338.0047157792876,140.11252318831157,268.2210172633704,1,29.343701814626442,128.10849407505893,1,FCFS,priority_skew,1,completed,1
77,1076.1987589109744,1675.4725645611325,1782.4027103671092,599.273805650158,706.2039514561347,3,27.787643576207287,106.93014580597671,1,FCFS,priority_skew,1,completed,"0,6,7"
78,1084.6546557077531,2577.0938517571044,2707.70111609894,1492.4391960493513,1623.0464603911869,4,62.086374762700245,130.60726434183545,2,FCFS,priority_skew,1,completed,"0,3,6,7"
79,1112.952550537381,1222.8687815692722,1394.0521271963262,109.91623103189113,281.0995766589451,1,28.017801792192202,171.18334562705397,2,FCFS,priority_skew,1,completed,6
80,1119.791665741694,1338.0047157792876,1434.3518320354065,218.21305003759358,314.5601662937124,1,19.054078133829105,96.34711625611882,1,FCFS,priority_skew,1,completed,1
81,1135.7539864911253,2658.6200268357684,2718.655184222642,1522.8660403446431,1582.901197731517,4,42.37811975377007,60.03515738687362,1,FCFS,priority_skew,1,completed,"1,2,4,5"
82,1136.6667318821192,1365.378124990875,1446.8205919494847,228.71139310875583,310.1538600673655,1,43.81042844509947,81.44246695860957,4,FCFS,priority_skew,1,completed,0
83,1166.295181878815,1680.7280501261716,1748.6985369162217,514.4328682473567,582.4033550374068,2,30.735371240338296,67.97048679005009,2,FCFS,priority_skew,1,completed,"1,2"
84,1169.5279742984412,1748.6985369162217,1814.5371008316788,579.1705626177804,645.0091265332376,2,23.300139831155597,65.83856391545703,3,FCFS,priority_skew,1,completed,"1,2"
85,1187.2502513203178,1814.5371008316788,1937.9350042305568,627.286849511361,750.684752910239,2,61.85725789695564,123.39790339887793,1,FCFS,priority_skew,1,completed,"1,2"
86,1191.1803638518145,1394.0521271963262,1465.5856771825559,202.8717633445117,274.40531333074136,1,20.13909098842209,71.53354998622974,1,FCFS,priority_skew,1,completed,6
87,1192.6073493646393,2707.70111609894,2783.864934120474,1515.0937667343007,1591.2575847558348,3,30.464073025214557,76.1638180215339,4,FCFS,priority_skew,1,completed,"0,3,6"
88,1200.0159561226535,2718.655184222642,2744.8218065400583,1518.6392280999887,1544.8058504174048,4,42.37159930116739,26.16662231741593,1,FCFS,priority_skew,1,completed,"1,2,4,5"
89,1209.2587278309725,1412.5617006647512,1591.2314920270655,203.30297283377877,381.97276419609307,1,19.759776280656574,178.66979136231436,2,FCFS,priority_skew,1,completed,4
90,1209.6462884174618,1824.2180297637913,1953.2481821882188,614.5717413463294,743.601893770757,2,10.771091939656127,129.03015242442765,1,FCFS,priority_skew,1,completed,"4,5"
91,1212.6578088246513,2744.8218065400583,2878.142573619734,1532.163997715407,1665.4847647950826,4,31.319517119099565,133.32076707967548,1,FCFS,priority_skew,1,completed,"1,2,4,5"
92,1215.6654513703777,1937.9350042305568,2020.5596555253421,722.2695528601791,804.8942041549644,2,22.60058442212812,82.62465129478537,1,FCFS,priority_skew,1,completed,"1,2"
93,1224.2429246444387,2783.864934120474,2848.0548736253068,1559.6220094760354,1623.811948980868,3,16.841336158270735,64.18993950483257,1,FCFS,priority_skew,1,completed,"0,3,6"
94,1244.38442813808,1434.3518320354065,1557.2238502542223,189.96740389732645,312.83942211614226,1,52.80022220861702,122.8720182188159,1,FCFS,priority_skew,1,completed,1
95,1249.0539793783614,1953.2481821882188,2004.824000552501,704.1942028098574,755.7700211741396,2,56.712574047222205,51.5758183642822,1,FCFS,priority_skew,1,completed,"4,5"
96,1262.8735569850553,1446.8205919494847,1555.7775580456232,183.94703496442935,292.9040010605679,1,15.682637511207579,108.95696609613864,1,FCFS,priority_skew,1,completed,0
97,1287.5888544740317,2004.824000552501,2139.392639703924,717.2351460784694,851.8037852298924,2,15.369238785982649,134.56863915142293,1,FCFS,priority_skew,1,completed,"4,5"
98,1295.4265182439515,2848.0548736253068,3005.000840726642,1552.6283553813553,1709.5743224826904,3,59.37897930476126,156.9459671013349,1,FCFS,priority_skew,1,completed,"0,3,6"
99,1297.4859565781321,2020.5596555253421,2187.045480151697,723.07369894721,889.559523573565,2,17.328657885445864,166.4858246263548,1,FCFS,priority_skew,1,completed,"1,2"
0,13.412862829656735,13.412862829656735,88.10001866007481,0.0,74.68715583041808,2,53.375363717952744,74.68715583041808,1,SJF,priority_skew,1,completed,"0,1"
1,17.26852713122279,17.26852713122279,196.65111755020325,0.0,179.38259041898047,3,18.99262556642619,179.38259041898047,1,SJF,priority_skew,1,completed,"2,3,4"
2,84.46148803882437,84.46148803882437,145.70998707830222,0.0,61.24849903947785,1,12.098644053894095,61.24849903947785,2,SJF,priority_skew,1,completed,5
3,89.04182695007226,89.04182695007226,129.62954092081938,0.0,40.58771397074712,2,47.08203995825255,40.58771397074711,1,SJF,priority_skew,1,completed,"0,1"
4,90.4838524389073,90.4838524389073,183.4324865259071,0.0,92.9486340869998,1,45.2391177962698,92.94863408699982,1,SJF,priority_skew,1,completed,6
5,112.98131600960465,167.18708716189087,303.4228648118701,54.20577115228622,190.44154880226546,2,55.02233780210077,136.23577764997927,1,SJF,priority_skew,1,completed,"0,1"
6,119.21430473278527,129.62954092081938,167.18708716189087,10.415236188034115,47.97278242910561,2,28.59117590264037,37.55754624107148,1,SJF,priority_skew,1,completed,"0,1"
7,126.1070719430816,145.70998707830222,215.97141037467057,19.602915135220613,89.86433843158896,2,23.89316338087134,70.26142329636835,1,SJF,priority_skew,1,completed,"5,7"
8,126.47848996761006,2570.2638026837953,2714.2100642715923,2443.785312716185,2587.731574303982,4,62.414638634706264,143.94626158779712,2,SJF,priority_skew,1,completed,"0,3,6,7"
9,136.02932159163066,1960.2502820499176,2075.7683189337185,1824.220960458287,1939.738997342088,3,50.519036030216476,115.51803688380103,3,SJF,priority_skew,1,completed,"0,3,7"
10,149.04755177097448,196.65111755020325,228.98452691028945,47.603565779228774,79.93697513931497,4,36.01996012126477,32.3334093600862,1,SJF,priority_skew,1,completed,"2,3,4,6"
11,151.9300766628399,268.8981801127662,310.1295877202522,116.96810344992633,158.19951105741228,3,19.918535739058722,41.23140760748596,1,SJF,priority_skew,1,completed,"2,3,4"
12,172.89525991928966,345.7298307294345,488.7333123149011,172.83457081014487,315.8380523956115,2,24.520360797109092,143.00348158546663,1,SJF,priority_skew,1,completed,"5,6"
13,175.50296714045908,2714.2100642715923,2888.60490330835,2538.707097131133,2713.101936167891,4,16.346689308759903,174.39483903675773,1,SJF,priority_skew,1,completed,"0,3,5,6"
14,185.33116112841532,228.98452691028945,268.8981801127662,43.65336578187413,83.56701898435091,3,55.43190875548886,39.91365320247677,2,SJF,priority_skew,1,completed,"2,3,4"
15,186.94067135156902,303.4228648118701,386.2215489738833,116.48219346030109,199.28087762231425,2,18.518185583666227,82.79868416201319,1,SJF,priority_skew,1,completed,"0,1"
16,198.4769682231611,215.97141037467057,391.92226043583685,17.494442151509475,193.44529221267575,1,29.844174908632258,175.95085006116628,2,SJF,priority_skew,1,completed,7
17,204.2565182582064,2247.0736955536236,2350.5177150948102,2042.8171772954172,2146.2611968366036,4,46.84287874336325,103.4440195411868,1,SJF,priority_skew,1,completed,"1,2,4,5"
18,212.86577005712908,215.97141037467057,268.16392249061687,3.1056403175414857,55.298152433487786,1,60.6923145090665,52.192512115946315,4,SJF,priority_skew,1,completed,5
19,245.97857413746925,268.16392249061687,345.7298307294345,22.185348353147617,99.75125659196527,2,50.46512827221383,77.56590823881764,2,SJF,priority_skew,1,completed,"5,6"
20,259.91000352046643,558.7319513101995,659.3404233413243,298.8219477897331,399.4304198208578,3,29.36360422783552,100.60847203112473,1,SJF,priority_skew,1,completed,"0,3,4"
21,271.144803803651,469.9537575650926,645.4095037165946,198.80895376144161,374.2646999129436,2,35.64000735683018,175.45574615150207,1,SJF,priority_skew,1,completed,"1,7"
22,306.64439827749584,310.1295877202522,363.61455453909787,3.4851894427563366,56.97015626160203,3,32.796177843947724,53.48496681884568,3,SJF,priority_skew,1,completed,"2,3,4"
23,332.03006314936283,363.61455453909787,432.1759827950196,31.584491389735035,100.14591964565676,3,8.942327942091929,68.56142825592171,5,SJF,priority_skew,1,completed,"2,3,4"
24,346.60303815761694,441.82264752528687,558.7319513101995,95.21960936766993,212.12891315258258,2,55.54649322411923,116.90930378491268,2,SJF,priority_skew,1,completed,"0,4"
25,350.71065381578717,391.92226043583685,469.9537575650926,41.21160662004968,119.24310374930542,2,43.29779430483478,78.03149712925574,2,SJF,priority_skew,1,completed,"1,7"
26,368.644506966604,432.1759827950196,511.67271397423656,63.53147582841558,143.02820700763255,2,33.02152529712931,79.49673117921697,1,SJF,priority_skew,1,completed,"2,3"
27,370.61644421196786,386.2215489738833,441.82264752528687,15.605104761915413,71.20620331331901,1,15.146758443779898,55.601098551403595,1,SJF,priority_skew,1,completed,0
28,475.9030636884077,543.7064918645412,660.5283461489436,67.80342817613354,184.62528246053586,1,52.33274751305907,116.82185428440232,3,SJF,priority_skew,1,completed,2
29,478.8523331742274,488.7333123149011,605.0250639562715,9.88097914067373,126.17273078204414,2,49.012206890233855,116.2917516413704,1,SJF,priority_skew,1,completed,"5,6"
30,509.82891023508125,511.67271397423656,543.7064918645412,1.8438037391553053,33.877581629459996,2,22.07098437758058,32.033777890304705,4,SJF,priority_skew,1,completed,"2,3"
31,533.6070534214485,2481.124979436646,2624.9480670446155,1947.5179260151972,2091.341013623167,4,38.24062748540227,143.8230876079698,1,SJF,priority_skew,1,completed,"1,2,4,5"
32,537.6060191639012,1522.8702177953064,1572.757206491916,985.2641986314052,1035.1511873280147,4,9.89796602892435,49.886988696609365,2,SJF,priority_skew,1,completed,"1,2,6,7"
33,560.1215807956362,702.3808833444054,747.7496887822795,142.25930254876926,187.62810798664327,3,39.9516174853399,45.36880543787403,4,SJF,priority_skew,1,completed,"0,3,4"
34,560.7192698599051,659.3404233413243,702.3808833444054,98.62115348141913,141.66161348450032,4,36.57698198536638,43.04046000308123,2,SJF,priority_skew,1,completed,"0,3,4,5"
35,577.6652081675275,605.0250639562715,646.4864999757568,27.359855788744085,68.82129180822938,1,23.473528789328554,41.46143601948532,1,SJF,priority_skew,1,completed,5
36,592.6227516462449,645.4095037165946,751.3250364480814,52.786752070349735,158.70228480183653,2,18.74072813651972,105.91553273148682,1,SJF,priority_skew,1,completed,"1,7"
37,593.3630867907657,605.0250639562715,777.6892778549343,11.661977165505846,184.3261910641686,1,61.60848456619809,172.66421389866278,2,SJF,priority_skew,1,completed,6
38,607.1591940866712,1741.6896564489364,1911.8899490057179,1134.530462362265,1304.7307549190468,2,55.3212931278274,170.20029255678153,1,SJF,priority_skew,1,completed,"4,5"
39,654.1103559667996,782.628407608236,860.2706291576189,128.5180516414364,206.16027319081934,3,14.613892720448087,77.6422215493829,1,SJF,priority_skew,1,completed,"0,3,4"
40,664.1264411499101,1632.7923638787895,1695.0867205399616,968.6659227288794,1030.9602793900515,4,22.58039645149408,62.29435666117208,1,SJF,priority_skew,1,completed,"1,2,6,7"
41,671.1960491214044,2017.8138772028722,2156.3649897209775,1346.617828081468,1485.168940599573,3,13.472076824725843,138.5511125181054,2,SJF,priority_skew,1,completed,"1,2,6"
42,678.7739860782086,678.7739860782086,767.488249220429,0.0,88.71426314222037,1,9.906552607555424,88.7142631422204,2,SJF,priority_skew,1,completed,2
43,693.3547511284472,1050.7142599407662,1132.4195150859744,357.35950881231895,439.06476395752713,3,16.75541239460084,81.70525514520813,1,SJF,priority_skew,1,completed,"1,2,7"
44,699.9667608481191,751.3250364480814,837.6690622306812,51.358275599962326,137.70230138256215,2,20.12140047994702,86.34402578259979,1,SJF,priority_skew,1,completed,"1,7"
45,703.3215081667739,703.3215081667739,773.986858914616,0.0,70.66535074784213,1,57.53320577061433,70.66535074784213,1,SJF,priority_skew,1,completed,5
46,716.1556559781404,747.7496887822795,782.628407608236,31.594032804139033,66.47275163009556,3,11.463428380920075,34.87871882595654,4,SJF,priority_skew,1,completed,"0,3,4"
47,734.1833552024384,1759.5424664645388,1833.5991389092196,1025.3591112621004,1099.4157837067812,4,50.188463415188075,74.0566724446808,1,SJF,priority_skew,1,completed,"1,2,6,7"
48,744.3124395296925,767.488249220429,927.3988414512247,23.175809690736514,183.08640192153223,1,26.99491399568972,159.91059223079571,1,SJF,priority_skew,1,completed,2
49,772.3268033741173,777.6892778549343,945.9781102323082,5.3624744808170135,173.65130685819088,2,12.594520336874833,168.2888323773738,2,SJF,priority_skew,1,completed,"5,6"
50,774.1882705636784,2232.7142860350536,2327.263604621336,1458.526015471375,1553.0753340576575,4,14.337752962599652,94.54931858628228,1,SJF,priority_skew,1,completed,"0,3,6,7"
51,778.4964038545457,837.6690622306812,956.2904688058669,59.17265837613547,177.79406495132116,1,43.378122763354476,118.62140657518565,1,SJF,priority_skew,1,completed,7
52,780.0600105497983,2624.9480670446155,2791.397390023065,1844.8880564948172,2011.3373794732665,3,52.06050661261192,166.44932297844935,2,SJF,priority_skew,1,completed,"1,2,4"
53,780.3908380360908,1476.6715530827996,1522.8702177953064,696.2807150467088,742.4793797592156,4,46.800285010772505,46.19866471250687,1,SJF,priority_skew,1,completed,"1,2,6,7"
54,788.1072312803988,927.3988414512247,1050.7142599407662,139.29161017082595,262.6070286603674,2,62.00983504898001,123.31541848954137,3,SJF,priority_skew,1,completed,"1,2"
55,799.0240601422186,860.2706291576189,1001.1060814234452,61.24656901540038,202.08202128122662,1,27.565524096837354,140.83545226582623,1,SJF,priority_skew,1,completed,4
56,825.2576003375564,1909.7629569307535,2017.8138772028722,1084.5053565931971,1192.5562768653158,3,23.51946675283144,108.05092027211867,1,SJF,priority_skew,1,completed,"1,2,6"
57,834.0407710892874,837.6690622306812,925.5832357718136,3.628291141393788,91.5424646825262,1,35.94324132919283,87.91417354113241,1,SJF,priority_skew,1,completed,1
58,836.7405788941434,945.9781102323082,1099.973537720053,109.23753133816479,263.2329588259096,2,33.65245538722267,153.99542748774476,1,SJF,priority_skew,1,completed,"5,6"
59,836.8295215526078,2327.263604621336,2436.94303560412,1490.4340830687283,1600.113514051512,4,29.592886404883224,109.67943098278386,2,SJF,priority_skew,1,completed,"0,3,6,7"
60,840.1833488240882,1911.8899490057179,2083.410936003428,1071.7066001816297,1243.22758717934,2,30.360296755249333,171.52098699771042,2,SJF,priority_skew,1,completed,"4,5"
61,846.6788220381449,860.2706291576189,890.7184228407934,13.591807119474083,44.03960080264858,2,40.758109911088496,30.44779368317455,1,SJF,priority_skew,1,completed,"0,3"
62,862.2304133751148,2791.397390023065,2968.797378706791,1929.16697664795,2106.566965331676,4,15.718075447523448,177.399988683726,1,SJF,priority_skew,1,completed,"1,2,4,7"
63,865.6903476184546,890.7184228407934,920.0660147806017,25.028075222338884,54.375667162147124,1,28.487237634108958,29.347591939808257,2,SJF,priority_skew,1,completed,0
64,875.6205167843403,890.7184228407934,923.5092237380925,15.097906056453098,47.88870695375215,1,11.830939590336449,32.79080089729902,1,SJF,priority_skew,1,completed,3
65,879.5874724617155,923.5092237380925,1072.3810025590292,43.921751276376995,192.7935300973137,1,40.27605180781243,148.87177882093658,1,SJF,priority_skew,1,completed,3
66,911.4279280643093,920.0660147806017,1059.4177556088134,8.638086716292378,147.98982754450412,1,54.17100006130847,139.35174082821163,1,SJF,priority_skew,1,completed,0
67,982.2835674018422,1533.834134235941,1686.834311617586,551.5505668340988,704.5507442157439,2,53.15554034355599,153.000177381645,1,SJF,priority_skew,1,completed,"0,3"
68,984.4318221461906,984.4318221461906,1043.3906560706837,0.0,58.95883392449309,1,19.017642821989327,58.958833924493206,1,SJF,priority_skew,1,completed,7
69,993.8544143440558,1099.973537720053,1196.618900183763,106.1191233759971,202.76448583970705,3,37.24432156524527,96.64536246370997,1,SJF,priority_skew,1,completed,"4,5,6"
70,1007.3014968883,1695.0867205399616,1759.5424664645388,687.7852236516616,752.2409695762389,4,51.60050061516308,64.45574592457733,3,SJF,priority_skew,1,completed,"1,2,6,7"
71,1009.0242465365413,1009.0242465365413,1077.613695007675,0.0,68.58944847113366,1,36.848697001017015,68.58944847113357,1,SJF,priority_skew,1,completed,4
72,1009.926028301953,1132.4195150859744,1252.1145216014836,122.49348678402134,242.1884932995306,2,29.07264880847573,119.69500651550923,1,SJF,priority_skew,1,completed,"2,7"
73,1027.0684284735726,1588.394493439571,1741.6896564489364,561.3260649659985,714.6212279753638,2,10.069743088039019,153.29516300936538,1,SJF,priority_skew,1,completed,"4,5"
74,1052.4188343300946,1059.4177556088134,1227.2550556548233,6.9989212787188535,174.83622132472874,1,53.51398003133947,167.8373000460099,2,SJF,priority_skew,1,completed,0
75,1061.7939802198655,2156.3649897209775,2247.0736955536236,1094.571009501112,1185.279715333758,4,16.99492350989963,90.70870583264605,1,SJF,priority_skew,1,completed,"1,2,4,5"
76,1069.7836985159172,1072.3810025590292,1200.489496634088,2.59730404311199,130.70579811817083,1,29.343701814626442,128.10849407505893,1,SJF,priority_skew,1,completed,3
77,1076.1987589109744,1853.3201362439409,1960.2502820499176,777.1213773329664,884.0515231389431,3,27.787643576207287,106.93014580597671,1,SJF,priority_skew,1,completed,"0,3,7"
78,1084.6546557077531,2350.5177150948102,2481.124979436646,1265.863059387057,1396.4703237288927,4,62.086374762700245,130.60726434183545,2,SJF,priority_skew,1,completed,"1,2,4,5"
79,1112.952550537381,1227.2550556548233,1398.4384012818773,114.30250511744225,285.48585074449625,1,28.017801792192202,171.18334562705397,2,SJF,priority_skew,1,completed,0
80,1119.791665741694,1132.4195150859744,1228.7666313420932,12.627849344280321,108.97496560039917,1,19.054078133829105,96.34711625611882,1,SJF,priority_skew,1,completed,1
81,1135.7539864911253,1572.757206491916,1632.7923638787895,437.00322000079063,497.03837738766424,4,42.37811975377007,60.03515738687362,1,SJF,priority_skew,1,completed,"1,2,6,7"
82,1136.6667318821192,1200.489496634088,1281.9319635926977,63.82276475196886,145.26523171057852,1,43.81042844509947,81.44246695860957,4,SJF,priority_skew,1,completed,3
83,1166.295181878815,1262.45746409922,1330.42795088927,96.16228222040513,164.13276901045515,2,30.735371240338296,67.97048679005009,2,SJF,priority_skew,1,completed,"4,5"
84,1169.5279742984412,1196.618900183763,1262.45746409922,27.090925885321667,92.92948980077881,2,23.300139831155597,65.83856391545703,3,SJF,priority_skew,1,completed,"4,5"
85,1187.2502513203178,1330.42795088927,1453.825854288148,143.17769956895222,266.57560296783026,2,61.85725789695564,123.39790339887793,1,SJF,priority_skew,1,completed,"4,5"
86,1191.1803638518145,1196.618900183763,1268.1524501699926,5.438536331948399,76.97208631817807,1,20.13909098842209,71.53354998622974,1,SJF,priority_skew,1,completed,6
87,1192.6073493646393,1833.5991389092196,1909.7629569307535,640.9917895445803,717.1556075661142,3,30.464073025214557,76.1638180215339,4,SJF,priority_skew,1,completed,"1,2,6"
88,1200.0159561226535,1450.5049307653837,1476.6715530827996,250.48897464273023,276.6555969601461,4,42.37159930116739,26.16662231741593,1,SJF,priority_skew,1,completed,"1,2,6,7"
89,1209.2587278309725,1228.7666313420932,1407.4364227044075,19.50790351112073,198.17769487343503,1,19.759776280656574,178.66979136231436,2,SJF,priority_skew,1,completed,1
90,1209.6462884174618,1404.8039818115135,1533.834134235941,195.15769339405165,324.1878458184792,2,10.771091939656127,129.03015242442765,1,SJF,priority_skew,1,completed,"0,3"
91,1212.6578088246513,2436.94303560412,2570.2638026837953,1224.2852267794685,1357.605993859144,4,31.319517119099565,133.32076707967548,1,SJF,priority_skew,1,completed,"0,3,6,7"
92,1215.6654513703777,1303.6903399657658,1386.314991260551,88.02488859538812,170.6495398901734,2,22.60058442212812,82.62465129478537,1,SJF,priority_skew,1,completed,"2,7"
93,1224.2429246444387,1386.314991260551,1450.5049307653837,162.07206661611235,226.262006120945,3,16.841336158270735,64.18993950483257,1,SJF,priority_skew,1,completed,"2,6,7"
94,1244.38442813808,1281.9319635926977,1404.8039818115135,37.54753545461767,160.41955367343348,1,52.80022220861702,122.8720182188159,1,SJF,priority_skew,1,completed,3
95,1249.0539793783614,1252.1145216014836,1303.6903399657658,3.0605422231221837,54.6363605874044,2,56.712574047222205,51.5758183642822,1,SJF,priority_skew,1,completed,"2,7"
96,1262.8735569850553,1268.1524501699926,1377.1094162661311,5.27889318493726,114.23585928107582,1,15.682637511207579,108.95696609613864,1,SJF,priority_skew,1,completed,6
97,1287.5888544740317,1453.825854288148,1588.394493439571,166.23699981411642,300.8056389655394,2,15.369238785982649,134.56863915142293,1,SJF,priority_skew,1,completed,"4,5"
98,1295.4265182439515,2075.7683189337185,2232.7142860350536,780.3418006897671,937.2877677911022,3,59.37897930476126,156.9459671013349,1,SJF,priority_skew,1,completed,"0,3,7"
99,1297.4859565781321,1686.834311617586,1853.3201362439409,389.34835503945396,555.8341796658087,2,17.328657885445864,166.4858246263548,1,SJF,priority_skew,1,completed,"0,3"
0,13.412862829656735,13.412862829656735,88.10001866007481,0.0,74.68715583041808,2,53.375363717952744,74.68715583041808,1,Priority,priority_skew,1,completed,"0,1"
1,17.26852713122279,17.26852713122279,196.65111755020325,0.0,179.38259041898047,3,18.99262556642619,179.38259041898047,1,Priority,priority_skew,1,completed,"2,3,4"
2,84.46148803882437,84.46148803882437,145.70998707830222,0.0,61.24849903947785,1,12.098644053894095,61.24849903947785,2,Priority,priority_skew,1,completed,5
3,89.04182695007226,89.04182695007226,129.62954092081938,0.0,40.58771397074712,2,47.08203995825255,40.58771397074711,1,Priority,priority_skew,1,completed,"0,1"
4,90.4838524389073,90.4838524389073,183.4324865259071,0.0,92.9486340869998,1,45.2391177962698,92.94863408699982,1,Priority,priority_skew,1,completed,6
5,112.98131600960465,129.62954092081938,265.86531857079865,16.648224911214726,152.884002561194,2,55.02233780210077,136.23577764997927,1,Priority,priority_skew,1,completed,"0,1"
6,119.21430473278527,145.70998707830222,183.26753331937368,26.495682345516954,64.05322858658842,2,28.59117590264037,37.55754624107148,1,Priority,priority_skew,1,completed,"5,7"
7,126.1070719430816,183.26753331937368,253.52895661574203,57.160461376292076,127.42188467266043,2,23.89316338087134,70.26142329636835,1,Priority,priority_skew,1,completed,"5,7"
8,126.47848996761006,305.77897177327543,449.7252333610726,179.30048180566536,323.2467433934625,4,62.414638634706264,143.94626158779712,2,Priority,priority_skew,1,completed,"0,1,5,7"
9,136.02932159163066,196.65111755020325,312.16915443400427,60.62179595857259,176.1398328423736,3,50.519036030216476,115.51803688380103,3,Priority,priority_skew,1,completed,"2,3,4"
10,149.04755177097448,2134.613791530026,2166.947200890112,1985.5662397590515,2017.8996491191376,4,36.01996012126477,32.3334093600862,1,Priority,priority_skew,1,completed,"0,1,2,4"
11,151.9300766628399,543.815235637894,585.04664324538,391.88515897505414,433.1165665825401,3,19.918535739058722,41.23140760748596,1,Priority,priority_skew,1,completed,"1,2,3"
12,172.89525991928966,449.7252333610726,592.7287149465392,276.82997344178295,419.83345502724956,2,24.520360797109092,143.00348158546663,1,Priority,priority_skew,1,completed,"5,7"
13,175.50296714045908,2166.947200890112,2341.34203992687,1991.444233749653,2165.8390727864107,4,16.346689308759903,174.39483903675773,1,Priority,priority_skew,1,completed,"0,1,2,4"
14,185.33116112841532,265.86531857079865,305.77897177327543,80.53415744238333,120.44781064486011,3,55.43190875548886,39.91365320247677,2,Priority,priority_skew,1,completed,"0,1,7"
15,186.94067135156902,551.1248532936844,633.9235374556976,364.1841819421154,446.98286610412856,2,18.518185583666227,82.79868416201319,1,Priority,priority_skew,1,completed,"4,6"
16,198.4769682231611,198.4769682231611,374.4278182843274,0.0,175.95085006116628,1,29.844174908632258,175.95085006116628,2,Priority,priority_skew,1,completed,6
17,204.2565182582064,2253.1324223047413,2356.576441845928,2048.8759040465347,2152.3199235877214,4,46.84287874336325,103.4440195411868,1,Priority,priority_skew,1,completed,"3,5,6,7"
18,212.86577005712908,253.52895661574203,305.72146873168833,40.66318655861295,92.85569867455925,1,60.6923145090665,52.192512115946315,4,Priority,priority_skew,1,completed,5
19,245.97857413746925,434.2155495087717,511.78145774758934,188.23697537130244,265.8028836101201,2,50.46512827221383,77.56590823881764,2,Priority,priority_skew,1,completed,"2,3"
20,259.91000352046643,1745.9752709071995,1846.5837429383241,1486.065267386733,1586.6737394178576,3,29.36360422783552,100.60847203112473,1,Priority,priority_skew,1,completed,"0,1,2"
21,271.144803803651,592.7287149465392,768.1844610980413,321.5839111428882,497.03965729439034,2,35.64000735683018,175.45574615150207,1,Priority,priority_skew,1,completed,"5,7"
22,306.64439827749584,312.16915443400427,365.65412125284996,5.524756156508431,59.00972297535412,3,32.796177843947724,53.48496681884568,3,Priority,priority_skew,1,completed,"2,3,4"
23,332.03006314936283,365.65412125284996,434.2155495087717,33.62405810348713,102.18548635940886,3,8.942327942091929,68.56142825592171,5,Priority,priority_skew,1,completed,"2,3,4"
24,346.60303815761694,434.2155495087717,551.1248532936844,87.61251135115475,204.52181513606746,2,55.54649322411923,116.90930378491268,2,Priority,priority_skew,1,completed,"4,6"
25,350.71065381578717,449.7252333610726,527.7567304903283,99.01457954528541,177.04607667454115,2,43.29779430483478,78.03149712925574,2,Priority,priority_skew,1,completed,"0,1"
26,368.644506966604,630.415448683254,709.912179862471,261.77094171665,341.267672895867,2,33.02152529712931,79.49673117921697,1,Priority,priority_skew,1,completed,"2,3"
27,370.61644421196786,374.4278182843274,430.02891683573097,3.811374072359513,59.41247262376311,1,15.146758443779898,55.601098551403595,1,Priority,priority_skew,1,completed,6
28,475.9030636884077,527.7567304903283,644.5785847747306,51.85366680192061,168.67552108632293,1,52.33274751305907,116.82185428440232,3,Priority,priority_skew,1,completed,0
29,478.8523331742274,633.9235374556976,750.215289097068,155.07120428147016,271.36295592284057,2,49.012206890233855,116.2917516413704,1,Priority,priority_skew,1,completed,"4,6"
30,509.82891023508125,511.78145774758934,543.815235637894,1.9525475125080902,33.98632540281278,2,22.07098437758058,32.033777890304705,4,Priority,priority_skew,1,completed,"2,3"
31,533.6070534214485,2341.34203992687,2485.1651275348395,1807.7349865054211,1951.5580741133908,4,38.24062748540227,143.8230876079698,1,Priority,priority_skew,1,completed,"0,1,2,4"
32,537.6060191639012,1514.4967096894034,1564.3836983860128,976.8906905255021,1026.7776792221116,4,9.89796602892435,49.886988696609365,2,Priority,priority_skew,1,completed,"0,1,2,3"
33,560.1215807956362,585.04664324538,630.415448683254,24.92506244974379,70.29386788761781,3,39.9516174853399,45.36880543787403,4,Priority,priority_skew,1,completed,"1,2,3"
34,560.7192698599051,1564.3836983860128,1607.4241583890941,1003.6644285261077,1046.704888529189,4,36.57698198536638,43.04046000308123,2,Priority,priority_skew,1,completed,"0,1,2,3"
35,577.6652081675275,644.5785847747306,686.0400207942159,66.91337660720319,108.37481262668848,1,23.473528789328554,41.46143601948532,1,Priority,priority_skew,1,completed,0
36,592.6227516462449,709.912179862471,815.8277125939578,117.28942821622616,223.20496094771295,2,18.74072813651972,105.91553273148682,1,Priority,priority_skew,1,completed,"2,3"
37,593.3630867907657,630.415448683254,803.0796625819168,37.05236189248831,209.71657579115106,1,61.60848456619809,172.66421389866278,2,Priority,priority_skew,1,completed,1
38,607.1591940866712,750.215289097068,920.4155816538495,143.0560950103968,313.2563875671783,2,55.3212931278274,170.20029255678153,1,Priority,priority_skew,1,completed,"4,6"
39,654.1103559667996,1829.9018703354275,1907.5440918848103,1175.7915143686278,1253.4337359180108,3,14.613892720448087,77.6422215493829,1,Priority,priority_skew,1,completed,"3,5,7"
40,664.1264411499101,2356.576441845928,2418.8707985071,1692.450000696018,1754.74435735719,4,22.58039645149408,62.29435666117208,1,Priority,priority_skew,1,completed,"3,5,6,7"
41,671.1960491214044,1607.4241583890941,1745.9752709071995,936.2281092676898,1074.779221785795,3,13.472076824725843,138.5511125181054,2,Priority,priority_skew,1,completed,"0,1,2"
42,678.7739860782086,686.0400207942159,774.7542839364363,7.2660347160073115,95.98029785822769,1,9.906552607555424,88.7142631422204,2,Priority,priority_skew,1,completed,0
43,693.3547511284472,1846.5837429383241,1928.2889980835323,1153.2289918098768,1234.9342469550852,3,16.75541239460084,81.70525514520813,1,Priority,priority_skew,1,completed,"0,1,2"
44,699.9667608481191,768.1844610980413,854.5284868806411,68.21770024992225,154.56172603252207,2,20.12140047994702,86.34402578259979,1,Priority,priority_skew,1,completed,"5,7"
45,703.3215081667739,774.7542839364363,845.4196346842784,71.43277576966238,142.0981265175045,1,57.53320577061433,70.66535074784213,1,Priority,priority_skew,1,completed,0
46,716.1556559781404,1338.9984269173356,1373.8771457432922,622.8427709391951,657.7214897651518,3,11.463428380920075,34.87871882595654,4,Priority,priority_skew,1,completed,"0,2,7"
47,734.1833552024384,2418.8707985071,2492.927470951781,1684.6874433046617,1758.7441157493424,4,50.188463415188075,74.0566724446808,1,Priority,priority_skew,1,completed,"3,5,6,7"
48,744.3124395296925,803.0796625819168,962.9902548127125,58.76722305222427,218.67781528301998,1,26.99491399568972,159.91059223079571,1,Priority,priority_skew,1,completed,1
49,772.3268033741173,854.5284868806411,1022.817319258015,82.20168350652386,250.49051588389773,2,12.594520336874833,168.2888323773738,2,Priority,priority_skew,1,completed,"5,7"
50,774.1882705636784,2485.1651275348395,2579.714446121122,1710.976856971161,1805.5261755574434,4,14.337752962599652,94.54931858628228,1,Priority,priority_skew,1,completed,"0,1,2,4"
51,778.4964038545457,845.4196346842784,964.0410412594641,66.92323082973269,185.54463740491838,1,43.378122763354476,118.62140657518565,1,Priority,priority_skew,1,completed,0
52,780.0600105497983,1663.4525473569781,1829.9018703354275,883.3925368071798,1049.8418597856291,3,52.06050661261192,166.44932297844935,2,Priority,priority_skew,1,completed,"3,5,7"
53,780.3908380360908,2492.927470951781,2539.1261356642876,1712.53663291569,1758.7352976281968,4,46.800285010772505,46.19866471250687,1,Priority,priority_skew,1,completed,"3,5,6,7"
54,788.1072312803988,815.8277125939578,939.1431310834992,27.72048131355905,151.0358998031004,2,62.00983504898001,123.31541848954137,3,Priority,priority_skew,1,completed,"2,3"
55,799.0240601422186,939.1431310834992,1079.9785833493254,140.1190709412806,280.95452320710683,1,27.565524096837354,140.83545226582623,1,Priority,priority_skew,1,completed,3
56,825.2576003375564,1907.5440918848103,2015.595012156929,1082.286491547254,1190.3374118193726,3,23.51946675283144,108.05092027211867,1,Priority,priority_skew,1,completed,"3,5,7"
57,834.0407710892874,962.9902548127125,1050.9044283538449,128.94948372342503,216.86365726455745,1,35.94324132919283,87.91417354113241,1,Priority,priority_skew,1,completed,1
58,836.7405788941434,1022.817319258015,1176.8127467457598,186.07674036387164,340.0721678516164,2,33.65245538722267,153.99542748774476,1,Priority,priority_skew,1,completed,"5,7"
59,836.8295215526078,2024.9343605472422,2134.613791530026,1188.1048389946345,1297.7842699774183,4,29.592886404883224,109.67943098278386,2,Priority,priority_skew,1,completed,"0,1,2,4"
60,840.1833488240882,920.4155816538495,1091.9365686515598,80.2322328297613,251.75321982747164,2,30.360296755249333,171.52098699771042,2,Priority,priority_skew,1,completed,"4,6"
61,846.6788220381449,1091.9365686515598,1122.3843623347343,245.25774661341495,275.70554029658945,2,40.758109911088496,30.44779368317455,1,Priority,priority_skew,1,completed,"4,6"
62,862.2304133751148,2539.1261356642876,2716.5261243480136,1676.8957222891727,1854.2957109728986,4,15.718075447523448,177.399988683726,1,Priority,priority_skew,1,completed,"3,5,6,7"
63,865.6903476184546,939.1431310834992,968.4907230233074,73.4527834650446,102.80037540485284,1,28.487237634108958,29.347591939808257,2,Priority,priority_skew,1,completed,2
64,875.6205167843403,964.0410412594641,996.8318421567632,88.42052447512378,121.21132537242283,1,11.830939590336449,32.79080089729902,1,Priority,priority_skew,1,completed,0
65,879.5874724617155,968.4907230233074,1117.362501844244,88.9032505615919,237.7750293825285,1,40.27605180781243,148.87177882093658,1,Priority,priority_skew,1,completed,2
66,911.4279280643093,996.8318421567632,1136.1835829849747,85.40391409245387,224.7556549206654,1,54.17100006130847,139.35174082821163,1,Priority,priority_skew,1,completed,0
67,982.2835674018422,1122.3843623347343,1275.3845397163793,140.1007949328921,293.1009723145371,2,53.15554034355599,153.000177381645,1,Priority,priority_skew,1,completed,"4,6"
68,984.4318221461906,1050.9044283538449,1109.863262278338,66.47260620765428,125.43144013214737,1,19.017642821989327,58.958833924493206,1,Priority,priority_skew,1,completed,1
69,993.8544143440558,1928.2889980835323,2024.9343605472422,934.4345837394765,1031.0799462031864,3,37.24432156524527,96.64536246370997,1,Priority,priority_skew,1,completed,"0,1,2"
70,1007.3014968883,1450.040963764826,1514.4967096894034,442.7394668765261,507.19521280110337,4,51.60050061516308,64.45574592457733,3,Priority,priority_skew,1,completed,"0,1,2,3"
71,1009.0242465365413,1109.863262278338,1178.4527107494716,100.83901574179663,169.4284642129303,1,36.848697001017015,68.58944847113357,1,Priority,priority_skew,1,completed,1
72,1009.926028301953,1343.3550265064293,1463.0500330219386,333.42899820447633,453.1240047199856,2,29.07264880847573,119.69500651550923,1,Priority,priority_skew,1,completed,"4,6"
73,1027.0684284735726,1381.1272319231853,1534.4223949325506,354.0588034496127,507.353966458978,2,10.069743088039019,153.29516300936538,1,Priority,priority_skew,1,completed,"5,7"
74,1052.4188343300946,1079.9785833493254,1247.8158833953353,27.55974901923082,195.3970490652407,1,53.51398003133947,167.8373000460099,2,Priority,priority_skew,1,completed,3
75,1061.7939802198655,2579.714446121122,2670.423151953768,1517.9204659012564,1608.6291717339025,4,16.99492350989963,90.70870583264605,1,Priority,priority_skew,1,completed,"0,1,2,4"
76,1069.7836985159172,1136.1835829849747,1264.2920770600335,66.3998844690575,194.50837854411634,1,29.343701814626442,128.10849407505893,1,Priority,priority_skew,1,completed,0
77,1076.1987589109744,2015.595012156929,2122.5251579629057,939.3962532459545,1046.3263990519313,3,27.787643576207287,106.93014580597671,1,Priority,priority_skew,1,completed,"3,5,7"
78,1084.6546557077531,2122.5251579629057,2253.1324223047413,1037.8705022551526,1168.4777665969882,4,62.086374762700245,130.60726434183545,2,Priority,priority_skew,1,completed,"3,5,6,7"
79,1112.952550537381,1117.362501844244,1288.545847471298,4.409951306862922,175.59329693391692,1,28.017801792192202,171.18334562705397,2,Priority,priority_skew,1,completed,2
80,1119.791665741694,1176.8127467457598,1273.1598630018786,57.02108100406576,153.36819726018462,1,19.054078133829105,96.34711625611882,1,Priority,priority_skew,1,completed,7
81,1135.7539864911253,2670.423151953768,2730.458309340642,1534.6691654626427,1594.7043228495165,4,42.37811975377007,60.03515738687362,1,Priority,priority_skew,1,completed,"0,1,2,4"
82,1136.6667318821192,1176.8127467457598,1258.2552137043695,40.14601486364063,121.58848182225029,1,43.81042844509947,81.44246695860957,4,Priority,priority_skew,1,completed,5
83,1166.295181878815,1275.3845397163793,1343.3550265064293,109.08935783756442,177.05984462761444,2,30.735371240338296,67.97048679005009,2,Priority,priority_skew,1,completed,"4,6"
84,1169.5279742984412,1273.1598630018786,1338.9984269173356,103.63188870343743,169.47045261889434,2,23.300139831155597,65.83856391545703,3,Priority,priority_skew,1,completed,"0,7"
85,1187.2502513203178,1463.0500330219386,1586.4479364208164,275.79978170162076,399.1976851004986,2,61.85725789695564,123.39790339887793,1,Priority,priority_skew,1,completed,"4,6"
86,1191.1803638518145,1191.1803638518145,1262.7139138380442,0.0,71.53354998622967,1,20.13909098842209,71.53354998622974,1,Priority,priority_skew,1,completed,1
87,1192.6073493646393,1373.8771457432922,1450.040963764826,181.26979637865293,257.4336144001868,3,30.464073025214557,76.1638180215339,4,Priority,priority_skew,1,completed,"0,1,2"
88,1200.0159561226535,2716.5261243480136,2742.6927466654297,1516.51016822536,1542.6767905427762,4,42.37159930116739,26.16662231741593,1,Priority,priority_skew,1,completed,"3,5,6,7"
89,1209.2587278309725,1247.8158833953353,1426.4856747576496,38.5571555643628,217.2269469266771,1,19.759776280656574,178.66979136231436,2,Priority,priority_skew,1,completed,3
90,1209.6462884174618,1534.4223949325506,1663.4525473569781,324.7761065150887,453.8062589395163,2,10.771091939656127,129.03015242442765,1,Priority,priority_skew,1,completed,"5,7"
91,1212.6578088246513,2730.458309340642,2863.7790764203173,1517.8005005159905,1651.121267595666,4,31.319517119099565,133.32076707967548,1,Priority,priority_skew,1,completed,"0,1,2,4"
92,1215.6654513703777,1586.4479364208164,1669.0725877156017,370.7824850504387,453.407136345224,2,22.60058442212812,82.62465129478537,1,Priority,priority_skew,1,completed,"4,6"
93,1224.2429246444387,2742.6927466654297,2806.8826861702623,1518.449822020991,1582.6397615258236,3,16.841336158270735,64.18993950483257,1,Priority,priority_skew,1,completed,"3,5,6"
94,1244.38442813808,1258.2552137043695,1381.1272319231853,13.870785566289442,136.74280378510525,1,52.80022220861702,122.8720182188159,1,Priority,priority_skew,1,completed,5
95,1249.0539793783614,1669.0725877156017,1720.648406079884,420.01860833724027,471.5944267015225,2,56.712574047222205,51.5758183642822,1,Priority,priority_skew,1,completed,"4,6"
96,1262.8735569850553,1262.8735569850553,1371.8305230811939,0.0,108.95696609613856,1,15.682637511207579,108.95696609613864,1,Priority,priority_skew,1,completed,1
97,1287.5888544740317,1720.648406079884,1855.2170452313069,433.0595516058522,567.6281907572752,2,15.369238785982649,134.56863915142293,1,Priority,priority_skew,1,completed,"4,6"
98,1295.4265182439515,2806.8826861702623,2963.8286532715974,1511.4561679263109,1668.402135027646,3,59.37897930476126,156.9459671013349,1,Priority,priority_skew,1,completed,"3,5,6"
99,1297.4859565781321,1855.2170452313069,2021.7028698576617,557.7310886531748,724.2169132795295,2,17.328657885445864,166.4858246263548,1,Priority,priority_skew,1,completed,"4,6"
0,13.412862829656735,13.412862829656735,88.10001866007481,0.0,74.68715583041808,2,53.375363717952744,74.68715583041808,1,BestFit,priority_skew,1,completed,"0,1"
1,17.26852713122279,17.26852713122279,196.65111755020325,0.0,179.38259041898047,3,18.99262556642619,179.38259041898047,1,BestFit,priority_skew,1,completed,"2,3,4"
2,84.46148803882437,84.46148803882437,145.70998707830222,0.0,61.24849903947785,1,12.098644053894095,61.24849903947785,2,BestFit,priority_skew,1,completed,5
3,89.04182695007226,89.04182695007226,129.62954092081938,0.0,40.58771397074712,2,47.08203995825255,40.58771397074711,1,BestFit,priority_skew,1,completed,"0,1"
4,90.4838524389073,90.4838524389073,183.4324865259071,0.0,92.9486340869998,1,45.2391177962698,92.94863408699982,1,BestFit,priority_skew,1,completed,6
5,112.98131600960465,167.18708716189087,303.4228648118701,54.20577115228622,190.44154880226546,2,55.02233780210077,136.23577764997927,1,BestFit,priority_skew,1,completed,"0,1"
6,119.21430473278527,129.62954092081938,167.18708716189087,10.415236188034115,47.97278242910561,2,28.59117590264037,37.55754624107148,1,BestFit,priority_skew,1,completed,"0,1"
7,126.1070719430816,145.70998707830222,215.97141037467057,19.602915135220613,89.86433843158896,2,23.89316338087134,70.26142329636835,1,BestFit,priority_skew,1,completed,"5,7"
8,126.47848996761006,2743.893097882635,2887.839359470432,2617.414607915025,2761.360869502822,4,62.414638634706264,143.94626158779712,2,BestFit,priority_skew,1,completed,"2,4,5,6"
9,136.02932159163066,1846.1010677657118,1961.6191046495128,1710.0717461740812,1825.5897830578822,3,50.519036030216476,115.51803688380103,3,BestFit,priority_skew,1,completed,"2,4,5"
10,149.04755177097448,2144.731694068264,2177.06510342835,1995.6841422972896,2028.0175516573756,4,36.01996012126477,32.3334093600862,1,BestFit,priority_skew,1,completed,"2,4,5,6"
11,151.9300766628399,459.0649835173636,500.29639112484955,307.1349068545237,348.36631446200965,3,19.918535739058722,41.23140760748596,1,BestFit,priority_skew,1,completed,"4,5,6"
12,172.89525991928966,196.65111755020325,339.65459913566986,23.755857630913596,166.7593392163802,2,24.520360797109092,143.00348158546663,1,BestFit,priority_skew,1,completed,"4,6"
13,175.50296714045908,2849.5275821701207,3023.9224212068784,2674.0246150296616,2848.4194540664193,4,16.346689308759903,174.39483903675773,1,BestFit,priority_skew,1,completed,"0,1,3,7"
14,185.33116112841532,339.65459913566986,379.56825233814664,154.32343800725454,194.23709120973132,3,55.43190875548886,39.91365320247677,2,BestFit,priority_skew,1,completed,"4,5,6"
15,186.94067135156902,196.65111755020325,279.4498017122164,9.71044619863423,92.50913036064739,2,18.518185583666227,82.79868416201319,1,BestFit,priority_skew,1,completed,"2,3"
16,198.4769682231611,215.97141037467057,391.92226043583685,17.494442151509475,193.44529221267575,1,29.844174908632258,175.95085006116628,2,BestFit,priority_skew,1,completed,7
17,204.2565182582064,2471.6532106791287,2575.0972302203154,2267.396692420922,2370.840711962109,4,46.84287874336325,103.4440195411868,1,BestFit,priority_skew,1,completed,"0,1,3,7"
18,212.86577005712908,215.97141037467057,268.16392249061687,3.1056403175414857,55.298152433487786,1,60.6923145090665,52.192512115946315,4,BestFit,priority_skew,1,completed,5
19,245.97857413746925,279.4498017122164,357.01570995103407,33.47122757474716,111.03713581356482,2,50.46512827221383,77.56590823881764,2,BestFit,priority_skew,1,completed,"2,3"
20,259.91000352046643,1696.595109022726,1797.203581053851,1436.6851055022596,1537.2935775333845,3,29.36360422783552,100.60847203112473,1,BestFit,priority_skew,1,completed,"0,1,3"
21,271.144803803651,303.4228648118701,478.8786109633722,32.27806100821914,207.7338071597212,2,35.64000735683018,175.45574615150207,1,BestFit,priority_skew,1,completed,"0,1"
22,306.64439827749584,500.29639112484955,553.7813579436952,193.6519928473537,247.13695966619935,3,32.796177843947724,53.48496681884568,3,BestFit,priority_skew,1,completed,"4,5,6"
23,332.03006314936283,553.7813579436952,622.3427861996169,221.75129479433235,290.312723050254,3,8.942327942091929,68.56142825592171,5,BestFit,priority_skew,1,completed,"4,5,6"
24,346.60303815761694,435.0472070802898,551.9565108652025,88.44416892267287,205.35347270758558,2,55.54649322411923,116.90930378491268,2,BestFit,priority_skew,1,completed,"2,3"
25,350.71065381578717,357.01570995103407,435.0472070802898,6.3050561352469,84.33655326450264,2,43.29779430483478,78.03149712925574,2,BestFit,priority_skew,1,completed,"2,3"
26,368.644506966604,379.56825233814664,459.0649835173636,10.923745371542623,90.42047655075959,2,33.02152529712931,79.49673117921697,1,BestFit,priority_skew,1,completed,"5,6"
27,370.61644421196786,379.56825233814664,435.16935088955023,8.951808126178776,64.55290667758237,1,15.146758443779898,55.601098551403595,1,BestFit,priority_skew,1,completed,4
28,475.9030636884077,475.9030636884077,592.7249179728101,0.0,116.82185428440238,1,52.33274751305907,116.82185428440232,3,BestFit,priority_skew,1,completed,7
29,478.8523331742274,478.8786109633722,595.1703626047425,0.0262777891447854,116.31802943051514,2,49.012206890233855,116.2917516413704,1,BestFit,priority_skew,1,completed,"0,1"
30,509.82891023508125,551.9565108652025,583.9902887555072,42.127600630121265,74.16137852042596,2,22.07098437758058,32.033777890304705,4,BestFit,priority_skew,1,completed,"2,3"
31,533.6070534214485,2705.704494562151,2849.5275821701207,2172.0974411407024,2315.920528748672,4,38.24062748540227,143.8230876079698,1,BestFit,priority_skew,1,completed,"0,1,3,7"
32,537.6060191639012,2220.105563431431,2269.9925521280406,1682.49954426753,1732.3865329641394,4,9.89796602892435,49.886988696609365,2,BestFit,priority_skew,1,completed,"2,4,5,6"
33,560.1215807956362,625.4517247749925,670.8205302128665,65.33014397935631,110.69894941723032,3,39.9516174853399,45.36880543787403,4,BestFit,priority_skew,1,completed,"2,5,6"
34,560.7192698599051,2177.06510342835,2220.105563431431,1616.345833568445,1659.386293571526,4,36.57698198536638,43.04046000308123,2,BestFit,priority_skew,1,completed,"2,4,5,6"
35,577.6652081675275,583.9902887555072,625.4517247749925,6.325080587979755,47.786516607465046,1,23.473528789328554,41.46143601948532,1,BestFit,priority_skew,1,completed,2
36,592.6227516462449,592.7249179728101,698.6404507042969,0.10216632656522506,106.01769905805202,2,18.74072813651972,105.91553273148682,1,BestFit,priority_skew,1,completed,"3,7"
37,593.3630867907657,595.1703626047425,767.8345765034053,1.807275813976844,174.4714897126396,1,61.60848456619809,172.66421389866278,2,BestFit,priority_skew,1,completed,0
38,607.1591940866712,622.3427861996169,792.5430787563984,15.18359211294569,185.3838846697272,2,55.3212931278274,170.20029255678153,1,BestFit,priority_skew,1,completed,"1,4"
39,654.1103559667996,670.8205302128665,748.4627517622494,16.710174246066913,94.35239579544975,3,14.613892720448087,77.6422215493829,1,BestFit,priority_skew,1,completed,"2,5,6"
40,664.1264411499101,2269.9925521280406,2332.2869087892127,1605.8661109781306,1668.1604676393026,4,22.58039645149408,62.29435666117208,1,BestFit,priority_skew,1,completed,"2,4,5,6"
41,671.1960491214044,1905.2545013259696,2043.805613844075,1234.0584522045651,1372.6095647226707,3,13.472076824725843,138.5511125181054,2,BestFit,priority_skew,1,completed,"0,1,3"
42,678.7739860782086,698.6404507042969,787.3547138465173,19.86646462608826,108.58072776830863,1,9.906552607555424,88.7142631422204,2,BestFit,priority_skew,1,completed,3
43,693.3547511284472,1614.889853877518,1696.595109022726,921.5351027490707,1003.2403578942789,3,16.75541239460084,81.70525514520813,1,BestFit,priority_skew,1,completed,"3,6,7"
44,699.9667608481191,748.4627517622494,834.8067775448492,48.49599091413029,134.84001669673012,2,20.12140047994702,86.34402578259979,1,BestFit,priority_skew,1,completed,"5,6"
45,703.3215081667739,703.3215081667739,773.986858914616,0.0,70.66535074784213,1,57.53320577061433,70.66535074784213,1,BestFit,priority_skew,1,completed,7
46,716.1556559781404,1531.4830226485346,1566.3617414744913,815.3273666703942,850.2060854963509,3,11.463428380920075,34.87871882595654,4,BestFit,priority_skew,1,completed,"2,4,5"
47,734.1833552024384,2332.2869087892127,2406.3435812338935,1598.1035535867743,1672.160226031455,4,50.188463415188075,74.0566724446808,1,BestFit,priority_skew,1,completed,"2,4,5,6"
48,744.3124395296925,748.4627517622494,908.3733439930451,4.150312232556871,164.06090446335259,1,26.99491399568972,159.91059223079571,1,BestFit,priority_skew,1,completed,2
49,772.3268033741173,773.986858914616,942.2756912919899,1.6600555404987745,169.94888791787264,2,12.594520336874833,168.2888323773738,2,BestFit,priority_skew,1,completed,"0,7"
50,774.1882705636784,2406.3435812338935,2500.892899820176,1632.155310670215,1726.7046292564974,4,14.337752962599652,94.54931858628228,1,BestFit,priority_skew,1,completed,"2,4,5,6"
51,778.4964038545457,787.3547138465173,905.976120421703,8.85830999197151,127.4797165671572,1,43.378122763354476,118.62140657518565,1,BestFit,priority_skew,1,completed,3
52,780.0600105497983,2043.805613844075,2210.2549368225245,1263.7456032942766,1430.1949262727262,3,52.06050661261192,166.44932297844935,2,BestFit,priority_skew,1,completed,"0,1,3"
53,780.3908380360908,2210.2549368225245,2256.4536015350313,1429.8640987864337,1476.0627634989405,4,46.800285010772505,46.19866471250687,1,BestFit,priority_skew,1,completed,"0,1,3,7"
54,788.1072312803988,792.5430787563984,915.8584972459397,4.435847475999594,127.75126596554094,2,62.00983504898001,123.31541848954137,3,BestFit,priority_skew,1,completed,"1,4"
55,799.0240601422186,834.8067775448492,975.6422298106754,35.782717402630624,176.61816966845686,1,27.565524096837354,140.83545226582623,1,BestFit,priority_skew,1,completed,6
56,825.2576003375564,1797.203581053851,1905.2545013259696,971.9459807162946,1079.9969009884132,3,23.51946675283144,108.05092027211867,1,BestFit,priority_skew,1,completed,"0,1,3"
57,834.0407710892874,834.8067775448492,922.7209510859816,0.766006455561751,88.68017999669416,1,35.94324132919283,87.91417354113241,1,BestFit,priority_skew,1,completed,5
58,836.7405788941434,942.2756912919899,1096.2711187797347,105.53511239784655,259.53053988559134,2,33.65245538722267,153.99542748774476,1,BestFit,priority_skew,1,completed,"0,2"
59,836.8295215526078,2500.892899820176,2610.5723308029596,1664.0633782675682,1773.742809250352,4,29.592886404883224,109.67943098278386,2,BestFit,priority_skew,1,completed,"2,4,5,6"
60,840.1833488240882,965.7715060446857,1137.292493042396,125.58815722059751,297.10914421830785,2,30.360296755249333,171.52098699771042,2,BestFit,priority_skew,1,completed,"3,5"
61,846.6788220381449,935.3237123615112,965.7715060446857,88.64489032336633,119.09268400654082,2,40.758109911088496,30.44779368317455,1,BestFit,priority_skew,1,completed,"3,5"
62,862.2304133751148,2887.839359470432,3065.239348154158,2025.6089460953172,2203.008934779043,4,15.718075447523448,177.399988683726,1,BestFit,priority_skew,1,completed,"2,4,5,6"
63,865.6903476184546,905.976120421703,935.3237123615112,40.28577280324839,69.63336474305663,1,28.487237634108958,29.347591939808257,2,BestFit,priority_skew,1,completed,3
64,875.6205167843403,908.3733439930451,941.1641448903441,32.75282720870473,65.54362810600378,1,11.830939590336449,32.79080089729902,1,BestFit,priority_skew,1,completed,2
65,879.5874724617155,915.8584972459397,1064.7302760668763,36.27102478422421,185.1428036051608,1,40.27605180781243,148.87177882093658,1,BestFit,priority_skew,1,completed,4
66,911.4279280643093,915.8584972459397,1055.2102380741512,4.430569181630403,143.78231000984192,1,54.17100006130847,139.35174082821163,1,BestFit,priority_skew,1,completed,1
67,982.2835674018422,982.2835674018422,1135.2837447834872,0.0,153.00017738164502,2,53.15554034355599,153.000177381645,1,BestFit,priority_skew,1,completed,"6,7"
68,984.4318221461906,1055.2102380741512,1114.1690719986445,70.77841592796062,129.73724985245394,1,19.017642821989327,58.958833924493206,1,BestFit,priority_skew,1,completed,1
69,993.8544143440558,1642.5255594960252,1739.170921959735,648.6711451519693,745.3165076156793,3,37.24432156524527,96.64536246370997,1,BestFit,priority_skew,1,completed,"2,4,5"
70,1007.3014968883,2316.488758921905,2380.9445048464827,1309.1872620336053,1373.6430079581828,4,51.60050061516308,64.45574592457733,3,BestFit,priority_skew,1,completed,"0,1,3,7"
71,1009.0242465365413,1064.7302760668763,1133.31972453801,55.706029530334945,124.29547800146861,1,36.848697001017015,68.58944847113357,1,BestFit,priority_skew,1,completed,4
72,1009.926028301953,1135.2837447834872,1254.9787512989965,125.35771648153423,245.05272299704347,2,29.07264880847573,119.69500651550923,1,BestFit,priority_skew,1,completed,"6,7"
73,1027.0684284735726,1397.40475136332,1550.6999143726853,370.3363228897474,523.6314858991127,2,10.069743088039019,153.29516300936538,1,BestFit,priority_skew,1,completed,"3,6"
74,1052.4188343300946,1096.2711187797347,1264.1084188257446,43.85228444964014,211.68958449565002,1,53.51398003133947,167.8373000460099,2,BestFit,priority_skew,1,completed,2
75,1061.7939802198655,2380.9445048464827,2471.6532106791287,1319.1505246266172,1409.8592304592632,4,16.99492350989963,90.70870583264605,1,BestFit,priority_skew,1,completed,"0,1,3,7"
76,1069.7836985159172,1096.2711187797347,1224.3796128547935,26.487420263817512,154.59591433887636,1,29.343701814626442,128.10849407505893,1,BestFit,priority_skew,1,completed,0
77,1076.1987589109744,1739.170921959735,1846.1010677657118,662.9721630487606,769.9023088547374,3,27.787643576207287,106.93014580597671,1,BestFit,priority_skew,1,completed,"2,4,5"
78,1084.6546557077531,2575.0972302203154,2705.704494562151,1490.4425745125623,1621.0498388543979,4,62.086374762700245,130.60726434183545,2,BestFit,priority_skew,1,completed,"0,1,3,7"
79,1112.952550537381,1114.1690719986445,1285.3524176256985,1.2165214612634827,172.39986708831748,1,28.017801792192202,171.18334562705397,2,BestFit,priority_skew,1,completed,1
80,1119.791665741694,1133.31972453801,1229.6668407941288,13.528058796315918,109.87517505243477,1,19.054078133829105,96.34711625611882,1,BestFit,priority_skew,1,completed,4
81,1135.7539864911253,2256.4536015350313,2316.488758921905,1120.699615043906,1180.73477243078,4,42.37811975377007,60.03515738687362,1,BestFit,priority_skew,1,completed,"0,1,3,7"
82,1136.6667318821192,1137.292493042396,1218.7349600010057,0.625761160276852,82.06822811888651,1,43.81042844509947,81.44246695860957,4,BestFit,priority_skew,1,completed,3
83,1166.295181878815,1295.505404709586,1363.475891499636,129.21022283077104,197.18070962082106,2,30.735371240338296,67.97048679005009,2,BestFit,priority_skew,1,completed,"0,1"
84,1169.5279742984412,1229.6668407941288,1295.505404709586,60.13886649568758,125.97743041114472,2,23.300139831155597,65.83856391545703,3,BestFit,priority_skew,1,completed,"0,4"
85,1187.2502513203178,1363.475891499636,1486.873794898514,176.22564017931813,299.6235435781962,2,61.85725789695564,123.39790339887793,1,BestFit,priority_skew,1,completed,"0,1"
86,1191.1803638518145,1191.1803638518145,1262.7139138380442,0.0,71.53354998622967,1,20.13909098842209,71.53354998622974,1,BestFit,priority_skew,1,completed,5
87,1192.6073493646393,1566.3617414744913,1642.5255594960252,373.754392109852,449.9182101313859,3,30.464073025214557,76.1638180215339,4,BestFit,priority_skew,1,completed,"2,4,5"
88,1200.0159561226535,2118.565071750848,2144.731694068264,918.5491156281944,944.7157379456105,4,42.37159930116739,26.16662231741593,1,BestFit,priority_skew,1,completed,"2,4,5,6"
89,1209.2587278309725,1218.7349600010057,1397.40475136332,9.4762321700332,188.1460235323475,1,19.759776280656574,178.66979136231436,2,BestFit,priority_skew,1,completed,3
90,1209.6462884174618,1373.0653849218832,1502.0955373463107,163.4190965044213,292.4492489288489,2,10.771091939656127,129.03015242442765,1,BestFit,priority_skew,1,completed,"2,7"
91,1212.6578088246513,2610.5723308029596,2743.893097882635,1397.9145219783084,1531.235289057984,4,31.319517119099565,133.32076707967548,1,BestFit,priority_skew,1,completed,"2,4,5,6"
92,1215.6654513703777,1314.2897322023264,1396.9143834971117,98.62428083194868,181.24893212673396,2,22.60058442212812,82.62465129478537,1,BestFit,priority_skew,1,completed,"4,5"
93,1224.2429246444387,1550.6999143726853,1614.889853877518,326.4569897282465,390.64692923307916,3,16.841336158270735,64.18993950483257,1,BestFit,priority_skew,1,completed,"3,6,7"
94,1244.38442813808,1254.9787512989965,1377.8507695178123,10.594323160916474,133.46634137973228,1,52.80022220861702,122.8720182188159,1,BestFit,priority_skew,1,completed,6
95,1249.0539793783614,1262.7139138380442,1314.2897322023264,13.659934459682745,65.23575282396496,2,56.712574047222205,51.5758183642822,1,BestFit,priority_skew,1,completed,"5,7"
96,1262.8735569850553,1264.1084188257446,1373.0653849218832,1.234861840689291,110.19182793682785,1,15.682637511207579,108.95696609613864,1,BestFit,priority_skew,1,completed,2
97,1287.5888544740317,1396.9143834971117,1531.4830226485346,109.32552902307998,243.89416817450297,2,15.369238785982649,134.56863915142293,1,BestFit,priority_skew,1,completed,"4,5"
98,1295.4265182439515,1961.6191046495128,2118.565071750848,666.1925864055613,823.1385535068964,3,59.37897930476126,156.9459671013349,1,BestFit,priority_skew,1,completed,"2,4,5"
99,1297.4859565781321,1486.873794898514,1653.3596195248688,189.3878383203819,355.87366294673666,2,17.328657885445864,166.4858246263548,1,BestFit,priority_skew,1,completed,"0,1"
0,13.412862829656735,13.412862829656735,88.10001866007481,0.0,74.68715583041808,2,53.375363717952744,74.68715583041808,1,PPO,priority_skew,1,completed,"0,1"
1,17.26852713122279,17.26852713122279,196.65111755020325,0.0,179.38259041898047,3,18.99262556642619,179.38259041898047,1,PPO,priority_skew,1,completed,"2,3,4"
2,84.46148803882437,84.46148803882437,145.70998707830222,0.0,61.24849903947785,1,12.098644053894095,61.24849903947785,2,PPO,priority_skew,1,completed,5
3,89.04182695007226,89.04182695007226,129.62954092081938,0.0,40.58771397074712,2,47.08203995825255,40.58771397074711,1,PPO,priority_skew,1,completed,"0,1"
4,90.4838524389073,90.4838524389073,183.4324865259071,0.0,92.9486340869998,1,45.2391177962698,92.94863408699982,1,PPO,priority_skew,1,completed,6
5,112.98131600960465,129.62954092081938,265.86531857079865,16.648224911214726,152.884002561194,2,55.02233780210077,136.23577764997927,1,PPO,priority_skew,1,completed,"0,1"
6,119.21430473278527,237.8825251576892,275.44007139876067,118.66822042490394,156.2257666659754,2,28.59117590264037,37.55754624107148,1,PPO,priority_skew,1,completed,"2,3"
7,126.1070719430816,145.70998707830222,215.97141037467057,19.602915135220613,89.86433843158896,2,23.89316338087134,70.26142329636835,1,PPO,priority_skew,1,completed,"5,7"
8,126.47848996761006,682.6124441418938,826.5587057296909,556.1339541742838,700.0802157620809,4,62.414638634706264,143.94626158779712,2,PPO,priority_skew,1,completed,"1,2,3,4"
9,136.02932159163066,1263.6065385434003,1379.1245754272013,1127.5772169517697,1243.0952538355707,3,50.519036030216476,115.51803688380103,3,PPO,priority_skew,1,completed,"0,5,7"
10,149.04755177097448,475.88419574504985,508.21760510513604,326.8366439740754,359.1700533341616,4,36.01996012126477,32.3334093600862,1,PPO,priority_skew,1,completed,"2,3,4,5"
11,151.9300766628399,196.65111755020325,237.8825251576892,44.72104088736336,85.9524484948493,3,19.918535739058722,41.23140760748596,1,PPO,priority_skew,1,completed,"2,3,4"
12,172.89525991928966,215.97141037467057,358.9748919601372,43.07615045538091,186.07963204084754,2,24.520360797109092,143.00348158546663,1,PPO,priority_skew,1,completed,"5,7"
13,175.50296714045908,508.21760510513604,682.6124441418938,332.71463796467697,507.1094770014347,4,16.346689308759903,174.39483903675773,1,PPO,priority_skew,1,completed,"1,2,3,4"
14,185.33116112841532,880.0436725485366,919.9573257510134,694.7125114201212,734.626164622598,3,55.43190875548886,39.91365320247677,2,PPO,priority_skew,1,completed,"1,2,3"
15,186.94067135156902,265.86531857079865,348.6640027328118,78.92464721922963,161.7233313812428,2,18.518185583666227,82.79868416201319,1,PPO,priority_skew,1,completed,"0,1"
16,198.4769682231611,198.4769682231611,374.4278182843274,0.0,175.95085006116628,1,29.844174908632258,175.95085006116628,2,PPO,priority_skew,1,completed,6
17,204.2565182582064,1641.8013948357973,1745.2454143769842,1437.544876577591,1540.9888961187778,4,46.84287874336325,103.4440195411868,1,PPO,priority_skew,1,completed,"1,2,3,6"
18,212.86577005712908,237.8825251576892,290.07503727363553,25.01675510056012,77.20926721650645,1,60.6923145090665,52.192512115946315,4,PPO,priority_skew,1,completed,4
19,245.97857413746925,348.6640027328118,426.22991097162947,102.68542859534256,180.2513368341602,2,50.46512827221383,77.56590823881764,2,PPO,priority_skew,1,completed,"0,1"
20,259.91000352046643,1081.555599553666,1182.1640715847907,821.6455960331996,922.2540680643242,3,29.36360422783552,100.60847203112473,1,PPO,priority_skew,1,completed,"0,5,7"
21,271.144803803651,275.44007139876067,450.89581755026273,4.295267595109692,179.75101374661176,2,35.64000735683018,175.45574615150207,1,PPO,priority_skew,1,completed,"2,3"
22,306.64439827749584,826.5587057296909,880.0436725485366,519.9143074521951,573.3992742710408,3,32.796177843947724,53.48496681884568,3,PPO,priority_skew,1,completed,"1,2,3"
23,332.03006314936283,2738.503935226013,2807.0653634819346,2406.47387207665,2475.0353003325718,3,8.942327942091929,68.56142825592171,5,PPO,priority_skew,1,completed,"5,6,7"
24,346.60303815761694,358.9748919601372,475.88419574504985,12.371853802520263,129.28115758743292,2,55.54649322411923,116.90930378491268,2,PPO,priority_skew,1,completed,"4,5"
25,350.71065381578717,426.21754276337145,504.2490398926272,75.50688894758429,153.53838607684003,2,43.29779430483478,78.03149712925574,2,PPO,priority_skew,1,completed,"6,7"
26,368.644506966604,426.22991097162947,505.72664215084643,57.58540400502545,137.08213518424242,2,33.02152529712931,79.49673117921697,1,PPO,priority_skew,1,completed,"0,1"
27,370.61644421196786,370.61644421196786,426.21754276337145,0.0,55.601098551403595,1,15.146758443779898,55.601098551403595,1,PPO,priority_skew,1,completed,7
28,475.9030636884077,505.72664215084643,622.5484964352488,29.823578462438718,146.6454327468411,1,52.33274751305907,116.82185428440232,3,PPO,priority_skew,1,completed,0
29,478.8523331742274,504.2490398926272,620.5407915339975,25.3967067183998,141.68845835977015,2,49.012206890233855,116.2917516413704,1,PPO,priority_skew,1,completed,"6,7"
30,509.82891023508125,1088.0066066788213,1120.040384569126,578.17769644374,610.2114743340447,2,22.07098437758058,32.033777890304705,4,PPO,priority_skew,1,completed,"1,2"
31,533.6070534214485,1745.2454143769842,1889.0685019849539,1211.6383609555355,1355.4614485635052,4,38.24062748540227,143.8230876079698,1,PPO,priority_skew,1,completed,"1,2,3,6"
32,537.6060191639012,1308.5872508114874,1358.4742395080966,770.9812316475861,820.8682203441954,4,9.89796602892435,49.886988696609365,2,PPO,priority_skew,1,completed,"1,2,3,6"
33,560.1215807956362,2807.0653634819346,2852.4341689198086,2246.9437826862986,2292.312588124172,3,39.9516174853399,45.36880543787403,4,PPO,priority_skew,1,completed,"1,2,5"
34,560.7192698599051,1358.4742395080966,1401.514699511178,797.7549696481915,840.7954296512728,4,36.57698198536638,43.04046000308123,2,PPO,priority_skew,1,completed,"1,2,3,6"
35,577.6652081675275,577.6652081675275,619.1266441870127,0.0,41.46143601948529,1,23.473528789328554,41.46143601948532,1,PPO,priority_skew,1,completed,5
36,592.6227516462449,620.5407915339975,726.4563242654843,27.918039887752684,133.83357261923948,2,18.74072813651972,105.91553273148682,1,PPO,priority_skew,1,completed,"6,7"
37,593.3630867907657,619.1266441870127,791.7908580856755,25.76355739624705,198.4277712949098,1,61.60848456619809,172.66421389866278,2,PPO,priority_skew,1,completed,5
38,607.1591940866712,726.4563242654843,896.6566168222658,119.29713017881318,289.4974227355947,2,55.3212931278274,170.20029255678153,1,PPO,priority_skew,1,completed,"6,7"
39,654.1103559667996,1855.119086497871,1932.7613080472538,1201.0087305310713,1278.6509520804543,3,14.613892720448087,77.6422215493829,1,PPO,priority_skew,1,completed,"0,4,5"
40,664.1264411499101,1889.0685019849539,1951.362858646126,1224.9420608350438,1287.2364174962158,4,22.58039645149408,62.29435666117208,1,PPO,priority_skew,1,completed,"1,2,3,6"
41,671.1960491214044,1379.1245754272013,1517.6756879453067,707.9285263057969,846.4796388239023,3,13.472076824725843,138.5511125181054,2,PPO,priority_skew,1,completed,"0,5,7"
42,678.7739860782086,678.7739860782086,767.488249220429,0.0,88.71426314222037,1,9.906552607555424,88.7142631422204,2,PPO,priority_skew,1,completed,0
43,693.3547511284472,919.9573257510134,1001.6625808962215,226.60257462256618,308.30782976777425,3,16.75541239460084,81.70525514520813,1,PPO,priority_skew,1,completed,"1,2,3"
44,699.9667608481191,1001.6625808962215,1088.0066066788213,301.6958200481024,388.03984583070223,2,20.12140047994702,86.34402578259979,1,PPO,priority_skew,1,completed,"1,2"
45,703.3215081667739,1001.6625808962215,1072.3279316440635,298.34107272944755,369.00642347728956,1,57.53320577061433,70.66535074784213,1,PPO,priority_skew,1,completed,3
46,716.1556559781404,2852.4341689198086,2887.3128877457652,2136.278512941668,2171.1572317676246,3,11.463428380920075,34.87871882595654,4,PPO,priority_skew,1,completed,"1,2,5"
47,734.1833552024384,1951.362858646126,2025.4195310908067,1217.1795034436875,1291.2361758883683,4,50.188463415188075,74.0566724446808,1,PPO,priority_skew,1,completed,"1,2,3,6"
48,744.3124395296925,1120.040384569126,1279.9509767999216,375.7279450394335,535.6385372702291,1,26.99491399568972,159.91059223079571,1,PPO,priority_skew,1,completed,2
49,772.3268033741173,1072.3279316440635,1240.6167640214373,300.0011282699462,468.2899606473201,2,12.594520336874833,168.2888323773738,2,PPO,priority_skew,1,completed,"3,6"
50,774.1882705636784,2025.4195310908067,2119.968849677089,1251.2312605271281,1345.7805791134106,4,14.337752962599652,94.54931858628228,1,PPO,priority_skew,1,completed,"1,2,3,6"
51,778.4964038545457,1414.6846952283004,1533.306101803486,636.1882913737546,754.8096979489402,1,43.378122763354476,118.62140657518565,1,PPO,priority_skew,1,completed,4
52,780.0600105497983,915.1062765752168,1081.555599553666,135.0462660254185,301.49558900386774,3,52.06050661261192,166.44932297844935,2,PPO,priority_skew,1,completed,"0,5,7"
53,780.3908380360908,2119.968849677089,2166.167514389596,1339.5780116409983,1385.776676353505,4,46.800285010772505,46.19866471250687,1,PPO,priority_skew,1,completed,"1,2,3,6"
54,788.1072312803988,791.7908580856755,915.1062765752168,3.683626805276731,126.99904529481807,2,62.00983504898001,123.31541848954137,3,PPO,priority_skew,1,completed,"0,5"
55,799.0240601422186,1517.6756879453067,1658.511140211133,718.6516278030881,859.4870800689143,1,27.565524096837354,140.83545226582623,1,PPO,priority_skew,1,completed,7
56,825.2576003375564,2159.38646036874,2267.4373806408585,1334.1288600311834,1442.179780303302,3,23.51946675283144,108.05092027211867,1,PPO,priority_skew,1,completed,"0,4,5"
57,834.0407710892874,1533.306101803486,1621.2202753446184,699.2653307141985,787.1795042553309,1,35.94324132919283,87.91417354113241,1,PPO,priority_skew,1,completed,4
58,836.7405788941434,1517.6756879453067,1671.6711154330515,680.9351090511633,834.9305365389081,2,33.65245538722267,153.99542748774476,1,PPO,priority_skew,1,completed,"0,5"
59,836.8295215526078,1401.514699511178,1511.194130493962,564.6851779585701,674.364608941354,4,29.592886404883224,109.67943098278386,2,PPO,priority_skew,1,completed,"1,2,3,6"
60,840.1833488240882,896.6566168222658,1068.1776038199762,56.473267998177676,227.994254995888,2,30.360296755249333,171.52098699771042,2,PPO,priority_skew,1,completed,"4,6"
61,846.6788220381449,1671.6711154330515,1702.118909116226,824.9922933949066,855.4400870780811,2,40.758109911088496,30.44779368317455,1,PPO,priority_skew,1,completed,"0,5"
62,862.2304133751148,2166.167514389596,2343.567503073322,1303.937101014481,1481.337089698207,4,15.718075447523448,177.399988683726,1,PPO,priority_skew,1,completed,"1,2,3,6"
63,865.6903476184546,865.6903476184546,895.0379395582628,0.0,29.34759193980824,1,28.487237634108958,29.347591939808257,2,PPO,priority_skew,1,completed,4
64,875.6205167843403,1621.2202753446184,1654.0110762419174,745.599758560278,778.3905594575771,1,11.830939590336449,32.79080089729902,1,PPO,priority_skew,1,completed,4
65,879.5874724617155,1658.511140211133,1807.3829190320694,778.9236677494174,927.7954465703539,1,40.27605180781243,148.87177882093658,1,PPO,priority_skew,1,completed,7
66,911.4279280643093,1654.0110762419174,1793.362817070129,742.5831481776081,881.9348890058197,1,54.17100006130847,139.35174082821163,1,PPO,priority_skew,1,completed,4
67,982.2835674018422,1702.118909116226,1855.119086497871,719.8353417143837,872.8355190960287,2,53.15554034355599,153.000177381645,1,PPO,priority_skew,1,completed,"0,5"
68,984.4318221461906,1793.362817070129,1852.3216509946224,808.9309949239384,867.8898288484318,1,19.017642821989327,58.958833924493206,1,PPO,priority_skew,1,completed,4
69,993.8544143440558,2267.4373806408585,2364.0827431045686,1273.5829662968026,1370.2283287605128,3,37.24432156524527,96.64536246370997,1,PPO,priority_skew,1,completed,"0,4,5"
70,1007.3014968883,2895.449902327348,2959.9056482519254,1888.148405439048,1952.6041513636255,4,51.60050061516308,64.45574592457733,3,PPO,priority_skew,1,completed,"0,3,4,6"
71,1009.0242465365413,1807.3829190320694,1875.972367503203,798.358672495528,866.9481209666617,1,36.848697001017015,68.58944847113357,1,PPO,priority_skew,1,completed,7
72,1009.926028301953,1932.7613080472538,2052.456314562763,922.8352797453008,1042.53028626081,2,29.07264880847573,119.69500651550923,1,PPO,priority_skew,1,completed,"0,4"
73,1027.0684284735726,2343.567503073322,2496.862666082687,1316.4990745997493,1469.7942376091146,2,10.069743088039019,153.29516300936538,1,PPO,priority_skew,1,completed,"1,2"
74,1052.4188343300946,1068.1776038199762,1236.014903865986,15.758769489881615,183.5960695358915,1,53.51398003133947,167.8373000460099,2,PPO,priority_skew,1,completed,4
75,1061.7939802198655,2428.2726826094013,2518.9813884420473,1366.4787023895358,1457.1874082221818,4,16.99492350989963,90.70870583264605,1,PPO,priority_skew,1,completed,"0,4,5,7"
76,1069.7836985159172,1875.972367503203,2004.0808615782619,806.1886689872858,934.2971630623447,1,29.343701814626442,128.10849407505893,1,PPO,priority_skew,1,completed,7
77,1076.1987589109744,2052.456314562763,2159.38646036874,976.2575556517886,1083.1877014577653,3,27.787643576207287,106.93014580597671,1,PPO,priority_skew,1,completed,"0,4,5"
78,1084.6546557077531,1511.194130493962,1641.8013948357973,426.53947478620876,557.1467391280441,4,62.086374762700245,130.60726434183545,2,PPO,priority_skew,1,completed,"1,2,3,6"
79,1112.952550537381,1120.040384569126,1291.22373019618,7.087834031744933,178.27117965879893,1,28.017801792192202,171.18334562705397,2,PPO,priority_skew,1,completed,1
80,1119.791665741694,1932.7613080472538,2029.1084243033727,812.9696423055598,909.3167585616786,1,19.054078133829105,96.34711625611882,1,PPO,priority_skew,1,completed,5
81,1135.7539864911253,2518.9813884420473,2579.016545828921,1383.227401950922,1443.262559337796,4,42.37811975377007,60.03515738687362,1,PPO,priority_skew,1,completed,"0,4,5,7"
82,1136.6667318821192,1182.1640715847907,1263.6065385434003,45.497339702671525,126.93980666128118,1,43.81042844509947,81.44246695860957,4,PPO,priority_skew,1,completed,7
83,1166.295181878815,1240.6167640214373,1308.5872508114874,74.32158214262245,142.29206893267246,2,30.735371240338296,67.97048679005009,2,PPO,priority_skew,1,completed,"3,6"
84,1169.5279742984412,1182.1640715847907,1248.0026355002478,12.636097286349468,78.47466120180661,2,23.300139831155597,65.83856391545703,3,PPO,priority_skew,1,completed,"0,5"
85,1187.2502513203178,2477.7679727323894,2601.1658761312674,1290.5177214120715,1413.9156248109496,2,61.85725789695564,123.39790339887793,1,PPO,priority_skew,1,completed,"3,6"
86,1191.1803638518145,2004.0808615782619,2075.6144115644915,812.9004977264474,884.434047712677,1,20.13909098842209,71.53354998622974,1,PPO,priority_skew,1,completed,7
87,1192.6073493646393,2887.3128877457652,2963.4767057672993,1694.705538381126,1770.86935640266,3,30.464073025214557,76.1638180215339,4,PPO,priority_skew,1,completed,"1,2,5"
88,1200.0159561226535,2579.016545828921,2605.1831681463373,1379.0005897062676,1405.1672120236838,4,42.37159930116739,26.16662231741593,1,PPO,priority_skew,1,completed,"0,4,5,7"
89,1209.2587278309725,1236.014903865986,1414.6846952283004,26.756176035013596,205.4259673973279,1,19.759776280656574,178.66979136231436,2,PPO,priority_skew,1,completed,4
90,1209.6462884174618,2601.1658761312674,2730.196028555695,1391.5195877138055,1520.5497401382333,2,10.771091939656127,129.03015242442765,1,PPO,priority_skew,1,completed,"3,6"
91,1212.6578088246513,2605.1831681463373,2738.503935226013,1392.525359321686,1525.8461264013615,4,31.319517119099565,133.32076707967548,1,PPO,priority_skew,1,completed,"0,4,5,7"
92,1215.6654513703777,2343.567503073322,2426.1921543681074,1127.9020517029442,1210.5267029977297,2,22.60058442212812,82.62465129478537,1,PPO,priority_skew,1,completed,"3,6"
93,1224.2429246444387,2364.0827431045686,2428.2726826094013,1139.83981846013,1204.0297579649625,3,16.841336158270735,64.18993950483257,1,PPO,priority_skew,1,completed,"0,4,5"
94,1244.38442813808,2166.167514389596,2289.0395326084117,921.7830862515159,1044.6551044703317,1,52.80022220861702,122.8720182188159,1,PPO,priority_skew,1,completed,7
95,1249.0539793783614,2426.1921543681074,2477.7679727323894,1177.138174989746,1228.713993354028,2,56.712574047222205,51.5758183642822,1,PPO,priority_skew,1,completed,"3,6"
96,1262.8735569850553,2289.0395326084117,2397.9964987045505,1026.1659756233564,1135.1229417194952,1,15.682637511207579,108.95696609613864,1,PPO,priority_skew,1,completed,7
97,1287.5888544740317,2496.862666082687,2631.43130523411,1209.2738116086555,1343.8424507600782,2,15.369238785982649,134.56863915142293,1,PPO,priority_skew,1,completed,"1,2"
98,1295.4265182439515,2738.503935226013,2895.449902327348,1443.0774169820613,1600.0233840833964,3,59.37897930476126,156.9459671013349,1,PPO,priority_skew,1,completed,"0,3,4"
99,1297.4859565781321,2631.43130523411,2797.9171298604647,1333.9453486559778,1500.4311732823326,2,17.328657885445864,166.4858246263548,1,PPO,priority_skew,1,completed,"1,2"
0,1.6232642000498312,1.6232642000498312,119.75569243851365,0.0,118.13242823846382,4,24.928988513352515,118.13242823846382,1,FCFS,priority_skew,2,completed,"0,1,2,3"
1,4.358050031525709,4.358050031525709,178.25724334321797,0.0,173.89919331169224,2,58.93944856472751,173.89919331169224,1,FCFS,priority_skew,2,completed,"4,5"
2,10.776537448830862,119.75569243851365,263.0613291559504,108.97915498968278,252.28479170711952,3,39.52929826233084,143.30563671743673,1,FCFS,priority_skew,2,completed,"0,1,2"
3,19.620134998725973,19.620134998725973,112.69535446923625,0.0,93.07521947051028,1,18.34895032807326,93.07521947051028,2,FCFS,priority_skew,2,completed,6
4,34.7845653088465,1314.2344199084357,1461.235286375357,1279.4498545995891,1426.4507210665104,4,56.55048595832682,147.00086646692122,1,FCFS,priority_skew,2,completed,"3,4,5,6"
5,51.531730842125555,1461.235286375357,1579.575758239542,1409.7035555332313,1528.0440273974164,4,62.6916436243625,118.34047186418509,1,FCFS,priority_skew,2,completed,"3,4,5,6"
6,54.6269157153622,54.6269157153622,136.32933441674453,0.0,81.70241870138233,1,42.76222873571229,81.70241870138233,1,FCFS,priority_skew,2,completed,7
7,56.80800160782472,165.4988315358774,317.343787922242,108.69082992805268,260.53578631441724,2,53.05676367352998,151.84495638636457,1,FCFS,priority_skew,2,completed,"6,7"
8,63.12862611524208,187.49324841532393,363.4103423862696,124.36462230008186,300.2817162710275,3,30.736276029211048,175.91709397094564,2,FCFS,priority_skew,2,completed,"3,4,5"
9,70.31827137754945,1496.3031932283388,1523.3412239573624,1425.9849218507893,1453.022952579813,4,62.19108703046182,27.038030729023532,3,FCFS,priority_skew,2,completed,"0,1,2,7"
10,93.41819828029189,263.0613291559504,313.87652521659356,169.64313087565847,220.45832693630166,3,47.963785733692646,50.8151960606432,1,FCFS,priority_skew,2,completed,"0,1,2"
11,97.8757418020428,313.87652521659356,350.75340151526666,216.00078341455077,252.87765971322386,3,24.199563750827476,36.87687629867311,1,FCFS,priority_skew,2,completed,"0,1,2"
12,109.46417104982905,112.69535446923625,165.4988315358774,3.231183419407202,56.03466048604835,1,45.570641642006336,52.803477066641165,1,FCFS,priority_skew,2,completed,6
13,122.8193882545103,1523.3412239573624,1674.2671844804781,1400.521835702852,1551.4477962259677,4,34.073281445217916,150.92596052311575,1,FCFS,priority_skew,2,completed,"0,1,2,7"
14,128.34763310450256,128.34763310450256,187.49324841532393,0.0,59.14561531082137,1,60.85900291991687,59.145615310821356,2,FCFS,priority_skew,2,completed,3
15,163.2146261272741,1579.575758239542,1711.1474933604354,1416.3611321122678,1547.9328672331612,4,28.165461834900817,131.57173512089344,1,FCFS,priority_skew,2,completed,"3,4,5,6"
16,183.87173828134652,350.75340151526666,470.9895192632159,166.88166323392014,287.1177809818694,3,40.95548500664525,120.23611774794924,2,FCFS,priority_skew,2,completed,"0,1,2"
17,219.24032987323045,317.343787922242,375.94382150743013,98.10345804901152,156.70349163419968,2,57.91735688805634,58.60003358518816,1,FCFS,priority_skew,2,completed,"6,7"
18,220.17023662467403,1674.2671844804781,1847.951786227767,1454.096947855804,1627.7815496030928,4,39.854376270590606,173.68460174728875,2,FCFS,priority_skew,2,completed,"0,1,2,7"
19,222.09152431076603,363.4103423862696,539.0450709959694,141.31881807550354,316.9535466852033,2,49.352782837499234,175.63472860969978,1,FCFS,priority_skew,2,completed,"3,4"
20,223.18847201357636,363.4103423862696,430.6775435734269,140.22187037269322,207.48907155985052,1,31.662286903858522,67.2672011871573,2,FCFS,priority_skew,2,completed,5
21,230.97311319910102,375.94382150743013,420.505660313194,144.9707083083291,189.532547114093,2,61.29597956589401,44.5618388057639,1,FCFS,priority_skew,2,completed,"6,7"
22,253.99061054984625,1711.1474933604354,1877.3465079034781,1457.1568828105892,1623.355897353632,4,35.6179493285434,166.19901454304278,2,FCFS,priority_skew,2,completed,"3,4,5,6"
23,273.1661643755693,470.9895192632159,508.87191736227305,197.82335488764664,235.70575298670377,3,57.40190055419187,37.88239809905715,1,FCFS,priority_skew,2,completed,"0,1,2"
24,282.98060542865704,420.505660313194,594.5566462021246,137.52505488453698,311.5760407734676,1,54.44189191402234,174.05098588893063,1,FCFS,priority_skew,2,completed,6
25,296.8067440134128,420.505660313194,556.95865207767,123.69891629978122,260.15190806425716,1,52.198204056808244,136.4529917644759,3,FCFS,priority_skew,2,completed,7
26,308.9690561753446,1847.951786227767,1905.9394472628421,1538.9827300524223,1596.9703910874975,4,48.0275222657288,57.98766103507519,1,FCFS,priority_skew,2,completed,"0,1,2,7"
27,323.34601883949387,508.87191736227305,535.625992786763,185.5258985227792,212.27997394726918,2,49.731427511383345,26.754075424489976,2,FCFS,priority_skew,2,completed,"0,1"
28,330.28968515467926,978.5624731143592,1141.2077777337752,648.27278795968,810.9180925790959,3,35.295710124736345,162.64530461941595,1,FCFS,priority_skew,2,completed,"3,4,6"
29,336.60534413241356,535.625992786763,612.4339043132022,199.0206486543495,275.82856018078866,2,34.22616538397606,76.80791152643913,1,FCFS,priority_skew,2,completed,"0,1"
30,339.32647904838666,430.6775435734269,578.518742238798,91.35106452504021,239.19226319041138,1,18.171298312639813,147.8411986653712,2,FCFS,priority_skew,2,completed,5
31,344.075354020476,539.0450709959694,714.741870238212,194.96971697549333,370.66651621773593,2,23.8553221588077,175.69679924224258,1,FCFS,priority_skew,2,completed,"3,4"
32,361.50574036774526,508.87191736227305,571.3081397905354,147.3661769945278,209.80239942279013,1,49.060528683118235,62.436222428262354,1,FCFS,priority_skew,2,completed,2
33,372.15649640169073,1141.2077777337752,1314.2344199084357,769.0512813320845,942.077923506745,3,57.9864890914557,173.02664217466062,1,FCFS,priority_skew,2,completed,"3,4,6"
34,396.09188860406994,612.4339043132022,728.0450352171608,216.34201570913228,331.9531466130909,2,32.2293754888303,115.61113090395865,4,FCFS,priority_skew,2,completed,"0,1"
35,405.10001022655877,556.95865207767,735.0151064690251,151.8586418511112,329.91509624246635,1,61.95578257193267,178.05645439135515,1,FCFS,priority_skew,2,completed,7
36,409.76090213847,1877.3465079034781,1934.370875221539,1467.585605765008,1524.6099730830692,4,32.40867204796896,57.02436731806087,1,FCFS,priority_skew,2,completed,"3,4,5,6"
37,423.0075698301804,1905.9394472628421,1983.2917238686352,1482.9318774326616,1560.2841540384547,3,17.448788930339184,77.35227660579307,1,FCFS,priority_skew,2,completed,"0,1,2"
38,467.0192459050374,571.3081397905354,690.9731435812831,104.288893885498,223.95389767624573,1,10.50048316951289,119.6650037907477,1,FCFS,priority_skew,2,completed,2
39,478.9294143447016,578.518742238798,682.7345405623657,99.58932789409641,203.8051262176641,1,21.63896817359408,104.21579832356764,1,FCFS,priority_skew,2,completed,5
40,491.91434775210274,1934.370875221539,2010.8976122573124,1442.4565274694364,1518.9832645052097,4,60.22936430588568,76.52673703577328,2,FCFS,priority_skew,2,completed,"3,4,5,6"
41,495.6227437955628,1983.2917238686352,2153.6756277111926,1487.6689800730724,1658.0528839156298,3,20.25933733977765,170.38390384255746,2,FCFS,priority_skew,2,completed,"0,1,2"
42,502.873000768841,2010.8976122573124,2056.3618299554782,1508.0246114884715,1553.4888291866373,4,22.394859410457148,45.46421769816597,1,FCFS,priority_skew,2,completed,"3,4,5,6"
43,527.6177084865624,594.5566462021246,746.2479171082048,66.93893771556225,218.6302086216424,1,25.18073597343152,151.69127090608012,1,FCFS,priority_skew,2,completed,6
44,533.4755771207434,2056.3618299554782,2119.145546771189,1522.886252834735,1585.6699696504456,3,31.46824820298203,62.78371681571066,2,FCFS,priority_skew,2,completed,"3,4,5"
45,534.8508721892592,714.741870238212,781.0184398617766,179.89099804895272,246.1675676725174,2,11.291749832576736,66.2765696235647,1,FCFS,priority_skew,2,completed,"3,4"
46,549.8131905391443,728.0450352171608,776.8846132345546,178.2318446780165,227.07142269541032,2,49.336723869405745,48.83957801739378,1,FCFS,priority_skew,2,completed,"0,1"
47,552.9599290707816,682.7345405623657,823.6282425092277,129.7746114915841,270.66831343844603,1,11.1626874791502,140.89370194686197,1,FCFS,priority_skew,2,completed,5
48,556.2136169090642,776.8846132345546,800.3726443887763,220.67099632549048,244.1590274797121,2,20.165221723018384,23.488031154221574,1,FCFS,priority_skew,2,completed,"0,1"
49,557.2252816654945,2119.145546771189,2273.136871645588,1561.9202651056944,1715.9115899800936,3,51.62757575663276,153.99132487439925,1,FCFS,priority_skew,2,completed,"3,4,5"
50,567.2513333260225,781.0184398617766,884.5567656335327,213.76710653575412,317.30543230751016,2,10.819539848927846,103.53832577175604,1,FCFS,priority_skew,2,completed,"3,4"
51,576.2897495331961,2153.6756277111926,2209.138319171626,1577.3858781779966,1632.8485696384298,4,32.58835056723255,55.462691460433234,3,FCFS,priority_skew,2,completed,"0,1,2,6"
52,587.4289067108608,690.9731435812831,728.4275722085497,103.54423687042231,140.99866549768888,1,60.93634791400195,37.45442862726661,1,FCFS,priority_skew,2,completed,2
53,620.771068718562,800.3726443887763,933.8822112723471,179.6015756702143,313.11114255378516,2,32.83291625060625,133.5095668835709,1,FCFS,priority_skew,2,completed,"0,1"
54,625.7035976467471,728.4275722085497,798.1926055950372,102.7239745618026,172.48900794829012,1,11.945147390121369,69.76503338648756,2,FCFS,priority_skew,2,completed,2
55,647.7595552145294,884.5567656335327,978.5624731143592,236.79721041900325,330.8029178998298,2,13.9310379470454,94.0057074808266,1,FCFS,priority_skew,2,completed,"3,4"
56,652.0766324486267,735.0151064690251,885.2336548504538,82.93847402039842,233.15702240182713,1,14.793668706079359,150.21854838142875,2,FCFS,priority_skew,2,completed,7
57,671.2901725107934,746.2479171082048,828.9104679599592,74.95774459741142,157.62029544916584,1,29.249541616361658,82.66255085175445,2,FCFS,priority_skew,2,completed,6
58,674.7345459516014,2209.138319171626,2376.244508968758,1534.4037732200245,1701.5099630171567,4,59.29685475892877,167.10618979713212,1,FCFS,priority_skew,2,completed,"0,1,2,6"
59,680.3903375009197,2273.136871645588,2380.283705875266,1592.7465341446684,1699.8933683743464,3,44.91157439027455,107.1468342296782,1,FCFS,priority_skew,2,completed,"3,4,5"
60,684.5156584997873,2376.244508968758,2484.6736533977482,1691.728850468971,1800.157994897961,4,48.38584839580407,108.42914442898999,2,FCFS,priority_skew,2,completed,"0,1,2,6"
61,685.8640334732604,933.8822112723471,1106.358634143416,248.01817779908674,420.4946006701557,2,35.27610467502911,172.47642287106885,2,FCFS,priority_skew,2,completed,"0,1"
62,695.6423402737738,2380.283705875266,2547.0961181009307,1684.6413656014925,1851.453777827157,3,53.59013244998815,166.81241222566447,2,FCFS,priority_skew,2,completed,"3,4,5"
63,703.1367762947622,798.1926055950372,877.0580450074063,95.05582930027504,173.92126871264418,1,27.214061875533424,78.86543941236911,1,FCFS,priority_skew,2,completed,2
64,703.6701047334146,2484.6736533977482,2640.750481958537,1781.0035486643337,1937.0803772251224,4,34.43543535447846,156.07682856078856,2,FCFS,priority_skew,2,completed,"0,1,2,6"
65,721.8569654782904,823.6282425092277,979.178749618553,101.77127703093731,257.3217841402626,1,45.083138485659205,155.55050710932528,2,FCFS,priority_skew,2,completed,5
66,727.0801669195905,1106.358634143416,1185.1618348569689,379.2784672238256,458.08166793737837,2,52.97668430175662,78.80320071355287,3,FCFS,priority_skew,2,completed,"0,1"
67,763.5683814792415,828.9104679599592,863.6147800533316,65.34208648071774,100.04639857409018,1,26.28302172786374,34.70431209337242,2,FCFS,priority_skew,2,completed,6
68,779.6011429545453,2547.0961181009307,2633.0038862758806,1767.4949751463855,1853.4027433213355,4,56.73200802830628,85.90776817494987,2,FCFS,priority_skew,2,completed,"3,4,5,7"
69,781.8537238877365,863.6147800533316,970.6288212545804,81.76105616559516,188.77509736684397,1,10.943833507801447,107.01404120124884,2,FCFS,priority_skew,2,completed,6
70,789.668757327981,2633.0038862758806,2675.8875047305246,1843.3351289478996,1886.2187474025436,3,42.07027799820403,42.88361845464394,1,FCFS,priority_skew,2,completed,"3,4,5"
71,804.7187621633262,877.0580450074063,996.1917042704597,72.33928284408012,191.47294210713346,1,28.455971509548878,119.13365926305339,1,FCFS,priority_skew,2,completed,2
72,869.8253621238966,1185.1618348569689,1319.701937390527,315.33647273307224,449.8765752666304,2,51.75036883334848,134.54010253355813,1,FCFS,priority_skew,2,completed,"0,1"
73,899.152245292204,899.152245292204,1029.904988050496,0.0,130.75274275829202,1,23.792168852067817,130.75274275829196,1,FCFS,priority_skew,2,completed,7
74,906.5641613966617,2640.750481958537,2693.044932835578,1734.1863205618752,1786.4807714389162,4,56.98226105758178,52.29445087704106,2,FCFS,priority_skew,2,completed,"0,1,2,6"
75,915.7708729112486,1249.2742013477578,1372.6310214706348,333.50332843650915,456.8601485593862,2,42.59780271748866,123.35682012287711,2,FCFS,priority_skew,2,completed,"2,7"
76,945.0839344939869,2675.8875047305246,2843.180921047658,1730.8035702365378,1898.0969865536713,4,57.33303732377337,167.29341631713334,1,FCFS,priority_skew,2,completed,"3,4,5,7"
77,956.1972871279564,2693.044932835578,2856.464786200762,1736.8476457076217,1900.2674990728055,3,17.177627468676167,163.41985336518374,1,FCFS,priority_skew,2,completed,"0,1,2"
78,986.9350053251209,986.9350053251209,1161.5126994817165,0.0,174.5776941565956,1,53.09439149608211,174.57769415659556,2,FCFS,priority_skew,2,completed,5
79,987.88772456157,996.1917042704597,1076.2877631783017,8.303979708889642,88.40003861673165,1,36.936901927462216,80.09605890784194,4,FCFS,priority_skew,2,completed,2
80,989.4214312405517,1029.904988050496,1051.685591025754,40.48355680994439,62.26415978520242,1,43.229237179697094,21.780602975258017,1,FCFS,priority_skew,2,completed,7
81,994.341061640381,2843.180921047658,3008.307387435623,1848.8398594072771,2013.9663257952418,3,8.755539122486017,165.12646638796468,1,FCFS,priority_skew,2,completed,"3,4,5"
82,1011.7334637226872,1319.701937390527,1372.1982343955003,307.9684736678398,360.4647706728131,2,40.623792538373635,52.49629700497316,1,FCFS,priority_skew,2,completed,"0,1"
83,1046.733149794387,1051.685591025754,1209.910981586815,4.952441231367175,163.17783179242815,1,61.18833525847667,158.22539056106092,1,FCFS,priority_skew,2,completed,7
84,1046.9517012334927,2856.464786200762,2960.1507194336336,1809.5130849672692,1913.199018200141,3,30.365864650755157,103.6859332328717,1,FCFS,priority_skew,2,completed,"0,1,2"
85,1052.780813652343,2960.1507194336336,3029.2824724179427,1907.3699057812905,1976.5016587655996,4,63.9976528427705,69.13175298430913,2,FCFS,priority_skew,2,completed,"0,1,2,6"
86,1052.9661927049262,3008.307387435623,3044.948435832505,1955.3411947306965,1991.9822431275786,4,46.579706064374065,36.64104839688213,1,FCFS,priority_skew,2,completed,"3,4,5,7"
87,1060.776859882821,3029.2824724179427,3139.3854219435016,1968.5056125351216,2078.6085620606805,3,63.8346521267269,110.10294952555901,1,FCFS,priority_skew,2,completed,"0,1,2"
88,1062.087358021167,3044.948435832505,3184.2470800501296,1982.861077811338,2122.1597220289627,3,26.47734051927282,139.29864421762468,1,FCFS,priority_skew,2,completed,"3,4,5"
89,1064.56966077296,1076.2877631783017,1201.4090458500416,11.718102405341597,136.8393850770815,1,10.723739879104269,125.12128267173999,3,FCFS,priority_skew,2,completed,2
90,1101.0383762059566,3139.3854219435016,3200.54731143368,2038.347045737545,2099.5089352277237,3,42.961178562607095,61.16188949017861,1,FCFS,priority_skew,2,completed,"0,1,2"
91,1109.1421828689217,1372.1982343955003,1427.24887049438,263.0560515265786,318.10668762545833,2,34.598735142562234,55.05063609887975,1,FCFS,priority_skew,2,completed,"0,1"
92,1114.1664758507122,1372.6310214706348,1496.3031932283388,258.46454561992255,382.1367173776266,2,59.7425963271761,123.672171757704,1,FCFS,priority_skew,2,completed,"2,7"
93,1115.0931186125295,1161.5126994817165,1314.17713565671,46.41958086918703,199.08401704418065,1,18.81401144824031,152.6644361749936,1,FCFS,priority_skew,2,completed,5
94,1129.4385740768078,3184.2470800501296,3312.2817762557875,2054.808505973322,2182.8432021789795,4,9.305811926897862,128.03469620565787,1,FCFS,priority_skew,2,completed,"3,4,5,6"
95,1132.430051057517,1427.24887049438,1474.405742406503,294.8188194368631,341.97569134898595,2,55.06208868277173,47.15687191212277,2,FCFS,priority_skew,2,completed,"0,1"
96,1141.5688688416642,3200.54731143368,3339.965671912581,2058.978442592016,2198.3968030709166,4,54.150784839131674,139.41836047890078,1,FCFS,priority_skew,2,completed,"0,1,2,7"
97,1141.653063453071,3312.2817762557875,3435.366803166175,2170.6287128027166,2293.713739713104,4,10.654782315380714,123.08502691038767,1,FCFS,priority_skew,2,completed,"3,4,5,6"
98,1152.5323011436687,3339.965671912581,3379.2901439342027,2187.433370768912,2226.7578427905337,3,30.910904689759484,39.32447202162167,1,FCFS,priority_skew,2,completed,"0,1,2"
99,1162.82477562426,1201.4090458500416,1249.2742013477578,38.584270225781665,86.44942572349782,1,55.658419473275295,47.86515549771613,2,FCFS,priority_skew,2,completed,2
0,1.6232642000498312,1.6232642000498312,119.75569243851365,0.0,118.13242823846382,4,24.928988513352515,118.13242823846382,1,SJF,priority_skew,2,completed,"0,1,2,3"
1,4.358050031525709,4.358050031525709,178.25724334321797,0.0,173.89919331169224,2,58.93944856472751,173.89919331169224,1,SJF,priority_skew,2,completed,"4,5"
2,10.776537448830862,2146.5370429426935,2289.84267966013,2135.7605054938626,2279.0661422112994,3,39.52929826233084,143.30563671743673,1,SJF,priority_skew,2,completed,"0,4,5"
3,19.620134998725973,19.620134998725973,112.69535446923625,0.0,93.07521947051028,1,18.34895032807326,93.07521947051028,2,SJF,priority_skew,2,completed,6
4,34.7845653088465,2205.623262491725,2352.6241289586465,2170.8386971828786,2317.8395636498,4,56.55048595832682,147.00086646692122,1,SJF,priority_skew,2,completed,"1,2,3,6"
5,51.531730842125555,1760.863230655226,1879.203702519411,1709.3314998131004,1827.6719716772855,4,62.6916436243625,118.34047186418509,1,SJF,priority_skew,2,completed,"0,4,5,6"
6,54.6269157153622,54.6269157153622,136.32933441674453,0.0,81.70241870138233,1,42.76222873571229,81.70241870138233,1,SJF,priority_skew,2,completed,7
7,56.80800160782472,165.4988315358774,317.343787922242,108.69082992805268,260.53578631441724,2,53.05676367352998,151.84495638636457,1,SJF,priority_skew,2,completed,"3,6"
8,63.12862611524208,3341.519695557885,3517.4367895288306,3278.3910694426427,3454.3081634135883,3,30.736276029211048,175.91709397094564,2,SJF,priority_skew,2,completed,"1,2,3"
9,70.31827137754945,119.75569243851365,146.79372316753717,49.4374210609642,76.47545178998772,4,62.19108703046182,27.038030729023532,3,SJF,priority_skew,2,completed,"0,1,2,3"
10,93.41819828029189,183.67059946621026,234.48579552685345,90.25240118591837,141.06759724656155,3,47.963785733692646,50.8151960606432,1,SJF,priority_skew,2,completed,"0,1,2"
11,97.8757418020428,146.79372316753717,183.67059946621026,48.91798136549437,85.79485766416747,3,24.199563750827476,36.87687629867311,1,SJF,priority_skew,2,completed,"0,1,2"
12,109.46417104982905,112.69535446923625,165.4988315358774,3.231183419407202,56.03466048604835,1,45.570641642006336,52.803477066641165,1,SJF,priority_skew,2,completed,6
13,122.8193882545103,2289.84267966013,2440.768640183246,2167.02329140562,2317.949251928736,4,34.073281445217916,150.92596052311575,1,SJF,priority_skew,2,completed,"0,4,5,7"
14,128.34763310450256,136.32933441674453,195.4749497275659,7.981701312241967,67.12731662306334,1,60.85900291991687,59.145615310821356,2,SJF,priority_skew,2,completed,7
15,163.2146261272741,1934.6331668919308,2066.2049020128243,1771.4185407646567,1902.99027588555,4,28.165461834900817,131.57173512089344,1,SJF,priority_skew,2,completed,"1,2,3,7"
16,183.87173828134652,195.4749497275659,315.71106747551516,11.603211446219376,131.83932919416864,3,40.95548500664525,120.23611774794924,2,SJF,priority_skew,2,completed,"4,5,7"
17,219.24032987323045,279.04763433261735,337.6476679178055,59.8073044593869,118.40733804457506,2,57.91735688805634,58.60003358518816,1,SJF,priority_skew,2,completed,"0,1"
18,220.17023662467403,3263.954430291951,3437.63903203924,3043.784193667277,3217.468795414566,4,39.854376270590606,173.68460174728875,2,SJF,priority_skew,2,completed,"0,4,5,6"
19,222.09152431076603,364.4017433422955,540.0364719519953,142.31021903152947,317.94494764122925,2,49.352782837499234,175.63472860969978,1,SJF,priority_skew,2,completed,"0,1"
20,223.18847201357636,234.48579552685345,301.75299671401075,11.297323513277092,78.56452470043439,1,31.662286903858522,67.2672011871573,2,SJF,priority_skew,2,completed,2
21,230.97311319910102,234.48579552685345,279.04763433261735,3.5126823277524295,48.07452113351633,2,61.29597956589401,44.5618388057639,1,SJF,priority_skew,2,completed,"0,1"
22,253.99061054984625,2760.2653221092187,2926.4643366522614,2506.2747115593725,2672.473726102415,4,35.6179493285434,166.19901454304278,2,SJF,priority_skew,2,completed,"0,4,5,6"
23,273.1661643755693,315.71106747551516,353.5934655745723,42.544903099945884,80.42730119900301,3,57.40190055419187,37.88239809905715,1,SJF,priority_skew,2,completed,"4,5,7"
24,282.98060542865704,317.343787922242,491.3947738111726,34.36318249358493,208.41416838251558,1,54.44189191402234,174.05098588893063,1,SJF,priority_skew,2,completed,3
25,296.8067440134128,301.75299671401075,438.2059884784867,4.946252700597938,141.39924446507388,1,52.198204056808244,136.4529917644759,3,SJF,priority_skew,2,completed,2
26,308.9690561753446,1517.9196881553876,1575.9073491904628,1208.950631980043,1266.9382930151182,4,48.0275222657288,57.98766103507519,1,SJF,priority_skew,2,completed,"0,5,6,7"
27,323.34601883949387,337.6476679178055,364.4017433422955,14.301649078311641,41.05572450280164,2,49.731427511383345,26.754075424489976,2,SJF,priority_skew,2,completed,"0,1"
28,330.28968515467926,2506.6154538330456,2669.2607584524617,2176.3257686783663,2338.9710732977824,3,35.295710124736345,162.64530461941595,1,SJF,priority_skew,2,completed,"1,2,3"
29,336.60534413241356,353.5934655745723,430.4013771010114,16.98812144215873,93.79603296859784,2,34.22616538397606,76.80791152643913,1,SJF,priority_skew,2,completed,"4,5"
30,339.32647904838666,339.32647904838666,487.1676777137578,0.0,147.84119866537117,1,18.171298312639813,147.8411986653712,2,SJF,priority_skew,2,completed,6
31,344.075354020476,546.0125080049701,721.7093072472127,201.93715398449405,377.63395322673665,2,23.8553221588077,175.69679924224258,1,SJF,priority_skew,2,completed,"4,5"
32,361.50574036774526,361.50574036774526,423.9419627960076,0.0,62.43622242826234,1,49.060528683118235,62.436222428262354,1,SJF,priority_skew,2,completed,7
33,372.15649640169073,3168.4930533832244,3341.519695557885,2796.3365569815337,2969.3631991561942,3,57.9864890914557,173.02664217466062,1,SJF,priority_skew,2,completed,"1,2,3"
34,396.09188860406994,430.4013771010114,546.0125080049701,34.30948849694147,149.92061940090014,2,32.2293754888303,115.61113090395865,4,SJF,priority_skew,2,completed,"4,5"
35,405.10001022655877,423.9419627960076,601.9984171873627,18.841952569448836,196.89840696080398,1,61.95578257193267,178.05645439135515,1,SJF,priority_skew,2,completed,7
36,409.76090213847,1489.3813019786642,1546.4056692967251,1079.6203998401943,1136.644767158255,4,32.40867204796896,57.02436731806087,1,SJF,priority_skew,2,completed,"1,2,3,4"
37,423.0075698301804,957.7852228573767,1035.1374994631697,534.7776530271963,612.1299296329893,3,17.448788930339184,77.35227660579307,1,SJF,priority_skew,2,completed,"1,3,5"
38,467.0192459050374,467.0192459050374,586.6842496957851,0.0,119.66500379074768,1,10.50048316951289,119.6650037907477,1,SJF,priority_skew,2,completed,2
39,478.9294143447016,487.1676777137578,591.3834760373254,8.238263369056199,112.45406169262378,1,21.63896817359408,104.21579832356764,1,SJF,priority_skew,2,completed,6
40,491.91434775210274,1575.9073491904628,1652.434086226236,1083.9930014383601,1160.5197384741334,4,60.22936430588568,76.52673703577328,2,SJF,priority_skew,2,completed,"0,5,6,7"
41,495.6227437955628,3093.5705264493936,3263.954430291951,2597.947782653831,2768.3316864963886,3,20.25933733977765,170.38390384255746,2,SJF,priority_skew,2,completed,"0,4,5"
42,502.873000768841,1391.622633403457,1437.086851101623,888.7496326346161,934.2138503327822,4,22.394859410457148,45.46421769816597,1,SJF,priority_skew,2,completed,"1,2,3,4"
43,527.6177084865624,527.6177084865624,679.3089793926425,0.0,151.69127090608015,1,25.18073597343152,151.69127090608012,1,SJF,priority_skew,2,completed,3
44,533.4755771207434,895.001506041666,957.7852228573767,361.5259289209225,424.30964573663323,3,31.46824820298203,62.78371681571066,2,SJF,priority_skew,2,completed,"1,3,5"
45,534.8508721892592,540.0364719519953,606.31304157556,5.185599762736047,71.46216938630073,2,11.291749832576736,66.2765696235647,1,SJF,priority_skew,2,completed,"0,1"
46,549.8131905391443,629.8010727297815,678.6406507471753,79.98788219063715,128.82746020803097,2,49.336723869405745,48.83957801739378,1,SJF,priority_skew,2,completed,"0,1"
47,552.9599290707816,586.6842496957851,727.577951642647,33.72432062500343,174.61802257186537,1,11.1626874791502,140.89370194686197,1,SJF,priority_skew,2,completed,2
48,556.2136169090642,606.31304157556,629.8010727297815,50.09942466649579,73.58745582071731,2,20.165221723018384,23.488031154221574,1,SJF,priority_skew,2,completed,"0,1"
49,557.2252816654945,2352.6241289586465,2506.6154538330456,1795.398847293152,1949.390172167551,3,51.62757575663276,153.99132487439925,1,SJF,priority_skew,2,completed,"1,2,3"
50,567.2513333260225,721.7093072472127,825.2476330189687,154.45797392119016,257.9962996929462,2,10.819539848927846,103.53832577175604,1,SJF,priority_skew,2,completed,"4,5"
51,576.2897495331961,1462.4569966949543,1517.9196881553876,886.1672471617583,941.6299386221915,4,32.58835056723255,55.462691460433234,3,SJF,priority_skew,2,completed,"0,5,6,7"
52,587.4289067108608,591.3834760373254,628.837904664592,3.9545693264645934,41.40899795373116,1,60.93634791400195,37.45442862726661,1,SJF,priority_skew,2,completed,6
53,620.771068718562,802.2951808300554,935.8047477136263,181.52411211149342,315.0336789950643,2,32.83291625060625,133.5095668835709,1,SJF,priority_skew,2,completed,"0,6"
54,625.7035976467471,625.7035976467471,695.4686310332346,0.0,69.76503338648752,1,11.945147390121369,69.76503338648756,2,SJF,priority_skew,2,completed,7
55,647.7595552145294,679.3089793926425,773.3146868734691,31.5494241781131,125.55513165893967,2,13.9310379470454,94.0057074808266,1,SJF,priority_skew,2,completed,"1,3"
56,652.0766324486267,652.0766324486267,802.2951808300554,0.0,150.21854838142872,1,14.793668706079359,150.21854838142875,2,SJF,priority_skew,2,completed,6
57,671.2901725107934,678.6406507471753,761.3032015989297,7.350478236381946,90.01302908813636,1,29.249541616361658,82.66255085175445,2,SJF,priority_skew,2,completed,0
58,674.7345459516014,2926.4643366522614,3093.5705264493936,2251.72979070066,2418.835980497792,4,59.29685475892877,167.10618979713212,1,SJF,priority_skew,2,completed,"0,4,5,6"
59,680.3903375009197,1355.310162465276,1462.4569966949543,674.9198249643564,782.0666591940346,3,44.91157439027455,107.1468342296782,1,SJF,priority_skew,2,completed,"0,5,6"
60,684.5156584997873,1652.434086226236,1760.863230655226,967.9184277264488,1076.3475721554387,4,48.38584839580407,108.42914442898999,2,SJF,priority_skew,2,completed,"0,5,6,7"
61,685.8640334732604,1059.1615678365033,1231.637990707572,373.2975343632429,545.7739572343116,2,35.27610467502911,172.47642287106885,2,SJF,priority_skew,2,completed,"0,6"
62,695.6423402737738,2834.3872248404264,3001.199637066091,2138.7448845666527,2305.557296792317,3,53.59013244998815,166.81241222566447,2,SJF,priority_skew,2,completed,"1,2,3"
63,703.1367762947622,703.1367762947622,782.0022157071313,0.0,78.86543941236914,1,27.214061875533424,78.86543941236911,1,SJF,priority_skew,2,completed,7
64,703.6701047334146,2440.768640183246,2596.845468744035,1737.0985354498316,1893.1753640106203,4,34.43543535447846,156.07682856078856,2,SJF,priority_skew,2,completed,"0,4,5,6"
65,721.8569654782904,727.577951642647,883.1284587519723,5.7209861643566455,161.27149327368193,1,45.083138485659205,155.55050710932528,2,SJF,priority_skew,2,completed,2
66,727.0801669195905,773.3146868734691,852.117887587022,46.23451995387859,125.03772066743147,2,52.97668430175662,78.80320071355287,3,SJF,priority_skew,2,completed,"1,3"
67,763.5683814792415,763.5683814792415,798.2726935726139,0.0,34.70431209337244,1,26.28302172786374,34.70431209337242,2,SJF,priority_skew,2,completed,0
68,779.6011429545453,1615.5374222810342,1701.4451904559842,835.936279326489,921.8440475014389,4,56.73200802830628,85.90776817494987,2,SJF,priority_skew,2,completed,"1,2,3,4"
69,781.8537238877365,782.0022157071313,889.0162569083801,0.1484918193948488,107.16253302064365,1,10.943833507801447,107.01404120124884,2,SJF,priority_skew,2,completed,7
70,789.668757327981,852.117887587022,895.001506041666,62.449130259041,105.33274871368496,3,42.07027799820403,42.88361845464394,1,SJF,priority_skew,2,completed,"1,3,5"
71,804.7187621633262,825.2476330189687,944.3812922820221,20.52887085564248,139.66253011869583,1,28.455971509548878,119.13365926305339,1,SJF,priority_skew,2,completed,4
72,869.8253621238966,889.0162569083801,1023.5563594419382,19.190894784483476,153.73099731804155,2,51.75036883334848,134.54010253355813,1,SJF,priority_skew,2,completed,"2,7"
73,899.152245292204,944.3812922820221,1075.134035040314,45.229046989818016,175.98178974811003,1,23.792168852067817,130.75274275829196,1,SJF,priority_skew,2,completed,4
74,906.5641613966617,1437.086851101623,1489.3813019786642,530.5226897049614,582.8171405820025,4,56.98226105758178,52.29445087704106,2,SJF,priority_skew,2,completed,"1,2,3,4"
75,915.7708729112486,935.8047477136263,1059.1615678365033,20.03387480237768,143.3906949252547,2,42.59780271748866,123.35682012287711,2,SJF,priority_skew,2,completed,"0,6"
76,945.0839344939869,3001.199637066091,3168.4930533832244,2056.115702572104,2223.4091188892376,4,57.33303732377337,167.29341631713334,1,SJF,priority_skew,2,completed,"1,2,3,7"
77,956.1972871279564,2596.845468744035,2760.2653221092187,1640.6481816160785,1804.0680349812624,3,17.177627468676167,163.41985336518374,1,SJF,priority_skew,2,completed,"0,4,5"
78,986.9350053251209,1035.1374994631697,1209.7151936197652,48.20249413804879,222.7801882946443,1,53.09439149608211,174.57769415659556,2,SJF,priority_skew,2,completed,5
79,987.88772456157,1023.5563594419382,1103.6524183497802,35.66863488036813,115.76469378821014,1,36.936901927462216,80.09605890784194,4,SJF,priority_skew,2,completed,7
80,989.4214312405517,1023.5563594419382,1045.3369624171962,34.134928201386515,55.91553117664455,1,43.229237179697094,21.780602975258017,1,SJF,priority_skew,2,completed,2
81,994.341061640381,2669.2607584524617,2834.3872248404264,1674.9196968120807,1840.0461632000454,3,8.755539122486017,165.12646638796468,1,SJF,priority_skew,2,completed,"1,2,3"
82,1011.7334637226872,1035.1374994631697,1087.633796468143,23.404035740482414,75.90033274545567,2,40.623792538373635,52.49629700497316,1,SJF,priority_skew,2,completed,"1,3"
83,1046.733149794387,1046.733149794387,1204.958540355448,0.0,158.22539056106098,1,61.18833525847667,158.22539056106092,1,SJF,priority_skew,2,completed,2
84,1046.9517012334927,1251.2956517737032,1354.981585006575,204.34395054021047,308.02988377308225,3,30.365864650755157,103.6859332328717,1,SJF,priority_skew,2,completed,"1,3,4"
85,1052.780813652343,1546.4056692967251,1615.5374222810342,493.624855644382,562.7566086286911,4,63.9976528427705,69.13175298430913,2,SJF,priority_skew,2,completed,"1,2,3,4"
86,1052.9661927049262,1354.981585006575,1391.622633403457,302.0153923016487,338.6564406985308,4,46.579706064374065,36.64104839688213,1,SJF,priority_skew,2,completed,"1,2,3,4"
87,1060.776859882821,1701.4451904559842,1811.5481399815433,640.6683305731631,750.7712800987222,3,63.8346521267269,110.10294952555901,1,SJF,priority_skew,2,completed,"1,2,3"
88,1062.087358021167,2007.238398725069,2146.5370429426935,945.151040703902,1084.4496849215266,3,26.47734051927282,139.29864421762468,1,SJF,priority_skew,2,completed,"0,4,5"
89,1064.56966077296,1075.134035040314,1200.255317712054,10.56437426735397,135.68565693909386,1,10.723739879104269,125.12128267173999,3,SJF,priority_skew,2,completed,4
90,1101.0383762059566,1103.6524183497802,1164.8143078399587,2.6140421438235535,63.77593163400206,3,42.961178562607095,61.16188949017861,1,SJF,priority_skew,2,completed,"1,3,7"
91,1109.1421828689217,1209.7151936197652,1264.765829718645,100.57301075084342,155.62364684972317,2,34.598735142562234,55.05063609887975,1,SJF,priority_skew,2,completed,"2,5"
92,1114.1664758507122,1231.637990707572,1355.310162465276,117.47151485685981,241.14368661456388,2,59.7425963271761,123.672171757704,1,SJF,priority_skew,2,completed,"0,6"
93,1115.0931186125295,1204.1387798615804,1356.803216036574,89.04566124905091,241.71009742404453,1,18.81401144824031,152.6644361749936,1,SJF,priority_skew,2,completed,7
94,1129.4385740768078,1879.203702519411,2007.238398725069,749.7651284426033,877.7998246482612,4,9.305811926897862,128.03469620565787,1,SJF,priority_skew,2,completed,"0,4,5,6"
95,1132.430051057517,1204.1387798615804,1251.2956517737032,71.70872880406341,118.86560071618624,2,55.06208868277173,47.15687191212277,2,SJF,priority_skew,2,completed,"1,3"
96,1141.5688688416642,2066.2049020128243,2205.623262491725,924.6360331711601,1064.054393650061,4,54.150784839131674,139.41836047890078,1,SJF,priority_skew,2,completed,"1,2,3,6"
97,1141.653063453071,1811.5481399815433,1934.6331668919308,669.8950765284724,792.9801034388599,4,10.654782315380714,123.08502691038767,1,SJF,priority_skew,2,completed,"1,2,3,7"
98,1152.5323011436687,1164.8143078399587,1204.1387798615804,12.282006696289955,51.606478717911614,3,30.910904689759484,39.32447202162167,1,SJF,priority_skew,2,completed,"1,3,7"
99,1162.82477562426,1200.255317712054,1248.1204732097701,37.43054208779404,85.2956975855102,1,55.658419473275295,47.86515549771613,2,SJF,priority_skew,2,completed,4
0,1.6232642000498312,1.6232642000498312,119.75569243851365,0.0,118.13242823846382,4,24.928988513352515,118.13242823846382,1,Priority,priority_skew,2,completed,"0,1,2,3"
1,4.358050031525709,4.358050031525709,178.25724334321797,0.0,173.89919331169224,2,58.93944856472751,173.89919331169224,1,Priority,priority_skew,2,completed,"4,5"
2,10.776537448830862,322.7108171384828,466.0164538559195,311.93427968965193,455.23991640708863,3,39.52929826233084,143.30563671743673,1,Priority,priority_skew,2,completed,"0,1,2"
3,19.620134998725973,19.620134998725973,112.69535446923625,0.0,93.07521947051028,1,18.34895032807326,93.07521947051028,2,Priority,priority_skew,2,completed,6
4,34.7845653088465,2391.671980089766,2538.672846556687,2356.8874147809192,2503.8882812478405,4,56.55048595832682,147.00086646692122,1,Priority,priority_skew,2,completed,"1,2,5,6"
5,51.531730842125555,2436.0376866620772,2554.3781585262623,2384.505955819952,2502.846427684137,4,62.6916436243625,118.34047186418509,1,Priority,priority_skew,2,completed,"0,3,4,7"
6,54.6269157153622,54.6269157153622,136.32933441674453,0.0,81.70241870138233,1,42.76222873571229,81.70241870138233,1,Priority,priority_skew,2,completed,7
7,56.80800160782472,165.4988315358774,317.343787922242,108.69082992805268,260.53578631441724,2,53.05676367352998,151.84495638636457,1,Priority,priority_skew,2,completed,"3,6"
8,63.12862611524208,146.79372316753717,322.7108171384828,83.6650970522951,259.58219102324074,3,30.736276029211048,175.91709397094564,2,Priority,priority_skew,2,completed,"0,1,2"
9,70.31827137754945,119.75569243851365,146.79372316753717,49.4374210609642,76.47545178998772,4,62.19108703046182,27.038030729023532,3,Priority,priority_skew,2,completed,"0,1,2,3"
10,93.41819828029189,466.0164538559195,516.8316499165627,372.5982555756276,423.4134516362708,3,47.963785733692646,50.8151960606432,1,Priority,priority_skew,2,completed,"0,1,2"
11,97.8757418020428,1040.2389610186285,1077.1158373173016,942.3632192165858,979.2400955152589,3,24.199563750827476,36.87687629867311,1,Priority,priority_skew,2,completed,"2,6,7"
12,109.46417104982905,112.69535446923625,165.4988315358774,3.231183419407202,56.03466048604835,1,45.570641642006336,52.803477066641165,1,Priority,priority_skew,2,completed,6
13,122.8193882545103,2538.672846556687,2689.598807079803,2415.853458302177,2566.779418825293,4,34.073281445217916,150.92596052311575,1,Priority,priority_skew,2,completed,"1,2,5,6"
14,128.34763310450256,136.32933441674453,195.4749497275659,7.981701312241967,67.12731662306334,1,60.85900291991687,59.145615310821356,2,Priority,priority_skew,2,completed,7
15,163.2146261272741,2554.3781585262623,2685.9498936471555,2391.163532398988,2522.7352675198813,4,28.165461834900817,131.57173512089344,1,Priority,priority_skew,2,completed,"0,3,4,7"
16,183.87173828134652,195.4749497275659,315.71106747551516,11.603211446219376,131.83932919416864,3,40.95548500664525,120.23611774794924,2,Priority,priority_skew,2,completed,"4,5,7"
17,219.24032987323045,317.343787922242,375.94382150743013,98.10345804901152,156.70349163419968,2,57.91735688805634,58.60003358518816,1,Priority,priority_skew,2,completed,"3,6"
18,220.17023662467403,1960.6177663339174,2134.302368081206,1740.4475297092433,1914.132131456532,4,39.854376270590606,173.68460174728875,2,Priority,priority_skew,2,completed,"0,3,4,7"
19,222.09152431076603,518.3090278358787,693.9437564455785,296.2175035251127,471.8522321348125,2,49.352782837499234,175.63472860969978,1,Priority,priority_skew,2,completed,"3,6"
20,223.18847201357636,315.71106747551516,382.97826866267246,92.5225954619388,159.7897966490961,1,31.662286903858522,67.2672011871573,2,Priority,priority_skew,2,completed,5
21,230.97311319910102,828.8647099872001,873.426548792964,597.891596788099,642.453435593863,2,61.29597956589401,44.5618388057639,1,Priority,priority_skew,2,completed,"2,7"
22,253.99061054984625,1978.8416020657417,2145.0406166087846,1724.8509915158954,1891.0500060589384,4,35.6179493285434,166.19901454304278,2,Priority,priority_skew,2,completed,"1,2,5,6"
23,273.1661643755693,1097.1999862313967,1135.0823843304538,824.0338218558275,861.9162199548846,3,57.40190055419187,37.88239809905715,1,Priority,priority_skew,2,completed,"3,4,5"
24,282.98060542865704,315.71106747551516,489.7620533644458,32.73046204685812,206.78144793578878,1,54.44189191402234,174.05098588893063,1,Priority,priority_skew,2,completed,7
25,296.8067440134128,315.71106747551516,452.16405923999105,18.904323462102354,155.35731522657824,1,52.198204056808244,136.4529917644759,3,Priority,priority_skew,2,completed,4
26,308.9690561753446,2685.9498936471555,2743.9375546822307,2376.980837471811,2434.968498506886,4,48.0275222657288,57.98766103507519,1,Priority,priority_skew,2,completed,"0,3,4,7"
27,323.34601883949387,375.94382150743013,402.6978969319201,52.597802667936264,79.35187809242626,2,49.731427511383345,26.754075424489976,2,Priority,priority_skew,2,completed,"3,6"
28,330.28968515467926,1248.5158258661413,1411.1611304855574,918.226140711462,1080.871445330878,3,35.295710124736345,162.64530461941595,1,Priority,priority_skew,2,completed,"0,3,4"
29,336.60534413241356,897.0352545820805,973.8431661085197,560.429910449667,637.237821976106,2,34.22616538397606,76.80791152643913,1,Priority,priority_skew,2,completed,"4,5"
30,339.32647904838666,382.97826866267246,530.8194673280436,43.6517896142858,191.49298827965697,1,18.171298312639813,147.8411986653712,2,Priority,priority_skew,2,completed,5
31,344.075354020476,1077.1158373173016,1252.8126365595442,733.0404832968256,908.7372825390682,2,23.8553221588077,175.69679924224258,1,Priority,priority_skew,2,completed,"6,7"
32,361.50574036774526,452.16405923999105,514.6002816682534,90.65831887224579,153.09454130050813,1,49.060528683118235,62.436222428262354,1,Priority,priority_skew,2,completed,4
33,372.15649640169073,1376.099647602914,1549.1262897775746,1003.9431512012234,1176.969793375884,3,57.9864890914557,173.02664217466062,1,Priority,priority_skew,2,completed,"1,2,5"
34,396.09188860406994,402.6978969319201,518.3090278358787,6.606008327850191,122.2171392318088,2,32.2293754888303,115.61113090395865,4,Priority,priority_skew,2,completed,"3,6"
35,405.10001022655877,489.7620533644458,667.818507755801,84.66204313788705,262.7184975292422,1,61.95578257193267,178.05645439135515,1,Priority,priority_skew,2,completed,7
36,409.76090213847,2689.598807079803,2746.6231743978637,2279.837904941333,2336.8622722593936,4,32.40867204796896,57.02436731806087,1,Priority,priority_skew,2,completed,"1,2,5,6"
37,423.0075698301804,1411.1611304855574,1488.5134070913505,988.153560655377,1065.5058372611702,3,17.448788930339184,77.35227660579307,1,Priority,priority_skew,2,completed,"0,3,4"
38,467.0192459050374,514.6002816682534,634.2652854590011,47.58103576321599,167.24603955396373,1,10.50048316951289,119.6650037907477,1,Priority,priority_skew,2,completed,4
39,478.9294143447016,530.8194673280436,635.0352656516113,51.890052983342,156.1058513069097,1,21.63896817359408,104.21579832356764,1,Priority,priority_skew,2,completed,5
40,491.91434775210274,2134.302368081206,2210.8291051169795,1642.3880203291035,1718.9147573648768,4,60.22936430588568,76.52673703577328,2,Priority,priority_skew,2,completed,"0,3,4,7"
41,495.6227437955628,516.8316499165627,687.2155537591202,21.20890612099987,191.5928099635574,3,20.25933733977765,170.38390384255746,2,Priority,priority_skew,2,completed,"0,1,2"
42,502.873000768841,2743.9375546822307,2789.401772380397,2241.06455391339,2286.528771611556,4,22.394859410457148,45.46421769816597,1,Priority,priority_skew,2,completed,"0,3,4,7"
43,527.6177084865624,635.0352656516113,786.7265365576915,107.41755716504895,259.1088280711291,1,25.18073597343152,151.69127090608012,1,Priority,priority_skew,2,completed,5
44,533.4755771207434,687.2155537591202,749.9992705748309,153.7399766383768,216.5236934540875,3,31.46824820298203,62.78371681571066,2,Priority,priority_skew,2,completed,"0,1,2"
45,534.8508721892592,1182.2392562425766,1248.5158258661413,647.3883840533174,713.6649536768821,2,11.291749832576736,66.2765696235647,1,Priority,priority_skew,2,completed,"3,4"
46,549.8131905391443,1223.7217438137643,1272.561321831158,673.90855327462,722.7481312920137,2,49.336723869405745,48.83957801739378,1,Priority,priority_skew,2,completed,"1,2"
47,552.9599290707816,693.9437564455785,834.8374583924405,140.98382737479687,281.8775293216588,1,11.1626874791502,140.89370194686197,1,Priority,priority_skew,2,completed,6
48,556.2136169090642,1252.8126365595442,1276.3006677137657,696.59901965048,720.0870508047016,2,20.165221723018384,23.488031154221574,1,Priority,priority_skew,2,completed,"6,7"
49,557.2252816654945,1488.5134070913505,1642.5047319657497,931.2881254258559,1085.2794503002551,3,51.62757575663276,153.99132487439925,1,Priority,priority_skew,2,completed,"0,3,4"
50,567.2513333260225,1272.561321831158,1376.099647602914,705.3099885051355,808.8483142768915,2,10.819539848927846,103.53832577175604,1,Priority,priority_skew,2,completed,"1,2"
51,576.2897495331961,1923.3789106053084,1978.8416020657417,1347.0891610721123,1402.5518525325456,4,32.58835056723255,55.462691460433234,3,Priority,priority_skew,2,completed,"1,2,5,6"
52,587.4289067108608,704.0303188454886,741.4847474727552,116.60141213462782,154.0558407618944,1,60.93634791400195,37.45442862726661,1,Priority,priority_skew,2,completed,4
53,620.771068718562,1276.3006677137657,1409.8102345973366,655.5295989952037,789.0391658787746,2,32.83291625060625,133.5095668835709,1,Priority,priority_skew,2,completed,"6,7"
54,625.7035976467471,634.2652854590011,704.0303188454886,8.561687812254036,78.32672119874155,1,11.945147390121369,69.76503338648756,2,Priority,priority_skew,2,completed,4
55,647.7595552145294,1409.8102345973366,1503.8159420781633,762.0506793828072,856.0563868636339,2,13.9310379470454,94.0057074808266,1,Priority,priority_skew,2,completed,"6,7"
56,652.0766324486267,667.818507755801,818.0370561372297,15.741875307174269,165.960423688603,1,14.793668706079359,150.21854838142875,2,Priority,priority_skew,2,completed,7
57,671.2901725107934,693.9437564455785,776.6063072973329,22.65358393478516,105.31613478653958,1,29.249541616361658,82.66255085175445,2,Priority,priority_skew,2,completed,3
58,674.7345459516014,2746.6231743978637,2913.729364194996,2071.8886284462624,2238.9948182433945,4,59.29685475892877,167.10618979713212,1,Priority,priority_skew,2,completed,"1,2,5,6"
59,680.3903375009197,1549.1262897775746,1656.2731240072528,868.7359522766549,975.8827865063331,3,44.91157439027455,107.1468342296782,1,Priority,priority_skew,2,completed,"1,2,5"
60,684.5156584997873,2145.0406166087846,2253.469761037775,1460.5249581089975,1568.9541025379876,4,48.38584839580407,108.42914442898999,2,Priority,priority_skew,2,completed,"1,2,5,6"
61,685.8640334732604,828.8024712883838,1001.2788941594526,142.9384378151234,315.41486068619224,2,35.27610467502911,172.47642287106885,2,Priority,priority_skew,2,completed,"0,1"
62,695.6423402737738,873.426548792964,1040.2389610186285,177.7842085191902,344.5966207448547,3,53.59013244998815,166.81241222566447,2,Priority,priority_skew,2,completed,"2,6,7"
63,703.1367762947622,749.9992705748309,828.8647099872001,46.862494280068745,125.72793369243789,1,27.214061875533424,78.86543941236911,1,Priority,priority_skew,2,completed,2
64,703.6701047334146,2210.8291051169795,2366.905933677768,1507.159000383565,1663.2358289443537,4,34.43543535447846,156.07682856078856,2,Priority,priority_skew,2,completed,"0,3,4,7"
65,721.8569654782904,741.4847474727552,897.0352545820805,19.62778199446484,175.17828910379012,1,45.083138485659205,155.55050710932528,2,Priority,priority_skew,2,completed,4
66,727.0801669195905,749.9992705748309,828.8024712883838,22.919103655240406,101.72230436879329,2,52.97668430175662,78.80320071355287,3,Priority,priority_skew,2,completed,"0,1"
67,763.5683814792415,776.6063072973329,811.3106193907054,13.03792581809148,47.74223791146392,1,26.28302172786374,34.70431209337242,2,Priority,priority_skew,2,completed,3
68,779.6011429545453,2253.469761037775,2339.3775292127248,1473.8686180832296,1559.7763862581796,4,56.73200802830628,85.90776817494987,2,Priority,priority_skew,2,completed,"1,2,5,6"
69,781.8537238877365,786.7265365576915,893.7405777589403,4.87281266995501,111.88685387120381,1,10.943833507801447,107.01404120124884,2,Priority,priority_skew,2,completed,5
70,789.668757327981,1642.5047319657497,1685.3883504203936,852.8359746377687,895.7195930924127,3,42.07027799820403,42.88361845464394,1,Priority,priority_skew,2,completed,"0,3,4"
71,804.7187621633262,811.3106193907054,930.4442786537587,6.591857227379137,125.72551649043248,1,28.455971509548878,119.13365926305339,1,Priority,priority_skew,2,completed,3
72,869.8253621238966,1503.8159420781633,1638.3560446117215,633.9905799542667,768.5306824878248,2,51.75036883334848,134.54010253355813,1,Priority,priority_skew,2,completed,"6,7"
73,899.152245292204,930.4442786537587,1061.1970214120506,31.292033361554672,162.04477611984657,1,23.792168852067817,130.75274275829196,1,Priority,priority_skew,2,completed,3
74,906.5641613966617,2339.3775292127248,2391.671980089766,1432.813367816063,1485.107818693104,4,56.98226105758178,52.29445087704106,2,Priority,priority_skew,2,completed,"1,2,5,6"
75,915.7708729112486,973.8431661085197,1097.1999862313967,58.07229319727105,181.42911332014808,2,42.59780271748866,123.35682012287711,2,Priority,priority_skew,2,completed,"4,5"
76,945.0839344939869,2789.401772380397,2956.6951886975303,1844.31783788641,2011.6112542035435,4,57.33303732377337,167.29341631713334,1,Priority,priority_skew,2,completed,"0,3,4,7"
77,956.1972871279564,1656.2731240072528,1819.6929773724366,700.0758368792964,863.4956902444802,3,17.177627468676167,163.41985336518374,1,Priority,priority_skew,2,completed,"1,2,5"
78,986.9350053251209,1001.2788941594526,1175.8565883160481,14.343888834331779,188.92158299092728,1,53.09439149608211,174.57769415659556,2,Priority,priority_skew,2,completed,1
79,987.88772456157,1001.2788941594526,1081.3749530672947,13.391169597882595,93.4872285057246,1,36.936901927462216,80.09605890784194,4,Priority,priority_skew,2,completed,0
80,989.4214312405517,1061.1970214120506,1082.9776243873087,71.77559017149895,93.55619314675698,1,43.229237179697094,21.780602975258017,1,Priority,priority_skew,2,completed,3
81,994.341061640381,1685.3883504203936,1850.5148168083583,691.0472887800127,856.1737551679773,3,8.755539122486017,165.12646638796468,1,Priority,priority_skew,2,completed,"0,3,4"
82,1011.7334637226872,1638.3560446117215,1690.8523416166947,626.6225808890342,679.1188778940075,2,40.623792538373635,52.49629700497316,1,Priority,priority_skew,2,completed,"6,7"
83,1046.733149794387,1081.3749530672947,1239.6003436283556,34.64180327290774,192.8671938339687,1,61.18833525847667,158.22539056106092,1,Priority,priority_skew,2,completed,0
84,1046.9517012334927,1819.6929773724366,1923.3789106053084,772.7412761389439,876.4272093718157,3,30.365864650755157,103.6859332328717,1,Priority,priority_skew,2,completed,"1,2,5"
85,1052.780813652343,2366.905933677768,2436.0376866620772,1314.125120025425,1383.2568730097341,4,63.9976528427705,69.13175298430913,2,Priority,priority_skew,2,completed,"0,3,4,7"
86,1052.9661927049262,2913.729364194996,2950.370412591878,1860.7631714900697,1897.4042198869518,4,46.579706064374065,36.64104839688213,1,Priority,priority_skew,2,completed,"1,2,5,6"
87,1060.776859882821,1850.5148168083583,1960.6177663339174,789.7379569255372,899.8409064510963,3,63.8346521267269,110.10294952555901,1,Priority,priority_skew,2,completed,"0,3,4"
88,1062.087358021167,2950.370412591878,3089.6690568095028,1888.283054570711,2027.5816987883359,3,26.47734051927282,139.29864421762468,1,Priority,priority_skew,2,completed,"1,2,5"
89,1064.56966077296,1077.1158373173016,1202.2371199890415,12.546176544341506,137.6674592160814,1,10.723739879104269,125.12128267173999,3,Priority,priority_skew,2,completed,2
90,1101.0383762059566,2956.6951886975303,3017.857078187709,1855.6568124915736,1916.8187019817522,3,42.961178562607095,61.16188949017861,1,Priority,priority_skew,2,completed,"0,3,4"
91,1109.1421828689217,1690.8523416166947,1745.9029777155745,581.710158747773,636.7607948466527,2,34.598735142562234,55.05063609887975,1,Priority,priority_skew,2,completed,"6,7"
92,1114.1664758507122,1745.9029777155745,1869.5751494732785,631.7365018648622,755.4086736225663,2,59.7425963271761,123.672171757704,1,Priority,priority_skew,2,completed,"6,7"
93,1115.0931186125295,1135.0823843304538,1287.7468205054474,19.989265717924354,172.65370189291798,1,18.81401144824031,152.6644361749936,1,Priority,priority_skew,2,completed,5
94,1129.4385740768078,3017.857078187709,3145.8917743933666,1888.418504110901,2016.4532003165589,4,9.305811926897862,128.03469620565787,1,Priority,priority_skew,2,completed,"0,3,4,6"
95,1132.430051057517,1135.0823843304538,1182.2392562425766,2.6523332729368576,49.80920518505968,2,55.06208868277173,47.15687191212277,2,Priority,priority_skew,2,completed,"3,4"
96,1141.5688688416642,3089.6690568095028,3229.0874172884037,1948.1001879678386,2087.5185484467393,4,54.150784839131674,139.41836047890078,1,Priority,priority_skew,2,completed,"1,2,5,7"
97,1141.653063453071,3145.8917743933666,3268.976801303754,2004.2387109402957,2127.3237378506833,4,10.654782315380714,123.08502691038767,1,Priority,priority_skew,2,completed,"0,3,4,6"
98,1152.5323011436687,3229.0874172884037,3268.4118893100253,2076.5551161447347,2115.8795881663564,3,30.910904689759484,39.32447202162167,1,Priority,priority_skew,2,completed,"1,2,5"
99,1162.82477562426,1175.8565883160481,1223.7217438137643,13.031812691788218,60.89696818950438,1,55.658419473275295,47.86515549771613,2,Priority,priority_skew,2,completed,1
0,1.6232642000498312,1.6232642000498312,119.75569243851365,0.0,118.13242823846382,4,24.928988513352515,118.13242823846382,1,BestFit,priority_skew,2,completed,"0,1,2,3"
1,4.358050031525709,4.358050031525709,178.25724334321797,0.0,173.89919331169224,2,58.93944856472751,173.89919331169224,1,BestFit,priority_skew,2,completed,"4,5"
2,10.776537448830862,1511.248347237905,1654.5539839553417,1500.471809789074,1643.7774465065108,3,39.52929826233084,143.30563671743673,1,BestFit,priority_skew,2,completed,"0,4,5"
3,19.620134998725973,19.620134998725973,112.69535446923625,0.0,93.07521947051028,1,18.34895032807326,93.07521947051028,2,BestFit,priority_skew,2,completed,6
4,34.7845653088465,2927.153966465945,3074.154832932866,2892.3694011570983,3039.3702676240196,4,56.55048595832682,147.00086646692122,1,BestFit,priority_skew,2,completed,"0,4,5,7"
5,51.531730842125555,2604.857908647314,2723.198380511499,2553.3261778051888,2671.666649669374,4,62.6916436243625,118.34047186418509,1,BestFit,priority_skew,2,completed,"1,2,3,6"
6,54.6269157153622,54.6269157153622,136.32933441674453,0.0,81.70241870138233,1,42.76222873571229,81.70241870138233,1,BestFit,priority_skew,2,completed,7
7,56.80800160782472,119.75569243851365,271.60064882487825,62.94769083068893,214.7926472170535,2,53.05676367352998,151.84495638636457,1,BestFit,priority_skew,2,completed,"0,1"
8,63.12862611524208,2152.70965880528,2328.6267527762257,2089.581032690038,2265.4981266609834,3,30.736276029211048,175.91709397094564,2,BestFit,priority_skew,2,completed,"0,4,5"
9,70.31827137754945,2276.820490167048,2303.8585208960712,2206.5022187894983,2233.5402495185217,4,62.19108703046182,27.038030729023532,3,BestFit,priority_skew,2,completed,"1,2,3,6"
10,93.41819828029189,187.49324841532393,238.30844447596712,94.07505013503204,144.89024619567522,3,47.963785733692646,50.8151960606432,1,BestFit,priority_skew,2,completed,"2,4,5"
11,97.8757418020428,165.4988315358774,202.3757078345505,67.6230897338346,104.4999660325077,3,24.199563750827476,36.87687629867311,1,BestFit,priority_skew,2,completed,"3,6,7"
12,109.46417104982905,112.69535446923625,165.4988315358774,3.231183419407202,56.03466048604835,1,45.570641642006336,52.803477066641165,1,BestFit,priority_skew,2,completed,6
13,122.8193882545103,2990.651437196058,3141.577397719174,2867.832048941548,3018.7580094646637,4,34.073281445217916,150.92596052311575,1,BestFit,priority_skew,2,completed,"1,2,3,6"
14,128.34763310450256,128.34763310450256,187.49324841532393,0.0,59.14561531082137,1,60.85900291991687,59.145615310821356,2,BestFit,priority_skew,2,completed,2
15,163.2146261272741,2795.5822313450512,2927.153966465945,2632.367605217777,2763.9393403386707,4,28.165461834900817,131.57173512089344,1,BestFit,priority_skew,2,completed,"0,4,5,7"
16,183.87173828134652,202.3757078345505,322.6118255824997,18.503969553203973,138.74008730115318,3,40.95548500664525,120.23611774794924,2,BestFit,priority_skew,2,completed,"3,6,7"
17,219.24032987323045,271.60064882487825,330.2006824100664,52.3603189516478,110.96035253683596,2,57.91735688805634,58.60003358518816,1,BestFit,priority_skew,2,completed,"0,1"
18,220.17023662467403,3397.337851290787,3571.0224530380756,3177.167614666113,3350.8522164134015,4,39.854376270590606,173.68460174728875,2,BestFit,priority_skew,2,completed,"0,4,5,7"
19,222.09152431076603,282.870283281731,458.5050118914308,60.77875897096499,236.41348758066476,2,49.352782837499234,175.63472860969978,1,BestFit,priority_skew,2,completed,"4,5"
20,223.18847201357636,238.30844447596712,305.5756456631244,15.119972462390763,82.38717364954806,1,31.662286903858522,67.2672011871573,2,BestFit,priority_skew,2,completed,2
21,230.97311319910102,238.30844447596712,282.870283281731,7.3353312768661,51.89717008263,2,61.29597956589401,44.5618388057639,1,BestFit,priority_skew,2,completed,"4,5"
22,253.99061054984625,3141.577397719174,3307.7764122622166,2887.5867871693276,3053.7858017123704,4,35.6179493285434,166.19901454304278,2,BestFit,priority_skew,2,completed,"1,2,3,6"
23,273.1661643755693,974.7716037011243,1012.6540018001814,701.6054393255549,739.487837424612,3,57.40190055419187,37.88239809905715,1,BestFit,priority_skew,2,completed,"0,2,4"
24,282.98060542865704,322.6118255824997,496.66281147143036,39.63122015384266,213.68220604277332,1,54.44189191402234,174.05098588893063,1,BestFit,priority_skew,2,completed,3
25,296.8067440134128,305.5756456631244,442.0286374276003,8.768901649711609,145.2218934141875,1,52.198204056808244,136.4529917644759,3,BestFit,priority_skew,2,completed,2
26,308.9690561753446,2429.553661934825,2487.5413229699,2120.5846057594804,2178.5722667945556,4,48.0275222657288,57.98766103507519,1,BestFit,priority_skew,2,completed,"0,4,5,7"
27,323.34601883949387,323.34601883949387,350.10009426398386,0.0,26.754075424489997,2,49.731427511383345,26.754075424489976,2,BestFit,priority_skew,2,completed,"6,7"
28,330.28968515467926,1654.5539839553417,1817.1992885747577,1324.2642988006623,1486.9096034200784,3,35.295710124736345,162.64530461941595,1,BestFit,priority_skew,2,completed,"0,4,5"
29,336.60534413241356,336.60534413241356,413.4132556588527,0.0,76.80791152643911,2,34.22616538397606,76.80791152643913,1,BestFit,priority_skew,2,completed,"0,1"
30,339.32647904838666,350.10009426398386,497.9412929293551,10.773615215597204,158.61481388096843,1,18.171298312639813,147.8411986653712,2,BestFit,priority_skew,2,completed,6
31,344.075354020476,458.5050118914308,634.2018111336733,114.42965787095477,290.1264571131973,2,23.8553221588077,175.69679924224258,1,BestFit,priority_skew,2,completed,"2,4"
32,361.50574036774526,361.50574036774526,423.9419627960076,0.0,62.43622242826234,1,49.060528683118235,62.436222428262354,1,BestFit,priority_skew,2,completed,7
33,372.15649640169073,2103.7938479923873,2276.820490167048,1731.6373515906967,1904.6639937653572,3,57.9864890914557,173.02664217466062,1,BestFit,priority_skew,2,completed,"1,2,3"
34,396.09188860406994,423.9419627960076,539.5530936999662,27.850074191937665,143.46120509589628,2,32.2293754888303,115.61113090395865,4,BestFit,priority_skew,2,completed,"1,7"
35,405.10001022655877,413.4132556588527,591.4697100502078,8.313245432293911,186.36969982364906,1,61.95578257193267,178.05645439135515,1,BestFit,priority_skew,2,completed,0
36,409.76090213847,2392.7940201699944,2449.818387488055,1983.0331180315243,2040.057485349585,4,32.40867204796896,57.02436731806087,1,BestFit,priority_skew,2,completed,"1,2,3,6"
37,423.0075698301804,1295.7725024740437,1373.1247790798368,872.7649326438633,950.1172092496564,3,17.448788930339184,77.35227660579307,1,BestFit,priority_skew,2,completed,"1,2,3"
38,467.0192459050374,467.0192459050374,586.6842496957851,0.0,119.66500379074768,1,10.50048316951289,119.6650037907477,1,BestFit,priority_skew,2,completed,5
39,478.9294143447016,496.66281147143036,600.878609794998,17.733397126728732,121.94919545029643,1,21.63896817359408,104.21579832356764,1,BestFit,priority_skew,2,completed,3
40,491.91434775210274,2487.5413229699,2564.0680600056735,1995.6269752177975,2072.1537122535706,4,60.22936430588568,76.52673703577328,2,BestFit,priority_skew,2,completed,"0,4,5,7"
41,495.6227437955628,1982.3257549627224,2152.70965880528,1486.7030111671595,1657.0869150097171,3,20.25933733977765,170.38390384255746,2,BestFit,priority_skew,2,completed,"0,4,5"
42,502.873000768841,2328.6267527762257,2374.0909704743917,1825.7537520073847,1871.2179697055508,4,22.394859410457148,45.46421769816597,1,BestFit,priority_skew,2,completed,"0,4,5,7"
43,527.6177084865624,527.6177084865624,679.3089793926425,0.0,151.69127090608015,1,25.18073597343152,151.69127090608012,1,BestFit,priority_skew,2,completed,6
44,533.4755771207434,1082.0113114887697,1144.7950283044804,548.5357343680263,611.319451183737,3,31.46824820298203,62.78371681571066,2,BestFit,priority_skew,2,completed,"0,1,5"
45,534.8508721892592,539.5530936999662,605.8296633235309,4.702221510706977,70.97879113427166,2,11.291749832576736,66.2765696235647,1,BestFit,priority_skew,2,completed,"1,7"
46,549.8131905391443,629.3176944777524,678.1572724951462,79.50450393860808,128.3440819560019,2,49.336723869405745,48.83957801739378,1,BestFit,priority_skew,2,completed,"0,1"
47,552.9599290707816,586.6842496957851,727.577951642647,33.72432062500343,174.61802257186537,1,11.1626874791502,140.89370194686197,1,BestFit,priority_skew,2,completed,5
48,556.2136169090642,605.8296633235309,629.3176944777524,49.61604641446672,73.10407756868824,2,20.165221723018384,23.488031154221574,1,BestFit,priority_skew,2,completed,"1,3"
49,557.2252816654945,1619.5702575271398,1773.561582401539,1062.3449758616453,1216.3363007360444,3,51.62757575663276,153.99132487439925,1,BestFit,priority_skew,2,completed,"1,2,3"
50,567.2513333260225,634.2018111336733,737.7401369054294,66.95047780765083,170.48880357940686,2,10.819539848927846,103.53832577175604,1,BestFit,priority_skew,2,completed,"2,3"
51,576.2897495331961,2374.0909704743917,2429.553661934825,1797.8012209411957,1853.2639124016289,4,32.58835056723255,55.462691460433234,3,BestFit,priority_skew,2,completed,"0,4,5,7"
52,587.4289067108608,591.4697100502078,628.9241386774744,4.040803339347008,41.495231966613574,1,60.93634791400195,37.45442862726661,1,BestFit,priority_skew,2,completed,0
53,620.771068718562,773.3146868734691,906.82425375704,152.5436181549071,286.053185038478,2,32.83291625060625,133.5095668835709,1,BestFit,priority_skew,2,completed,"1,6"
54,625.7035976467471,625.7035976467471,695.4686310332346,0.0,69.76503338648752,1,11.945147390121369,69.76503338648756,2,BestFit,priority_skew,2,completed,7
55,647.7595552145294,679.3089793926425,773.3146868734691,31.5494241781131,125.55513165893967,2,13.9310379470454,94.0057074808266,1,BestFit,priority_skew,2,completed,"1,6"
56,652.0766324486267,652.0766324486267,802.2951808300554,0.0,150.21854838142872,1,14.793668706079359,150.21854838142875,2,BestFit,priority_skew,2,completed,4
57,671.2901725107934,678.1572724951462,760.8198233469006,6.867099984352876,89.5296508361073,1,29.249541616361658,82.66255085175445,2,BestFit,priority_skew,2,completed,0
58,674.7345459516014,3230.231661493655,3397.337851290787,2555.4971155420535,2722.6033053391857,4,59.29685475892877,167.10618979713212,1,BestFit,priority_skew,2,completed,"0,4,5,7"
59,680.3903375009197,1373.1247790798368,1480.271613309515,692.7344415789171,799.8812758085953,3,44.91157439027455,107.1468342296782,1,BestFit,priority_skew,2,completed,"1,2,3"
60,684.5156584997873,2564.0680600056735,2672.4972044346637,1879.5524015058863,1987.9815459348765,4,48.38584839580407,108.42914442898999,2,BestFit,priority_skew,2,completed,"0,4,5,7"
61,685.8640334732604,802.2951808300554,974.7716037011243,116.43114735679501,288.90757022786386,2,35.27610467502911,172.47642287106885,2,BestFit,priority_skew,2,completed,"0,4"
62,695.6423402737738,1936.9814357667228,2103.7938479923873,1241.3390954929491,1408.1515077186136,3,53.59013244998815,166.81241222566447,2,BestFit,priority_skew,2,completed,"1,2,3"
63,703.1367762947622,703.1367762947622,782.0022157071313,0.0,78.86543941236914,1,27.214061875533424,78.86543941236911,1,BestFit,priority_skew,2,completed,7
64,703.6701047334146,3074.154832932866,3230.231661493655,2370.4847281994516,2526.5615567602404,4,34.43543535447846,156.07682856078856,2,BestFit,priority_skew,2,completed,"0,4,5,7"
65,721.8569654782904,727.577951642647,883.1284587519723,5.7209861643566455,161.27149327368193,1,45.083138485659205,155.55050710932528,2,BestFit,priority_skew,2,completed,5
66,727.0801669195905,737.7401369054294,816.5433376189823,10.65996998583887,89.46317069939175,2,52.97668430175662,78.80320071355287,3,BestFit,priority_skew,2,completed,"2,3"
67,763.5683814792415,763.5683814792415,798.2726935726139,0.0,34.70431209337244,1,26.28302172786374,34.70431209337242,2,BestFit,priority_skew,2,completed,0
68,779.6011429545453,2518.950140472364,2604.857908647314,1739.348997517819,1825.256765692769,4,56.73200802830628,85.90776817494987,2,BestFit,priority_skew,2,completed,"1,2,3,6"
69,781.8537238877365,782.0022157071313,889.0162569083801,0.1484918193948488,107.16253302064365,1,10.943833507801447,107.01404120124884,2,BestFit,priority_skew,2,completed,7
70,789.668757327981,1039.1276930341257,1082.0113114887697,249.45893570614476,292.3425541607887,3,42.07027799820403,42.88361845464394,1,BestFit,priority_skew,2,completed,"0,1,6"
71,804.7187621633262,816.5433376189823,935.6769968820356,11.824575455656031,130.95823471870938,1,28.455971509548878,119.13365926305339,1,BestFit,priority_skew,2,completed,2
72,869.8253621238966,883.1284587519723,1017.6685612855304,13.30309662807565,147.84319916163372,2,51.75036883334848,134.54010253355813,1,BestFit,priority_skew,2,completed,"3,5"
73,899.152245292204,899.152245292204,1029.904988050496,0.0,130.75274275829202,1,23.792168852067817,130.75274275829196,1,BestFit,priority_skew,2,completed,7
74,906.5641613966617,2340.4995692929533,2392.7940201699944,1433.9354078962915,1486.2298587733326,4,56.98226105758178,52.29445087704106,2,BestFit,priority_skew,2,completed,"1,2,3,6"
75,915.7708729112486,915.7708729112486,1039.1276930341257,0.0,123.35682012287714,2,42.59780271748866,123.35682012287711,2,BestFit,priority_skew,2,completed,"1,6"
76,945.0839344939869,3307.7764122622166,3475.06982857935,2362.6924777682298,2529.9858940853633,4,57.33303732377337,167.29341631713334,1,BestFit,priority_skew,2,completed,"1,2,3,6"
77,956.1972871279564,1773.561582401539,1936.9814357667228,817.3642952735826,980.7841486387664,3,17.177627468676167,163.41985336518374,1,BestFit,priority_skew,2,completed,"1,2,3"
78,986.9350053251209,1012.6540018001814,1187.231695956777,25.71899647506052,200.29669063165613,1,53.09439149608211,174.57769415659556,2,BestFit,priority_skew,2,completed,4
79,987.88772456157,1012.6540018001814,1092.7500607080233,24.766277238611337,104.86233614645323,1,36.936901927462216,80.09605890784194,4,BestFit,priority_skew,2,completed,2
80,989.4214312405517,1012.6540018001814,1034.4346047754393,23.23257055962972,45.01317353488764,1,43.229237179697094,21.780602975258017,1,BestFit,priority_skew,2,completed,0
81,994.341061640381,1817.1992885747577,1982.3257549627224,822.8582269343767,987.9846933223414,3,8.755539122486017,165.12646638796468,1,BestFit,priority_skew,2,completed,"0,4,5"
82,1011.7334637226872,1017.6685612855304,1070.1648582905036,5.9350975628431115,58.43139456781637,2,40.623792538373635,52.49629700497316,1,BestFit,priority_skew,2,completed,"3,5"
83,1046.733149794387,1046.733149794387,1204.958540355448,0.0,158.22539056106098,1,61.18833525847667,158.22539056106092,1,BestFit,priority_skew,2,completed,7
84,1046.9517012334927,1297.459464479474,1401.1453977123458,250.50776324598132,354.1936964788531,3,30.365864650755157,103.6859332328717,1,BestFit,priority_skew,2,completed,"0,5,7"
85,1052.780813652343,2449.818387488055,2518.950140472364,1397.037573835712,1466.169326820021,4,63.9976528427705,69.13175298430913,2,BestFit,priority_skew,2,completed,"1,2,3,6"
86,1052.9661927049262,2303.8585208960712,2340.4995692929533,1250.892328191145,1287.533376588027,4,46.579706064374065,36.64104839688213,1,BestFit,priority_skew,2,completed,"1,2,3,6"
87,1060.776859882821,1401.1453977123458,1511.248347237905,340.3685378295247,450.4714873550838,3,63.8346521267269,110.10294952555901,1,BestFit,priority_skew,2,completed,"0,4,5"
88,1062.087358021167,1480.271613309515,1619.5702575271398,418.18425528834814,557.4828995059729,3,26.47734051927282,139.29864421762468,1,BestFit,priority_skew,2,completed,"1,2,3"
89,1064.56966077296,1070.1648582905036,1195.2861409622435,5.595197517543511,130.7164801892834,1,10.723739879104269,125.12128267173999,3,BestFit,priority_skew,2,completed,3
90,1101.0383762059566,1234.6106129838652,1295.7725024740437,133.57223677790853,194.73412626808704,3,42.961178562607095,61.16188949017861,1,BestFit,priority_skew,2,completed,"1,2,3"
91,1109.1421828689217,1109.1421828689217,1164.1928189678015,0.0,55.05063609887975,2,34.598735142562234,55.05063609887975,1,BestFit,priority_skew,2,completed,"2,6"
92,1114.1664758507122,1187.231695956777,1310.903867714481,73.06522010606477,196.73739186376883,2,59.7425963271761,123.672171757704,1,BestFit,priority_skew,2,completed,"4,6"
93,1115.0931186125295,1144.7950283044804,1297.459464479474,29.70190969195096,182.36634586694458,1,18.81401144824031,152.6644361749936,1,BestFit,priority_skew,2,completed,0
94,1129.4385740768078,2723.198380511499,2851.233076717157,1593.7598064346914,1721.7945026403493,4,9.305811926897862,128.03469620565787,1,BestFit,priority_skew,2,completed,"1,2,3,6"
95,1132.430051057517,1144.7950283044804,1191.9519002166032,12.364977246963463,59.52184915908629,2,55.06208868277173,47.15687191212277,2,BestFit,priority_skew,2,completed,"1,5"
96,1141.5688688416642,2851.233076717157,2990.651437196058,1709.6642078754928,1849.0825683543937,4,54.150784839131674,139.41836047890078,1,BestFit,priority_skew,2,completed,"1,2,3,6"
97,1141.653063453071,2672.4972044346637,2795.5822313450512,1530.8441409815928,1653.9291678919803,4,10.654782315380714,123.08502691038767,1,BestFit,priority_skew,2,completed,"0,4,5,7"
98,1152.5323011436687,1195.2861409622435,1234.6106129838652,42.75383981857476,82.07831184019642,3,30.910904689759484,39.32447202162167,1,BestFit,priority_skew,2,completed,"1,3,5"
99,1162.82477562426,1164.1928189678015,1212.0579744655176,1.368043343541558,49.23319884125772,1,55.658419473275295,47.86515549771613,2,BestFit,priority_skew,2,completed,2
0,1.6232642000498312,1.6232642000498312,119.75569243851365,0.0,118.13242823846382,4,24.928988513352515,118.13242823846382,1,PPO,priority_skew,2,completed,"0,1,2,3"
1,4.358050031525709,4.358050031525709,178.25724334321797,0.0,173.89919331169224,2,58.93944856472751,173.89919331169224,1,PPO,priority_skew,2,completed,"4,5"
2,10.776537448830862,724.5489452984864,867.8545820159231,713.7724078496556,857.0780445670923,3,39.52929826233084,143.30563671743673,1,PPO,priority_skew,2,completed,"2,3,4"
3,19.620134998725973,19.620134998725973,112.69535446923625,0.0,93.07521947051028,1,18.34895032807326,93.07521947051028,2,PPO,priority_skew,2,completed,6
4,34.7845653088465,1704.2854835651247,1851.286350032046,1669.500918256278,1816.5017847231993,4,56.55048595832682,147.00086646692122,1,PPO,priority_skew,2,completed,"0,1,2,3"
5,51.531730842125555,1851.286350032046,1969.626821896231,1799.7546191899203,1918.0950910541053,4,62.6916436243625,118.34047186418509,1,PPO,priority_skew,2,completed,"0,1,2,3"
6,54.6269157153622,54.6269157153622,136.32933441674453,0.0,81.70241870138233,1,42.76222873571229,81.70241870138233,1,PPO,priority_skew,2,completed,7
7,56.80800160782472,119.75569243851365,271.60064882487825,62.94769083068893,214.7926472170535,2,53.05676367352998,151.84495638636457,1,PPO,priority_skew,2,completed,"0,1"
8,63.12862611524208,216.3140275965206,392.23112156746623,153.18540148127852,329.10249545222416,3,30.736276029211048,175.91709397094564,2,PPO,priority_skew,2,completed,"3,6,7"
9,70.31827137754945,3133.931391502101,3160.9694222311246,3063.6131201245516,3090.651150853575,4,62.19108703046182,27.038030729023532,3,PPO,priority_skew,2,completed,"0,1,2,6"
10,93.41819828029189,165.4988315358774,216.3140275965206,72.08063325558551,122.8958293162287,3,47.963785733692646,50.8151960606432,1,PPO,priority_skew,2,completed,"3,6,7"
11,97.8757418020428,187.49324841532393,224.37012471399703,89.61750661328114,126.49438291195423,3,24.199563750827476,36.87687629867311,1,PPO,priority_skew,2,completed,"2,4,5"
12,109.46417104982905,112.69535446923625,165.4988315358774,3.231183419407202,56.03466048604835,1,45.570641642006336,52.803477066641165,1,PPO,priority_skew,2,completed,6
13,122.8193882545103,1969.626821896231,2120.552782419347,1846.8074336417205,1997.7333941648365,4,34.073281445217916,150.92596052311575,1,PPO,priority_skew,2,completed,"0,1,2,3"
14,128.34763310450256,128.34763310450256,187.49324841532393,0.0,59.14561531082137,1,60.85900291991687,59.145615310821356,2,PPO,priority_skew,2,completed,2
15,163.2146261272741,1984.257762407358,2115.8294975282515,1821.043136280084,1952.6148714009773,4,28.165461834900817,131.57173512089344,1,PPO,priority_skew,2,completed,"4,5,6,7"
16,183.87173828134652,1112.2094207910968,1232.445538539046,928.3376825097503,1048.5738002576995,3,40.95548500664525,120.23611774794924,2,PPO,priority_skew,2,completed,"1,2,3"
17,219.24032987323045,316.16248763064215,374.7625212158303,96.9221577574117,155.52219134259985,2,57.91735688805634,58.60003358518816,1,PPO,priority_skew,2,completed,"0,1"
18,220.17023662467403,3160.9694222311246,3334.6540239784135,2940.7991856064505,3114.4837873537394,4,39.854376270590606,173.68460174728875,2,PPO,priority_skew,2,completed,"0,1,2,6"
19,222.09152431076603,224.37012471399703,400.0048533236968,2.278600403230996,177.91332901293077,2,49.352782837499234,175.63472860969978,1,PPO,priority_skew,2,completed,"2,4"
20,223.18847201357636,224.37012471399703,291.6373259011543,1.1816527004206705,68.44885388757797,1,31.662286903858522,67.2672011871573,2,PPO,priority_skew,2,completed,5
21,230.97311319910102,271.60064882487825,316.16248763064215,40.62753562577723,85.18937443154113,2,61.29597956589401,44.5618388057639,1,PPO,priority_skew,2,completed,"0,1"
22,253.99061054984625,3199.911078158728,3366.1100927017706,2945.9204676088816,3112.1194821519243,4,35.6179493285434,166.19901454304278,2,PPO,priority_skew,2,completed,"3,4,5,7"
23,273.1661643755693,867.8545820159231,905.7369801149803,594.6884176403539,632.570815739411,3,57.40190055419187,37.88239809905715,1,PPO,priority_skew,2,completed,"2,3,4"
24,282.98060542865704,291.6373259011543,465.688311790085,8.656720472497284,182.70770636142794,1,54.44189191402234,174.05098588893063,1,PPO,priority_skew,2,completed,5
25,296.8067440134128,392.23112156746623,528.6841133319422,95.42437755405342,231.87736931852936,1,52.198204056808244,136.4529917644759,3,PPO,priority_skew,2,completed,7
26,308.9690561753446,2115.8294975282515,2173.8171585633268,1806.860441352907,1864.8481023879822,4,48.0275222657288,57.98766103507519,1,PPO,priority_skew,2,completed,"4,5,6,7"
27,323.34601883949387,374.7625212158303,401.5165966403203,51.41650237633644,78.17057780082644,2,49.731427511383345,26.754075424489976,2,PPO,priority_skew,2,completed,"0,1"
28,330.28968515467926,984.0899354874156,1146.7352401068315,653.8002503327364,816.4455549521522,3,35.295710124736345,162.64530461941595,1,PPO,priority_skew,2,completed,"4,5,7"
29,336.60534413241356,400.0048533236968,476.8127648501359,63.399509191283244,140.20742071772236,2,34.22616538397606,76.80791152643913,1,PPO,priority_skew,2,completed,"2,4"
30,339.32647904838666,392.23112156746623,540.0723202328375,52.90464251907957,200.7458411844508,1,18.171298312639813,147.8411986653712,2,PPO,priority_skew,2,completed,3
31,344.075354020476,517.127727544279,692.8245267865216,173.05237352380294,348.74917276604555,2,23.8553221588077,175.69679924224258,1,PPO,priority_skew,2,completed,"0,1"
32,361.50574036774526,392.23112156746623,454.6673439957286,30.72538119972097,93.16160362798331,1,49.060528683118235,62.436222428262354,1,PPO,priority_skew,2,completed,6
33,372.15649640169073,1193.8921120189543,1366.9187541936149,821.7356156172636,994.7622577919242,3,57.9864890914557,173.02664217466062,1,PPO,priority_skew,2,completed,"4,5,6"
34,396.09188860406994,401.5165966403203,517.127727544279,5.424708036250365,121.03583894020903,2,32.2293754888303,115.61113090395865,4,PPO,priority_skew,2,completed,"0,1"
35,405.10001022655877,454.6673439957286,632.7237983870837,49.56733376916981,227.6237881605249,1,61.95578257193267,178.05645439135515,1,PPO,priority_skew,2,completed,6
36,409.76090213847,2120.552782419347,2177.5771497374076,1710.7918802808767,1767.8162475989375,4,32.40867204796896,57.02436731806087,1,PPO,priority_skew,2,completed,"0,1,2,3"
37,423.0075698301804,476.8127648501359,554.165041455929,53.805195019955534,131.1574716257486,3,17.448788930339184,77.35227660579307,1,PPO,priority_skew,2,completed,"2,4,5"
38,467.0192459050374,1232.445538539046,1352.1105423297938,765.4262926340086,885.0912964247564,1,10.50048316951289,119.6650037907477,1,PPO,priority_skew,2,completed,7
39,478.9294143447016,1352.1105423297938,1456.3263406533615,873.1811279850922,977.3969263086599,1,21.63896817359408,104.21579832356764,1,PPO,priority_skew,2,completed,7
40,491.91434775210274,3067.9216496625213,3144.4483866982946,2576.0073019104184,2652.5340389461917,4,60.22936430588568,76.52673703577328,2,PPO,priority_skew,2,completed,"3,4,5,7"
41,495.6227437955628,554.165041455929,724.5489452984864,58.54229766036616,228.92620150292356,3,20.25933733977765,170.38390384255746,2,PPO,priority_skew,2,completed,"2,3,4"
42,502.873000768841,2173.8171585633268,2219.281376261493,1670.9441577944858,1716.4083754926519,4,22.394859410457148,45.46421769816597,1,PPO,priority_skew,2,completed,"4,5,6,7"
43,527.6177084865624,1366.9187541936149,1518.610025099695,839.3010457070525,990.9923166131325,1,25.18073597343152,151.69127090608012,1,PPO,priority_skew,2,completed,4
44,533.4755771207434,905.7369801149803,968.520696930691,372.26140299423685,435.04511980994755,3,31.46824820298203,62.78371681571066,2,PPO,priority_skew,2,completed,"2,3,4"
45,534.8508721892592,1366.9187541936149,1433.1953238171795,832.0678820043556,898.3444516279203,2,11.291749832576736,66.2765696235647,1,PPO,priority_skew,2,completed,"5,6"
46,549.8131905391443,1433.1953238171795,1482.0349018345732,883.3821332780352,932.2217112954289,2,49.336723869405745,48.83957801739378,1,PPO,priority_skew,2,completed,"5,6"
47,552.9599290707816,1456.3263406533615,1597.2200426002235,903.3664115825799,1044.2601135294417,1,11.1626874791502,140.89370194686197,1,PPO,priority_skew,2,completed,7
48,556.2136169090642,1482.0349018345732,1505.5229329887948,925.8212849255091,949.3093160797306,2,20.165221723018384,23.488031154221574,1,PPO,priority_skew,2,completed,"5,6"
49,557.2252816654945,2177.5771497374076,2331.568474611807,1620.351868071913,1774.3431929463122,3,51.62757575663276,153.99132487439925,1,PPO,priority_skew,2,completed,"0,1,2"
50,567.2513333260225,1505.5229329887948,1609.0612587605508,938.2715996627722,1041.8099254345284,2,10.819539848927846,103.53832577175604,1,PPO,priority_skew,2,completed,"5,6"
51,576.2897495331961,3144.4483866982946,3199.911078158728,2568.1586371650983,2623.6213286255315,4,32.58835056723255,55.462691460433234,3,PPO,priority_skew,2,completed,"3,4,5,7"
52,587.4289067108608,1518.610025099695,1556.0644537269616,931.1811183888341,968.6355470161008,1,60.93634791400195,37.45442862726661,1,PPO,priority_skew,2,completed,4
53,620.771068718562,1609.0612587605508,1742.5708256441217,988.2901900419888,1121.7997569255597,2,32.83291625060625,133.5095668835709,1,PPO,priority_skew,2,completed,"5,6"
54,625.7035976467471,625.7035976467471,695.4686310332346,0.0,69.76503338648752,1,11.945147390121369,69.76503338648756,2,PPO,priority_skew,2,completed,5
55,647.7595552145294,1597.2200426002235,1691.2257500810501,949.460487385694,1043.4661948665207,2,13.9310379470454,94.0057074808266,1,PPO,priority_skew,2,completed,"4,7"
56,652.0766324486267,652.0766324486267,802.2951808300554,0.0,150.21854838142872,1,14.793668706079359,150.21854838142875,2,PPO,priority_skew,2,completed,6
57,671.2901725107934,671.2901725107934,753.9527233625478,0.0,82.66255085175442,1,29.249541616361658,82.66255085175445,2,PPO,priority_skew,2,completed,7
58,674.7345459516014,2219.281376261493,2386.387566058625,1544.5468303098914,1711.6530201070236,4,59.29685475892877,167.10618979713212,1,PPO,priority_skew,2,completed,"4,5,6,7"
59,680.3903375009197,1877.1109281776799,1984.257762407358,1196.7205906767601,1303.8674249064384,3,44.91157439027455,107.1468342296782,1,PPO,priority_skew,2,completed,"5,6,7"
60,684.5156584997873,1232.445538539046,1340.874682968036,547.9298800392588,656.3590244682488,4,48.38584839580407,108.42914442898999,2,PPO,priority_skew,2,completed,"0,1,2,3"
61,685.8640334732604,692.8245267865216,865.3009496575904,6.960493313261168,179.43691618433002,2,35.27610467502911,172.47642287106885,2,PPO,priority_skew,2,completed,"0,1"
62,695.6423402737738,865.3009496575904,1032.1133618832548,169.6586093838166,336.471021609481,3,53.59013244998815,166.81241222566447,2,PPO,priority_skew,2,completed,"0,1,6"
63,703.1367762947622,1691.2257500810501,1770.0911894934193,988.088973786288,1066.9544131986572,1,27.214061875533424,78.86543941236911,1,PPO,priority_skew,2,completed,4
64,703.6701047334146,1340.874682968036,1496.9515115288245,637.2045782346214,793.2814067954099,4,34.43543535447846,156.07682856078856,2,PPO,priority_skew,2,completed,"0,1,2,3"
65,721.8569654782904,721.8569654782904,877.4074725876156,0.0,155.55050710932528,1,45.083138485659205,155.55050710932528,2,PPO,priority_skew,2,completed,5
66,727.0801669195905,905.2867347738627,984.0899354874156,178.20656785427218,257.00976856782506,2,52.97668430175662,78.80320071355287,3,PPO,priority_skew,2,completed,"5,7"
67,763.5683814792415,763.5683814792415,798.2726935726139,0.0,34.70431209337244,1,26.28302172786374,34.70431209337242,2,PPO,priority_skew,2,completed,7
68,779.6011429545453,1496.9515115288245,1582.8592797037745,717.3503685742793,803.2581367492293,4,56.73200802830628,85.90776817494987,2,PPO,priority_skew,2,completed,"0,1,2,3"
69,781.8537238877365,798.2726935726139,905.2867347738627,16.418969684877425,123.43301088612623,1,10.943833507801447,107.01404120124884,2,PPO,priority_skew,2,completed,7
70,789.668757327981,2331.568474611807,2374.4520930664507,1541.8997172838258,1584.7833357384698,3,42.07027799820403,42.88361845464394,1,PPO,priority_skew,2,completed,"0,1,2"
71,804.7187621633262,1704.2854835651247,1823.419142828178,899.5667214017984,1018.7003806648519,1,28.455971509548878,119.13365926305339,1,PPO,priority_skew,2,completed,7
72,869.8253621238966,1742.5708256441217,1877.1109281776799,872.745463520225,1007.2855660537832,2,51.75036883334848,134.54010253355813,1,PPO,priority_skew,2,completed,"5,6"
73,899.152245292204,1770.0911894934193,1900.8439322517113,870.9389442012152,1001.6916869595073,1,23.792168852067817,130.75274275829196,1,PPO,priority_skew,2,completed,4
74,906.5641613966617,1582.8592797037745,1635.1537305808156,676.2951183071128,728.5895691841539,4,56.98226105758178,52.29445087704106,2,PPO,priority_skew,2,completed,"0,1,2,3"
75,915.7708729112486,968.520696930691,1091.877517053568,52.74982401944237,176.1066441423194,2,42.59780271748866,123.35682012287711,2,PPO,priority_skew,2,completed,"2,3"
76,945.0839344939869,2374.4520930664507,2541.7455093835842,1429.368158572464,1596.6615748895974,4,57.33303732377337,167.29341631713334,1,PPO,priority_skew,2,completed,"0,1,2,3"
77,956.1972871279564,2386.387566058625,2549.807419423809,1430.1902789306687,1593.6101322958525,3,17.177627468676167,163.41985336518374,1,PPO,priority_skew,2,completed,"4,5,6"
78,986.9350053251209,1032.1133618832548,1206.6910560398503,45.17835655813394,219.75605071472944,1,53.09439149608211,174.57769415659556,2,PPO,priority_skew,2,completed,0
79,987.88772456157,1032.1133618832548,1112.2094207910968,44.22563732168476,124.32169622952676,1,36.936901927462216,80.09605890784194,4,PPO,priority_skew,2,completed,1
80,989.4214312405517,1900.8439322517113,1922.6245352269693,911.4225010111596,933.2031039864177,1,43.229237179697094,21.780602975258017,1,PPO,priority_skew,2,completed,4
81,994.341061640381,2541.7455093835842,2706.871975771549,1547.4044477432033,1712.530914131168,3,8.755539122486017,165.12646638796468,1,PPO,priority_skew,2,completed,"0,1,2"
82,1011.7334637226872,2541.7455093835842,2594.2418063885575,1530.012045660897,1582.5083426658703,2,40.623792538373635,52.49629700497316,1,PPO,priority_skew,2,completed,"3,7"
83,1046.733149794387,2177.5771497374076,2335.8025402984686,1130.8439999430207,1289.0693905040816,1,61.18833525847667,158.22539056106092,1,PPO,priority_skew,2,completed,3
84,1046.9517012334927,2549.807419423809,2653.4933526566806,1502.855718190316,1606.541651423188,3,30.365864650755157,103.6859332328717,1,PPO,priority_skew,2,completed,"4,5,6"
85,1052.780813652343,1635.1537305808156,1704.2854835651247,582.3729169284725,651.5046699127815,4,63.9976528427705,69.13175298430913,2,PPO,priority_skew,2,completed,"0,1,2,3"
86,1052.9661927049262,2706.871975771549,2743.513024168431,1653.9057830666227,1690.5468314635048,4,46.579706064374065,36.64104839688213,1,PPO,priority_skew,2,completed,"0,1,2,6"
87,1060.776859882821,2717.9139781462613,2828.01692767182,1657.1371182634402,1767.240067788999,3,63.8346521267269,110.10294952555901,1,PPO,priority_skew,2,completed,"3,4,5"
88,1062.087358021167,2743.513024168431,2882.8116683860558,1681.425666147264,1820.7243103648889,3,26.47734051927282,139.29864421762468,1,PPO,priority_skew,2,completed,"0,1,2"
89,1064.56966077296,1064.56966077296,1189.6909434447,0.0,125.12128267173989,1,10.723739879104269,125.12128267173999,3,PPO,priority_skew,2,completed,6
90,1101.0383762059566,2828.01692767182,2889.1788171619987,1726.9785514658636,1788.140440956042,3,42.961178562607095,61.16188949017861,1,PPO,priority_skew,2,completed,"3,4,5"
91,1109.1421828689217,2653.4933526566806,2708.5439887555603,1544.3511697877589,1599.4018058866386,2,34.598735142562234,55.05063609887975,1,PPO,priority_skew,2,completed,"4,5"
92,1114.1664758507122,2594.2418063885575,2717.9139781462613,1480.0753305378453,1603.747502295549,2,59.7425963271761,123.672171757704,1,PPO,priority_skew,2,completed,"3,7"
93,1115.0931186125295,2386.387566058625,2539.0520022336186,1271.2944474460955,1423.9588836210892,1,18.81401144824031,152.6644361749936,1,PPO,priority_skew,2,completed,7
94,1129.4385740768078,2882.8116683860558,3010.8463645917136,1753.373094309248,1881.4077905149059,4,9.305811926897862,128.03469620565787,1,PPO,priority_skew,2,completed,"0,1,2,6"
95,1132.430051057517,1146.7352401068315,1193.8921120189543,14.30518904931455,61.46206096143737,2,55.06208868277173,47.15687191212277,2,PPO,priority_skew,2,completed,"4,5"
96,1141.5688688416642,2889.1788171619987,3028.5971776408996,1747.6099483203345,1887.0283087992354,4,54.150784839131674,139.41836047890078,1,PPO,priority_skew,2,completed,"3,4,5,7"
97,1141.653063453071,3010.8463645917136,3133.931391502101,1869.1933011386427,1992.2783280490303,4,10.654782315380714,123.08502691038767,1,PPO,priority_skew,2,completed,"0,1,2,6"
98,1152.5323011436687,3028.5971776408996,3067.9216496625213,1876.064876497231,1915.3893485188526,3,30.910904689759484,39.32447202162167,1,PPO,priority_skew,2,completed,"3,4,5"
99,1162.82477562426,1162.82477562426,1210.689931121976,0.0,47.86515549771616,1,55.658419473275295,47.86515549771613,2,PPO,priority_skew,2,completed,7
0,1.375185158475498,1.375185158475498,54.21238395048956,0.0,52.837198792014064,3,37.55399625995618,52.837198792014064,2,FCFS,priority_skew,3,completed,"0,1,2"
1,6.245896078146796,6.245896078146796,87.12160233939518,0.0,80.87570626124838,1,29.767044903337258,80.87570626124838,3,FCFS,priority_skew,3,completed,3
2,23.740158054637277,23.740158054637277,99.42331571195825,0.0,75.68315765732098,1,27.535688320487175,75.68315765732098,1,FCFS,priority_skew,3,completed,4
3,51.242009251904534,51.242009251904534,158.72159452321887,0.0,107.47958527131433,2,13.224358090079173,107.47958527131433,3,FCFS,priority_skew,3,completed,"5,6"
4,55.53568199150856,55.53568199150856,227.07818809801694,0.0,171.54250610650837,4,49.65897161163064,171.54250610650837,2,FCFS,priority_skew,3,completed,"0,1,2,7"
5,58.75862602990708,227.07818809801694,377.18438636914664,168.31956206810986,318.42576033923956,3,49.66435524229894,150.10619827112973,2,FCFS,priority_skew,3,completed,"0,1,2"
6,64.19045745573224,377.18438636914664,452.01906647450903,312.9939289134144,387.8286090187768,3,34.989930642549425,74.83468010536241,1,FCFS,priority_skew,3,completed,"0,1,2"
7,65.47287333119986,158.72159452321887,229.5833421777666,93.248721192019,164.11046884656673,2,40.00688865486731,70.86174765454774,2,FCFS,priority_skew,3,completed,"5,6"
8,77.98489291818345,87.12160233939518,177.90842658884858,9.136709421211734,99.92353367066514,1,13.846342565390394,90.7868242494534,1,FCFS,priority_skew,3,completed,3
9,78.813743410487,452.01906647450903,486.12032148417074,373.205323064022,407.30657807368374,3,47.57253502162153,34.10125500966173,1,FCFS,priority_skew,3,completed,"0,1,2"
10,84.45449819492654,229.5833421777666,356.0388110068417,145.12884398284007,271.58431281191514,2,30.65724881547767,126.4554688290751,1,FCFS,priority_skew,3,completed,"5,6"
11,126.2999792698435,486.12032148417074,655.215589206442,359.82034221432724,528.9156099365985,3,19.044251027319774,169.09526772227122,1,FCFS,priority_skew,3,completed,"0,1,2"
12,129.6316215051729,1533.8896516194586,1608.2455519952237,1404.2580301142857,1478.6139304900507,4,23.674072641819944,74.35590037576502,1,FCFS,priority_skew,3,completed,"3,5,6,7"
13,145.69845221136816,145.69845221136816,315.6078675182,0.0,169.90941530683185,1,38.03372125957918,169.90941530683187,1,FCFS,priority_skew,3,completed,4
14,152.14865303102272,1591.472066869816,1753.0264640674814,1439.3234138387934,1600.8778110364588,4,45.416816697902334,161.55439719766542,5,FCFS,priority_skew,3,completed,"0,1,2,4"
15,177.5768473022394,356.0388110068417,462.0064469152123,178.46196370460228,284.4295996129729,2,16.04366899547039,105.96763590837058,3,FCFS,priority_skew,3,completed,"5,6"
16,188.92271871254962,188.92271871254962,236.7485346146766,0.0,47.825815902126976,1,40.94441672792435,47.82581590212699,2,FCFS,priority_skew,3,completed,3
17,207.48285784886605,227.07818809801694,333.2042989237256,19.59533024915089,125.72144107485957,1,60.50733794470708,106.12611082570866,1,FCFS,priority_skew,3,completed,7
18,211.0989529953521,236.7485346146766,392.31716985175,25.649581619324493,181.2182168563979,1,31.27930773947645,155.56863523707338,1,FCFS,priority_skew,3,completed,3
19,213.3205432948557,315.6078675182,400.45712225802924,102.28732422334431,187.13657896317355,1,45.47170409540175,84.8492547398292,1,FCFS,priority_skew,3,completed,4
20,213.3430374072596,1608.2455519952237,1687.746503868742,1394.902514587964,1474.4034664614824,4,25.26237832003101,79.50095187351826,2,FCFS,priority_skew,3,completed,"3,5,6,7"
21,227.90584914176188,655.215589206442,800.6425589592516,427.3097400646801,572.7367098174897,3,35.73119488154612,145.42696975280955,1,FCFS,priority_skew,3,completed,"0,1,2"
22,239.08613336658118,800.6425589592516,960.2849689805274,561.5564255926704,721.1988356139462,3,32.84707815512868,159.64241002127585,1,FCFS,priority_skew,3,completed,"0,1,2"
23,254.2886199733049,333.2042989237256,353.3880451227492,78.91567895042073,99.0994251494443,1,62.02967077686228,20.183746199023584,1,FCFS,priority_skew,3,completed,7
24,262.45850660153314,353.3880451227492,463.1446282168638,90.92953852121605,200.68612161533065,1,46.424453833836516,109.75658309411459,2,FCFS,priority_skew,3,completed,7
25,269.64114069727395,1687.746503868742,1817.114734673721,1418.105363171468,1547.4735939764469,4,57.08013057123234,129.36823080497902,1,FCFS,priority_skew,3,completed,"3,5,6,7"
26,277.0137029744165,392.31716985175,464.14312113241465,115.3034668773335,187.12941815799815,1,45.31710779777637,71.82595128066464,2,FCFS,priority_skew,3,completed,3
27,284.3128578348477,960.2849689805274,1106.0306956311215,675.9721111456797,821.7178377962738,3,42.44046593338715,145.74572665059395,1,FCFS,priority_skew,3,completed,"0,1,2"
28,284.8297400187425,400.45712225802924,557.6872492080248,115.62738223928676,272.8575091892823,1,38.06760767972422,157.23012694999554,2,FCFS,priority_skew,3,completed,4
29,311.79064942413413,462.0064469152123,544.5582531524944,150.21579749107815,232.7676037283603,1,44.034457431617476,82.55180623728215,1,FCFS,priority_skew,3,completed,5
30,329.47026022356073,462.0064469152123,620.6367304012607,132.53618669165155,291.1664701777,1,12.355563988434099,158.6302834860484,3,FCFS,priority_skew,3,completed,6
31,330.289990290302,1106.0306956311215,1147.7391126598748,775.7407053408194,817.4491223695727,3,61.896885355597206,41.70841702875322,1,FCFS,priority_skew,3,completed,"0,1,2"
32,348.5079775658144,463.1446282168638,526.4023584802417,114.63665065104942,177.8943809144273,1,30.463022393770533,63.25773026337784,1,FCFS,priority_skew,3,completed,7
33,386.7759145596382,1753.0264640674814,1798.8654473984432,1366.250549507843,1412.089532838805,4,44.9322179525157,45.83898333096187,1,FCFS,priority_skew,3,completed,"0,1,2,4"
34,389.3467591627439,544.5582531524944,566.5202639958372,155.21149398975052,177.17350483309332,2,48.363241495059434,21.96201084334282,2,FCFS,priority_skew,3,completed,"5,7"
35,399.03044370974965,1147.7391126598748,1237.4669584694377,748.7086689501251,838.4365147596881,3,32.31405757093004,89.72784580956285,1,FCFS,priority_skew,3,completed,"0,1,2"
36,400.6313705696344,1237.4669584694377,1291.4086332775946,836.8355878998034,890.7772627079603,3,57.65641848509185,53.941674808156804,1,FCFS,priority_skew,3,completed,"0,1,2"
37,416.0030061388305,566.5202639958372,685.0988763163965,150.51725785700677,269.09587017756604,2,17.410335414634446,118.5786123205593,3,FCFS,priority_skew,3,completed,"5,7"
38,442.59414702421617,1798.8654473984432,1918.8444472139524,1356.271300374227,1476.2503001897362,4,15.542089396010851,119.9789998155093,3,FCFS,priority_skew,3,completed,"0,1,2,4"
39,453.91907003849644,1817.114734673721,1903.4733294058476,1363.1956646352246,1449.5542593673513,4,19.215421275388064,86.35859473212678,2,FCFS,priority_skew,3,completed,"3,5,6,7"
40,470.8598870787796,1291.4086332775946,1413.5876055348729,820.548746198815,942.7277184560933,3,33.26595829404171,122.17897225727828,2,FCFS,priority_skew,3,completed,"0,1,2"
41,485.3249551094523,1413.5876055348729,1537.9193773325446,928.2626504254206,1052.5944222230924,3,27.77487650666867,124.33177179767188,1,FCFS,priority_skew,3,completed,"0,1,2"
42,494.80184640911426,620.6367304012607,694.4657038191543,125.83488399214644,199.66385741004007,2,36.652121528077146,73.8289734178936,1,FCFS,priority_skew,3,completed,"4,6"
43,516.9294982379017,1483.880804206724,1533.8896516194586,966.9513059688222,1016.9601533815569,3,59.65783501577832,50.008847412734596,1,FCFS,priority_skew,3,completed,"3,6,7"
44,521.7889689853146,521.7889689853146,699.9726742035273,0.0,178.1837052182127,1,55.72019957305893,178.1837052182127,1,FCFS,priority_skew,3,completed,3
45,547.2905739937376,557.6872492080248,609.426802027125,10.396675214287256,62.1362280333874,1,22.901490653018968,51.7395528191001,2,FCFS,priority_skew,3,completed,4
46,602.7917275691788,1537.9193773325446,1591.472066869816,935.1276497633659,988.6803393006372,3,53.952262854086676,53.55268953727128,3,FCFS,priority_skew,3,completed,"0,1,2"
47,605.2489976661503,685.0988763163965,834.3575662206185,79.84987865024618,229.1085685544682,2,33.98128486223156,149.25868990422205,2,FCFS,priority_skew,3,completed,"5,7"
48,634.9956096245805,694.4657038191543,812.0023537997173,59.47009419457379,177.00674417513676,2,35.93355321920878,117.53664998056297,1,FCFS,priority_skew,3,completed,"4,6"
49,643.9189268454735,1903.4733294058476,2003.7168014352733,1259.554402560374,1359.7978745898,4,18.656949925083374,100.24347202942572,3,FCFS,priority_skew,3,completed,"3,5,6,7"
50,650.3836941874995,699.9726742035273,826.1096140040345,49.58898001602779,175.725919816535,1,9.204253635213139,126.1369398005072,1,FCFS,priority_skew,3,completed,3
51,652.938372408852,1918.8444472139524,1961.1548222987228,1265.9060748051004,1308.2164498898708,4,15.612568661638292,42.31037508477048,2,FCFS,priority_skew,3,completed,"0,1,2,4"
52,692.052096342813,812.0023537997173,893.365616732561,119.9502574569043,201.31352038974796,1,37.133478914012414,81.36326293284367,1,FCFS,priority_skew,3,completed,4
53,693.6198169074753,1961.1548222987228,2100.633775997568,1267.5350053912475,1407.0139590900928,4,54.44038749438158,139.4789536988452,1,FCFS,priority_skew,3,completed,"0,1,2,4"
54,711.945318532445,812.0023537997173,910.8951446641723,100.05703526727234,198.94982613172738,1,56.59146973565815,98.89279086445507,2,FCFS,priority_skew,3,completed,6
55,719.5967418992938,826.1096140040345,947.9652234353739,106.51287210474072,228.36848153608014,1,51.54125664041501,121.85560943133939,2,FCFS,priority_skew,3,completed,3
56,751.0595731639432,834.3575662206185,884.2926544845881,83.2979930566753,133.23308132064483,1,20.842345712479233,49.93508826396958,5,FCFS,priority_skew,3,completed,5
57,765.5258682957642,2003.7168014352733,2134.262746702765,1238.190933139509,1368.7368784070009,3,8.588404038860936,130.54594526749156,3,FCFS,priority_skew,3,completed,"3,5,6"
58,818.7036857340058,2100.633775997568,2184.5132671155343,1281.9300902635623,1365.8095813815285,4,10.718250407962639,83.87949111796635,1,FCFS,priority_skew,3,completed,"0,1,2,4"
59,821.2748997190552,834.3575662206185,922.7440997290357,13.08266650156338,101.46920000998057,1,33.84900253631385,88.38653350841722,3,FCFS,priority_skew,3,completed,7
60,823.6082113424526,884.2926544845881,911.6119535236217,60.68444314213548,88.00374218116906,1,60.86537603270211,27.31929903903353,3,FCFS,priority_skew,3,completed,5
61,846.1297565157682,893.365616732561,1029.6994478408683,47.23586021679273,183.56969132510005,1,26.648038762766742,136.3338311083072,1,FCFS,priority_skew,3,completed,4
62,851.6146660921859,2134.262746702765,2254.794744682773,1282.6480806105792,1403.180078590587,4,45.954719784898614,120.53199798000797,2,FCFS,priority_skew,3,completed,"3,5,6,7"
63,885.8667898637538,947.9652234353739,1032.157302683689,62.09843357162015,146.29051281993532,2,16.591713645682134,84.19207924831505,2,FCFS,priority_skew,3,completed,"3,7"
64,899.7712923100266,910.8951446641723,997.4931782223208,11.123852354145697,97.72188591229417,1,54.79691098654157,86.59803355814851,1,FCFS,priority_skew,3,completed,6
65,906.6327943668779,911.6119535236217,1035.7590518249303,4.979159156743776,129.12625745805246,1,20.45789866042122,124.14709830130877,1,FCFS,priority_skew,3,completed,5
66,948.907754016147,2184.5132671155343,2245.8719562694996,1235.6055130993873,1296.9642022533526,3,25.019367250873433,61.35868915396513,2,FCFS,priority_skew,3,completed,"0,1,2"
67,949.9288629957223,997.4931782223208,1162.1273569292398,47.564315226598524,212.1984939335175,1,41.17649911334585,164.63417870691896,2,FCFS,priority_skew,3,completed,6
68,963.5730049115091,2245.8719562694996,2285.591132756791,1282.2989513579905,1322.018127845282,4,26.15714937662047,39.71917648729157,1,FCFS,priority_skew,3,completed,"0,1,2,4"
69,973.5852644517065,1032.157302683689,1169.1167191602565,58.57203823198256,195.53145470854997,2,41.858722784231894,136.9594164765674,1,FCFS,priority_skew,3,completed,"3,7"
70,974.560616850401,2254.794744682773,2428.1514364006375,1280.234127832372,1453.5908195502366,3,52.96201351516523,173.35669171786438,1,FCFS,priority_skew,3,completed,"3,5,6"
71,976.478663010671,1169.1167191602565,1310.5900825541796,192.6380561495855,334.11141954350865,2,11.991051972688975,141.47336339392317,1,FCFS,priority_skew,3,completed,"3,7"
72,978.0836759845641,1029.6994478408683,1171.3621786983617,51.61577185630415,193.2785027137976,1,43.47967716790633,141.66273085749341,1,FCFS,priority_skew,3,completed,4
73,982.1852862994269,1310.5900825541796,1483.880804206724,328.4047962547527,501.695517907297,2,61.86138162939982,173.29072165254442,1,FCFS,priority_skew,3,completed,"3,7"
74,986.0723771844008,2285.591132756791,2399.5886780163264,1299.51875557239,1413.5163008319255,3,23.248807969935573,113.99754525953527,1,FCFS,priority_skew,3,completed,"0,1,2"
75,990.3786240231611,2285.591132756791,2450.284612923114,1295.2125087336299,1459.9059888999527,2,37.93800977252728,164.69348016632276,1,FCFS,priority_skew,3,completed,"4,7"
76,997.4772383864727,1035.7590518249303,1197.121870329317,38.281813438457675,199.6446319428444,1,18.03479683371824,161.36281850438675,1,FCFS,priority_skew,3,completed,5
77,999.9450987697242,2428.1514364006375,2563.389614426954,1428.2063376309134,1563.4445156572297,4,19.920248351378547,135.23817802631652,1,FCFS,priority_skew,3,completed,"2,3,5,6"
78,1030.3708658493135,2399.5886780163264,2546.5164428811636,1369.2178121670129,1516.14557703185,2,12.860587361258265,146.92776486483712,1,FCFS,priority_skew,3,completed,"0,1"
79,1043.3099869107914,1162.1273569292398,1333.4107274442688,118.8173700184484,290.1007405334774,1,11.155222472317107,171.28337051502896,2,FCFS,priority_skew,3,completed,6
80,1064.5402632436517,2563.389614426954,2722.1382283979933,1498.8493511833021,1657.5979651543416,3,18.77301091421473,158.74861397103967,2,FCFS,priority_skew,3,completed,"2,3,5"
81,1089.957030866756,2450.284612923114,2555.146054919833,1360.3275820563579,1465.1890240530772,2,45.43710211699877,104.86144199671928,1,FCFS,priority_skew,3,completed,"4,7"
82,1091.0287114808568,2644.2623029059177,2677.707302591905,1553.233591425061,1586.678591111048,4,37.248269476960424,33.44499968598731,1,FCFS,priority_skew,3,completed,"0,1,4,6"
83,1102.9273432432215,2677.707302591905,2814.9359518127585,1574.7799593486834,1712.008608569537,4,41.35101148259429,137.22864922085373,2,FCFS,priority_skew,3,completed,"0,1,4,6"
84,1114.9519118763662,2546.5164428811636,2625.896758966684,1431.5645310047973,1510.9448470903178,2,24.47499147378331,79.3803160855205,1,FCFS,priority_skew,3,completed,"0,1"
85,1115.4983064599633,2581.6016892807424,2644.2623029059177,1466.1033828207792,1528.7639964459545,3,28.86543163416536,62.66061362517533,2,FCFS,priority_skew,3,completed,"4,6,7"
86,1157.4707607868795,1171.3621786983617,1305.6142261529792,13.891417911482222,148.1434653660997,1,19.641838868339065,134.2520474546174,1,FCFS,priority_skew,3,completed,4
87,1159.111455258768,1197.121870329317,1373.034625350633,38.010415070549016,213.9231700918649,1,27.11105040373775,175.9127550213158,3,FCFS,priority_skew,3,completed,5
88,1170.6998711251968,2722.1382283979933,2820.91662324108,1551.4383572727966,1650.216752115883,4,16.699283578652704,98.77839484308643,1,FCFS,priority_skew,3,completed,"2,3,5,7"
89,1209.5703947662112,1305.6142261529792,1420.2437200981074,96.04383138676803,210.6733253318962,1,27.41671597395581,114.62949394512822,2,FCFS,priority_skew,3,completed,4
90,1215.0388808803764,2814.9359518127585,2938.153736400417,1599.8970709323821,1723.1148555200407,4,21.561423193637275,123.21778458765841,1,FCFS,priority_skew,3,completed,"0,1,4,6"
91,1221.9481003625406,2820.91662324108,2849.7733194140355,1598.9685228785393,1627.825219051495,4,11.629170516581894,28.856696172955925,1,FCFS,priority_skew,3,completed,"2,3,5,7"
92,1242.3743258650347,1333.4107274442688,1432.2619991149584,91.03640157923405,189.88767324992364,1,28.768711438467285,98.85127167068953,1,FCFS,priority_skew,3,completed,6
93,1244.5412784175753,2849.7733194140355,2877.0975796907696,1605.2320409964602,1632.5563012731943,4,19.595983907670323,27.324260276734016,1,FCFS,priority_skew,3,completed,"2,3,5,7"
94,1253.9764608007767,2877.0975796907696,2964.383409681283,1623.1211188899929,1710.4069488805062,3,26.963327373203477,87.28582999051352,1,FCFS,priority_skew,3,completed,"2,3,5"
95,1260.5656527533029,2938.153736400417,3070.532263096153,1677.5880836471142,1809.9666103428503,4,49.50783061265073,132.37852669573607,1,FCFS,priority_skew,3,completed,"0,1,4,6"
96,1278.7372734957876,1373.034625350633,1484.766732254151,94.29735185484537,206.0294587583635,1,30.165514977739175,111.7321069035182,1,FCFS,priority_skew,3,completed,5
97,1292.5870107428063,2964.383409681283,3128.636280053669,1671.7963989384766,1836.0492693108627,3,40.33710867491265,164.25287037238604,4,FCFS,priority_skew,3,completed,"2,3,5"
98,1302.6056052456663,2555.146054919833,2581.6016892807424,1252.540449674167,1278.9960840350761,2,29.26586320052795,26.45563436090942,1,FCFS,priority_skew,3,completed,"4,7"
99,1315.1285085863622,1420.2437200981074,1548.9627196482802,105.1152115117452,233.83421106191804,1,52.97161331722714,128.71899955017278,1,FCFS,priority_skew,3,completed,4
0,1.375185158475498,1.375185158475498,54.21238395048956,0.0,52.837198792014064,3,37.55399625995618,52.837198792014064,2,SJF,priority_skew,3,completed,"0,1,2"
1,6.245896078146796,6.245896078146796,87.12160233939518,0.0,80.87570626124838,1,29.767044903337258,80.87570626124838,3,SJF,priority_skew,3,completed,3
2,23.740158054637277,23.740158054637277,99.42331571195825,0.0,75.68315765732098,1,27.535688320487175,75.68315765732098,1,SJF,priority_skew,3,completed,4
3,51.242009251904534,51.242009251904534,158.72159452321887,0.0,107.47958527131433,2,13.224358090079173,107.47958527131433,3,SJF,priority_skew,3,completed,"5,6"
4,55.53568199150856,55.53568199150856,227.07818809801694,0.0,171.54250610650837,4,49.65897161163064,171.54250610650837,2,SJF,priority_skew,3,completed,"0,1,2,7"
5,58.75862602990708,1730.544853018823,1880.6510512899526,1671.786226988916,1821.8924252600455,3,49.66435524229894,150.10619827112973,2,SJF,priority_skew,3,completed,"1,3,5"
6,64.19045745573224,568.6308198270078,643.4654999323702,504.44036237127557,579.275042476638,3,34.989930642549425,74.83468010536241,1,SJF,priority_skew,3,completed,"5,6,7"
7,65.47287333119986,158.72159452321887,229.5833421777666,93.248721192019,164.11046884656673,2,40.00688865486731,70.86174765454774,2,SJF,priority_skew,3,completed,"5,6"
8,77.98489291818345,87.12160233939518,177.90842658884858,9.136709421211734,99.92353367066514,1,13.846342565390394,90.7868242494534,1,SJF,priority_skew,3,completed,3
9,78.813743410487,227.07818809801694,261.17944310767865,148.26444468752993,182.36569969719164,3,47.57253502162153,34.10125500966173,1,SJF,priority_skew,3,completed,"0,1,2"
10,84.45449819492654,261.17944310767865,387.6349119367537,176.7249449127521,303.1804137418272,2,30.65724881547767,126.4554688290751,1,SJF,priority_skew,3,completed,"1,2"
11,126.2999792698435,2936.1350852267597,3105.230352949031,2809.8351059569163,2978.9303736791876,3,19.044251027319774,169.09526772227122,1,SJF,priority_skew,3,completed,"1,3,5"
12,129.6316215051729,643.4654999323702,717.8214003081353,513.8338784271973,588.1897788029623,4,23.674072641819944,74.35590037576502,1,SJF,priority_skew,3,completed,"4,5,6,7"
13,145.69845221136816,145.69845221136816,315.6078675182,0.0,169.90941530683185,1,38.03372125957918,169.90941530683187,1,SJF,priority_skew,3,completed,4
14,152.14865303102272,2774.5806880290943,2936.1350852267597,2622.4320349980717,2783.986432195737,4,45.416816697902334,161.55439719766542,5,SJF,priority_skew,3,completed,"1,3,5,6"
15,177.5768473022394,229.5833421777666,335.5509780861372,52.00649487552721,157.9741307838978,2,16.04366899547039,105.96763590837058,3,SJF,priority_skew,3,completed,"5,6"
16,188.92271871254962,188.92271871254962,236.7485346146766,0.0,47.825815902126976,1,40.94441672792435,47.82581590212699,2,SJF,priority_skew,3,completed,3
17,207.48285784886605,236.7485346146766,342.8746454403853,29.265676765810554,135.39178759151923,1,60.50733794470708,106.12611082570866,1,SJF,priority_skew,3,completed,3
18,211.0989529953521,335.5509780861372,491.1196133232106,124.4520250907851,280.02066032785854,1,31.27930773947645,155.56863523707338,1,SJF,priority_skew,3,completed,5
19,213.3205432948557,227.07818809801694,311.9274428378461,13.757644803161241,98.60689954299042,1,45.47170409540175,84.8492547398292,1,SJF,priority_skew,3,completed,7
20,213.3430374072596,1903.3147733179057,1982.815725191424,1689.9717359106462,1769.4726877841645,4,25.26237832003101,79.50095187351826,2,SJF,priority_skew,3,completed,"0,2,4,6"
21,227.90584914176188,1585.1178832660135,1730.544853018823,1357.2120341242517,1502.6390038770612,3,35.73119488154612,145.42696975280955,1,SJF,priority_skew,3,completed,"1,3,5"
22,239.08613336658118,2694.0351524631255,2853.6775624844013,2454.9490190965444,2614.59142911782,3,32.84707815512868,159.64241002127585,1,SJF,priority_skew,3,completed,"0,2,4"
23,254.2886199733049,261.17944310767865,281.3631893067022,6.890823134373761,27.074569333397335,1,62.02967077686228,20.183746199023584,1,SJF,priority_skew,3,completed,0
24,262.45850660153314,315.6078675182,425.3644506123146,53.149360916666865,162.90594401078147,1,46.424453833836516,109.75658309411459,2,SJF,priority_skew,3,completed,4
25,269.64114069727395,2289.9497899329845,2419.3180207379637,2020.3086492357106,2149.67688004069,4,57.08013057123234,129.36823080497902,1,SJF,priority_skew,3,completed,"0,2,4,6"
26,277.0137029744165,281.3631893067022,353.18914058736686,4.349486332285721,76.17543761295036,1,45.31710779777637,71.82595128066464,2,SJF,priority_skew,3,completed,0
27,284.3128578348477,1667.9430905316344,1813.6888171822284,1383.6302326967866,1529.3759593473806,3,42.44046593338715,145.74572665059395,1,SJF,priority_skew,3,completed,"0,4,7"
28,284.8297400187425,335.5509780861372,492.7811050361328,50.72123806739472,207.9513650173903,1,38.06760767972422,157.23012694999554,2,SJF,priority_skew,3,completed,6
29,311.79064942413413,311.9274428378461,394.4792490751283,0.1367934137119846,82.68859965099415,1,44.034457431617476,82.55180623728215,1,SJF,priority_skew,3,completed,7
30,329.47026022356073,342.8746454403853,501.50492892643365,13.40438521682455,172.03466870287292,1,12.355563988434099,158.6302834860484,3,SJF,priority_skew,3,completed,3
31,330.289990290302,411.3087700060867,453.01718703483994,81.01877971578472,122.72719674453793,3,61.896885355597206,41.70841702875322,1,SJF,priority_skew,3,completed,"1,2,7"
32,348.5079775658144,353.18914058736686,416.4468708507447,4.681163021552493,67.93889328493032,1,30.463022393770533,63.25773026337784,1,SJF,priority_skew,3,completed,0
33,386.7759145596382,506.9588618429967,552.7978451739586,120.18294728335854,166.02193061432047,4,44.9322179525157,45.83898333096187,1,SJF,priority_skew,3,completed,"1,2,3,7"
34,389.3467591627439,389.3467591627439,411.3087700060867,0.0,21.962010843342796,2,48.363241495059434,21.96201084334282,2,SJF,priority_skew,3,completed,"1,2"
35,399.03044370974965,656.3593821239645,746.0872279335273,257.3289384142148,347.05678422377764,3,32.31405757093004,89.72784580956285,1,SJF,priority_skew,3,completed,"1,2,3"
36,400.6313705696344,453.01718703483994,506.9588618429967,52.38581646520555,106.32749127336234,3,57.65641848509185,53.941674808156804,1,SJF,priority_skew,3,completed,"1,2,7"
37,416.0030061388305,425.3644506123146,543.9430629328739,9.361444473484141,127.94005679404341,2,17.410335414634446,118.5786123205593,3,SJF,priority_skew,3,completed,"0,4"
38,442.59414702421617,2103.028113738297,2223.0071135538064,1660.433966714081,1780.4129665295902,4,15.542089396010851,119.9789998155093,3,SJF,priority_skew,3,completed,"1,3,5,7"
39,453.91907003849644,1982.815725191424,2069.1743199235507,1528.8966551529275,1615.2552498850541,4,19.215421275388064,86.35859473212678,2,SJF,priority_skew,3,completed,"0,2,4,6"
40,470.8598870787796,881.9873848242452,1004.1663570815234,411.1274977454656,533.3064700027438,3,33.26595829404171,122.17897225727828,2,SJF,priority_skew,3,completed,"1,3,5"
41,485.3249551094523,1460.7861114683415,1585.1178832660135,975.4611563588892,1099.7929281565612,3,27.77487650666867,124.33177179767188,1,SJF,priority_skew,3,completed,"1,3,5"
42,494.80184640911426,494.80184640911426,568.6308198270078,0.0,73.82897341789356,2,36.652121528077146,73.8289734178936,1,SJF,priority_skew,3,completed,"5,6"
43,516.9294982379017,552.7978451739586,602.8066925866932,35.86834693605692,85.87719434879148,3,59.65783501577832,50.008847412734596,1,SJF,priority_skew,3,completed,"1,2,3"
44,521.7889689853146,543.9430629328739,722.1267681510866,22.154093947559318,200.33779916577203,1,55.72019957305893,178.1837052182127,1,SJF,priority_skew,3,completed,0
45,547.2905739937376,547.2905739937376,599.0301268128377,0.0,51.73955281910014,1,22.901490653018968,51.7395528191001,2,SJF,priority_skew,3,completed,4
46,602.7917275691788,602.8066925866932,656.3593821239645,0.01496501751444157,53.56765455478569,3,53.952262854086676,53.55268953727128,3,SJF,priority_skew,3,completed,"1,2,3"
47,605.2489976661503,803.4900310839303,952.7487209881523,198.24103341777993,347.49972332200196,2,33.98128486223156,149.25868990422205,2,SJF,priority_skew,3,completed,"0,7"
48,634.9956096245805,746.0872279335273,863.6238779140903,111.09161830894675,228.62826828950972,2,35.93355321920878,117.53664998056297,1,SJF,priority_skew,3,completed,"2,3"
49,643.9189268454735,2069.1743199235507,2169.4177919529766,1425.2553930780773,1525.4988651075032,4,18.656949925083374,100.24347202942572,3,SJF,priority_skew,3,completed,"0,2,4,6"
50,650.3836941874995,760.1317753929058,886.268715193413,109.74808120540627,235.88502100591347,1,9.204253635213139,126.1369398005072,1,SJF,priority_skew,3,completed,6
51,652.938372408852,717.8214003081353,760.1317753929058,64.8830278992832,107.1934029840537,4,15.612568661638292,42.31037508477048,2,SJF,priority_skew,3,completed,"4,5,6,7"
52,692.052096342813,722.1267681510866,803.4900310839303,30.074671808273592,111.43793474111726,1,37.133478914012414,81.36326293284367,1,SJF,priority_skew,3,completed,0
53,693.6198169074753,2554.5561987642805,2694.0351524631255,1860.9363818568052,2000.4153355556502,4,54.44038749438158,139.4789536988452,1,SJF,priority_skew,3,completed,"0,2,4,6"
54,711.945318532445,746.0872279335273,844.9800187979823,34.14190940108233,133.03470026553737,1,56.59146973565815,98.89279086445507,2,SJF,priority_skew,3,completed,1
55,719.5967418992938,760.1317753929058,881.9873848242452,40.53503349361199,162.3906429249514,1,51.54125664041501,121.85560943133939,2,SJF,priority_skew,3,completed,5
56,751.0595731639432,760.1317753929058,810.0668636568753,9.07220222896251,59.00729049293204,1,20.842345712479233,49.93508826396958,5,SJF,priority_skew,3,completed,4
57,765.5258682957642,1537.3971452641429,1667.9430905316344,771.8712769683787,902.4172222358702,3,8.588404038860936,130.54594526749156,3,SJF,priority_skew,3,completed,"0,4,7"
58,818.7036857340058,1920.3702277772443,2004.2497188952107,1101.6665420432385,1185.5460331612048,4,10.718250407962639,83.87949111796635,1,SJF,priority_skew,3,completed,"1,3,5,7"
59,821.2748997190552,821.2748997190552,909.6614332274723,0.0,88.38653350841719,1,33.84900253631385,88.38653350841722,3,SJF,priority_skew,3,completed,4
60,823.6082113424526,844.9800187979823,872.2993178370159,21.371807455529733,48.691106494563314,1,60.86537603270211,27.31929903903353,3,SJF,priority_skew,3,completed,1
61,846.1297565157682,863.6238779140903,999.9577090223975,17.494121398322022,153.82795250662923,1,26.648038762766742,136.3338311083072,1,SJF,priority_skew,3,completed,2
62,851.6146660921859,2169.4177919529766,2289.9497899329845,1317.8031258607907,1438.3351238407986,4,45.954719784898614,120.53199798000797,2,SJF,priority_skew,3,completed,"0,2,4,6"
63,885.8667898637538,952.7487209881523,1036.9408002364673,66.88193112439853,151.0740103727136,2,16.591713645682134,84.19207924831505,2,SJF,priority_skew,3,completed,"0,7"
64,899.7712923100266,899.7712923100266,986.3693258681751,0.0,86.59803355814847,1,54.79691098654157,86.59803355814851,1,SJF,priority_skew,3,completed,6
65,906.6327943668779,909.6614332274723,1033.808531528781,3.0286388605944694,127.17573716190316,1,20.45789866042122,124.14709830130877,1,SJF,priority_skew,3,completed,4
66,948.907754016147,1004.1663570815234,1065.5250462354886,55.258603065376406,116.6172922193416,3,25.019367250873433,61.35868915396513,2,SJF,priority_skew,3,completed,"1,3,5"
67,949.9288629957223,1033.808531528781,1198.4427102357,83.87966853305875,248.51384723997762,1,41.17649911334585,164.63417870691896,2,SJF,priority_skew,3,completed,4
68,963.5730049115091,1880.6510512899526,1920.3702277772443,917.0780463784436,956.7972228657352,4,26.15714937662047,39.71917648729157,1,SJF,priority_skew,3,completed,"1,3,5,7"
69,973.5852644517065,1036.9408002364673,1173.9002167130348,63.35553578476083,200.31495226132824,2,41.858722784231894,136.9594164765674,1,SJF,priority_skew,3,completed,"0,7"
70,974.560616850401,3017.9304328567873,3191.287124574652,2043.3698160063864,2216.726507724251,3,52.96201351516523,173.35669171786438,1,SJF,priority_skew,3,completed,"0,2,4"
71,976.478663010671,1299.3154272406975,1440.7887906346207,322.8367642300266,464.3101276239497,2,11.991051972688975,141.47336339392317,1,SJF,priority_skew,3,completed,"2,6"
72,978.0836759845641,986.3693258681751,1128.0320567256686,8.285649883610972,149.94838074110442,1,43.47967716790633,141.66273085749341,1,SJF,priority_skew,3,completed,6
73,982.1852862994269,1605.4822708009435,1778.7729924534879,623.2969845015166,796.5877061540609,2,61.86138162939982,173.29072165254442,1,SJF,priority_skew,3,completed,"2,6"
74,986.0723771844008,1065.5250462354886,1179.5225914950238,79.45266905108781,193.45021431062298,3,23.248807969935573,113.99754525953527,1,SJF,priority_skew,3,completed,"1,3,5"
75,990.3786240231611,1440.7887906346207,1605.4822708009435,450.41016661145954,615.1036467777824,2,37.93800977252728,164.69348016632276,1,SJF,priority_skew,3,completed,"2,6"
76,997.4772383864727,999.9577090223975,1161.3205275267842,2.480470635924803,163.84328914031153,1,18.03479683371824,161.36281850438675,1,SJF,priority_skew,3,completed,2
77,999.9450987697242,2419.3180207379637,2554.5561987642805,1419.3729219682396,1554.6110999945563,4,19.920248351378547,135.23817802631652,1,SJF,priority_skew,3,completed,"0,2,4,6"
78,1030.3708658493135,1390.4693803993057,1537.3971452641429,360.09851454999216,507.02627941482933,2,12.860587361258265,146.92776486483712,1,SJF,priority_skew,3,completed,"4,7"
79,1043.3099869107914,1128.0320567256686,1299.3154272406975,84.72206981487716,256.00544032990615,1,11.155222472317107,171.28337051502896,2,SJF,priority_skew,3,completed,6
80,1064.5402632436517,2615.832074058055,2774.5806880290943,1551.291810814403,1710.0404247854426,3,18.77301091421473,158.74861397103967,2,SJF,priority_skew,3,completed,"1,3,5"
81,1089.957030866756,1242.183205120199,1347.0446471169184,152.2261742534431,257.08761625016245,2,45.43710211699877,104.86144199671928,1,SJF,priority_skew,3,completed,"1,3"
82,1091.0287114808568,1869.8697736319184,1903.3147733179057,778.8410621510616,812.2860618370489,4,37.248269476960424,33.44499968598731,1,SJF,priority_skew,3,completed,"0,2,4,6"
83,1102.9273432432215,2478.603424837201,2615.832074058055,1375.6760815939797,1512.9047308148333,4,41.35101148259429,137.22864922085373,2,SJF,priority_skew,3,completed,"1,3,5,7"
84,1114.9519118763662,1173.9002167130348,1253.2805327985552,58.94830483666851,138.32862092218897,2,24.47499147378331,79.3803160855205,1,SJF,priority_skew,3,completed,"0,7"
85,1115.4983064599633,1179.5225914950238,1242.183205120199,64.02428503506053,126.68489866023583,3,28.86543163416536,62.66061362517533,2,SJF,priority_skew,3,completed,"1,3,5"
86,1157.4707607868795,1161.3205275267842,1295.5725749814017,3.8497667399046804,138.10181419452215,1,19.641838868339065,134.2520474546174,1,SJF,priority_skew,3,completed,2
87,1159.111455258768,1198.4427102357,1374.3554652570158,39.33125497693186,215.24400999824775,1,27.11105040373775,175.9127550213158,3,SJF,priority_skew,3,completed,4
88,1170.6998711251968,2004.2497188952107,2103.028113738297,833.5498477700139,932.3282426131004,4,16.699283578652704,98.77839484308643,1,SJF,priority_skew,3,completed,"1,3,5,7"
89,1209.5703947662112,1242.183205120199,1356.8126990653273,32.612810353987925,147.24230429911609,1,27.41671597395581,114.62949394512822,2,SJF,priority_skew,3,completed,5
90,1215.0388808803764,2223.0071135538064,2346.224898141465,1007.9682326734301,1131.1860172610886,4,21.561423193637275,123.21778458765841,1,SJF,priority_skew,3,completed,"1,3,5,7"
91,1221.9481003625406,1841.0130774589625,1869.8697736319184,619.0649770964219,647.9216732693778,4,11.629170516581894,28.856696172955925,1,SJF,priority_skew,3,completed,"0,2,4,6"
92,1242.3743258650347,1253.2805327985552,1352.1318044692448,10.90620693352048,109.75747860421006,1,28.768711438467285,98.85127167068953,1,SJF,priority_skew,3,completed,0
93,1244.5412784175753,1813.6888171822284,1841.0130774589625,569.1475387646531,596.4717990413872,4,19.595983907670323,27.324260276734016,1,SJF,priority_skew,3,completed,"0,2,4,6"
94,1253.9764608007767,1373.500281477828,1460.7861114683415,119.52382067705116,206.8096506675647,3,26.963327373203477,87.28582999051352,1,SJF,priority_skew,3,completed,"1,3,5"
95,1260.5656527533029,2346.224898141465,2478.603424837201,1085.6592453881622,1218.0377720838983,4,49.50783061265073,132.37852669573607,1,SJF,priority_skew,3,completed,"1,3,5,7"
96,1278.7372734957876,1278.7372734957876,1390.4693803993057,0.0,111.73210690351812,1,30.165514977739175,111.7321069035182,1,SJF,priority_skew,3,completed,7
97,1292.5870107428063,2853.6775624844013,3017.9304328567873,1561.090551741595,1725.343422113981,3,40.33710867491265,164.25287037238604,4,SJF,priority_skew,3,completed,"0,2,4"
98,1302.6056052456663,1347.0446471169184,1373.500281477828,44.43904187125213,70.8946762321616,2,29.26586320052795,26.45563436090942,1,SJF,priority_skew,3,completed,"1,3"
99,1315.1285085863622,1352.1318044692448,1480.8508040194176,37.00329588288264,165.72229543305548,1,52.97161331722714,128.71899955017278,1,SJF,priority_skew,3,completed,0
0,1.375185158475498,1.375185158475498,54.21238395048956,0.0,52.837198792014064,3,37.55399625995618,52.837198792014064,2,Priority,priority_skew,3,completed,"0,1,2"
1,6.245896078146796,6.245896078146796,87.12160233939518,0.0,80.87570626124838,1,29.767044903337258,80.87570626124838,3,Priority,priority_skew,3,completed,3
2,23.740158054637277,23.740158054637277,99.42331571195825,0.0,75.68315765732098,1,27.535688320487175,75.68315765732098,1,Priority,priority_skew,3,completed,4
3,51.242009251904534,51.242009251904534,158.72159452321887,0.0,107.47958527131433,2,13.224358090079173,107.47958527131433,3,Priority,priority_skew,3,completed,"5,6"
4,55.53568199150856,55.53568199150856,227.07818809801694,0.0,171.54250610650837,4,49.65897161163064,171.54250610650837,2,Priority,priority_skew,3,completed,"0,1,2,7"
5,58.75862602990708,388.63258529568236,538.7387835668121,329.8739592657753,479.98015753690504,3,49.66435524229894,150.10619827112973,2,Priority,priority_skew,3,completed,"0,1,2"
6,64.19045745573224,924.9609917729812,999.7956718783436,860.7705343172489,935.6052144226113,3,34.989930642549425,74.83468010536241,1,Priority,priority_skew,3,completed,"3,5,6"
7,65.47287333119986,158.72159452321887,229.5833421777666,93.248721192019,164.11046884656673,2,40.00688865486731,70.86174765454774,2,Priority,priority_skew,3,completed,"5,6"
8,77.98489291818345,87.12160233939518,177.90842658884858,9.136709421211734,99.92353367066514,1,13.846342565390394,90.7868242494534,1,Priority,priority_skew,3,completed,3
9,78.813743410487,1061.1543610323088,1095.2556160419706,982.3406176218218,1016.4418726314836,3,47.57253502162153,34.10125500966173,1,Priority,priority_skew,3,completed,"3,5,6"
10,84.45449819492654,544.2012205327558,670.6566893618309,459.7467223378292,586.2021911669044,2,30.65724881547767,126.4554688290751,1,Priority,priority_skew,3,completed,"2,7"
11,126.2999792698435,1943.4835107938031,2112.578778516074,1817.1835315239596,1986.2787992462306,3,19.044251027319774,169.09526772227122,1,Priority,priority_skew,3,completed,"1,3,5"
12,129.6316215051729,1971.558673646964,2045.914574022729,1841.9270521417911,1916.2829525175562,4,23.674072641819944,74.35590037576502,1,Priority,priority_skew,3,completed,"0,2,4,6"
13,145.69845221136816,145.69845221136816,315.6078675182,0.0,169.90941530683185,1,38.03372125957918,169.90941530683187,1,Priority,priority_skew,3,completed,4
14,152.14865303102272,227.07818809801694,388.63258529568236,74.92953506699422,236.48393226465964,4,45.416816697902334,161.55439719766542,5,Priority,priority_skew,3,completed,"0,1,2,7"
15,177.5768473022394,229.5833421777666,335.5509780861372,52.00649487552721,157.9741307838978,2,16.04366899547039,105.96763590837058,3,Priority,priority_skew,3,completed,"5,6"
16,188.92271871254962,188.92271871254962,236.7485346146766,0.0,47.825815902126976,1,40.94441672792435,47.82581590212699,2,Priority,priority_skew,3,completed,3
17,207.48285784886605,236.7485346146766,342.8746454403853,29.265676765810554,135.39178759151923,1,60.50733794470708,106.12611082570866,1,Priority,priority_skew,3,completed,3
18,211.0989529953521,388.63258529568236,544.2012205327558,177.53363230033025,333.1022675374037,1,31.27930773947645,155.56863523707338,1,Priority,priority_skew,3,completed,7
19,213.3205432948557,407.37692936680185,492.2261841066311,194.05638607194615,278.90564081177536,1,45.47170409540175,84.8492547398292,1,Priority,priority_skew,3,completed,6
20,213.3430374072596,1701.1401858555066,1780.6411377290249,1487.797148448247,1567.2981003217653,4,25.26237832003101,79.50095187351826,2,Priority,priority_skew,3,completed,"1,3,5,6"
21,227.90584914176188,2045.914574022729,2191.3415437755384,1818.0087248809673,1963.4356946337766,3,35.73119488154612,145.42696975280955,1,Priority,priority_skew,3,completed,"0,2,4"
22,239.08613336658118,2112.578778516074,2272.22118853735,1873.492645149493,2033.1350551707687,3,32.84707815512868,159.64241002127585,1,Priority,priority_skew,3,completed,"1,3,5"
23,254.2886199733049,425.3644506123146,445.5481968113382,171.07583063900972,191.2595768380333,1,62.02967077686228,20.183746199023584,1,Priority,priority_skew,3,completed,4
24,262.45850660153314,315.6078675182,425.3644506123146,53.149360916666865,162.90594401078147,1,46.424453833836516,109.75658309411459,2,Priority,priority_skew,3,completed,4
25,269.64114069727395,2191.3415437755384,2320.7097745805177,1921.7004030782646,2051.068633883244,4,57.08013057123234,129.36823080497902,1,Priority,priority_skew,3,completed,"0,2,4,6"
26,277.0137029744165,335.5509780861372,407.37692936680185,58.5372751117207,130.36322639238534,1,45.31710779777637,71.82595128066464,2,Priority,priority_skew,3,completed,6
27,284.3128578348477,2272.22118853735,2417.966915187944,1987.908330702502,2133.654057353096,3,42.44046593338715,145.74572665059395,1,Priority,priority_skew,3,completed,"1,3,5"
28,284.8297400187425,342.8746454403853,500.10477239038084,58.044905421642795,215.27503237163836,1,38.06760767972422,157.23012694999554,2,Priority,priority_skew,3,completed,3
29,311.79064942413413,445.5481968113382,528.1000030486204,133.75754738720406,216.30935362448622,1,44.034457431617476,82.55180623728215,1,Priority,priority_skew,3,completed,4
30,329.47026022356073,335.5509780861372,494.1812615721856,6.080717862576478,164.71100134862485,1,12.355563988434099,158.6302834860484,3,Priority,priority_skew,3,completed,5
31,330.289990290302,2320.7097745805177,2362.4181916092707,1990.4197842902156,2032.1282013189686,3,61.896885355597206,41.70841702875322,1,Priority,priority_skew,3,completed,"0,2,4"
32,348.5079775658144,492.2261841066311,555.483914370009,143.7182065408167,206.9759368041946,1,30.463022393770533,63.25773026337784,1,Priority,priority_skew,3,completed,6
33,386.7759145596382,2362.4181916092707,2408.2571749402327,1975.6422770496324,2021.4812603805944,4,44.9322179525157,45.83898333096187,1,Priority,priority_skew,3,completed,"0,2,4,6"
34,389.3467591627439,538.7387835668121,560.7007944101549,149.3920244040682,171.354035247411,2,48.363241495059434,21.96201084334282,2,Priority,priority_skew,3,completed,"0,1"
35,399.03044370974965,2408.2571749402327,2497.9850207497957,2009.226731230483,2098.954577040046,3,32.31405757093004,89.72784580956285,1,Priority,priority_skew,3,completed,"0,2,4"
36,400.6313705696344,2417.966915187944,2471.9085899961005,2017.3355446183095,2071.277219426466,3,57.65641848509185,53.941674808156804,1,Priority,priority_skew,3,completed,"1,3,5"
37,416.0030061388305,500.10477239038084,618.6833847109401,84.10176625155037,202.68037857210965,2,17.410335414634446,118.5786123205593,3,Priority,priority_skew,3,completed,"3,5"
38,442.59414702421617,1480.9177140105717,1600.896713826081,1038.3235669863554,1158.3025668018647,4,15.542089396010851,119.9789998155093,3,Priority,priority_skew,3,completed,"1,3,5,6"
39,453.91907003849644,1747.9714296939837,1834.3300244261104,1294.0523596554872,1380.4109543876139,4,19.215421275388064,86.35859473212678,2,Priority,priority_skew,3,completed,"0,2,4,7"
40,470.8598870787796,672.2360742482114,794.4150465054896,201.37618716943177,323.55515942671,3,33.26595829404171,122.17897225727828,2,Priority,priority_skew,3,completed,"3,5,6"
41,485.3249551094523,2471.9085899961005,2596.2403617937725,1986.5836348866483,2110.9154066843203,3,27.77487650666867,124.33177179767188,1,Priority,priority_skew,3,completed,"1,3,5"
42,494.80184640911426,560.7007944101549,634.5297678280485,65.89894800104065,139.72792141893427,2,36.652121528077146,73.8289734178936,1,Priority,priority_skew,3,completed,"0,1"
43,516.9294982379017,2497.9850207497957,2547.9938681625304,1981.055522511894,2031.0643699246286,3,59.65783501577832,50.008847412734596,1,Priority,priority_skew,3,completed,"0,2,4"
44,521.7889689853146,528.1000030486204,706.2837082668331,6.311034063305783,184.4947392815185,1,55.72019957305893,178.1837052182127,1,Priority,priority_skew,3,completed,4
45,547.2905739937376,555.483914370009,607.2234671891091,8.193340376271408,59.93289319537155,1,22.901490653018968,51.7395528191001,2,Priority,priority_skew,3,completed,6
46,602.7917275691788,618.6833847109401,672.2360742482114,15.891657141761357,69.4443466790326,3,53.952262854086676,53.55268953727128,3,Priority,priority_skew,3,completed,"3,5,6"
47,605.2489976661503,634.5297678280485,783.7884577322706,29.280770161898204,178.53946006612023,2,33.98128486223156,149.25868990422205,2,Priority,priority_skew,3,completed,"0,1"
48,634.9956096245805,670.6566893618309,788.1933393423939,35.66107973725036,153.19772971781333,2,35.93355321920878,117.53664998056297,1,Priority,priority_skew,3,completed,"2,7"
49,643.9189268454735,1600.896713826081,1701.1401858555066,956.9777869806074,1057.221259010033,4,18.656949925083374,100.24347202942572,3,Priority,priority_skew,3,completed,"1,3,5,6"
50,650.3836941874995,706.2837082668331,832.4206480673403,55.90001407933357,182.03695387984078,1,9.204253635213139,126.1369398005072,1,Priority,priority_skew,3,completed,4
51,652.938372408852,1780.6411377290249,1822.9515128137953,1127.7027653201728,1170.0131404049432,4,15.612568661638292,42.31037508477048,2,Priority,priority_skew,3,completed,"1,3,5,6"
52,692.052096342813,788.1933393423939,869.5566022752375,96.14124299958087,177.50450593242454,1,37.133478914012414,81.36326293284367,1,Priority,priority_skew,3,completed,7
53,693.6198169074753,2547.9938681625304,2687.4728218613755,1854.374051255055,1993.8530049539002,4,54.44038749438158,139.4789536988452,1,Priority,priority_skew,3,completed,"0,2,4,6"
54,711.945318532445,783.7884577322706,882.6812485967256,71.8431391998256,170.73593006428064,1,56.59146973565815,98.89279086445507,2,Priority,priority_skew,3,completed,1
55,719.5967418992938,788.1933393423939,910.0489487737333,68.59659744310011,190.45220687443953,1,51.54125664041501,121.85560943133939,2,Priority,priority_skew,3,completed,2
56,751.0595731639432,783.7884577322706,833.7235459962401,32.72888456832732,82.66397283229685,1,20.842345712479233,49.93508826396958,5,Priority,priority_skew,3,completed,0
57,765.5258682957642,794.4150465054896,924.9609917729812,28.8891782097254,159.43512347721696,3,8.588404038860936,130.54594526749156,3,Priority,priority_skew,3,completed,"3,5,6"
58,818.7036857340058,2596.2403617937725,2680.1198529117387,1777.5366760597667,1861.4161671777329,4,10.718250407962639,83.87949111796635,1,Priority,priority_skew,3,completed,"1,3,5,7"
59,821.2748997190552,832.4206480673403,920.8071815757575,11.14574834828511,99.5322818567023,1,33.84900253631385,88.38653350841722,3,Priority,priority_skew,3,completed,4
60,823.6082113424526,833.7235459962401,861.0428450352737,10.1153346537875,37.43463369282108,1,60.86537603270211,27.31929903903353,3,Priority,priority_skew,3,completed,0
61,846.1297565157682,861.0428450352737,997.3766761435809,14.913088519505436,151.24691962781264,1,26.648038762766742,136.3338311083072,1,Priority,priority_skew,3,completed,0
62,851.6146660921859,1822.9515128137953,1943.4835107938031,971.3368467216094,1091.8688447016173,4,45.954719784898614,120.53199798000797,2,Priority,priority_skew,3,completed,"1,3,5,6"
63,885.8667898637538,885.8667898637538,970.0588691120688,0.0,84.19207924831505,2,16.591713645682134,84.19207924831505,2,Priority,priority_skew,3,completed,"1,7"
64,899.7712923100266,910.0489487737333,996.6469823318818,10.277656463706649,96.87569002185512,1,54.79691098654157,86.59803355814851,1,Priority,priority_skew,3,completed,2
65,906.6327943668779,920.8071815757575,1044.9542798770663,14.17438720887958,138.32148551018838,1,20.45789866042122,124.14709830130877,1,Priority,priority_skew,3,completed,4
66,948.907754016147,999.7956718783436,1061.1543610323088,50.88791786219656,112.24660701616176,3,25.019367250873433,61.35868915396513,2,Priority,priority_skew,3,completed,"3,5,6"
67,949.9288629957223,970.0588691120688,1134.6930478189877,20.13000611634652,184.7641848232654,1,41.17649911334585,164.63417870691896,2,Priority,priority_skew,3,completed,1
68,963.5730049115091,2680.1198529117387,2719.83902939903,1716.5468480002296,1756.266024487521,4,26.15714937662047,39.71917648729157,1,Priority,priority_skew,3,completed,"1,3,5,7"
69,973.5852644517065,997.3766761435809,1134.3360926201483,23.791411691874373,160.75082816844179,2,41.858722784231894,136.9594164765674,1,Priority,priority_skew,3,completed,"0,2"
70,974.560616850401,2687.4728218613755,2860.82951357924,1712.9122050109745,1886.268896728839,3,52.96201351516523,173.35669171786438,1,Priority,priority_skew,3,completed,"0,2,4"
71,976.478663010671,1134.3360926201483,1275.8094560140714,157.85742960947732,299.33079300340046,2,11.991051972688975,141.47336339392317,1,Priority,priority_skew,3,completed,"0,2"
72,978.0836759845641,978.0836759845641,1119.7464068420575,0.0,141.66273085749333,1,43.47967716790633,141.66273085749341,1,Priority,priority_skew,3,completed,7
73,982.1852862994269,1390.4389499591996,1563.729671611744,408.25366365977266,581.544385312317,2,61.86138162939982,173.29072165254442,1,Priority,priority_skew,3,completed,"0,2"
74,986.0723771844008,2719.83902939903,2833.8365746585655,1733.7666522146292,1847.7641974741646,3,23.248807969935573,113.99754525953527,1,Priority,priority_skew,3,completed,"1,3,5"
75,990.3786240231611,1392.8413322499623,1557.5348124162851,402.46270822680117,567.156188393124,2,37.93800977252728,164.69348016632276,1,Priority,priority_skew,3,completed,"4,7"
76,997.4772383864727,1119.7464068420575,1281.1092253464442,122.2691684555848,283.6319869599715,1,18.03479683371824,161.36281850438675,1,Priority,priority_skew,3,completed,7
77,999.9450987697242,2833.8365746585655,2969.074752684882,1833.8914758888413,1969.1296539151576,4,19.920248351378547,135.23817802631652,1,Priority,priority_skew,3,completed,"1,3,5,6"
78,1030.3708658493135,1557.5348124162851,1704.4625772811223,527.1639465669716,674.0917114318088,2,12.860587361258265,146.92776486483712,1,Priority,priority_skew,3,completed,"4,7"
79,1043.3099869107914,1044.9542798770663,1216.2376503920952,1.644292966274861,172.92766348130385,1,11.155222472317107,171.28337051502896,2,Priority,priority_skew,3,completed,4
80,1064.5402632436517,1095.2556160419706,1254.0042300130103,30.715352798318918,189.46396676935865,3,18.77301091421473,158.74861397103967,2,Priority,priority_skew,3,completed,"3,5,6"
81,1089.957030866756,1563.729671611744,1668.5911136084633,473.77264074498794,578.6340827417073,2,45.43710211699877,104.86144199671928,1,Priority,priority_skew,3,completed,"0,2"
82,1091.0287114808568,2860.82951357924,2894.274513265227,1769.8008020983832,1803.2458017843703,4,37.248269476960424,33.44499968598731,1,Priority,priority_skew,3,completed,"0,2,4,7"
83,1102.9273432432215,1834.3300244261104,1971.558673646964,731.402681182889,868.6313304037426,4,41.35101148259429,137.22864922085373,2,Priority,priority_skew,3,completed,"0,2,4,7"
84,1114.9519118763662,1668.5911136084633,1747.9714296939837,553.639201732097,633.0195178176175,2,24.47499147378331,79.3803160855205,1,Priority,priority_skew,3,completed,"0,2"
85,1115.4983064599633,1254.0042300130103,1316.6648436381856,138.50592355304707,201.16653717822237,3,28.86543163416536,62.66061362517533,2,Priority,priority_skew,3,completed,"3,5,6"
86,1157.4707607868795,1157.4707607868795,1291.722808241497,0.0,134.25204745461747,1,19.641838868339065,134.2520474546174,1,Priority,priority_skew,3,completed,1
87,1159.111455258768,1216.2376503920952,1392.1504054134111,57.1261951333272,233.0389501546431,1,27.11105040373775,175.9127550213158,3,Priority,priority_skew,3,completed,4
88,1170.6998711251968,2894.274513265227,2993.0529081083137,1723.5746421400304,1822.353036983117,4,16.699283578652704,98.77839484308643,1,Priority,priority_skew,3,completed,"0,2,4,7"
89,1209.5703947662112,1275.8094560140714,1390.4389499591996,66.23906124786026,180.86855519298842,1,27.41671597395581,114.62949394512822,2,Priority,priority_skew,3,completed,0
90,1215.0388808803764,2969.074752684882,3092.2925372725404,1754.0358718045054,1877.253656392164,4,21.561423193637275,123.21778458765841,1,Priority,priority_skew,3,completed,"1,3,5,6"
91,1221.9481003625406,2993.0529081083137,3021.9096042812694,1771.104807745773,1799.9615039187288,4,11.629170516581894,28.856696172955925,1,Priority,priority_skew,3,completed,"0,2,4,7"
92,1242.3743258650347,1275.8094560140714,1374.660727684761,33.435130149036695,132.28640181972628,1,28.768711438467285,98.85127167068953,1,Priority,priority_skew,3,completed,2
93,1244.5412784175753,3021.9096042812694,3049.2338645580035,1777.368325863694,1804.6925861404281,4,19.595983907670323,27.324260276734016,1,Priority,priority_skew,3,completed,"0,2,4,7"
94,1253.9764608007767,3049.2338645580035,3136.519694548517,1795.2574037572267,1882.54323374774,3,26.963327373203477,87.28582999051352,1,Priority,priority_skew,3,completed,"0,2,4"
95,1260.5656527533029,3092.2925372725404,3224.6710639682765,1831.7268845192375,1964.1054112149736,4,49.50783061265073,132.37852669573607,1,Priority,priority_skew,3,completed,"1,3,5,6"
96,1278.7372734957876,1281.1092253464442,1392.8413322499623,2.3719518506566146,114.10405875417473,1,30.165514977739175,111.7321069035182,1,Priority,priority_skew,3,completed,7
97,1292.5870107428063,1316.6648436381856,1480.9177140105717,24.077832895379288,188.33070326776533,3,40.33710867491265,164.25287037238604,4,Priority,priority_skew,3,completed,"3,5,6"
98,1302.6056052456663,1704.4625772811223,1730.9182116420318,401.856972035456,428.3126063963655,2,29.26586320052795,26.45563436090942,1,Priority,priority_skew,3,completed,"4,7"
99,1315.1285085863622,1315.1285085863622,1443.847508136535,0.0,128.71899955017284,1,52.97161331722714,128.71899955017278,1,Priority,priority_skew,3,completed,1
0,1.375185158475498,1.375185158475498,54.21238395048956,0.0,52.837198792014064,3,37.55399625995618,52.837198792014064,2,BestFit,priority_skew,3,completed,"0,1,2"
1,6.245896078146796,6.245896078146796,87.12160233939518,0.0,80.87570626124838,1,29.767044903337258,80.87570626124838,3,BestFit,priority_skew,3,completed,3
2,23.740158054637277,23.740158054637277,99.42331571195825,0.0,75.68315765732098,1,27.535688320487175,75.68315765732098,1,BestFit,priority_skew,3,completed,4
3,51.242009251904534,51.242009251904534,158.72159452321887,0.0,107.47958527131433,2,13.224358090079173,107.47958527131433,3,BestFit,priority_skew,3,completed,"5,6"
4,55.53568199150856,55.53568199150856,227.07818809801694,0.0,171.54250610650837,4,49.65897161163064,171.54250610650837,2,BestFit,priority_skew,3,completed,"0,1,2,7"
5,58.75862602990708,1780.8397450578143,1930.945943328944,1722.0811190279073,1872.1873172990367,3,49.66435524229894,150.10619827112973,2,BestFit,priority_skew,3,completed,"0,2,5"
6,64.19045745573224,494.1812615721856,569.015941677548,429.9908041164533,504.8254842218157,3,34.989930642549425,74.83468010536241,1,BestFit,priority_skew,3,completed,"3,5,6"
7,65.47287333119986,158.72159452321887,229.5833421777666,93.248721192019,164.11046884656673,2,40.00688865486731,70.86174765454774,2,BestFit,priority_skew,3,completed,"5,6"
8,77.98489291818345,87.12160233939518,177.90842658884858,9.136709421211734,99.92353367066514,1,13.846342565390394,90.7868242494534,1,BestFit,priority_skew,3,completed,3
9,78.813743410487,387.43381879886465,421.53507380852636,308.62007538837764,342.72133039803936,3,47.57253502162153,34.10125500966173,1,BestFit,priority_skew,3,completed,"2,4,7"
10,84.45449819492654,236.7485346146766,363.20400344375173,152.29403641975006,278.7495052488252,2,30.65724881547767,126.4554688290751,1,BestFit,priority_skew,3,completed,"3,7"
11,126.2999792698435,2090.5883533502197,2259.683621072491,1964.2883740803761,2133.3836418026476,3,19.044251027319774,169.09526772227122,1,BestFit,priority_skew,3,completed,"0,2,5"
12,129.6316215051729,2391.6199522929383,2465.9758526687033,2261.9883307877653,2336.3442311635304,4,23.674072641819944,74.35590037576502,1,BestFit,priority_skew,3,completed,"0,2,5,6"
13,145.69845221136816,145.69845221136816,315.6078675182,0.0,169.90941530683185,1,38.03372125957918,169.90941530683187,1,BestFit,priority_skew,3,completed,4
14,152.14865303102272,3161.4376989495136,3322.992096147179,3009.289045918491,3170.8434431161563,4,45.416816697902334,161.55439719766542,5,BestFit,priority_skew,3,completed,"0,2,5,6"
15,177.5768473022394,229.5833421777666,335.5509780861372,52.00649487552721,157.9741307838978,2,16.04366899547039,105.96763590837058,3,BestFit,priority_skew,3,completed,"5,6"
16,188.92271871254962,188.92271871254962,236.7485346146766,0.0,47.825815902126976,1,40.94441672792435,47.82581590212699,2,BestFit,priority_skew,3,completed,3
17,207.48285784886605,227.07818809801694,333.2042989237256,19.59533024915089,125.72144107485957,1,60.50733794470708,106.12611082570866,1,BestFit,priority_skew,3,completed,1
18,211.0989529953521,227.07818809801694,382.6468233350903,15.97923510266483,171.54787033973818,1,31.27930773947645,155.56863523707338,1,BestFit,priority_skew,3,completed,2
19,213.3205432948557,227.07818809801694,311.9274428378461,13.757644803161241,98.60689954299042,1,45.47170409540175,84.8492547398292,1,BestFit,priority_skew,3,completed,0
20,213.3430374072596,2415.304155197975,2494.8051070714932,2201.9611177907154,2281.4620696642337,4,25.26237832003101,79.50095187351826,2,BestFit,priority_skew,3,completed,"1,3,4,7"
21,227.90584914176188,1635.4127753050047,1780.8397450578143,1407.506926163243,1552.9338959160525,3,35.73119488154612,145.42696975280955,1,BestFit,priority_skew,3,completed,"0,2,5"
22,239.08613336658118,1930.945943328944,2090.5883533502197,1691.8598099623628,1851.5022199836385,3,32.84707815512868,159.64241002127585,1,BestFit,priority_skew,3,completed,"0,2,5"
23,254.2886199733049,311.9274428378461,332.1111890368697,57.638822864541225,77.8225690635648,1,62.02967077686228,20.183746199023584,1,BestFit,priority_skew,3,completed,0
24,262.45850660153314,333.2042989237256,442.9608820178402,70.74579232219247,180.50237541630707,1,46.424453833836516,109.75658309411459,2,BestFit,priority_skew,3,completed,1
25,269.64114069727395,2801.9391718130537,2931.307402618033,2532.29803111578,2661.666261920759,4,57.08013057123234,129.36823080497902,1,BestFit,priority_skew,3,completed,"1,3,4,7"
26,277.0137029744165,315.6078675182,387.43381879886465,38.594164543783506,110.42011582444815,1,45.31710779777637,71.82595128066464,2,BestFit,priority_skew,3,completed,4
27,284.3128578348477,1687.6420926678372,1833.3878193184312,1403.3292348329896,1549.0749614835836,3,42.44046593338715,145.74572665059395,1,BestFit,priority_skew,3,completed,"1,3,4"
28,284.8297400187425,335.5509780861372,492.7811050361328,50.72123806739472,207.9513650173903,1,38.06760767972422,157.23012694999554,2,BestFit,priority_skew,3,completed,5
29,311.79064942413413,332.1111890368697,414.66299527415185,20.32053961273556,102.87234585001772,1,44.034457431617476,82.55180623728215,1,BestFit,priority_skew,3,completed,0
30,329.47026022356073,335.5509780861372,494.1812615721856,6.080717862576478,164.71100134862485,1,12.355563988434099,158.6302834860484,3,BestFit,priority_skew,3,completed,6
31,330.289990290302,443.49708465186916,485.2055016806224,113.20709436156716,154.91551139032038,3,61.896885355597206,41.70841702875322,1,BestFit,priority_skew,3,completed,"0,1,2"
32,348.5079775658144,363.20400344375173,426.46173370712955,14.696025877937359,77.95375614131518,1,30.463022393770533,63.25773026337784,1,BestFit,priority_skew,3,completed,3
33,386.7759145596382,2369.465171867013,2415.304155197975,1982.6892573073746,2028.5282406383367,4,44.9322179525157,45.83898333096187,1,BestFit,priority_skew,3,completed,"1,3,4,7"
34,389.3467591627439,421.53507380852636,443.49708465186916,32.18831464578244,54.15032548912524,2,48.363241495059434,21.96201084334282,2,BestFit,priority_skew,3,completed,"0,2"
35,399.03044370974965,754.5076875703724,844.2355333799352,355.4772438606227,445.20508967018554,3,32.31405757093004,89.72784580956285,1,BestFit,priority_skew,3,completed,"4,6,7"
36,400.6313705696344,485.2055016806224,539.1471764887792,84.57413111098799,138.51580591914484,3,57.65641848509185,53.941674808156804,1,BestFit,priority_skew,3,completed,"0,1,2"
37,416.0030061388305,421.53507380852636,540.1136861290856,5.532067669695891,124.11067999025516,2,17.410335414634446,118.5786123205593,3,BestFit,priority_skew,3,completed,"4,7"
38,442.59414702421617,2648.633738629756,2768.612738445265,2206.03959160554,2326.018591421049,4,15.542089396010851,119.9789998155093,3,BestFit,priority_skew,3,completed,"0,2,5,6"
39,453.91907003849644,2494.8051070714932,2581.16370180362,2040.8860370329967,2127.2446317651234,4,19.215421275388064,86.35859473212678,2,BestFit,priority_skew,3,completed,"1,3,4,7"
40,470.8598870787796,802.467347869113,924.6463201263913,331.60746079033345,453.7864330476117,3,33.26595829404171,122.17897225727828,2,BestFit,priority_skew,3,completed,"1,2,5"
41,485.3249551094523,844.2355333799352,968.5673051776071,358.9105782704829,483.2423500681548,3,27.77487650666867,124.33177179767188,1,BestFit,priority_skew,3,completed,"4,6,7"
42,494.80184640911426,539.1471764887792,612.9761499066728,44.34533007966496,118.17430349755858,2,36.652121528077146,73.8289734178936,1,BestFit,priority_skew,3,completed,"1,2"
43,516.9294982379017,569.015941677548,619.0247890902825,52.086443439646246,102.0952908523808,3,59.65783501577832,50.008847412734596,1,BestFit,priority_skew,3,completed,"3,5,6"
44,521.7889689853146,539.1471764887792,717.3308817069919,17.358207503464655,195.54191272167736,1,55.72019957305893,178.1837052182127,1,BestFit,priority_skew,3,completed,0
45,547.2905739937376,547.2905739937376,599.0301268128377,0.0,51.73955281910014,1,22.901490653018968,51.7395528191001,2,BestFit,priority_skew,3,completed,4
46,602.7917275691788,619.0247890902825,672.5774786275538,16.233061521103764,69.78575105837501,3,53.952262854086676,53.55268953727128,3,BestFit,priority_skew,3,completed,"1,2,3"
47,605.2489976661503,605.2489976661503,754.5076875703724,0.0,149.25868990422202,2,33.98128486223156,149.25868990422205,2,BestFit,priority_skew,3,completed,"4,7"
48,634.9956096245805,634.9956096245805,752.5322596051435,0.0,117.53664998056297,2,35.93355321920878,117.53664998056297,1,BestFit,priority_skew,3,completed,"5,6"
49,643.9189268454735,2581.16370180362,2681.407173833046,1937.2447749581465,2037.4882469875724,4,18.656949925083374,100.24347202942572,3,BestFit,priority_skew,3,completed,"1,3,4,7"
50,650.3836941874995,672.5774786275538,798.714418428061,22.193784440054287,148.3307242405615,1,9.204253635213139,126.1369398005072,1,BestFit,priority_skew,3,completed,1
51,652.938372408852,2349.309577208168,2391.6199522929383,1696.3712047993158,1738.6815798840862,4,15.612568661638292,42.31037508477048,2,BestFit,priority_skew,3,completed,"0,2,5,6"
52,692.052096342813,692.052096342813,773.4153592756567,0.0,81.36326293284367,1,37.133478914012414,81.36326293284367,1,BestFit,priority_skew,3,completed,2
53,693.6198169074753,3066.5455806443497,3206.024534343195,2372.9257637368746,2512.4047174357192,4,54.44038749438158,139.4789536988452,1,BestFit,priority_skew,3,completed,"1,3,4,7"
54,711.945318532445,711.945318532445,810.8381093969,0.0,98.89279086445504,1,56.59146973565815,98.89279086445507,2,BestFit,priority_skew,3,completed,3
55,719.5967418992938,719.5967418992938,841.4523513306332,0.0,121.85560943133942,1,51.54125664041501,121.85560943133939,2,BestFit,priority_skew,3,completed,0
56,751.0595731639432,752.5322596051435,802.467347869113,1.472686441200267,51.4077747051698,1,20.842345712479233,49.93508826396958,5,BestFit,priority_skew,3,completed,5
57,765.5258682957642,1557.0961474003457,1687.6420926678372,791.5702791045815,922.116224372073,3,8.588404038860936,130.54594526749156,3,BestFit,priority_skew,3,completed,"1,3,4"
58,818.7036857340058,2465.9758526687033,2549.8553437866694,1647.2721669346975,1731.1516580526636,4,10.718250407962639,83.87949111796635,1,BestFit,priority_skew,3,completed,"0,2,5,6"
59,821.2748997190552,821.2748997190552,909.6614332274723,0.0,88.38653350841719,1,33.84900253631385,88.38653350841722,3,BestFit,priority_skew,3,completed,3
60,823.6082113424526,841.4523513306332,868.7716503696668,17.844139988180586,45.16343902721417,1,60.86537603270211,27.31929903903353,3,BestFit,priority_skew,3,completed,0
61,846.1297565157682,868.7716503696668,1005.105481477974,22.641893853898523,158.97572496220573,1,26.648038762766742,136.3338311083072,1,BestFit,priority_skew,3,completed,0
62,851.6146660921859,2681.407173833046,2801.9391718130537,1829.79250774086,1950.3245057208678,4,45.954719784898614,120.53199798000797,2,BestFit,priority_skew,3,completed,"1,3,4,7"
63,885.8667898637538,924.6463201263913,1008.8383993747063,38.779530262637536,122.97160951095259,2,16.591713645682134,84.19207924831505,2,BestFit,priority_skew,3,completed,"2,5"
64,899.7712923100266,909.6614332274723,996.2594667856208,9.890140917445706,96.48817447559418,1,54.79691098654157,86.59803355814851,1,BestFit,priority_skew,3,completed,3
65,906.6327943668779,924.6463201263913,1048.7934184277,18.013525759513414,142.16062406082222,1,20.45789866042122,124.14709830130877,1,BestFit,priority_skew,3,completed,1
66,948.907754016147,1408.451628255867,1469.8103174098321,459.54387423972,520.9025633936851,3,25.019367250873433,61.35868915396513,2,BestFit,priority_skew,3,completed,"1,3,4"
67,949.9288629957223,968.5673051776071,1133.201483884526,18.638442181884784,183.27262088880366,1,41.17649911334585,164.63417870691896,2,BestFit,priority_skew,3,completed,4
68,963.5730049115091,2329.7459953797215,2369.465171867013,1366.1729904682124,1405.8921669555039,4,26.15714937662047,39.71917648729157,1,BestFit,priority_skew,3,completed,"1,3,4,7"
69,973.5852644517065,973.5852644517065,1110.544680928274,0.0,136.9594164765674,2,41.858722784231894,136.9594164765674,1,BestFit,priority_skew,3,completed,"6,7"
70,974.560616850401,2156.389303661857,2329.7459953797215,1181.828686811456,1355.1853785293206,3,52.96201351516523,173.35669171786438,1,BestFit,priority_skew,3,completed,"1,3,4"
71,976.478663010671,1008.8383993747063,1150.3117627686295,32.35973636403537,173.8330997579585,2,11.991051972688975,141.47336339392317,1,BestFit,priority_skew,3,completed,"2,5"
72,978.0836759845641,996.2594667856208,1137.9221976431143,18.175790801056678,159.83852165855012,1,43.47967716790633,141.66273085749341,1,BestFit,priority_skew,3,completed,3
73,982.1852862994269,1300.7203474369783,1474.0110690895226,318.53506113755134,491.8257827900957,2,61.86138162939982,173.29072165254442,1,BestFit,priority_skew,3,completed,"0,5"
74,986.0723771844008,1521.4152300454696,1635.4127753050047,535.3428528610688,649.3403981206039,3,23.248807969935573,113.99754525953527,1,BestFit,priority_skew,3,completed,"0,2,5"
75,990.3786240231611,1217.3025137286347,1381.9959938949576,226.92388970547358,391.6173698717964,2,37.93800977252728,164.69348016632276,1,BestFit,priority_skew,3,completed,"3,4"
76,997.4772383864727,1005.105481477974,1166.4682999823608,7.628243091501304,168.99106159588814,1,18.03479683371824,161.36281850438675,1,BestFit,priority_skew,3,completed,0
77,999.9450987697242,2931.307402618033,3066.5455806443497,1931.3623038483088,2066.6004818746255,4,19.920248351378547,135.23817802631652,1,BestFit,priority_skew,3,completed,"1,3,4,7"
78,1030.3708658493135,1150.3117627686295,1297.2395276334667,119.94089691931595,266.8686617841531,2,12.860587361258265,146.92776486483712,1,BestFit,priority_skew,3,completed,"2,5"
79,1043.3099869107914,1048.7934184277,1220.076788942729,5.483431516908695,176.7668020319377,1,11.155222472317107,171.28337051502896,2,BestFit,priority_skew,3,completed,1
80,1064.5402632436517,1833.3878193184312,1992.136433289471,768.8475560747795,927.5961700458192,3,18.77301091421473,158.74861397103967,2,BestFit,priority_skew,3,completed,"1,3,4"
81,1089.957030866756,1110.544680928274,1215.4061229249933,20.587650061517934,125.44909205823728,2,45.43710211699877,104.86144199671928,1,BestFit,priority_skew,3,completed,"6,7"
82,1091.0287114808568,2315.8645775221808,2349.309577208168,1224.835866041324,1258.280865727311,4,37.248269476960424,33.44499968598731,1,BestFit,priority_skew,3,completed,"0,2,5,6"
83,1102.9273432432215,3024.20904972866,3161.4376989495136,1921.2817064854385,2058.510355706292,4,41.35101148259429,137.22864922085373,2,BestFit,priority_skew,3,completed,"0,2,5,6"
84,1114.9519118763662,1137.9221976431143,1217.3025137286347,22.97028576674802,102.35060185226848,2,24.47499147378331,79.3803160855205,1,BestFit,priority_skew,3,completed,"3,4"
85,1115.4983064599633,1458.7546164202943,1521.4152300454696,343.256309960331,405.9169235855063,3,28.86543163416536,62.66061362517533,2,BestFit,priority_skew,3,completed,"2,6,7"
86,1157.4707607868795,1166.4682999823608,1300.7203474369783,8.997539195481295,143.24958665009876,1,19.641838868339065,134.2520474546174,1,BestFit,priority_skew,3,completed,0
87,1159.111455258768,1215.4061229249933,1391.3188779463092,56.29466766622522,232.2074226875411,1,27.11105040373775,175.9127550213158,3,BestFit,priority_skew,3,completed,7
88,1170.6998711251968,2549.8553437866694,2648.633738629756,1379.1554726614727,1477.9338675045592,4,16.699283578652704,98.77839484308643,1,BestFit,priority_skew,3,completed,"0,2,5,6"
89,1209.5703947662112,1215.4061229249933,1330.0356168701214,5.8357281587821035,120.46522210391026,1,27.41671597395581,114.62949394512822,2,BestFit,priority_skew,3,completed,6
90,1215.0388808803764,2768.612738445265,2891.830523032924,1553.5738575648888,1676.7916421525474,4,21.561423193637275,123.21778458765841,1,BestFit,priority_skew,3,completed,"0,2,5,6"
91,1221.9481003625406,2287.007881349225,2315.8645775221808,1065.0597809866845,1093.9164771596402,4,11.629170516581894,28.856696172955925,1,BestFit,priority_skew,3,completed,"0,2,5,6"
92,1242.3743258650347,1242.3743258650347,1341.2255975357243,0.0,98.85127167068958,1,28.768711438467285,98.85127167068953,1,BestFit,priority_skew,3,completed,1
93,1244.5412784175753,2259.683621072491,2287.007881349225,1015.1423426549156,1042.4666029316497,4,19.595983907670323,27.324260276734016,1,BestFit,priority_skew,3,completed,"0,2,5,6"
94,1253.9764608007767,1469.8103174098321,1557.0961474003457,215.83385660905537,303.1196865995689,3,26.963327373203477,87.28582999051352,1,BestFit,priority_skew,3,completed,"1,3,4"
95,1260.5656527533029,2891.830523032924,3024.20904972866,1631.264870279621,1763.643396975357,4,49.50783061265073,132.37852669573607,1,BestFit,priority_skew,3,completed,"0,2,5,6"
96,1278.7372734957876,1297.2395276334667,1408.9716345369848,18.502254137679074,130.2343610411972,1,30.165514977739175,111.7321069035182,1,BestFit,priority_skew,3,completed,2
97,1292.5870107428063,1992.136433289471,2156.389303661857,699.5494225466646,863.8022929190506,3,40.33710867491265,164.25287037238604,4,BestFit,priority_skew,3,completed,"1,3,4"
98,1302.6056052456663,1381.9959938949576,1408.451628255867,79.39038864929125,105.84602301020072,2,29.26586320052795,26.45563436090942,1,BestFit,priority_skew,3,completed,"1,3"
99,1315.1285085863622,1330.0356168701214,1458.7546164202943,14.907108283759271,143.6261078339321,1,52.97161331722714,128.71899955017278,1,BestFit,priority_skew,3,completed,6
0,1.375185158475498,1.375185158475498,54.21238395048956,0.0,52.837198792014064,3,37.55399625995618,52.837198792014064,2,PPO,priority_skew,3,completed,"0,1,2"
1,6.245896078146796,6.245896078146796,87.12160233939518,0.0,80.87570626124838,1,29.767044903337258,80.87570626124838,3,PPO,priority_skew,3,completed,3
2,23.740158054637277,23.740158054637277,99.42331571195825,0.0,75.68315765732098,1,27.535688320487175,75.68315765732098,1,PPO,priority_skew,3,completed,4
3,51.242009251904534,51.242009251904534,158.72159452321887,0.0,107.47958527131433,2,13.224358090079173,107.47958527131433,3,PPO,priority_skew,3,completed,"5,6"
4,55.53568199150856,55.53568199150856,227.07818809801694,0.0,171.54250610650837,4,49.65897161163064,171.54250610650837,2,PPO,priority_skew,3,completed,"0,1,2,7"
5,58.75862602990708,1164.39435786853,1314.5005561396597,1105.635731838623,1255.7419301097525,3,49.66435524229894,150.10619827112973,2,PPO,priority_skew,3,completed,"4,6,7"
6,64.19045745573224,227.07818809801694,301.91286820337933,162.88773064228468,237.72241074764707,3,34.989930642549425,74.83468010536241,1,PPO,priority_skew,3,completed,"0,1,2"
7,65.47287333119986,322.0966144024029,392.95836205695065,256.623741071203,327.48548872575077,2,40.00688865486731,70.86174765454774,2,PPO,priority_skew,3,completed,"1,3"
8,77.98489291818345,87.12160233939518,177.90842658884858,9.136709421211734,99.92353367066514,1,13.846342565390394,90.7868242494534,1,PPO,priority_skew,3,completed,3
9,78.813743410487,577.7216074739341,611.8228624835958,498.9078640634471,533.0091190731089,3,47.57253502162153,34.10125500966173,1,PPO,priority_skew,3,completed,"0,2,3"
10,84.45449819492654,158.72159452321887,285.177063352294,74.26709632829233,200.72256515736746,2,30.65724881547767,126.4554688290751,1,PPO,priority_skew,3,completed,"5,6"
11,126.2999792698435,847.4401471199446,1016.5354148422159,721.1401678501011,890.2354355723724,3,19.044251027319774,169.09526772227122,1,PPO,priority_skew,3,completed,"0,2,6"
12,129.6316215051729,1719.7304977759052,1794.0863981516702,1590.0988762707323,1664.4547766464973,4,23.674072641819944,74.35590037576502,1,PPO,priority_skew,3,completed,"4,5,6,7"
13,145.69845221136816,145.69845221136816,315.6078675182,0.0,169.90941530683185,1,38.03372125957918,169.90941530683187,1,PPO,priority_skew,3,completed,4
14,152.14865303102272,2856.201215055243,3017.7556122529086,2704.0525620242206,2865.606959221886,4,45.416816697902334,161.55439719766542,5,PPO,priority_skew,3,completed,"0,2,5,6"
15,177.5768473022394,398.1596737554822,504.12730966385277,220.58282645324277,326.55046236161337,2,16.04366899547039,105.96763590837058,3,PPO,priority_skew,3,completed,"4,5"
16,188.92271871254962,188.92271871254962,236.7485346146766,0.0,47.825815902126976,1,40.94441672792435,47.82581590212699,2,PPO,priority_skew,3,completed,3
17,207.48285784886605,301.91286820337933,408.038979029088,94.43001035451329,200.55612118022196,1,60.50733794470708,106.12611082570866,1,PPO,priority_skew,3,completed,2
18,211.0989529953521,227.07818809801694,382.6468233350903,15.97923510266483,171.54787033973818,1,31.27930773947645,155.56863523707338,1,PPO,priority_skew,3,completed,7
19,213.3205432948557,236.7485346146766,321.59778935450584,23.427991319820904,108.27724605965014,1,45.47170409540175,84.8492547398292,1,PPO,priority_skew,3,completed,3
20,213.3430374072596,663.4560790784169,742.9570309519352,450.1130416711573,529.6139935446756,4,25.26237832003101,79.50095187351826,2,PPO,priority_skew,3,completed,"1,4,5,7"
21,227.90584914176188,414.92037290029344,560.3473426531029,187.01452375853157,332.44149351134104,3,35.73119488154612,145.42696975280955,1,PPO,priority_skew,3,completed,"1,2,3"
22,239.08613336658118,1648.6476795672418,1808.2900895885177,1409.5615462006606,1569.2039562219366,3,32.84707815512868,159.64241002127585,1,PPO,priority_skew,3,completed,"0,2,3"
23,254.2886199733049,301.91286820337933,322.0966144024029,47.62424823007444,67.80799442909802,1,62.02967077686228,20.183746199023584,1,PPO,priority_skew,3,completed,1
24,262.45850660153314,285.177063352294,394.9336464464086,22.718556750760854,132.47513984487546,1,46.424453833836516,109.75658309411459,2,PPO,priority_skew,3,completed,5
25,269.64114069727395,1794.0863981516702,1923.4546289566492,1524.4452574543961,1653.8134882593754,4,57.08013057123234,129.36823080497902,1,PPO,priority_skew,3,completed,"1,4,5,6"
26,277.0137029744165,285.177063352294,357.00301463295864,8.163360377877495,79.98931165854214,1,45.31710779777637,71.82595128066464,2,PPO,priority_skew,3,completed,6
27,284.3128578348477,1808.2900895885177,1954.0358162391117,1523.97723175367,1669.7229584042639,3,42.44046593338715,145.74572665059395,1,PPO,priority_skew,3,completed,"0,2,3"
28,284.8297400187425,301.91286820337933,459.14299515337484,17.08312818463685,174.31325513463236,1,38.06760767972422,157.23012694999554,2,PPO,priority_skew,3,completed,0
29,311.79064942413413,315.6078675182,398.1596737554822,3.817218094065879,86.36902433134804,1,44.034457431617476,82.55180623728215,1,PPO,priority_skew,3,completed,4
30,329.47026022356073,382.6468233350903,541.2771068211387,53.17656311152956,211.80684659757793,1,12.355563988434099,158.6302834860484,3,PPO,priority_skew,3,completed,7
31,330.289990290302,1335.7947380520104,1377.5031550807637,1005.5047477617084,1047.2131647904616,3,61.896885355597206,41.70841702875322,1,PPO,priority_skew,3,completed,"1,2,3"
32,348.5079775658144,357.00301463295864,420.26074489633646,8.495037067144267,71.75276733052209,1,30.463022393770533,63.25773026337784,1,PPO,priority_skew,3,completed,6
33,386.7759145596382,1923.4546289566492,1969.293612287611,1536.678714397011,1582.517697727973,4,44.9322179525157,45.83898333096187,1,PPO,priority_skew,3,completed,"1,4,5,6"
34,389.3467591627439,392.95836205695065,414.92037290029344,3.611602894206726,25.573613737549522,2,48.363241495059434,21.96201084334282,2,PPO,priority_skew,3,completed,"1,3"
35,399.03044370974965,1314.5005561396597,1404.2284019492226,915.47011242991,1005.197958239473,3,32.31405757093004,89.72784580956285,1,PPO,priority_skew,3,completed,"4,6,7"
36,400.6313705696344,1528.5601737468946,1582.5018485550515,1127.9288031772603,1181.8704779854172,3,57.65641848509185,53.941674808156804,1,PPO,priority_skew,3,completed,"4,6,7"
37,416.0030061388305,459.14299515337484,577.7216074739341,43.13998901454437,161.71860133510364,2,17.410335414634446,118.5786123205593,3,PPO,priority_skew,3,completed,"0,6"
38,442.59414702421617,3017.7556122529086,3137.734612068418,2575.1614652286926,2695.140465044202,4,15.542089396010851,119.9789998155093,3,PPO,priority_skew,3,completed,"0,2,5,6"
39,453.91907003849644,611.8228624835958,698.1814572157226,157.90379244509938,244.26238717722617,4,19.215421275388064,86.35859473212678,2,PPO,priority_skew,3,completed,"0,2,3,6"
40,470.8598870787796,541.2771068211387,663.4560790784169,70.41721974235907,192.5961919996373,3,33.26595829404171,122.17897225727828,2,PPO,priority_skew,3,completed,"4,5,7"
41,485.3249551094523,1404.2284019492226,1528.5601737468946,918.9034468397704,1043.2352186374424,3,27.77487650666867,124.33177179767188,1,PPO,priority_skew,3,completed,"4,6,7"
42,494.80184640911426,915.8133513041972,989.6423247220908,421.01150489508296,494.8404783129766,2,36.652121528077146,73.8289734178936,1,PPO,priority_skew,3,completed,"1,4"
43,516.9294982379017,1114.3855104557954,1164.39435786853,597.4560122178937,647.4648596306283,3,59.65783501577832,50.008847412734596,1,PPO,priority_skew,3,completed,"4,6,7"
44,521.7889689853146,1114.5630417026412,1292.7467469208539,592.7740727173266,770.9577779355393,1,55.72019957305893,178.1837052182127,1,PPO,priority_skew,3,completed,5
45,547.2905739937376,560.3473426531029,612.0868954722031,13.056768659365389,64.79632147846553,1,22.901490653018968,51.7395528191001,2,PPO,priority_skew,3,completed,1
46,602.7917275691788,3059.9119939402026,3113.464683477474,2457.1202663710237,2510.672955908295,3,53.952262854086676,53.55268953727128,3,PPO,priority_skew,3,completed,"1,3,4"
47,605.2489976661503,698.1814572157226,847.4401471199446,92.93245954957229,242.1911494537943,2,33.98128486223156,149.25868990422205,2,PPO,priority_skew,3,completed,"0,2"
48,634.9956096245805,1377.5031550807637,1495.0398050613267,742.5075454561832,860.0441954367461,2,35.93355321920878,117.53664998056297,1,PPO,priority_skew,3,completed,"2,3"
49,643.9189268454735,2795.4156515383906,2895.6591235678166,2151.4967246929173,2251.740196722343,4,18.656949925083374,100.24347202942572,3,PPO,priority_skew,3,completed,"1,3,4,7"
50,650.3836941874995,1407.376240865982,1533.5131806664892,756.9925466784825,883.1294864789897,1,9.204253635213139,126.1369398005072,1,PPO,priority_skew,3,completed,5
51,652.938372408852,742.9570309519352,785.2674060367057,90.01865854308312,132.32903362785362,4,15.612568661638292,42.31037508477048,2,PPO,priority_skew,3,completed,"1,4,5,7"
52,692.052096342813,1377.5031550807637,1458.8664180136075,685.4510587379507,766.8143216707945,1,37.133478914012414,81.36326293284367,1,PPO,priority_skew,3,completed,1
53,693.6198169074753,1969.293612287611,2108.7725659864564,1275.6737953801357,1415.152749078981,4,54.44038749438158,139.4789536988452,1,PPO,priority_skew,3,completed,"1,4,5,6"
54,711.945318532445,711.945318532445,810.8381093969,0.0,98.89279086445504,1,56.59146973565815,98.89279086445507,2,PPO,priority_skew,3,completed,3
55,719.5967418992938,719.5967418992938,841.4523513306332,0.0,121.85560943133942,1,51.54125664041501,121.85560943133939,2,PPO,priority_skew,3,completed,6
56,751.0595731639432,785.2674060367057,835.2024943006752,34.207832872762424,84.14292113673196,1,20.842345712479233,49.93508826396958,5,PPO,priority_skew,3,completed,7
57,765.5258682957642,785.2674060367057,915.8133513041972,19.741537740941453,150.28748300843301,3,8.588404038860936,130.54594526749156,3,PPO,priority_skew,3,completed,"1,4,5"
58,818.7036857340058,2108.7725659864564,2192.6520571044225,1290.0688802524505,1373.9483713704167,4,10.718250407962639,83.87949111796635,1,PPO,priority_skew,3,completed,"1,4,5,6"
59,821.2748997190552,821.2748997190552,909.6614332274723,0.0,88.38653350841719,1,33.84900253631385,88.38653350841722,3,PPO,priority_skew,3,completed,3
60,823.6082113424526,835.2024943006752,862.5217933397088,11.594282958222607,38.91358199725619,1,60.86537603270211,27.31929903903353,3,PPO,priority_skew,3,completed,7
61,846.1297565157682,1495.0398050613267,1631.3736361696338,648.9100485455584,785.2438796538655,1,26.648038762766742,136.3338311083072,1,PPO,priority_skew,3,completed,2
62,851.6146660921859,993.8535124757874,1114.3855104557954,142.23884638360153,262.7708443636095,4,45.954719784898614,120.53199798000797,2,PPO,priority_skew,3,completed,"1,3,4,7"
63,885.8667898637538,909.6614332274723,993.8535124757874,23.794643363718592,107.98672261203365,2,16.591713645682134,84.19207924831505,2,PPO,priority_skew,3,completed,"3,7"
64,899.7712923100266,1425.0902295325259,1511.6882630906744,525.3189372224992,611.9169707806477,1,54.79691098654157,86.59803355814851,1,PPO,priority_skew,3,completed,0
65,906.6327943668779,1458.8664180136075,1583.0135163149162,552.2336236467296,676.3807219480383,1,20.45789866042122,124.14709830130877,1,PPO,priority_skew,3,completed,1
66,948.907754016147,1016.5354148422159,1077.894103996181,67.6276608260689,128.986349980034,3,25.019367250873433,61.35868915396513,2,PPO,priority_skew,3,completed,"0,2,6"
67,949.9288629957223,949.9288629957223,1114.5630417026412,0.0,164.63417870691887,1,41.17649911334585,164.63417870691896,2,PPO,priority_skew,3,completed,5
68,963.5730049115091,2192.6520571044225,2232.371233591714,1229.0790521929134,1268.7982286802048,4,26.15714937662047,39.71917648729157,1,PPO,priority_skew,3,completed,"1,4,5,6"
69,973.5852644517065,1511.6882630906744,1648.6476795672418,538.1029986389678,675.0624151155353,2,41.858722784231894,136.9594164765674,1,PPO,priority_skew,3,completed,"0,3"
70,974.560616850401,2232.371233591714,2405.7279253095785,1257.810616741313,1431.1673084591775,3,52.96201351516523,173.35669171786438,1,PPO,priority_skew,3,completed,"1,4,5"
71,976.478663010671,2225.004138819099,2366.477502213022,1248.525475808428,1389.998839202351,2,11.991051972688975,141.47336339392317,1,PPO,priority_skew,3,completed,"3,7"
72,978.0836759845641,1583.0135163149162,1724.6762471724096,604.929840330352,746.5925711878455,1,43.47967716790633,141.66273085749341,1,PPO,priority_skew,3,completed,1
73,982.1852862994269,1954.0358162391117,2127.3265378916562,971.8505299396847,1145.1412515922293,2,61.86138162939982,173.29072165254442,1,PPO,priority_skew,3,completed,"0,2"
74,986.0723771844008,2405.7279253095785,2519.725470569114,1419.6555481251776,1533.653093384713,3,23.248807969935573,113.99754525953527,1,PPO,priority_skew,3,completed,"1,3,4"
75,990.3786240231611,1955.449216656057,2120.1426968223795,965.0705926328958,1129.7640727992184,2,37.93800977252728,164.69348016632276,1,PPO,priority_skew,3,completed,"3,7"
76,997.4772383864727,1794.0863981516702,1955.449216656057,796.6091597651975,957.9719782695843,1,18.03479683371824,161.36281850438675,1,PPO,priority_skew,3,completed,7
77,999.9450987697242,2465.366725745532,2600.6049037718485,1465.421626975808,1600.6598050021244,4,19.920248351378547,135.23817802631652,1,PPO,priority_skew,3,completed,"0,2,5,7"
78,1030.3708658493135,2127.3265378916562,2274.2543027564934,1096.9556720423427,1243.8834369071799,2,12.860587361258265,146.92776486483712,1,PPO,priority_skew,3,completed,"0,2"
79,1043.3099869107914,1077.894103996181,1249.17747451121,34.58411708538961,205.8674876004186,1,11.155222472317107,171.28337051502896,2,PPO,priority_skew,3,completed,0
80,1064.5402632436517,1114.3855104557954,1273.1341244268351,49.845247212143704,208.59386118318344,3,18.77301091421473,158.74861397103967,2,PPO,priority_skew,3,completed,"1,2,3"
81,1089.957030866756,2120.1426968223795,2225.004138819099,1030.1856659556236,1135.047107952343,2,45.43710211699877,104.86144199671928,1,PPO,priority_skew,3,completed,"3,7"
82,1091.0287114808568,2519.725470569114,2553.170470255101,1428.696759088257,1462.1417587742442,4,37.248269476960424,33.44499968598731,1,PPO,priority_skew,3,completed,"1,3,4,6"
83,1102.9273432432215,1582.5018485550515,1719.7304977759052,479.5745053118301,616.8031545326837,4,41.35101148259429,137.22864922085373,2,PPO,priority_skew,3,completed,"4,5,6,7"
84,1114.9519118763662,2385.9864096600118,2465.366725745532,1271.0344977836455,1350.414813869166,2,24.47499147378331,79.3803160855205,1,PPO,priority_skew,3,completed,"0,2"
85,1115.4983064599633,1273.1341244268351,1335.7947380520104,157.63581796687185,220.29643159204716,3,28.86543163416536,62.66061362517533,2,PPO,priority_skew,3,completed,"1,2,3"
86,1157.4707607868795,2232.371233591714,2366.623281046331,1074.9004728048344,1209.1525202594516,1,19.641838868339065,134.2520474546174,1,PPO,priority_skew,3,completed,6
87,1159.111455258768,1249.17747451121,1425.0902295325259,90.06601925244195,265.97877427375784,1,27.11105040373775,175.9127550213158,3,PPO,priority_skew,3,completed,0
88,1170.6998711251968,2553.170470255101,2651.9488650981875,1382.4705991299043,1481.2489939729908,4,16.699283578652704,98.77839484308643,1,PPO,priority_skew,3,completed,"1,3,4,6"
89,1209.5703947662112,1292.7467469208539,1407.376240865982,83.1763521546427,197.80584609977086,1,27.41671597395581,114.62949394512822,2,PPO,priority_skew,3,completed,5
90,1215.0388808803764,2600.6049037718485,2723.822688359507,1385.5660228914721,1508.7838074791307,4,21.561423193637275,123.21778458765841,1,PPO,priority_skew,3,completed,"0,2,5,7"
91,1221.9481003625406,2651.9488650981875,2680.8055612711432,1430.000764735647,1458.8574609086027,4,11.629170516581894,28.856696172955925,1,PPO,priority_skew,3,completed,"1,3,4,6"
92,1242.3743258650347,2274.2543027564934,2373.105574427183,1031.8799768914587,1130.7312485621483,1,28.768711438467285,98.85127167068953,1,PPO,priority_skew,3,completed,0
93,1244.5412784175753,2680.8055612711432,2708.1298215478773,1436.264282853568,1463.588543130302,4,19.595983907670323,27.324260276734016,1,PPO,priority_skew,3,completed,"1,3,4,6"
94,1253.9764608007767,2708.1298215478773,2795.4156515383906,1454.1533607471006,1541.439190737614,3,26.963327373203477,87.28582999051352,1,PPO,priority_skew,3,completed,"1,3,4"
95,1260.5656527533029,2723.822688359507,2856.201215055243,1463.2570356062042,1595.6355623019404,4,49.50783061265073,132.37852669573607,1,PPO,priority_skew,3,completed,"0,2,5,6"
96,1278.7372734957876,2274.2543027564934,2385.9864096600118,995.5170292607058,1107.2491361642242,1,30.165514977739175,111.7321069035182,1,PPO,priority_skew,3,completed,2
97,1292.5870107428063,2895.6591235678166,3059.9119939402026,1603.0721128250102,1767.3249831973963,3,40.33710867491265,164.25287037238604,4,PPO,priority_skew,3,completed,"1,3,4"
98,1302.6056052456663,2366.477502213022,2392.9331365739313,1063.8718969673557,1090.327531328265,2,29.26586320052795,26.45563436090942,1,PPO,priority_skew,3,completed,"3,7"
99,1315.1285085863622,2366.623281046331,2495.3422805965038,1051.494772459969,1180.2137720101416,1,52.97161331722714,128.71899955017278,1,PPO,priority_skew,3,completed,6
0,47.48533328186272,47.48533328186272,188.33128936215803,0.0,140.8459560802953,3,26.06656417872502,140.8459560802953,1,FCFS,priority_skew,4,completed,"0,1,2"
1,52.87031773701226,52.87031773701226,191.18210852552102,0.0,138.31179078850874,3,29.262558770301844,138.31179078850874,1,FCFS,priority_skew,4,completed,"3,4,5"
2,93.3728077680156,942.0009830854133,1028.4518699696187,848.6281753173977,935.079062201603,4,24.34868605127403,86.45088688420527,3,FCFS,priority_skew,4,completed,"2,3,4,5"
3,95.13770436783828,95.13770436783828,246.5942462496501,0.0,151.4565418818118,2,53.50221927877805,151.4565418818118,2,FCFS,priority_skew,4,completed,"6,7"
4,106.89082627094493,188.33128936215803,288.6191937924412,81.4404630912131,181.72836752149627,3,24.023451017034205,100.28790443028316,3,FCFS,priority_skew,4,completed,"0,1,2"
5,116.82925580979445,191.18210852552102,299.27162269133464,74.35285271572657,182.44236688154018,1,28.371591804987546,108.0895141658136,2,FCFS,priority_skew,4,completed,3
6,124.50916503678192,191.18210852552102,306.38646281747305,66.6729434887391,181.87729778069112,1,49.89219082360903,115.20435429195204,1,FCFS,priority_skew,4,completed,4
7,143.48277652190754,246.5942462496501,344.1710411218262,103.11146972774256,200.68826459991865,2,43.26829127130023,97.57679487217608,1,FCFS,priority_skew,4,completed,"6,7"
8,152.18884589991492,288.6191937924412,441.92537885936747,136.43034789252627,289.7365329594526,3,62.30503297297611,153.30618506692625,1,FCFS,priority_skew,4,completed,"0,1,2"
9,170.7686102133622,1028.4518699696187,1171.773965167565,857.6832597562565,1001.0053549542027,4,43.49922476575404,143.32209519794623,1,FCFS,priority_skew,4,completed,"2,3,4,5"
10,182.3247208511755,191.18210852552102,361.553978428248,8.857387674345517,179.2292575770725,1,12.754089591196667,170.37186990272696,1,FCFS,priority_skew,4,completed,5
11,194.03670870167392,1171.773965167565,1228.9059026384368,977.737256465891,1034.869193936763,4,61.9359588261512,57.131937470871975,1,FCFS,priority_skew,4,completed,"2,3,4,5"
12,194.60086604254633,387.0916455286606,520.0031822618854,192.49077948611426,325.40231621933907,3,63.3023592590012,132.91153673322484,2,FCFS,priority_skew,4,completed,"3,4,5"
13,213.2737768036552,1228.9059026384368,1369.0205903580775,1015.6321258347816,1155.7468135544223,4,29.940023310959994,140.1146877196407,1,FCFS,priority_skew,4,completed,"2,3,4,5"
14,271.52632181001064,306.38646281747305,387.0916455286606,34.8601410074624,115.56532371864995,2,51.316169838156625,80.70518271118752,2,FCFS,priority_skew,4,completed,"3,4"
15,282.6425880333248,1369.0205903580775,1537.0328106342738,1086.3780023247527,1254.390222600949,4,11.724649433146137,168.01222027619642,2,FCFS,priority_skew,4,completed,"2,3,4,5"
16,297.3027745753486,1537.0328106342738,1682.516974188998,1239.7300360589252,1385.2141996136493,4,44.22904043266897,145.48416355472406,2,FCFS,priority_skew,4,completed,"2,3,4,5"
17,300.25459577196284,344.1710411218262,430.6281624275491,43.91644534986335,130.37356665558627,2,57.64982030014947,86.45712130572292,1,FCFS,priority_skew,4,completed,"6,7"
18,305.31785255760286,441.92537885936747,538.5768019719837,136.6075263017646,233.25894941438088,3,23.777269568104117,96.65142311261626,2,FCFS,priority_skew,4,completed,"0,1,2"
19,339.44579706650444,430.6281624275491,551.8683572651613,91.18236536104467,212.42256019865687,2,56.9756679162477,121.24019483761217,2,FCFS,priority_skew,4,completed,"6,7"
20,387.57652958156996,520.0031822618854,553.5444024752793,132.42665268031544,165.96787289370934,3,44.94357433374663,33.54122021339391,2,FCFS,priority_skew,4,completed,"3,4,5"
21,396.280528141255,1682.516974188998,1810.9437596993823,1286.236446047743,1414.6632315581273,4,9.110068052348229,128.42678551038435,5,FCFS,priority_skew,4,completed,"2,3,4,5"
22,397.59468621211585,538.5768019719837,561.7099979612267,140.9821157598679,164.11531174911084,2,60.249034900947905,23.13319598924295,4,FCFS,priority_skew,4,completed,"0,1"
23,416.5814272962484,551.8683572651613,706.1920050080115,135.2869299689129,289.6105777117631,2,17.429347431808107,154.32364774285017,1,FCFS,priority_skew,4,completed,"6,7"
24,447.76764036113434,538.5768019719837,564.5659881857772,90.8091616108494,116.79834782464286,1,15.423730778655427,25.98918621379342,2,FCFS,priority_skew,4,completed,2
25,452.83216618411967,553.5444024752793,593.3052181091659,100.71223629115963,140.47305192504626,2,49.782029088150956,39.760815633886594,2,FCFS,priority_skew,4,completed,"3,4"
26,461.61472912508526,1685.277129913344,1726.7471899498028,1223.6624007882588,1265.1324608247176,4,58.21523299224319,41.47006003645883,1,FCFS,priority_skew,4,completed,"0,1,6,7"
27,462.54500056816613,561.7099979612267,667.856316990245,99.16499739306056,205.31131642207885,2,57.82825901093059,106.14631902901829,2,FCFS,priority_skew,4,completed,"0,1"
28,465.1122575159445,593.3052181091659,745.2907193737894,128.19296059322141,280.1784618578449,2,47.589630725293745,151.98550126462348,1,FCFS,priority_skew,4,completed,"3,4"
29,470.61055381480435,1726.7471899498028,1827.3483144452875,1256.1366361349983,1356.737760630483,4,58.972982111293945,100.60112449548484,3,FCFS,priority_skew,4,completed,"0,1,6,7"
30,473.82614364450757,553.5444024752793,725.7005163490077,79.71825883077173,251.8743727045001,1,49.1084506969393,172.15611387372834,1,FCFS,priority_skew,4,completed,5
31,555.3058141370249,875.2228756821769,942.0009830854133,319.917061545152,386.6951689483884,3,56.74550858317601,66.77810740323635,2,FCFS,priority_skew,4,completed,"2,3,4"
32,556.2784777281961,564.5659881857772,606.8419550412721,8.287510457581106,50.563477313075964,1,34.24207037948416,42.275966855494914,2,FCFS,priority_skew,4,completed,2
33,570.6951673064452,606.8419550412721,702.5610045973817,36.14678773482683,131.8658372909365,1,24.386795121838155,95.71904955610962,2,FCFS,priority_skew,4,completed,2
34,572.00236679512,1810.9437596993823,1912.6299650139451,1238.9413929042623,1340.6275982188251,4,57.58211278223388,101.68620531456284,3,FCFS,priority_skew,4,completed,"2,3,4,5"
35,585.6938094016378,667.856316990245,846.834925706581,82.16250758860713,261.1411163049431,2,51.20165795220686,178.978608716336,2,FCFS,priority_skew,4,completed,"0,1"
36,608.7425284970523,702.5610045973817,873.0274437258056,93.81847610032946,264.28491522875333,1,37.68651871602353,170.46643912842381,3,FCFS,priority_skew,4,completed,2
37,632.3312882278551,706.1920050080115,767.1508872818894,73.8607167801564,134.81959905403426,2,22.03417013631673,60.95888227387789,1,FCFS,priority_skew,4,completed,"6,7"
38,659.979332805107,725.7005163490077,858.5429586081477,65.72118354390068,198.56362580304074,1,18.889396572014107,132.84244225914009,1,FCFS,priority_skew,4,completed,5
39,666.8245645232674,1827.3483144452875,1886.7578273438176,1160.5237499220202,1219.9332628205502,3,54.9180130083158,59.40951289852991,3,FCFS,priority_skew,4,completed,"0,1,6"
40,667.6370766778825,745.2907193737894,791.1861835793654,77.65364269590691,123.5491069014829,2,9.951125176188906,45.89546420557595,2,FCFS,priority_skew,4,completed,"3,4"
41,669.3073074139012,767.1508872818894,827.2728950935937,97.84357986798818,157.96558767969248,2,17.536298391512705,60.12200781170424,5,FCFS,priority_skew,4,completed,"6,7"
42,686.1974173576814,1886.7578273438176,1993.9189429127064,1200.5604099861362,1307.721525555025,4,43.9937710903574,107.1611155688889,1,FCFS,priority_skew,4,completed,"0,1,6,7"
43,691.3457682609707,791.1861835793654,817.0239329710595,99.84041531839478,125.67816471008882,2,58.254561076890276,25.83774939169407,1,FCFS,priority_skew,4,completed,"3,4"
44,702.200473212508,1912.6299650139451,2049.1783003781666,1210.429491801437,1346.9778271656587,4,46.34640288334482,136.54833536422132,1,FCFS,priority_skew,4,completed,"2,3,4,5"
45,718.3242840381704,817.0239329710595,875.2228756821769,98.69964893288909,156.8985916440065,2,13.48073424702283,58.198942711117425,1,FCFS,priority_skew,4,completed,"3,4"
46,736.6482909217967,1993.9189429127064,2162.2904068870175,1257.2706519909098,1425.642115965221,4,49.575389671687475,168.37146397431133,1,FCFS,priority_skew,4,completed,"0,1,6,7"
47,744.2765756695158,2049.1783003781666,2091.8354107762684,1304.9017247086508,1347.5588351067527,4,31.476332076661848,42.657110398101885,3,FCFS,priority_skew,4,completed,"2,3,4,5"
48,755.6413383969959,2091.8354107762684,2229.228908498846,1336.1940723792725,1473.5875701018501,4,61.528158106209176,137.39349772257742,3,FCFS,priority_skew,4,completed,"2,3,4,5"
49,756.0432715942267,2162.2904068870175,2316.5873788640106,1406.247135292791,1560.544107269784,4,39.74565991234239,154.29697197699306,1,FCFS,priority_skew,4,completed,"0,1,6,7"
50,799.8004996314141,2229.228908498846,2348.146254845184,1429.428408867432,1548.34575521377,4,50.48668339889538,118.91734634633815,2,FCFS,priority_skew,4,completed,"2,3,4,5"
51,802.3964984852305,2316.5873788640106,2376.451799748847,1514.19088037878,1574.0553012636165,4,45.866086868096176,59.86442088483635,1,FCFS,priority_skew,4,completed,"0,1,6,7"
52,810.5894991788159,2348.146254845184,2512.970700228089,1537.5567556663682,1702.381201049273,3,18.937370165390334,164.82444538290477,1,FCFS,priority_skew,4,completed,"2,3,4"
53,819.0373452537722,827.2728950935937,995.2863997665318,8.235549839821488,176.24905451275959,2,48.864647730199316,168.01350467293813,2,FCFS,priority_skew,4,completed,"6,7"
54,827.8105250065526,846.834925706581,988.2608216959121,19.024400700028423,160.45029668935956,2,39.3963513759528,141.4258959893311,4,FCFS,priority_skew,4,completed,"0,1"
55,835.4093794095157,2376.451799748847,2508.6168802412735,1541.0424203393313,1673.207500831758,4,32.62037253114344,132.16508049242665,4,FCFS,priority_skew,4,completed,"0,1,5,6"
56,864.7332588460015,988.2608216959121,1085.1819788548607,123.52756284991062,220.44872000885925,2,12.035372747768147,96.9211571589487,3,FCFS,priority_skew,4,completed,"0,1"
57,871.6286774104998,871.6286774104998,924.6297777958321,0.0,53.00110038533228,1,37.25360914007314,53.00110038533225,4,FCFS,priority_skew,4,completed,5
58,888.424347861093,2508.6168802412735,2540.340631753474,1620.1925323801806,1651.9162838923812,4,32.490447777717264,31.723751512200753,1,FCFS,priority_skew,4,completed,"0,1,5,6"
59,902.3368839671372,995.2863997665318,1084.6796765830552,92.94951579939459,182.34279261591803,2,62.815986859165086,89.39327681652335,2,FCFS,priority_skew,4,completed,"6,7"
60,919.0151656866999,1084.6796765830552,1215.4201804781803,165.6645108963553,296.4050147914804,2,8.134451072592201,130.7405038951252,1,FCFS,priority_skew,4,completed,"6,7"
61,920.169536911792,2512.970700228089,2669.510342730705,1592.8011633162969,1749.340805818913,4,36.48460016414337,156.53964250261583,1,FCFS,priority_skew,4,completed,"2,3,4,7"
62,932.5563667646329,2540.340631753474,2655.8410164434667,1607.7842649888412,1723.2846496788338,4,24.009819276484542,115.50038468999281,2,FCFS,priority_skew,4,completed,"0,1,5,6"
63,963.0617447653185,2655.8410164434667,2727.746239520625,1692.7792716781482,1764.6844947553063,3,38.25432094489295,71.90522307715801,2,FCFS,priority_skew,4,completed,"0,1,5"
64,964.4813893904548,2669.510342730705,2815.3485550840055,1705.0289533402502,1850.8671656935508,4,26.480905847370813,145.83821235330058,1,FCFS,priority_skew,4,completed,"2,3,4,6"
65,965.9056624312374,1085.1819788548607,1213.6754660234178,119.27631642362337,247.76980359218044,1,13.263001438135722,128.493487168557,3,FCFS,priority_skew,4,completed,0
66,1017.7822511162628,1085.1819788548607,1105.8926035517954,67.3997277385979,88.1103524355326,1,59.444227795919474,20.710624696934712,4,FCFS,priority_skew,4,completed,1
67,1029.2909268700105,1105.8926035517954,1167.190199127933,76.60167668178497,137.89927225792258,1,42.116352592847534,61.29759557613761,1,FCFS,priority_skew,4,completed,1
68,1033.333739390631,2727.746239520625,2828.7491935287494,1694.4125001299938,1795.4154541381183,3,32.19492187888508,101.00295400812453,1,FCFS,priority_skew,4,completed,"0,1,5"
69,1034.5006914217195,1215.4201804781803,1275.1567471053745,180.91948905646086,240.65605568365504,2,12.859563840056518,59.73656662719429,1,FCFS,priority_skew,4,completed,"6,7"
70,1043.538044639457,1167.190199127933,1293.8549639005753,123.65215448847607,250.3169192611183,1,16.450295833088514,126.66476477264227,1,FCFS,priority_skew,4,completed,1
71,1054.5704439166182,2815.3485550840055,2904.9099809779163,1760.7781111673874,1850.3395370612982,4,44.57229899263089,89.56142589391105,1,FCFS,priority_skew,4,completed,"2,3,4,6"
72,1060.6159452212426,1213.6754660234178,1344.9936156749604,153.05952080217526,284.3776704537179,1,25.36360137233334,131.31814965154274,3,FCFS,priority_skew,4,completed,0
73,1066.487612189661,2828.7491935287494,2944.654945755997,1762.2615813390885,1878.1673335663359,3,49.24917522447014,115.90575222724723,2,FCFS,priority_skew,4,completed,"0,1,5"
74,1071.2396829379916,2904.9099809779163,3084.019640478236,1833.6702980399248,2012.7799575402444,3,9.40772847910326,179.1096595003197,1,FCFS,priority_skew,4,completed,"2,3,4"
75,1082.4803023733846,2944.654945755997,2973.9062894434924,1862.1746433826122,1891.4259870701078,4,58.06594329646536,29.251343687495694,1,FCFS,priority_skew,4,completed,"0,1,5,6"
76,1087.5972071663352,2973.9062894434924,3144.272552339687,1886.3090822771571,2056.675345173352,3,39.85676610413917,170.36626289619454,1,FCFS,priority_skew,4,completed,"0,1,5"
77,1097.6618003158733,3084.019640478236,3205.518711065921,1986.3578401623627,2107.8569107500475,3,21.35291099225782,121.49907058768468,1,FCFS,priority_skew,4,completed,"2,3,4"
78,1098.4325797091894,3144.272552339687,3164.825183713893,2045.8399726304976,2066.3926040047036,4,21.036074669684286,20.55263137420564,2,FCFS,priority_skew,4,completed,"0,1,5,6"
79,1104.6966724085737,3164.825183713893,3331.1431296360697,2060.128511305319,2226.446457227496,4,20.708889568212356,166.317945922177,1,FCFS,priority_skew,4,completed,"0,1,5,6"
80,1108.4461275216827,3205.518711065921,3305.034340103622,2097.072583544238,2196.5882125819394,4,41.61385957654166,99.51562903770139,1,FCFS,priority_skew,4,completed,"2,3,4,7"
81,1139.9917467473147,3305.034340103622,3345.8205594620154,2165.0425933563074,2205.8288127147007,3,37.082601538058896,40.78621935839337,1,FCFS,priority_skew,4,completed,"2,3,4"
82,1149.809135304864,3331.1431296360697,3362.446139222572,2181.3339943312058,2212.637003917708,4,22.579209066511062,31.303009586502526,1,FCFS,priority_skew,4,completed,"0,1,5,6"
83,1160.6990162232214,3345.8205594620154,3502.9483151927816,2185.121543238794,2342.24929896956,4,56.39497512278592,157.12775573076607,2,FCFS,priority_skew,4,completed,"2,3,4,7"
84,1168.5098948149976,1275.1567471053745,1388.4106082019346,106.64685229037696,219.900713386937,2,23.576676895009193,113.25386109656012,2,FCFS,priority_skew,4,completed,"6,7"
85,1184.4482782465784,3362.446139222572,3499.447323738905,2177.9978609759937,2314.999045492327,4,21.978777049301204,137.0011845163331,2,FCFS,priority_skew,4,completed,"0,1,5,6"
86,1185.1328610225648,1293.8549639005753,1317.957459853619,108.72210287801045,132.82459883105412,1,44.051413517259746,24.102495953043732,1,FCFS,priority_skew,4,completed,1
87,1188.1068661913628,3499.447323738905,3576.930746999892,2311.3404575475424,2388.8238808085293,3,26.03121936605745,77.48342326098677,3,FCFS,priority_skew,4,completed,"0,1,5"
88,1188.7150921017578,3502.9483151927816,3616.431382490483,2314.233223091024,2427.716290388725,4,11.326636917202343,113.4830672977013,1,FCFS,priority_skew,4,completed,"2,3,4,6"
89,1201.099272283815,3576.930746999892,3752.780288882938,2375.831474716077,2551.681016599123,4,44.514752892390106,175.84954188304593,1,FCFS,priority_skew,4,completed,"0,1,5,7"
90,1210.1931758702224,1388.4106082019346,1521.952159122015,178.2174323317122,311.75898325179264,2,27.1262855575328,133.54155092008048,2,FCFS,priority_skew,4,completed,"6,7"
91,1211.315269911979,1468.9230550488373,1522.071541337849,257.6077851368584,310.7562714258702,2,10.535612030336063,53.148486289011814,1,FCFS,priority_skew,4,completed,"0,1"
92,1218.7953553923899,1521.952159122015,1642.2762925705883,303.15680372962515,423.4809371781985,2,50.672916666543586,120.32413344857326,4,FCFS,priority_skew,4,completed,"6,7"
93,1232.8463798134599,3616.431382490483,3764.645230240053,2383.585002677023,2531.798850426593,4,30.15538089996383,148.21384774957005,1,FCFS,priority_skew,4,completed,"2,3,4,6"
94,1241.7956728851755,1317.957459853619,1468.9230550488373,76.1617869684435,227.12738216366188,1,59.295362268389326,150.9655951952184,2,FCFS,priority_skew,4,completed,1
95,1258.1545786279084,1522.071541337849,1592.3607279239295,263.91696270994066,334.20614929602107,2,16.931718663417257,70.28918658608049,3,FCFS,priority_skew,4,completed,"0,1"
96,1272.9071108072799,3752.780288882938,3810.115107082886,2479.873178075658,2537.207996275606,3,10.44807076278764,57.33481819994802,1,FCFS,priority_skew,4,completed,"0,1,5"
97,1285.2022429298186,1592.3607279239295,1685.277129913344,307.15848499411095,400.0748869835254,2,56.23149772199956,92.91640198941435,1,FCFS,priority_skew,4,completed,"0,1"
98,1286.0717145717701,1344.9936156749604,1407.8483128739674,58.921901103190294,121.77659830219727,1,25.392527870019237,62.85469719900691,1,FCFS,priority_skew,4,completed,0
99,1289.245991699468,3764.645230240053,3922.753093696525,2475.399238540585,2633.507101997057,4,36.915974615882995,158.1078634564717,1,FCFS,priority_skew,4,completed,"2,3,4,6"
0,47.48533328186272,47.48533328186272,188.33128936215803,0.0,140.8459560802953,3,26.06656417872502,140.8459560802953,1,SJF,priority_skew,4,completed,"0,1,2"
1,52.87031773701226,52.87031773701226,191.18210852552102,0.0,138.31179078850874,3,29.262558770301844,138.31179078850874,1,SJF,priority_skew,4,completed,"3,4,5"
2,93.3728077680156,1536.1447091449852,1622.5955960291906,1442.7719013769697,1529.222788261175,4,24.34868605127403,86.45088688420527,3,SJF,priority_skew,4,completed,"3,4,6,7"
3,95.13770436783828,95.13770436783828,246.5942462496501,0.0,151.4565418818118,2,53.50221927877805,151.4565418818118,2,SJF,priority_skew,4,completed,"6,7"
4,106.89082627094493,191.18210852552102,291.4700129558042,84.29128225457609,184.57918668485925,3,24.023451017034205,100.28790443028316,3,SJF,priority_skew,4,completed,"3,4,5"
5,116.82925580979445,188.33128936215803,296.42080352797166,71.50203355236359,179.5915477181772,1,28.371591804987546,108.0895141658136,2,SJF,priority_skew,4,completed,2
6,124.50916503678192,246.5942462496501,361.7986005416021,122.08508121286818,237.2894355048202,1,49.89219082360903,115.20435429195204,1,SJF,priority_skew,4,completed,6
7,143.48277652190754,188.33128936215803,285.9080842343341,44.84851284025049,142.4253077124266,2,43.26829127130023,97.57679487217608,1,SJF,priority_skew,4,completed,"0,1"
8,152.18884589991492,2856.2219518286665,3009.528136895593,2704.0331059287514,2857.339290995678,3,62.30503297297611,153.30618506692625,1,SJF,priority_skew,4,completed,"3,4,5"
9,170.7686102133622,2567.06164427742,2710.383739475366,2396.293034064058,2539.615129262004,4,43.49922476575404,143.32209519794623,1,SJF,priority_skew,4,completed,"3,4,5,6"
10,182.3247208511755,246.5942462496501,416.966116152377,64.2695253984746,234.64139530120153,1,12.754089591196667,170.37186990272696,1,SJF,priority_skew,4,completed,7
11,194.03670870167392,1237.2191144973235,1294.3510519681954,1043.1824057956496,1100.3143432665215,4,61.9359588261512,57.131937470871975,1,SJF,priority_skew,4,completed,"0,1,2,3"
12,194.60086604254633,291.4700129558042,424.38154968902904,96.86914691325785,229.78068364648271,3,63.3023592590012,132.91153673322484,2,SJF,priority_skew,4,completed,"3,4,5"
13,213.2737768036552,2472.8418482164766,2612.9565359361172,2259.568071412821,2399.682759132462,4,29.940023310959994,140.1146877196407,1,SJF,priority_skew,4,completed,"0,1,2,7"
14,271.52632181001064,285.9080842343341,366.6132669455217,14.381762424323483,95.08694513551103,2,51.316169838156625,80.70518271118752,2,SJF,priority_skew,4,completed,"0,1"
15,282.6425880333248,3382.9037203310754,3550.9159406072718,3100.2611322977505,3268.273352573947,4,11.724649433146137,168.01222027619642,2,SJF,priority_skew,4,completed,"0,1,2,7"
16,297.3027745753486,2612.9565359361172,2758.4406994908413,2315.653761360769,2461.1379249154925,4,44.22904043266897,145.48416355472406,2,SJF,priority_skew,4,completed,"0,1,2,7"
17,300.25459577196284,361.7986005416021,448.25572184732505,61.54400476963929,148.0011260753622,2,57.64982030014947,86.45712130572292,1,SJF,priority_skew,4,completed,"2,6"
18,305.31785255760286,487.85346178313387,584.5048848957501,182.535609225531,279.1870323381473,3,23.777269568104117,96.65142311261626,2,SJF,priority_skew,4,completed,"0,1,6"
19,339.44579706650444,366.6132669455217,487.85346178313387,27.167469879017233,148.40766471662943,2,56.9756679162477,121.24019483761217,2,SJF,priority_skew,4,completed,"0,1"
20,387.57652958156996,448.25572184732505,481.79694206071895,60.67919226575509,94.22041247914899,3,44.94357433374663,33.54122021339391,2,SJF,priority_skew,4,completed,"2,4,6"
21,396.280528141255,2164.6930256802366,2293.119811190621,1768.4124975389816,1896.839283049366,4,9.110068052348229,128.42678551038435,5,SJF,priority_skew,4,completed,"3,4,5,6"
22,397.59468621211585,424.38154968902904,447.514745678272,26.786863476913197,49.92005946615615,2,60.249034900947905,23.13319598924295,4,SJF,priority_skew,4,completed,"3,4"
23,416.5814272962484,424.38154968902904,578.7051974318792,7.800122392780622,162.12377013563082,2,17.429347431808107,154.32364774285017,1,SJF,priority_skew,4,completed,"5,7"
24,447.76764036113434,447.76764036113434,473.75682657492774,0.0,25.989186213793403,1,15.423730778655427,25.98918621379342,2,SJF,priority_skew,4,completed,3
25,452.83216618411967,481.79694206071895,521.5577576946056,28.964775876599276,68.72559151048591,2,49.782029088150956,39.760815633886594,2,SJF,priority_skew,4,completed,"2,4"
26,461.61472912508526,651.2829922989865,692.7530523354453,189.66826317390127,231.13832321036006,4,58.21523299224319,41.47006003645883,1,SJF,priority_skew,4,completed,"0,1,3,6"
27,462.54500056816613,521.5577576946056,627.7040767236239,59.01275712643945,165.15907615545774,2,57.82825901093059,106.14631902901829,2,SJF,priority_skew,4,completed,"2,4"
28,465.1122575159445,627.7040767236239,779.6895779882474,162.59181920767935,314.57732047230286,2,47.589630725293745,151.98550126462348,1,SJF,priority_skew,4,completed,"2,4"
29,470.61055381480435,1650.5003632850357,1751.1014877805205,1179.8898094702313,1280.490933965716,4,58.972982111293945,100.60112449548484,3,SJF,priority_skew,4,completed,"0,1,2,5"
30,473.82614364450757,473.82614364450757,645.9822575182359,0.0,172.15611387372832,1,49.1084506969393,172.15611387372834,1,SJF,priority_skew,4,completed,3
31,555.3058141370249,584.5048848957501,651.2829922989865,29.19907075872527,95.97717816196166,3,56.74550858317601,66.77810740323635,2,SJF,priority_skew,4,completed,"0,1,6"
32,556.2784777281961,578.7051974318792,620.9811642873742,22.426719703683148,64.70268655917812,1,34.24207037948416,42.275966855494914,2,SJF,priority_skew,4,completed,5
33,570.6951673064452,578.7051974318792,674.4242469879889,8.010030125434014,103.72907968154368,1,24.386795121838155,95.71904955610962,2,SJF,priority_skew,4,completed,7
34,572.00236679512,1751.1014877805205,1852.7876930950833,1179.0991209854005,1280.7853262999633,4,57.58211278223388,101.68620531456284,3,SJF,priority_skew,4,completed,"0,1,2,5"
35,585.6938094016378,779.6895779882474,958.6681867045834,193.99576858660953,372.9743773029455,2,51.20165795220686,178.978608716336,2,SJF,priority_skew,4,completed,"2,4"
36,608.7425284970523,620.9811642873742,791.4476034157981,12.23863579032195,182.70507491874582,1,37.68651871602353,170.46643912842381,3,SJF,priority_skew,4,completed,5
37,632.3312882278551,776.7897444382568,837.7486267121346,144.45845621040166,205.41733848427953,2,22.03417013631673,60.95888227387789,1,SJF,priority_skew,4,completed,"0,1"
38,659.979332805107,674.4242469879889,807.266689247129,14.444914182881917,147.28735644202197,1,18.889396572014107,132.84244225914009,1,SJF,priority_skew,4,completed,7
39,666.8245645232674,798.7705243527256,858.1800372512555,131.94595982945816,191.35547272798806,3,54.9180130083158,59.40951289852991,3,SJF,priority_skew,4,completed,"3,5,6"
40,667.6370766778825,692.7530523354453,738.6485165410213,25.115975657562785,71.01143986313878,2,9.951125176188906,45.89546420557595,2,SJF,priority_skew,4,completed,"3,6"
41,669.3073074139012,738.6485165410213,798.7705243527256,69.34120912712012,129.46321693882442,2,17.536298391512705,60.12200781170424,5,SJF,priority_skew,4,completed,"3,6"
42,686.1974173576814,1823.1141790750166,1930.2752946439055,1136.9167617173352,1244.077877286224,4,43.9937710903574,107.1611155688889,1,SJF,priority_skew,4,completed,"3,4,6,7"
43,691.3457682609707,692.7530523354453,718.5908017271394,1.40728407447466,27.245033466168707,2,58.254561076890276,25.83774939169407,1,SJF,priority_skew,4,completed,"0,1"
44,702.200473212508,2293.119811190621,2429.668146554842,1590.9193379781132,1727.4676733423344,4,46.34640288334482,136.54833536422132,1,SJF,priority_skew,4,completed,"3,4,5,6"
45,718.3242840381704,718.5908017271394,776.7897444382568,0.26651768896897465,58.465460400086386,2,13.48073424702283,58.198942711117425,1,SJF,priority_skew,4,completed,"0,1"
46,736.6482909217967,3490.4935887768575,3658.8650527511686,2753.845297855061,2922.216761829372,4,49.575389671687475,168.37146397431133,1,SJF,priority_skew,4,completed,"3,4,5,6"
47,744.2765756695158,858.1800372512555,900.8371476493573,113.90346158173975,156.5605719798416,4,31.476332076661848,42.657110398101885,3,SJF,priority_skew,4,completed,"3,5,6,7"
48,755.6413383969959,2429.668146554842,2567.06164427742,1674.0268081578463,1811.420305880424,4,61.528158106209176,137.39349772257742,3,SJF,priority_skew,4,completed,"3,4,5,6"
49,756.0432715942267,2906.6545472404114,3060.9515192174044,2150.611275646185,2304.908247623178,4,39.74565991234239,154.29697197699306,1,SJF,priority_skew,4,completed,"0,1,2,6"
50,799.8004996314141,2045.7756793338983,2164.6930256802366,1245.9751797024842,1364.8925260488224,4,50.48668339889538,118.91734634633815,2,SJF,priority_skew,4,completed,"3,4,5,6"
51,802.3964984852305,1501.0745165062883,1560.9389373911247,698.6780180210578,758.5424389058942,4,45.866086868096176,59.86442088483635,1,SJF,priority_skew,4,completed,"0,1,2,5"
52,810.5894991788159,3218.0792749481707,3382.9037203310754,2407.4897757693548,2572.3142211522595,3,18.937370165390334,164.82444538290477,1,SJF,priority_skew,4,completed,"0,1,2"
53,819.0373452537722,1021.9541759780815,1189.9676806510197,202.9168307243093,370.9303353972475,2,48.864647730199316,168.01350467293813,2,SJF,priority_skew,4,completed,"5,6"
54,827.8105250065526,837.7486267121346,979.1745227014658,9.938101705582085,151.36399769491322,2,39.3963513759528,141.4258959893311,4,SJF,priority_skew,4,completed,"0,1"
55,835.4093794095157,2203.675583207717,2335.8406637001435,1368.2662037982013,1500.431284290628,4,32.62037253114344,132.16508049242665,4,SJF,priority_skew,4,completed,"0,1,2,7"
56,864.7332588460015,958.6681867045834,1055.5893438635321,93.93492785858189,190.85608501753063,2,12.035372747768147,96.9211571589487,3,SJF,priority_skew,4,completed,"2,4"
57,871.6286774104998,932.5608991615582,985.5619995468904,60.932221751058364,113.93332213639064,1,37.25360914007314,53.00110038533225,4,SJF,priority_skew,4,completed,3
58,888.424347861093,900.8371476493573,932.5608991615582,12.412799788264351,44.13655130046516,4,32.490447777717264,31.723751512200753,1,SJF,priority_skew,4,completed,"3,5,6,7"
59,902.3368839671372,932.5608991615582,1021.9541759780815,30.224015194420986,119.61729201094431,2,62.815986859165086,89.39327681652335,2,SJF,priority_skew,4,completed,"5,6"
60,919.0151656866999,979.1745227014658,1109.915026596591,60.159357014765874,190.899860909891,2,8.134451072592201,130.7405038951252,1,SJF,priority_skew,4,completed,"0,1"
61,920.169536911792,3009.528136895593,3166.0677793982086,2089.358599983801,2245.8982424864166,4,36.48460016414337,156.53964250261583,1,SJF,priority_skew,4,completed,"3,4,5,7"
62,932.5563667646329,1930.2752946439055,2045.7756793338983,997.7189278792725,1113.2193125692654,4,24.009819276484542,115.50038468999281,2,SJF,priority_skew,4,completed,"3,4,6,7"
63,963.0617447653185,1351.6858701681435,1423.5910932453016,388.62412540282503,460.5293484799831,3,38.25432094489295,71.90522307715801,2,SJF,priority_skew,4,completed,"0,1,2"
64,964.4813893904548,2710.383739475366,2856.2219518286665,1745.9023500849112,1891.7405624382118,4,26.480905847370813,145.83821235330058,1,SJF,priority_skew,4,completed,"3,4,5,6"
65,965.9056624312374,965.9056624312374,1094.3991495997943,0.0,128.49348716855695,1,13.263001438135722,128.493487168557,3,SJF,priority_skew,4,completed,7
66,1017.7822511162628,1017.7822511162628,1038.4928758131975,0.0,20.7106246969347,1,59.444227795919474,20.710624696934712,4,SJF,priority_skew,4,completed,3
67,1029.2909268700105,1038.4928758131975,1099.7904713893352,9.201948943187062,70.49954451932467,1,42.116352592847534,61.29759557613761,1,SJF,priority_skew,4,completed,3
68,1033.333739390631,1722.111225066892,1823.1141790750166,688.777485676261,789.7804396843856,3,32.19492187888508,101.00295400812453,1,SJF,priority_skew,4,completed,"3,4,6"
69,1034.5006914217195,1055.5893438635321,1115.3259104907265,21.088652441812656,80.82521906900706,2,12.859563840056518,59.73656662719429,1,SJF,priority_skew,4,completed,"2,4"
70,1043.538044639457,1094.3991495997943,1221.0639143724366,50.86110496033734,177.52586973297957,1,16.450295833088514,126.66476477264227,1,SJF,priority_skew,4,completed,7
71,1054.5704439166182,1560.9389373911247,1650.5003632850357,506.3684934745065,595.9299193684176,4,44.57229899263089,89.56142589391105,1,SJF,priority_skew,4,completed,"0,1,2,5"
72,1060.6159452212426,1099.7904713893352,1231.108621040878,39.1745261680926,170.49267581963545,1,25.36360137233334,131.31814965154274,3,SJF,priority_skew,4,completed,3
73,1066.487612189661,1966.2707603927847,2082.176512620032,899.7831482031238,1015.6889004303712,3,49.24917522447014,115.90575222724723,2,SJF,priority_skew,4,completed,"0,1,2"
74,1071.2396829379916,3721.2822035034665,3900.391863003786,2650.0425205654747,2829.1521800657947,3,9.40772847910326,179.1096595003197,1,SJF,priority_skew,4,completed,"0,1,2"
75,1082.4803023733846,1135.8785418649322,1165.1298855524278,53.398239491547656,82.64958317904325,4,58.06594329646536,29.251343687495694,1,SJF,priority_skew,4,completed,"0,1,2,4"
76,1087.5972071663352,3550.9159406072718,3721.2822035034665,2463.3187334409367,2633.6849963371315,3,39.85676610413917,170.36626289619454,1,SJF,priority_skew,4,completed,"0,1,2"
77,1097.6618003158733,2082.176512620032,2203.675583207717,984.5147123041588,1106.0137828918437,3,21.35291099225782,121.49907058768468,1,SJF,priority_skew,4,completed,"0,1,2"
78,1098.4325797091894,1115.3259104907265,1135.8785418649322,16.893330781537088,37.44596215574279,4,21.036074669684286,20.55263137420564,2,SJF,priority_skew,4,completed,"0,1,2,4"
79,1104.6966724085737,3324.1756428546805,3490.4935887768575,2219.478970446107,2385.7969163682837,4,20.708889568212356,166.317945922177,1,SJF,priority_skew,4,completed,"3,4,5,6"
80,1108.4461275216827,1622.5955960291906,1722.111225066892,514.1494685075079,613.6650975452094,4,41.61385957654166,99.51562903770139,1,SJF,priority_skew,4,completed,"3,4,6,7"
81,1139.9917467473147,1196.4328951389302,1237.2191144973235,56.44114839161557,97.22736775000885,3,37.082601538058896,40.78621935839337,1,SJF,priority_skew,4,completed,"0,1,2"
82,1149.809135304864,1165.1298855524278,1196.4328951389302,15.320750247563865,46.62375983406628,4,22.579209066511062,31.303009586502526,1,SJF,priority_skew,4,completed,"0,1,2,4"
83,1160.6990162232214,3060.9515192174044,3218.0792749481707,1900.252502994183,2057.3802587249493,4,56.39497512278592,157.12775573076607,2,SJF,priority_skew,4,completed,"0,1,2,6"
84,1168.5098948149976,1196.4328951389302,1309.6867562354903,27.923000323932683,141.17686142049274,2,23.576676895009193,113.25386109656012,2,SJF,priority_skew,4,completed,"4,6"
85,1184.4482782465784,2335.8406637001435,2472.8418482164766,1151.392385453565,1288.3935699698982,4,21.978777049301204,137.0011845163331,2,SJF,priority_skew,4,completed,"0,1,2,7"
86,1185.1328610225648,1189.9676806510197,1214.0701766040634,4.834819628454852,28.937315581498524,1,44.051413517259746,24.102495953043732,1,SJF,priority_skew,4,completed,5
87,1188.1068661913628,1423.5910932453016,1501.0745165062883,235.48422705393887,312.96765031492555,3,26.03121936605745,77.48342326098677,3,SJF,priority_skew,4,completed,"0,1,2"
88,1188.7150921017578,1852.7876930950833,1966.2707603927847,664.0726009933255,777.5556682910269,4,11.326636917202343,113.4830672977013,1,SJF,priority_skew,4,completed,"0,1,2,5"
89,1201.099272283815,3658.8650527511686,3834.7145946342143,2457.7657804673536,2633.6153223503993,4,44.514752892390106,175.84954188304593,1,SJF,priority_skew,4,completed,"3,4,5,6"
90,1210.1931758702224,1402.6031582249047,1536.1447091449852,192.40998235468237,325.9515332747628,2,27.1262855575328,133.54155092008048,2,SJF,priority_skew,4,completed,"4,6"
91,1211.315269911979,1221.0639143724366,1274.2124006614483,9.748644460457626,62.8971307494694,2,10.535612030336063,53.148486289011814,1,SJF,priority_skew,4,completed,"5,7"
92,1218.7953553923899,1344.5015872475287,1464.825720696102,125.70623185513887,246.0303653037122,2,50.672916666543586,120.32413344857326,4,SJF,priority_skew,4,completed,"5,7"
93,1232.8463798134599,2758.4406994908413,2906.6545472404114,1525.5943196773815,1673.8081674269515,4,30.15538089996383,148.21384774957005,1,SJF,priority_skew,4,completed,"0,1,2,7"
94,1241.7956728851755,1357.2057491672024,1508.1713443624208,115.41007628202692,266.3756714772453,1,59.295362268389326,150.9655951952184,2,SJF,priority_skew,4,completed,3
95,1258.1545786279084,1274.2124006614483,1344.5015872475287,16.05782203353988,86.34700861962028,2,16.931718663417257,70.28918658608049,3,SJF,priority_skew,4,completed,"5,7"
96,1272.9071108072799,1294.3510519681954,1351.6858701681435,21.44394116091553,78.77875936086366,3,10.44807076278764,57.33481819994802,1,SJF,priority_skew,4,completed,"0,1,2"
97,1285.2022429298186,1309.6867562354903,1402.6031582249047,24.484513305671726,117.40091529508618,2,56.23149772199956,92.91640198941435,1,SJF,priority_skew,4,completed,"4,6"
98,1286.0717145717701,1294.3510519681954,1357.2057491672024,8.279337396425262,71.13403459543224,1,25.392527870019237,62.85469719900691,1,SJF,priority_skew,4,completed,3
99,1289.245991699468,3166.0677793982086,3324.1756428546805,1876.8217876987405,2034.9296511552125,4,36.915974615882995,158.1078634564717,1,SJF,priority_skew,4,completed,"3,4,5,7"
0,47.48533328186272,47.48533328186272,188.33128936215803,0.0,140.8459560802953,3,26.06656417872502,140.8459560802953,1,Priority,priority_skew,4,completed,"0,1,2"
1,52.87031773701226,52.87031773701226,191.18210852552102,0.0,138.31179078850874,3,29.262558770301844,138.31179078850874,1,Priority,priority_skew,4,completed,"3,4,5"
2,93.3728077680156,612.1698541516612,698.6207410358664,518.7970463836456,605.2479332678508,4,24.34868605127403,86.45088688420527,3,Priority,priority_skew,4,completed,"2,3,4,5"
3,95.13770436783828,95.13770436783828,246.5942462496501,0.0,151.4565418818118,2,53.50221927877805,151.4565418818118,2,Priority,priority_skew,4,completed,"6,7"
4,106.89082627094493,188.33128936215803,288.6191937924412,81.4404630912131,181.72836752149627,3,24.023451017034205,100.28790443028316,3,Priority,priority_skew,4,completed,"0,1,2"
5,116.82925580979445,191.18210852552102,299.27162269133464,74.35285271572657,182.44236688154018,1,28.371591804987546,108.0895141658136,2,Priority,priority_skew,4,completed,3
6,124.50916503678192,191.18210852552102,306.38646281747305,66.6729434887391,181.87729778069112,1,49.89219082360903,115.20435429195204,1,Priority,priority_skew,4,completed,4
7,143.48277652190754,246.5942462496501,344.1710411218262,103.11146972774256,200.68826459991865,2,43.26829127130023,97.57679487217608,1,Priority,priority_skew,4,completed,"6,7"
8,152.18884589991492,1438.2896706768367,1591.595855743763,1286.1008247769219,1439.407009843848,3,62.30503297297611,153.30618506692625,1,Priority,priority_skew,4,completed,"2,3,6"
9,170.7686102133622,2420.6629162124636,2563.9850114104097,2249.8943059991016,2393.2164011970476,4,43.49922476575404,143.32209519794623,1,Priority,priority_skew,4,completed,"0,1,6,7"
10,182.3247208511755,191.18210852552102,361.553978428248,8.857387674345517,179.2292575770725,1,12.754089591196667,170.37186990272696,1,Priority,priority_skew,4,completed,5
11,194.03670870167392,2461.8293260425044,2518.9612635133763,2267.7926173408305,2324.9245548117024,4,61.9359588261512,57.131937470871975,1,Priority,priority_skew,4,completed,"2,3,4,5"
12,194.60086604254633,288.6191937924412,421.53073052566606,94.01832774989487,226.92986448311973,3,63.3023592590012,132.91153673322484,2,Priority,priority_skew,4,completed,"0,1,2"
13,213.2737768036552,2518.9612635133763,2659.075951233017,2305.6874867097213,2445.802174429362,4,29.940023310959994,140.1146877196407,1,Priority,priority_skew,4,completed,"2,3,4,5"
14,271.52632181001064,306.38646281747305,387.0916455286606,34.8601410074624,115.56532371864995,2,51.316169838156625,80.70518271118752,2,Priority,priority_skew,4,completed,"3,4"
15,282.6425880333248,1956.0529624849573,2124.0651827611537,1673.4103744516326,1841.422594727829,4,11.724649433146137,168.01222027619642,2,Priority,priority_skew,4,completed,"0,1,6,7"
16,297.3027745753486,2063.8435932814546,2209.3277568361787,1766.540818706106,1912.02498226083,4,44.22904043266897,145.48416355472406,2,Priority,priority_skew,4,completed,"2,3,4,5"
17,300.25459577196284,744.5162052414424,830.9733265471654,444.2616094694796,530.7187307752025,2,57.64982030014947,86.45712130572292,1,Priority,priority_skew,4,completed,"4,5"
18,305.31785255760286,387.0916455286606,483.74306864127686,81.77379297105773,178.425216083674,3,23.777269568104117,96.65142311261626,2,Priority,priority_skew,4,completed,"3,4,5"
19,339.44579706650444,344.1710411218262,465.4112359594384,4.7252440553217525,125.96543889293395,2,56.9756679162477,121.24019483761217,2,Priority,priority_skew,4,completed,"6,7"
20,387.57652958156996,444.663926514909,478.2051467283029,57.08739693333905,90.62861714673295,3,44.94357433374663,33.54122021339391,2,Priority,priority_skew,4,completed,"0,1,2"
21,396.280528141255,483.74306864127686,612.1698541516612,87.46254050002187,215.8893260104062,4,9.110068052348229,128.42678551038435,5,Priority,priority_skew,4,completed,"2,3,4,5"
22,397.59468621211585,421.53073052566606,444.663926514909,23.936044313550212,47.06924030279316,2,60.249034900947905,23.13319598924295,4,Priority,priority_skew,4,completed,"0,1"
23,416.5814272962484,758.7427488475707,913.0663965904209,342.1613215513223,496.4849692941725,2,17.429347431808107,154.32364774285017,1,Priority,priority_skew,4,completed,"2,3"
24,447.76764036113434,465.4112359594384,491.4004221732318,17.643595598304046,43.63278181209745,1,15.423730778655427,25.98918621379342,2,Priority,priority_skew,4,completed,6
25,452.83216618411967,478.2051467283029,517.9659623621895,25.372980544183235,65.13379617806987,2,49.782029088150956,39.760815633886594,2,Priority,priority_skew,4,completed,"0,1"
26,461.61472912508526,2563.9850114104097,2605.4550714468687,2102.3702822853243,2143.8403423217833,4,58.21523299224319,41.47006003645883,1,Priority,priority_skew,4,completed,"0,1,6,7"
27,462.54500056816613,517.9659623621895,624.1122813912078,55.42096179402341,161.5672808230417,2,57.82825901093059,106.14631902901829,2,Priority,priority_skew,4,completed,"0,1"
28,465.1122575159445,1053.1967593692086,1205.1822606338321,588.0845018532641,740.0700031178876,2,47.589630725293745,151.98550126462348,1,Priority,priority_skew,4,completed,"1,7"
29,470.61055381480435,1812.7947275913707,1913.3958520868555,1342.1841737765662,1442.785298272051,4,58.972982111293945,100.60112449548484,3,Priority,priority_skew,4,completed,"0,1,6,7"
30,473.82614364450757,473.82614364450757,645.9822575182359,0.0,172.15611387372832,1,49.1084506969393,172.15611387372834,1,Priority,priority_skew,4,completed,7
31,555.3058141370249,913.0663965904209,979.8445039936573,357.76058245339607,424.53868985663246,3,56.74550858317601,66.77810740323635,2,Priority,priority_skew,4,completed,"2,3,7"
32,556.2784777281961,556.2784777281961,598.5544445836911,0.0,42.27596685549497,1,34.24207037948416,42.275966855494914,2,Priority,priority_skew,4,completed,6
33,570.6951673064452,598.5544445836911,694.2734941398007,27.859277277245837,123.5783268333555,1,24.386795121838155,95.71904955610962,2,Priority,priority_skew,4,completed,6
34,572.00236679512,1824.763890244314,1926.450095558877,1252.761523449194,1354.447728763757,4,57.58211278223388,101.68620531456284,3,Priority,priority_skew,4,completed,"2,3,4,5"
35,585.6938094016378,645.9822575182359,824.9608662345719,60.28844811659803,239.26705683293403,2,51.20165795220686,178.978608716336,2,Priority,priority_skew,4,completed,"1,7"
36,608.7425284970523,624.1122813912078,794.5787205196316,15.369752894155567,185.83619202257933,1,37.68651871602353,170.46643912842381,3,Priority,priority_skew,4,completed,0
37,632.3312882278551,1130.5353763863184,1191.4942586601962,498.20408815846326,559.1629704323411,2,22.03417013631673,60.95888227387789,1,Priority,priority_skew,4,completed,"3,6"
38,659.979332805107,694.2734941398007,827.1159363989408,34.29416133469374,167.1366035938338,1,18.889396572014107,132.84244225914009,1,Priority,priority_skew,4,completed,6
39,666.8245645232674,824.9608662345719,884.3703791331018,158.13630171130444,217.54581460983434,3,54.9180130083158,59.40951289852991,3,Priority,priority_skew,4,completed,"0,1,7"
40,667.6370766778825,698.6207410358664,744.5162052414424,30.983664357983912,76.8791285635599,2,9.951125176188906,45.89546420557595,2,Priority,priority_skew,4,completed,"4,5"
41,669.3073074139012,698.6207410358664,758.7427488475707,29.31343362196526,89.43544143366955,2,17.536298391512705,60.12200781170424,5,Priority,priority_skew,4,completed,"2,3"
42,686.1974173576814,2605.4550714468687,2712.6161870157575,1919.2576540891873,2026.4187696580761,4,43.9937710903574,107.1611155688889,1,Priority,priority_skew,4,completed,"0,1,6,7"
43,691.3457682609707,1140.4127272094347,1166.2504766011289,449.06695894846405,474.9047083401582,2,58.254561076890276,25.83774939169407,1,Priority,priority_skew,4,completed,"4,5"
44,702.200473212508,2659.075951233017,2795.624286597238,1956.875478020509,2093.4238133847302,4,46.34640288334482,136.54833536422132,1,Priority,priority_skew,4,completed,"2,3,4,5"
45,718.3242840381704,1166.2504766011289,1224.4494193122464,447.9261925629585,506.125135274076,2,13.48073424702283,58.198942711117425,1,Priority,priority_skew,4,completed,"4,5"
46,736.6482909217967,2712.6161870157575,2880.9876509900687,1975.967896093961,2144.339360068272,4,49.575389671687475,168.37146397431133,1,Priority,priority_skew,4,completed,"0,1,6,7"
47,744.2765756695158,1913.3958520868555,1956.0529624849573,1169.1192764173397,1211.7763868154416,4,31.476332076661848,42.657110398101885,3,Priority,priority_skew,4,completed,"0,1,6,7"
48,755.6413383969959,1926.450095558877,2063.8435932814546,1170.808757161881,1308.2022548844586,4,61.528158106209176,137.39349772257742,3,Priority,priority_skew,4,completed,"2,3,4,5"
49,756.0432715942267,2795.624286597238,2949.921258574231,2039.5810150030115,2193.8779869800046,4,39.74565991234239,154.29697197699306,1,Priority,priority_skew,4,completed,"2,3,4,5"
50,799.8004996314141,2124.0651827611537,2242.9825291074917,1324.2646831297395,1443.1820294760776,4,50.48668339889538,118.91734634633815,2,Priority,priority_skew,4,completed,"0,1,6,7"
51,802.3964984852305,2880.9876509900687,2940.852071874905,2078.591152504838,2138.4555733896746,4,45.866086868096176,59.86442088483635,1,Priority,priority_skew,4,completed,"0,1,6,7"
52,810.5894991788159,1468.8606227081464,1633.685068091051,658.2711235293305,823.0955689122352,3,18.937370165390334,164.82444538290477,1,Priority,priority_skew,4,completed,"0,1,7"
53,819.0373452537722,972.3992225364965,1140.4127272094347,153.36187728272432,321.37538195566253,2,48.864647730199316,168.01350467293813,2,Priority,priority_skew,4,completed,"4,5"
54,827.8105250065526,830.9733265471654,972.3992225364965,3.1628015406128043,144.58869752994394,2,39.3963513759528,141.4258959893311,4,Priority,priority_skew,4,completed,"4,5"
55,835.4093794095157,1692.5988097518875,1824.763890244314,857.1894303423718,989.3545108347984,4,32.62037253114344,132.16508049242665,4,Priority,priority_skew,4,completed,"2,3,4,5"
56,864.7332588460015,884.3703791331018,981.2915362920505,19.637120287100288,116.55827744604903,2,12.035372747768147,96.9211571589487,3,Priority,priority_skew,4,completed,"0,1"
57,871.6286774104998,871.6286774104998,924.6297777958321,0.0,53.00110038533228,1,37.25360914007314,53.00110038533225,4,Priority,priority_skew,4,completed,6
58,888.424347861093,2940.852071874905,2972.5758233871056,2052.427724013812,2084.1514755260127,4,32.490447777717264,31.723751512200753,1,Priority,priority_skew,4,completed,"0,1,6,7"
59,902.3368839671372,979.8445039936573,1069.2377808101808,77.50762002652016,166.9008968430436,2,62.815986859165086,89.39327681652335,2,Priority,priority_skew,4,completed,"2,3"
60,919.0151656866999,1344.7735527608197,1475.5140566559448,425.7583870741198,556.4988909692449,2,8.134451072592201,130.7405038951252,1,Priority,priority_skew,4,completed,"4,5"
61,920.169536911792,2949.921258574231,3106.460901076847,2029.7517216624392,2186.2913641650553,4,36.48460016414337,156.53964250261583,1,Priority,priority_skew,4,completed,"2,3,4,5"
62,932.5563667646329,2209.3277568361787,2324.8281415261713,1276.7713900715457,1392.2717747615384,4,24.009819276484542,115.50038468999281,2,Priority,priority_skew,4,completed,"2,3,4,5"
63,963.0617447653185,981.2915362920505,1053.1967593692086,18.229791526732015,90.13501460389011,3,38.25432094489295,71.90522307715801,2,Priority,priority_skew,4,completed,"0,1,7"
64,964.4813893904548,2972.5758233871056,3118.4140357404062,2008.0944339966509,2153.9326463499515,4,26.480905847370813,145.83821235330058,1,Priority,priority_skew,4,completed,"0,1,6,7"
65,965.9056624312374,965.9056624312374,1094.3991495997943,0.0,128.49348716855695,1,13.263001438135722,128.493487168557,3,Priority,priority_skew,4,completed,6
66,1017.7822511162628,1053.1967593692086,1073.9073840661433,35.41450825294578,56.12513294988048,1,59.444227795919474,20.710624696934712,4,Priority,priority_skew,4,completed,0
67,1029.2909268700105,1069.2377808101808,1130.5353763863184,39.946853940170286,101.2444495163079,1,42.116352592847534,61.29759557613761,1,Priority,priority_skew,4,completed,3
68,1033.333739390631,1591.595855743763,1692.5988097518875,558.2621163531319,659.2650703612564,3,32.19492187888508,101.00295400812453,1,Priority,priority_skew,4,completed,"2,3,6"
69,1034.5006914217195,1475.5140566559448,1535.2506232831392,441.0133652342254,500.7499318614198,2,12.859563840056518,59.73656662719429,1,Priority,priority_skew,4,completed,"4,5"
70,1043.538044639457,1073.9073840661433,1200.5721488387856,30.369339426686338,157.03410419932857,1,16.450295833088514,126.66476477264227,1,Priority,priority_skew,4,completed,0
71,1054.5704439166182,3106.460901076847,3196.022326970758,2051.890457160229,2141.45188305414,4,44.57229899263089,89.56142589391105,1,Priority,priority_skew,4,completed,"2,3,4,5"
72,1060.6159452212426,1069.2377808101808,1200.5559304617236,8.621835588938211,139.93998524048106,1,25.36360137233334,131.31814965154274,3,Priority,priority_skew,4,completed,2
73,1066.487612189661,1352.9548704808992,1468.8606227081464,286.4672582912383,402.37301051848544,3,49.24917522447014,115.90575222724723,2,Priority,priority_skew,4,completed,"0,1,7"
74,1071.2396829379916,1633.685068091051,1812.7947275913707,562.4453851530595,741.5550446533791,3,9.40772847910326,179.1096595003197,1,Priority,priority_skew,4,completed,"0,1,7"
75,1082.4803023733846,3118.4140357404062,3147.665379427902,2035.9337333670217,2065.185077054517,4,58.06594329646536,29.251343687495694,1,Priority,priority_skew,4,completed,"0,1,6,7"
76,1087.5972071663352,3147.665379427902,3318.0316423240965,2060.0681722615664,2230.434435157761,3,39.85676610413917,170.36626289619454,1,Priority,priority_skew,4,completed,"0,1,6"
77,1097.6618003158733,3196.022326970758,3317.521397558443,2098.360526654885,2219.8595972425696,3,21.35291099225782,121.49907058768468,1,Priority,priority_skew,4,completed,"2,3,4"
78,1098.4325797091894,2242.9825291074917,2263.5351604816974,1144.5499493983023,1165.102580772508,4,21.036074669684286,20.55263137420564,2,Priority,priority_skew,4,completed,"0,1,6,7"
79,1104.6966724085737,3317.521397558443,3483.83934348062,2212.824725149869,2379.142671072046,4,20.708889568212356,166.317945922177,1,Priority,priority_skew,4,completed,"2,3,4,5"
80,1108.4461275216827,3318.0316423240965,3417.547271361798,2209.585514802414,2309.101143840115,4,41.61385957654166,99.51562903770139,1,Priority,priority_skew,4,completed,"0,1,6,7"
81,1139.9917467473147,3417.547271361798,3458.333490720191,2277.555524614483,2318.3417439728764,3,37.082601538058896,40.78621935839337,1,Priority,priority_skew,4,completed,"0,1,6"
82,1149.809135304864,3458.333490720191,3489.6365003066935,2308.524355415327,2339.8273650018295,4,22.579209066511062,31.303009586502526,1,Priority,priority_skew,4,completed,"0,1,6,7"
83,1160.6990162232214,2263.5351604816974,2420.6629162124636,1102.836144258476,1259.9638999892422,4,56.39497512278592,157.12775573076607,2,Priority,priority_skew,4,completed,"0,1,6,7"
84,1168.5098948149976,1191.4942586601962,1304.7481197567563,22.984363845198686,136.23822494175874,2,23.576676895009193,113.25386109656012,2,Priority,priority_skew,4,completed,"3,6"
85,1184.4482782465784,2324.8281415261713,2461.8293260425044,1140.3798632795929,1277.381047795926,4,21.978777049301204,137.0011845163331,2,Priority,priority_skew,4,completed,"2,3,4,5"
86,1185.1328610225648,1200.5559304617236,1224.6584264147673,15.42306943915878,39.52556539220245,1,44.051413517259746,24.102495953043732,1,Priority,priority_skew,4,completed,2
87,1188.1068661913628,1205.1822606338321,1282.6656838948188,17.07539444246936,94.55881770345604,3,26.03121936605745,77.48342326098677,3,Priority,priority_skew,4,completed,"0,1,7"
88,1188.7150921017578,3483.83934348062,3597.3224107783212,2295.124251378862,2408.6073186765634,4,11.326636917202343,113.4830672977013,1,Priority,priority_skew,4,completed,"2,3,4,5"
89,1201.099272283815,3489.6365003066935,3665.4860421897392,2288.5372280228785,2464.386769905924,4,44.514752892390106,175.84954188304593,1,Priority,priority_skew,4,completed,"0,1,6,7"
90,1210.1931758702224,1304.7481197567563,1438.2896706768367,94.55494388653392,228.09649480661437,2,27.1262855575328,133.54155092008048,2,Priority,priority_skew,4,completed,"3,6"
91,1211.315269911979,1535.2506232831392,1588.399109572151,323.9353533711603,377.0838396601721,2,10.535612030336063,53.148486289011814,1,Priority,priority_skew,4,completed,"4,5"
92,1218.7953553923899,1224.4494193122464,1344.7735527608197,5.654063919856526,125.97819736842985,2,50.672916666543586,120.32413344857326,4,Priority,priority_skew,4,completed,"4,5"
93,1232.8463798134599,3597.3224107783212,3745.5362585278913,2364.4760309648614,2512.6898787144314,4,30.15538089996383,148.21384774957005,1,Priority,priority_skew,4,completed,"2,3,4,5"
94,1241.7956728851755,1241.7956728851755,1392.7612680803938,0.0,150.96559519521838,1,59.295362268389326,150.9655951952184,2,Priority,priority_skew,4,completed,2
95,1258.1545786279084,1282.6656838948188,1352.9548704808992,24.511105266910363,94.80029185299077,2,16.931718663417257,70.28918658608049,3,Priority,priority_skew,4,completed,"0,1"
96,1272.9071108072799,3665.4860421897392,3722.8208603896874,2392.5789313824594,2449.9137495824075,3,10.44807076278764,57.33481819994802,1,Priority,priority_skew,4,completed,"0,1,6"
97,1285.2022429298186,1588.399109572151,1681.3155115615655,303.19686664233245,396.1132686317469,2,56.23149772199956,92.91640198941435,1,Priority,priority_skew,4,completed,"4,5"
98,1286.0717145717701,1286.0717145717701,1348.9264117707771,0.0,62.85469719900698,1,25.392527870019237,62.85469719900691,1,Priority,priority_skew,4,completed,7
99,1289.245991699468,3722.8208603896874,3880.9287238461593,2433.5748686902193,2591.6827321466913,4,36.915974615882995,158.1078634564717,1,Priority,priority_skew,4,completed,"0,1,6,7"
0,47.48533328186272,47.48533328186272,188.33128936215803,0.0,140.8459560802953,3,26.06656417872502,140.8459560802953,1,BestFit,priority_skew,4,completed,"0,1,2"
1,52.87031773701226,52.87031773701226,191.18210852552102,0.0,138.31179078850874,3,29.262558770301844,138.31179078850874,1,BestFit,priority_skew,4,completed,"3,4,5"
2,93.3728077680156,2057.552990987942,2144.0038778721473,1964.1801832199262,2050.6310701041316,4,24.34868605127403,86.45088688420527,3,BestFit,priority_skew,4,completed,"0,1,2,7"
3,95.13770436783828,95.13770436783828,246.5942462496501,0.0,151.4565418818118,2,53.50221927877805,151.4565418818118,2,BestFit,priority_skew,4,completed,"6,7"
4,106.89082627094493,246.5942462496501,346.88215067993326,139.70341997870517,239.99132440898833,3,24.023451017034205,100.28790443028316,3,BestFit,priority_skew,4,completed,"5,6,7"
5,116.82925580979445,188.33128936215803,296.42080352797166,71.50203355236359,179.5915477181772,1,28.371591804987546,108.0895141658136,2,BestFit,priority_skew,4,completed,0
6,124.50916503678192,188.33128936215803,303.53564365411006,63.82212432537611,179.02647861732814,1,49.89219082360903,115.20435429195204,1,BestFit,priority_skew,4,completed,1
7,143.48277652190754,191.18210852552102,288.7589033976971,47.69933200361348,145.27612687578957,2,43.26829127130023,97.57679487217608,1,BestFit,priority_skew,4,completed,"3,4"
8,152.18884589991492,1552.5568810069644,1705.8630660738906,1400.3680351070495,1553.6742201739758,3,62.30503297297611,153.30618506692625,1,BestFit,priority_skew,4,completed,"3,4,5"
9,170.7686102133622,2906.774265658888,3050.096360856834,2736.005655445526,2879.327750643472,4,43.49922476575404,143.32209519794623,1,BestFit,priority_skew,4,completed,"3,4,5,6"
10,182.3247208511755,188.33128936215803,358.703159264885,6.006568510982532,176.37843841370952,1,12.754089591196667,170.37186990272696,1,BestFit,priority_skew,4,completed,2
11,194.03670870167392,2000.4210535170698,2057.552990987942,1806.384344815396,1863.516282286268,4,61.9359588261512,57.131937470871975,1,BestFit,priority_skew,4,completed,"0,1,2,7"
12,194.60086604254633,802.8301563618135,935.7416930950383,608.2292903192672,741.1408270524919,3,63.3023592590012,132.91153673322484,2,BestFit,priority_skew,4,completed,"4,6,7"
13,213.2737768036552,2846.7723908772105,2986.887078596851,2633.4986140735555,2773.613301793196,4,29.940023310959994,140.1146877196407,1,BestFit,priority_skew,4,completed,"0,1,2,7"
14,271.52632181001064,288.7589033976971,369.46408610888466,17.232581587686468,97.93776429887401,2,51.316169838156625,80.70518271118752,2,BestFit,priority_skew,4,completed,"3,4"
15,282.6425880333248,3595.2325958602332,3763.2448161364296,3312.5900078269083,3480.6022281031046,4,11.724649433146137,168.01222027619642,2,BestFit,priority_skew,4,completed,"0,1,2,7"
16,297.3027745753486,2986.887078596851,3132.371242151575,2689.5843040215022,2835.068467576227,4,44.22904043266897,145.48416355472406,2,BestFit,priority_skew,4,completed,"0,1,2,7"
17,300.25459577196284,303.53564365411006,389.992764959833,3.28104788214722,89.73816918787014,2,57.64982030014947,86.45712130572292,1,BestFit,priority_skew,4,completed,"0,1"
18,305.31785255760286,369.46408610888466,466.11550922150093,64.1462335512818,160.79765666389807,3,23.777269568104117,96.65142311261626,2,BestFit,priority_skew,4,completed,"2,3,4"
19,339.44579706650444,346.88215067993326,468.12234551754545,7.436353613428821,128.67654845104101,2,56.9756679162477,121.24019483761217,2,BestFit,priority_skew,4,completed,"5,6"
20,387.57652958156996,389.992764959833,423.5339851732269,2.416235378263025,35.957455591656924,3,44.94357433374663,33.54122021339391,2,BestFit,priority_skew,4,completed,"0,1,7"
21,396.280528141255,2504.4056470617047,2632.832432572089,2108.1251189204495,2236.551904430834,4,9.110068052348229,128.42678551038435,5,BestFit,priority_skew,4,completed,"3,4,5,6"
22,397.59468621211585,423.5339851732269,446.66718116246983,25.939298961111035,49.072494950353985,2,60.249034900947905,23.13319598924295,4,BestFit,priority_skew,4,completed,"0,1"
23,416.5814272962484,446.66718116246983,600.99082890532,30.08575386622141,184.40940160907155,2,17.429347431808107,154.32364774285017,1,BestFit,priority_skew,4,completed,"0,1"
24,447.76764036113434,447.76764036113434,473.75682657492774,0.0,25.989186213793403,1,15.423730778655427,25.98918621379342,2,BestFit,priority_skew,4,completed,7
25,452.83216618411967,466.11550922150093,505.8763248553875,13.283343037381258,53.04415867126784,2,49.782029088150956,39.760815633886594,2,BestFit,priority_skew,4,completed,"2,3"
26,461.61472912508526,1958.950993480611,2000.4210535170698,1497.3362643555258,1538.8063243919846,4,58.21523299224319,41.47006003645883,1,BestFit,priority_skew,4,completed,"0,1,2,7"
27,462.54500056816613,468.12234551754545,574.2686645465637,5.577344949379324,111.72366397839761,2,57.82825901093059,106.14631902901829,2,BestFit,priority_skew,4,completed,"4,5"
28,465.1122575159445,473.75682657492774,625.7423278395512,8.644569058983222,160.63007032360667,2,47.589630725293745,151.98550126462348,1,BestFit,priority_skew,4,completed,"6,7"
29,470.61055381480435,2181.1430223073385,2281.7441468028233,1710.532468492534,1811.1335929880188,4,58.972982111293945,100.60112449548484,3,BestFit,priority_skew,4,completed,"3,4,5,6"
30,473.82614364450757,505.8763248553875,678.0324387291158,32.05018121087994,204.20629508460826,1,49.1084506969393,172.15611387372834,1,BestFit,priority_skew,4,completed,2
31,555.3058141370249,625.7423278395512,692.5204352427876,70.43651370252633,137.21462110576272,3,56.74550858317601,66.77810740323635,2,BestFit,priority_skew,4,completed,"1,6,7"
32,556.2784777281961,556.2784777281961,598.5544445836911,0.0,42.27596685549497,1,34.24207037948416,42.275966855494914,2,BestFit,priority_skew,4,completed,3
33,570.6951673064452,574.2686645465637,669.9877141026734,3.573497240118513,99.29254679622818,1,24.386795121838155,95.71904955610962,2,BestFit,priority_skew,4,completed,4
34,572.00236679512,2243.5195069098486,2345.2057122244114,1671.5171401147286,1773.2033454292914,4,57.58211278223388,101.68620531456284,3,BestFit,priority_skew,4,completed,"0,1,2,7"
35,585.6938094016378,598.5544445836911,777.5330533000271,12.860635182053215,191.8392438983892,2,51.20165795220686,178.978608716336,2,BestFit,priority_skew,4,completed,"3,5"
36,608.7425284970523,608.7425284970523,779.2089676254761,0.0,170.46643912842387,1,37.68651871602353,170.46643912842381,3,BestFit,priority_skew,4,completed,0
37,632.3312882278551,776.557127345599,837.5160096194769,144.22583911774393,205.1847213916218,2,22.03417013631673,60.95888227387789,1,BestFit,priority_skew,4,completed,"1,2"
38,659.979332805107,669.9877141026734,802.8301563618135,10.008381297566416,142.85082355670647,1,18.889396572014107,132.84244225914009,1,BestFit,priority_skew,4,completed,4
39,666.8245645232674,779.2089676254761,838.618480524006,112.3844031022087,171.7939160007386,3,54.9180130083158,59.40951289852991,3,BestFit,priority_skew,4,completed,"0,3,5"
40,667.6370766778825,692.5204352427876,738.4158994483636,24.883358564905052,70.77882277048104,2,9.951125176188906,45.89546420557595,2,BestFit,priority_skew,4,completed,"6,7"
41,669.3073074139012,738.4158994483636,798.5379072600679,69.10859203446239,129.23059984616668,2,17.536298391512705,60.12200781170424,5,BestFit,priority_skew,4,completed,"6,7"
42,686.1974173576814,2281.7441468028233,2388.905262371712,1595.5467294451419,1702.7078450140307,4,43.9937710903574,107.1611155688889,1,BestFit,priority_skew,4,completed,"3,4,5,6"
43,691.3457682609707,692.5204352427876,718.3581846344816,1.1746669818169266,27.012416373510973,2,58.254561076890276,25.83774939169407,1,BestFit,priority_skew,4,completed,"1,2"
44,702.200473212508,2632.832432572089,2769.3807679363103,1930.6319593595813,2067.1802947238025,4,46.34640288334482,136.54833536422132,1,BestFit,priority_skew,4,completed,"3,4,5,6"
45,718.3242840381704,718.3581846344816,776.557127345599,0.033900596311241316,58.23284330742865,2,13.48073424702283,58.198942711117425,1,BestFit,priority_skew,4,completed,"1,2"
46,736.6482909217967,3673.677246840071,3842.048710814382,2937.0289559182743,3105.4004198925854,4,49.575389671687475,168.37146397431133,1,BestFit,priority_skew,4,completed,"3,4,5,6"
47,744.2765756695158,1989.0600651304896,2031.7171755285915,1244.783489460974,1287.4405998590757,4,31.476332076661848,42.657110398101885,3,BestFit,priority_skew,4,completed,"3,4,5,6"
48,755.6413383969959,2769.3807679363103,2906.774265658888,2013.7394295393144,2151.1329272618923,4,61.528158106209176,137.39349772257742,3,BestFit,priority_skew,4,completed,"3,4,5,6"
49,756.0432715942267,3195.9345732101347,3350.2315451871277,2439.891301615908,2594.188273592901,4,39.74565991234239,154.29697197699306,1,BestFit,priority_skew,4,completed,"3,4,5,6"
50,799.8004996314141,2458.688779522113,2577.606125868451,1658.8882798906986,1777.8056262370367,4,50.48668339889538,118.91734634633815,2,BestFit,priority_skew,4,completed,"0,1,2,7"
51,802.3964984852305,2031.7171755285915,2091.5815964134276,1229.320677043361,1289.1850979281971,4,45.866086868096176,59.86442088483635,1,BestFit,priority_skew,4,completed,"3,4,5,6"
52,810.5894991788159,1615.0168885973867,1779.8413339802914,804.4273894185708,969.2518348014755,3,18.937370165390334,164.82444538290477,1,BestFit,priority_skew,4,completed,"0,1,2"
53,819.0373452537722,838.618480524006,1006.6319851969441,19.581135270233858,187.59463994317196,2,48.864647730199316,168.01350467293813,2,BestFit,priority_skew,4,completed,"0,3"
54,827.8105250065526,837.5160096194769,978.941905608808,9.705484612924351,151.1313806022555,2,39.3963513759528,141.4258959893311,4,BestFit,priority_skew,4,completed,"1,2"
55,835.4093794095157,2577.606125868451,2709.7712063608774,1742.1967464589352,1874.3618269513618,4,32.62037253114344,132.16508049242665,4,BestFit,priority_skew,4,completed,"0,1,2,7"
56,864.7332588460015,935.7416930950383,1032.662850253987,71.00843424903678,167.92959140798553,2,12.035372747768147,96.9211571589487,3,BestFit,priority_skew,4,completed,"6,7"
57,871.6286774104998,871.6286774104998,924.6297777958321,0.0,53.00110038533228,1,37.25360914007314,53.00110038533225,4,BestFit,priority_skew,4,completed,5
58,888.424347861093,1957.3363136182888,1989.0600651304896,1068.911965757196,1100.6357172693965,4,32.490447777717264,31.723751512200753,1,BestFit,priority_skew,4,completed,"3,4,5,6"
59,902.3368839671372,935.7416930950383,1025.1349699115617,33.4048091279011,122.79808594442454,2,62.815986859165086,89.39327681652335,2,BestFit,priority_skew,4,completed,"4,5"
60,919.0151656866999,1006.6319851969441,1137.3724890920694,87.61681951024423,218.35732340536947,2,8.134451072592201,130.7405038951252,1,BestFit,priority_skew,4,completed,"0,2"
61,920.169536911792,3280.5850899011452,3437.1247324037613,2360.4155529893533,2516.9551954919693,4,36.48460016414337,156.53964250261583,1,BestFit,priority_skew,4,completed,"0,1,2,7"
62,932.5563667646329,2388.905262371712,2504.4056470617047,1456.3488956070792,1571.8492802970718,4,24.009819276484542,115.50038468999281,2,BestFit,priority_skew,4,completed,"3,4,5,6"
63,963.0617447653185,1032.662850253987,1104.5680733311451,69.60110548866851,141.5063285658266,3,38.25432094489295,71.90522307715801,2,BestFit,priority_skew,4,completed,"5,6,7"
64,964.4813893904548,3050.096360856834,3195.9345732101347,2085.6149714663793,2231.45318381968,4,26.480905847370813,145.83821235330058,1,BestFit,priority_skew,4,completed,"3,4,5,6"
65,965.9056624312374,978.941905608808,1107.435392777365,13.036243177570668,141.52973034612762,1,13.263001438135722,128.493487168557,3,BestFit,priority_skew,4,completed,1
66,1017.7822511162628,1017.7822511162628,1038.4928758131975,0.0,20.7106246969347,1,59.444227795919474,20.710624696934712,4,BestFit,priority_skew,4,completed,3
67,1029.2909268700105,1029.2909268700105,1090.588522446148,0.0,61.29759557613761,1,42.116352592847534,61.29759557613761,1,BestFit,priority_skew,4,completed,4
68,1033.333739390631,1137.3724890920694,1238.375443100194,104.03874970143829,205.04170370956285,3,32.19492187888508,101.00295400812453,1,BestFit,priority_skew,4,completed,"0,1,2"
69,1034.5006914217195,1104.5680733311451,1164.3046399583395,70.06738190942565,129.80394853662006,2,12.859563840056518,59.73656662719429,1,BestFit,priority_skew,4,completed,"5,6"
70,1043.538044639457,1043.538044639457,1170.2028094120992,0.0,126.66476477264223,1,16.450295833088514,126.66476477264227,1,BestFit,priority_skew,4,completed,3
71,1054.5704439166182,2091.5815964134276,2181.1430223073385,1037.0111524968095,1126.5725783907203,4,44.57229899263089,89.56142589391105,1,BestFit,priority_skew,4,completed,"3,4,5,6"
72,1060.6159452212426,1090.588522446148,1221.9066720976907,29.972577224905535,161.29072687644816,1,25.36360137233334,131.31814965154274,3,BestFit,priority_skew,4,completed,4
73,1066.487612189661,1436.6511287797173,1552.5568810069644,370.16351659005636,486.0692688173035,3,49.24917522447014,115.90575222724723,2,BestFit,priority_skew,4,completed,"3,5,6"
74,1071.2396829379916,1779.8413339802914,1958.950993480611,708.6016510422999,887.7113105426195,3,9.40772847910326,179.1096595003197,1,BestFit,priority_skew,4,completed,"0,1,2"
75,1082.4803023733846,1896.7819603442908,1926.0333040317864,814.3016579709063,843.5530016584019,4,58.06594329646536,29.251343687495694,1,BestFit,priority_skew,4,completed,"3,4,5,6"
76,1087.5972071663352,1705.8630660738906,1876.2293289700851,618.2658589075554,788.6321218037499,3,39.85676610413917,170.36626289619454,1,BestFit,priority_skew,4,completed,"3,4,5"
77,1097.6618003158733,1493.517818009702,1615.0168885973867,395.8560176938288,517.3550882815134,3,21.35291099225782,121.49907058768468,1,BestFit,priority_skew,4,completed,"0,1,2"
78,1098.4325797091894,1876.2293289700851,1896.7819603442908,777.7967492608957,798.3493806351014,4,21.036074669684286,20.55263137420564,2,BestFit,priority_skew,4,completed,"3,4,5,6"
79,1104.6966724085737,3507.359300917894,3673.677246840071,2402.6626285093203,2568.980574431497,4,20.708889568212356,166.317945922177,1,BestFit,priority_skew,4,completed,"3,4,5,6"
80,1108.4461275216827,2144.0038778721473,2243.5195069098486,1035.5577503504646,1135.073379388166,4,41.61385957654166,99.51562903770139,1,BestFit,priority_skew,4,completed,"0,1,2,7"
81,1139.9917467473147,1164.3046399583395,1205.0908593167328,24.312893211024857,65.09911256941814,3,37.082601538058896,40.78621935839337,1,BestFit,priority_skew,4,completed,"5,6,7"
82,1149.809135304864,1926.0333040317864,1957.3363136182888,776.2241687269225,807.5271783134249,4,22.579209066511062,31.303009586502526,1,BestFit,priority_skew,4,completed,"3,4,5,6"
83,1160.6990162232214,3350.2315451871277,3507.359300917894,2189.5325289639063,2346.6602846946726,4,56.39497512278592,157.12775573076607,2,BestFit,priority_skew,4,completed,"3,4,5,6"
84,1168.5098948149976,1205.0908593167328,1318.3447204132929,36.58096450173525,149.8348255982953,2,23.576676895009193,113.25386109656012,2,BestFit,priority_skew,4,completed,"5,6"
85,1184.4482782465784,2709.7712063608774,2846.7723908772105,1525.322928114299,1662.324112630632,4,21.978777049301204,137.0011845163331,2,BestFit,priority_skew,4,completed,"0,1,2,7"
86,1185.1328610225648,1185.1328610225648,1209.2353569756085,0.0,24.10249595304367,1,44.051413517259746,24.102495953043732,1,BestFit,priority_skew,4,completed,3
87,1188.1068661913628,1416.0343947487154,1493.517818009702,227.92752855735262,305.4109518183393,3,26.03121936605745,77.48342326098677,3,BestFit,priority_skew,4,completed,"0,2,4"
88,1188.7150921017578,2345.2057122244114,2458.688779522113,1156.4906201226536,1269.973687420355,4,11.326636917202343,113.4830672977013,1,BestFit,priority_skew,4,completed,"0,1,2,7"
89,1201.099272283815,3763.2448161364296,3939.0943580194753,2562.1455438526145,2737.9950857356603,4,44.514752892390106,175.84954188304593,1,BestFit,priority_skew,4,completed,"0,1,2,7"
90,1210.1931758702224,1210.1931758702224,1343.7347267903028,0.0,133.54155092008045,2,27.1262855575328,133.54155092008048,2,BestFit,priority_skew,4,completed,"3,7"
91,1211.315269911979,1238.375443100194,1291.5239293892057,27.060173188215003,80.20865947722677,2,10.535612030336063,53.148486289011814,1,BestFit,priority_skew,4,completed,"0,1"
92,1218.7953553923899,1238.375443100194,1358.6995765487673,19.58008770780407,139.9042211563774,2,50.672916666543586,120.32413344857326,4,BestFit,priority_skew,4,completed,"2,4"
93,1232.8463798134599,3132.371242151575,3280.5850899011452,1899.5248623381153,2047.7387100876854,4,30.15538089996383,148.21384774957005,1,BestFit,priority_skew,4,completed,"0,1,2,7"
94,1241.7956728851755,1291.5239293892057,1442.489524584424,49.72825650403024,200.69385169924863,1,59.295362268389326,150.9655951952184,2,BestFit,priority_skew,4,completed,1
95,1258.1545786279084,1318.3447204132929,1388.6339069993733,60.19014178538441,130.47932837146482,2,16.931718663417257,70.28918658608049,3,BestFit,priority_skew,4,completed,"5,6"
96,1272.9071108072799,1358.6995765487673,1416.0343947487154,85.79246574148738,143.1272839414355,3,10.44807076278764,57.33481819994802,1,BestFit,priority_skew,4,completed,"0,2,4"
97,1285.2022429298186,1343.7347267903028,1436.6511287797173,58.53248386048426,151.44888584989872,2,56.23149772199956,92.91640198941435,1,BestFit,priority_skew,4,completed,"3,7"
98,1286.0717145717701,1291.5239293892057,1354.3786265882127,5.452214817435561,68.30691201644254,1,25.392527870019237,62.85469719900691,1,BestFit,priority_skew,4,completed,0
99,1289.245991699468,3437.1247324037613,3595.2325958602332,2147.8787407042933,2305.986604160765,4,36.915974615882995,158.1078634564717,1,BestFit,priority_skew,4,completed,"0,1,2,7"
0,47.48533328186272,47.48533328186272,188.33128936215803,0.0,140.8459560802953,3,26.06656417872502,140.8459560802953,1,PPO,priority_skew,4,completed,"0,1,2"
1,52.87031773701226,52.87031773701226,191.18210852552102,0.0,138.31179078850874,3,29.262558770301844,138.31179078850874,1,PPO,priority_skew,4,completed,"3,4,5"
2,93.3728077680156,901.5391807398684,987.9900676240736,808.1663729718528,894.617259856058,4,24.34868605127403,86.45088688420527,3,PPO,priority_skew,4,completed,"0,1,2,5"
3,95.13770436783828,95.13770436783828,246.5942462496501,0.0,151.4565418818118,2,53.50221927877805,151.4565418818118,2,PPO,priority_skew,4,completed,"6,7"
4,106.89082627094493,854.4839118335206,954.7718162638037,747.5930855625757,847.8809899928588,3,24.023451017034205,100.28790443028316,3,PPO,priority_skew,4,completed,"4,6,7"
5,116.82925580979445,246.5942462496501,354.68376041546367,129.76499043985564,237.8545046056692,1,28.371591804987546,108.0895141658136,2,PPO,priority_skew,4,completed,7
6,124.50916503678192,246.5942462496501,361.7986005416021,122.08508121286818,237.2894355048202,1,49.89219082360903,115.20435429195204,1,PPO,priority_skew,4,completed,6
7,143.48277652190754,191.18210852552102,288.7589033976971,47.69933200361348,145.27612687578957,2,43.26829127130023,97.57679487217608,1,PPO,priority_skew,4,completed,"4,5"
8,152.18884589991492,188.33128936215803,341.63747442908425,36.14244346224311,189.44862852916933,3,62.30503297297611,153.30618506692625,1,PPO,priority_skew,4,completed,"0,1,2"
9,170.7686102133622,1798.143969691193,1941.4660648891393,1627.375359477831,1770.697454675777,4,43.49922476575404,143.32209519794623,1,PPO,priority_skew,4,completed,"1,5,6,7"
10,182.3247208511755,191.18210852552102,361.553978428248,8.857387674345517,179.2292575770725,1,12.754089591196667,170.37186990272696,1,PPO,priority_skew,4,completed,3
11,194.03670870167392,1841.2531407637525,1898.3850782346244,1647.2164320620786,1704.3483695329505,4,61.9359588261512,57.131937470871975,1,PPO,priority_skew,4,completed,"0,2,3,4"
12,194.60086604254633,1125.383565346651,1258.295102079876,930.7826993041047,1063.6942360373296,3,63.3023592590012,132.91153673322484,2,PPO,priority_skew,4,completed,"0,1,2"
13,213.2737768036552,1898.3850782346244,2038.499765954265,1685.1113014309692,1825.2259891506098,4,29.940023310959994,140.1146877196407,1,PPO,priority_skew,4,completed,"0,2,3,4"
14,271.52632181001064,288.7589033976971,369.46408610888466,17.232581587686468,97.93776429887401,2,51.316169838156625,80.70518271118752,2,PPO,priority_skew,4,completed,"4,5"
15,282.6425880333248,438.2888975417005,606.301117817897,155.64630950837574,323.6585297845722,4,11.724649433146137,168.01222027619642,2,PPO,priority_skew,4,completed,"0,1,2,6"
16,297.3027745753486,3642.905768248863,3788.389931803587,3345.602993673514,3491.0871572282385,4,44.22904043266897,145.48416355472406,2,PPO,priority_skew,4,completed,"1,4,5,6"
17,300.25459577196284,369.46408610888466,455.9212074146076,69.20949033692182,155.66661164264474,2,57.64982030014947,86.45712130572292,1,PPO,priority_skew,4,completed,"4,5"
18,305.31785255760286,341.63747442908425,438.2888975417005,36.31962187148139,132.97104498409766,3,23.777269568104117,96.65142311261626,2,PPO,priority_skew,4,completed,"0,1,2"
19,339.44579706650444,361.553978428248,482.7941732658602,22.10818136174356,143.34837619935576,2,56.9756679162477,121.24019483761217,2,PPO,priority_skew,4,completed,"3,7"
20,387.57652958156996,867.9979605264745,901.5391807398684,480.4214309449045,513.9626511582984,3,44.94357433374663,33.54122021339391,2,PPO,priority_skew,4,completed,"0,1,2"
21,396.280528141255,3514.4789827384784,3642.905768248863,3118.1984545972236,3246.625240107608,4,9.110068052348229,128.42678551038435,5,PPO,priority_skew,4,completed,"1,4,5,6"
22,397.59468621211585,2199.2509448396117,2222.3841408288545,1801.6562586274958,1824.7894546167386,2,60.249034900947905,23.13319598924295,4,PPO,priority_skew,4,completed,"6,7"
23,416.5814272962484,455.9212074146076,610.2448551574578,39.33978011835916,193.66342786120936,2,17.429347431808107,154.32364774285017,1,PPO,priority_skew,4,completed,"4,5"
24,447.76764036113434,628.7013079287651,654.6904941425586,180.93366756763078,206.92285378142424,1,15.423730778655427,25.98918621379342,2,PPO,priority_skew,4,completed,7
25,452.83216618411967,588.9404922948785,628.7013079287651,136.1083261107588,175.86914174464545,2,49.782029088150956,39.760815633886594,2,PPO,priority_skew,4,completed,"3,7"
26,461.61472912508526,1941.4660648891393,1982.936124925598,1479.851335764054,1521.3213958005128,4,58.21523299224319,41.47006003645883,1,PPO,priority_skew,4,completed,"1,5,6,7"
27,462.54500056816613,482.7941732658602,588.9404922948785,20.249172697694064,126.39549172671235,2,57.82825901093059,106.14631902901829,2,PPO,priority_skew,4,completed,"3,7"
28,465.1122575159445,1982.936124925598,2134.9216261902216,1517.8238674096535,1669.809368674277,2,47.589630725293745,151.98550126462348,1,PPO,priority_skew,4,completed,"1,5"
29,470.61055381480435,707.9873231324598,808.5884476279446,237.37676931765543,337.9778938131402,4,58.972982111293945,100.60112449548484,3,PPO,priority_skew,4,completed,"0,1,2,6"
30,473.82614364450757,654.6904941425586,826.846608016287,180.864350498051,353.0204643717794,1,49.1084506969393,172.15611387372834,1,PPO,priority_skew,4,completed,7
31,555.3058141370249,1406.067711926943,1472.8458193301794,850.7618977899182,917.5400051931546,3,56.74550858317601,66.77810740323635,2,PPO,priority_skew,4,completed,"2,4,7"
32,556.2784777281961,628.7013079287651,670.9772747842601,72.42283020056902,114.698797056064,1,34.24207037948416,42.275966855494914,2,PPO,priority_skew,4,completed,3
33,570.6951673064452,610.2448551574578,705.9639047135674,39.54968785101255,135.26873740712222,1,24.386795121838155,95.71904955610962,2,PPO,priority_skew,4,completed,5
34,572.00236679512,606.301117817897,707.9873231324598,34.29875102277697,135.98495633733978,4,57.58211278223388,101.68620531456284,3,PPO,priority_skew,4,completed,"0,1,2,6"
35,585.6938094016378,705.9639047135674,884.9425134299034,120.2700953119296,299.2487040282656,2,51.20165795220686,178.978608716336,2,PPO,priority_skew,4,completed,"3,5"
36,608.7425284970523,610.2448551574578,780.7112942858816,1.5023266604055152,171.9687657888294,1,37.68651871602353,170.46643912842381,3,PPO,priority_skew,4,completed,4
37,632.3312882278551,1487.5994772351853,1548.5583595090632,855.2681890073302,916.227071281208,2,22.03417013631673,60.95888227387789,1,PPO,priority_skew,4,completed,"5,6"
38,659.979332805107,1520.0451315177804,1652.8875737769206,860.0657987126734,992.9082409718136,1,18.889396572014107,132.84244225914009,1,PPO,priority_skew,4,completed,0
39,666.8245645232674,808.5884476279446,867.9979605264745,141.76388310467712,201.17339600320702,3,54.9180130083158,59.40951289852991,3,PPO,priority_skew,4,completed,"0,1,2"
40,667.6370766778825,808.5884476279446,854.4839118335206,140.95137095006203,186.84683515563802,2,9.951125176188906,45.89546420557595,2,PPO,priority_skew,4,completed,"4,6"
41,669.3073074139012,1427.4774694234811,1487.5994772351853,758.1701620095799,818.2921698212841,2,17.536298391512705,60.12200781170424,5,PPO,priority_skew,4,completed,"5,6"
42,686.1974173576814,2038.499765954265,2145.660881523154,1352.3023485965837,1459.4634641654725,4,43.9937710903574,107.1611155688889,1,PPO,priority_skew,4,completed,"0,2,3,4"
43,691.3457682609707,1982.936124925598,2008.7738743172922,1291.5903566646275,1317.4281060563217,2,58.254561076890276,25.83774939169407,1,PPO,priority_skew,4,completed,"6,7"
44,702.200473212508,2145.660881523154,2282.209216887375,1443.460408310646,1580.0087436748672,4,46.34640288334482,136.54833536422132,1,PPO,priority_skew,4,completed,"0,2,3,4"
45,718.3242840381704,2134.9216261902216,2193.120568901339,1416.5973421520512,1474.7962848631687,2,13.48073424702283,58.198942711117425,1,PPO,priority_skew,4,completed,"1,5"
46,736.6482909217967,3416.938502304466,3585.309966278777,2680.2902113826694,2848.6616753569806,4,49.575389671687475,168.37146397431133,1,PPO,priority_skew,4,completed,"0,2,3,7"
47,744.2765756695158,954.7718162638037,997.4289266619055,210.4952405942879,253.15235099238976,4,31.476332076661848,42.657110398101885,3,PPO,priority_skew,4,completed,"3,4,6,7"
48,755.6413383969959,987.9900676240736,1125.383565346651,232.34872922707768,369.7422269496551,4,61.528158106209176,137.39349772257742,3,PPO,priority_skew,4,completed,"0,1,2,5"
49,756.0432715942267,2282.209216887375,2436.506188864368,1526.1659452931485,1680.4629172701416,4,39.74565991234239,154.29697197699306,1,PPO,priority_skew,4,completed,"0,2,3,4"
50,799.8004996314141,3717.475046771204,3836.392393117542,2917.67454713979,3036.5918934861274,4,50.48668339889538,118.91734634633815,2,PPO,priority_skew,4,completed,"0,2,3,7"
51,802.3964984852305,2355.4211184856013,2415.2855393704376,1553.0246200003708,1612.8890408852071,4,45.866086868096176,59.86442088483635,1,PPO,priority_skew,4,completed,"1,5,6,7"
52,810.5894991788159,2415.2855393704376,2580.1099847533424,1604.6960401916217,1769.5204855745264,3,18.937370165390334,164.82444538290477,1,PPO,priority_skew,4,completed,"1,5,6"
53,819.0373452537722,1125.9224138304626,1293.9359185034007,306.8850685766904,474.8985732496285,2,48.864647730199316,168.01350467293813,2,PPO,priority_skew,4,completed,"5,6"
54,827.8105250065526,1378.6192355284493,1520.0451315177804,550.8087105218967,692.2346065112279,2,39.3963513759528,141.4258959893311,4,PPO,priority_skew,4,completed,"0,1"
55,835.4093794095157,3585.309966278777,3717.475046771204,2749.9005868692616,2882.065667361688,4,32.62037253114344,132.16508049242665,4,PPO,priority_skew,4,completed,"0,2,3,7"
56,864.7332588460015,997.4289266619055,1094.3500838208543,132.69566781590402,229.61682497485276,2,12.035372747768147,96.9211571589487,3,PPO,priority_skew,4,completed,"3,4"
57,871.6286774104998,884.9425134299034,937.9436138152357,13.313836019403652,66.31493640473593,1,37.25360914007314,53.00110038533225,4,PPO,priority_skew,4,completed,3
58,888.424347861093,2436.506188864368,2468.2299403765687,1548.0818410032753,1579.8055925154758,4,32.490447777717264,31.723751512200753,1,PPO,priority_skew,4,completed,"0,2,3,4"
59,902.3368839671372,1094.3500838208543,1183.7433606373777,192.01319985371708,281.4064766702405,2,62.815986859165086,89.39327681652335,2,PPO,priority_skew,4,completed,"3,4"
60,919.0151656866999,2008.7738743172922,2139.5143782124173,1089.7587086305923,1220.4992125257174,2,8.134451072592201,130.7405038951252,1,PPO,priority_skew,4,completed,"6,7"
61,920.169536911792,2468.2299403765687,2624.769582879185,1548.0604034647768,1704.6000459673928,4,36.48460016414337,156.53964250261583,1,PPO,priority_skew,4,completed,"0,2,3,4"
62,932.5563667646329,1472.8458193301794,1588.3462040201723,540.2894525655465,655.7898372555394,4,24.009819276484542,115.50038468999281,2,PPO,priority_skew,4,completed,"2,3,4,7"
63,963.0617447653185,1548.5583595090632,1620.4635825862213,585.4966147437447,657.4018378209028,3,38.25432094489295,71.90522307715801,2,PPO,priority_skew,4,completed,"1,5,6"
64,964.4813893904548,2580.1099847533424,2725.948197106643,1615.6285953628876,1761.4668077161882,4,26.480905847370813,145.83821235330058,1,PPO,priority_skew,4,completed,"1,5,6,7"
65,965.9056624312374,997.4289266619055,1125.9224138304626,31.523264230668133,160.0167513992252,1,13.263001438135722,128.493487168557,3,PPO,priority_skew,4,completed,6
66,1017.7822511162628,1017.7822511162628,1038.4928758131975,0.0,20.7106246969347,1,59.444227795919474,20.710624696934712,4,PPO,priority_skew,4,completed,7
67,1029.2909268700105,2193.120568901339,2254.4181644774767,1163.8296420313286,1225.1272376074662,1,42.116352592847534,61.29759557613761,1,PPO,priority_skew,4,completed,1
68,1033.333739390631,2254.4181644774767,2355.4211184856013,1221.0844250868456,1322.0873790949702,3,32.19492187888508,101.00295400812453,1,PPO,priority_skew,4,completed,"1,6,7"
69,1034.5006914217195,2139.5143782124173,2199.2509448396117,1105.0136867906979,1164.7502534178923,2,12.859563840056518,59.73656662719429,1,PPO,priority_skew,4,completed,"6,7"
70,1043.538044639457,2193.120568901339,2319.7853336739813,1149.582524261882,1276.2472890345243,1,16.450295833088514,126.66476477264227,1,PPO,priority_skew,4,completed,5
71,1054.5704439166182,2624.769582879185,2714.3310087730956,1570.1991389625666,1659.7605648564775,4,44.57229899263089,89.56142589391105,1,PPO,priority_skew,4,completed,"0,2,3,4"
72,1060.6159452212426,1060.6159452212426,1191.9340948727854,0.0,131.31814965154285,1,25.36360137233334,131.31814965154274,3,PPO,priority_skew,4,completed,7
73,1066.487612189661,1588.3462040201723,1704.2519562474195,521.8585918305114,637.7643440577585,3,49.24917522447014,115.90575222724723,2,PPO,priority_skew,4,completed,"2,3,4"
74,1071.2396829379916,2714.3310087730956,2893.440668273415,1643.091325835104,1822.2009853354236,3,9.40772847910326,179.1096595003197,1,PPO,priority_skew,4,completed,"0,2,3"
75,1082.4803023733846,2725.948197106643,2755.1995407941386,1643.4678947332584,1672.719238420754,4,58.06594329646536,29.251343687495694,1,PPO,priority_skew,4,completed,"1,4,5,6"
76,1087.5972071663352,2755.1995407941386,2925.5658036903333,1667.6023336278033,1837.968596523998,3,39.85676610413917,170.36626289619454,1,PPO,priority_skew,4,completed,"1,4,5"
77,1097.6618003158733,2893.440668273415,3014.9397388611,1795.778867957542,1917.2779385452268,3,21.35291099225782,121.49907058768468,1,PPO,priority_skew,4,completed,"0,2,3"
78,1098.4325797091894,1620.4635825862213,1641.016213960427,522.0310028770318,542.5836342512375,4,21.036074669684286,20.55263137420564,2,PPO,priority_skew,4,completed,"1,5,6,7"
79,1104.6966724085737,2982.9006218902814,3149.2185678124583,1878.2039494817077,2044.5218954038846,4,20.708889568212356,166.317945922177,1,PPO,priority_skew,4,completed,"1,4,5,6"
80,1108.4461275216827,3014.9397388611,3114.4553678988013,1906.4936113394174,2006.0092403771187,4,41.61385957654166,99.51562903770139,1,PPO,priority_skew,4,completed,"0,2,3,7"
81,1139.9917467473147,3114.4553678988013,3155.2415872571946,1974.4636211514867,2015.24984050988,3,37.082601538058896,40.78621935839337,1,PPO,priority_skew,4,completed,"0,2,3"
82,1149.809135304864,3149.2185678124583,3180.5215773989607,1999.4094325075944,2030.7124420940968,4,22.579209066511062,31.303009586502526,1,PPO,priority_skew,4,completed,"1,4,5,6"
83,1160.6990162232214,1641.016213960427,1798.143969691193,480.31719773720556,637.4449534679716,4,56.39497512278592,157.12775573076607,2,PPO,priority_skew,4,completed,"1,5,6,7"
84,1168.5098948149976,1183.7433606373777,1296.9972217339377,15.23346582238014,128.4873269189402,2,23.576676895009193,113.25386109656012,2,PPO,priority_skew,4,completed,"3,4"
85,1184.4482782465784,1704.2519562474195,1841.2531407637525,519.803678000841,656.8048625171741,4,21.978777049301204,137.0011845163331,2,PPO,priority_skew,4,completed,"0,2,3,4"
86,1185.1328610225648,2468.2299403765687,2492.3324363296124,1283.0970793540039,1307.1995753070476,1,44.051413517259746,24.102495953043732,1,PPO,priority_skew,4,completed,7
87,1188.1068661913628,1328.5842886659564,1406.067711926943,140.4774224745936,217.96084573558028,3,26.03121936605745,77.48342326098677,3,PPO,priority_skew,4,completed,"2,4,7"
88,1188.7150921017578,3155.2415872571946,3268.724654554896,1966.5264951554368,2080.009562453138,4,11.326636917202343,113.4830672977013,1,PPO,priority_skew,4,completed,"0,2,3,7"
89,1201.099272283815,3180.5215773989607,3356.3711192820065,1979.4223051151457,2155.2718469981914,4,44.514752892390106,175.84954188304593,1,PPO,priority_skew,4,completed,"1,4,5,6"
90,1210.1931758702224,1293.9359185034007,1427.4774694234811,83.7427426331783,217.28429355325875,2,27.1262855575328,133.54155092008048,2,PPO,priority_skew,4,completed,"5,6"
91,1211.315269911979,2755.1995407941386,2808.3480270831506,1543.8842708821596,1597.0327571711716,2,10.535612030336063,53.148486289011814,1,PPO,priority_skew,4,completed,"6,7"
92,1218.7953553923899,1258.295102079876,1378.6192355284493,39.499746687486095,159.82388013605942,2,50.672916666543586,120.32413344857326,4,PPO,priority_skew,4,completed,"0,1"
93,1232.8463798134599,3268.724654554896,3416.938502304466,2035.8782747414361,2184.092122491006,4,30.15538089996383,148.21384774957005,1,PPO,priority_skew,4,completed,"0,2,3,7"
94,1241.7956728851755,1296.9972217339377,1447.9628169291561,55.201548848762286,206.16714404398067,1,59.295362268389326,150.9655951952184,2,PPO,priority_skew,4,completed,3
95,1258.1545786279084,1258.295102079876,1328.5842886659564,0.14052345196751048,70.42971003804792,2,16.931718663417257,70.28918658608049,3,PPO,priority_skew,4,completed,"2,7"
96,1272.9071108072799,2925.5658036903333,2982.9006218902814,1652.6586928830534,1709.9935110830015,3,10.44807076278764,57.33481819994802,1,PPO,priority_skew,4,completed,"1,4,5"
97,1285.2022429298186,2871.2027242821573,2964.1191262715715,1586.0004813523387,1678.916883341753,2,56.23149772199956,92.91640198941435,1,PPO,priority_skew,4,completed,"6,7"
98,1286.0717145717701,2808.3480270831506,2871.2027242821573,1522.2763125113804,1585.1310097103872,1,25.392527870019237,62.85469719900691,1,PPO,priority_skew,4,completed,6
99,1289.245991699468,3356.3711192820065,3514.4789827384784,2067.1251275825384,2225.2329910390104,4,36.915974615882995,158.1078634564717,1,PPO,priority_skew,4,completed,"1,4,5,6"
