step,simulation_time,queue_length,free_gpus,gpu_utilization,action,selected_job_id,reward,invalid_action,waiting_jobs,running_jobs,completed_jobs,seed,scheduler,scenario
1,8.49764502717387,1,8,0.0,0,0.0,0.3186240942080827,False,1,1,0,0,PPO,short_jobs
2,8.596678340119148,1,6,0.25,0,1.0,0.009284373088619735,False,1,2,0,0,PPO,short_jobs
3,8.60802497352529,1,5,0.375,0,2.0,0.0014183291757676741,False,1,3,0,0,PPO,short_jobs
4,11.35973933672053,1,4,0.5,0,3.0,0.42995536924925637,False,1,4,0,0,PPO,short_jobs
5,19.509441510012458,1,3,0.625,0,4.0,1.7827473504076092,False,1,5,0,0,PPO,short_jobs
6,22.877356273348617,1,1,0.875,16,,0.6693730592130617,False,2,5,0,0,PPO,short_jobs
7,26.653863062475573,2,1,0.875,16,,0.6076922932897196,False,3,5,0,0,PPO,short_jobs
8,26.653863062475573,3,1,0.875,1,7.0,-0.21841856683180141,False,2,6,0,0,PPO,short_jobs
9,28.323536823698465,2,0,1.0,16,,2.1322129230250058,False,2,5,1,0,PPO,short_jobs
10,28.323536823698465,2,2,0.75,0,6.0,-0.17628190627372015,False,1,6,1,0,PPO,short_jobs
11,36.6821675203188,1,0,1.0,16,,3.746203153948957,False,1,5,2,0,PPO,short_jobs
12,40.7377929578542,1,1,0.875,16,,0.4626010355040329,False,2,5,2,0,PPO,short_jobs
13,40.7377929578542,2,1,0.875,1,8.0,-0.4245670289568348,False,1,6,2,0,PPO,short_jobs
14,41.81798734125517,1,0,1.0,16,,1.8238776792253888,False,1,5,3,0,PPO,short_jobs
15,44.97244351639041,1,1,0.875,16,,2.1807772481832757,False,1,4,4,0,PPO,short_jobs
16,71.02655836006706,1,3,0.625,0,5.0,10.991523513781784,False,1,1,8,0,PPO,short_jobs
17,87.45869964953577,1,7,0.125,0,9.0,3.0609704716655486,False,1,1,9,0,PPO,short_jobs
18,87.46513840120988,1,6,0.25,0,10.0,0.0006036329694474318,False,1,2,9,0,PPO,short_jobs
19,98.81061172254442,1,5,0.375,0,11.0,1.7727302064585224,False,1,3,9,0,PPO,short_jobs
20,99.17310014714388,1,3,0.625,0,12.0,0.06796657961239916,False,1,4,9,0,PPO,short_jobs
21,104.52010165798048,1,2,0.75,0,13.0,3.132242536606956,False,1,4,10,0,PPO,short_jobs
22,108.76476680570316,1,2,0.75,0,14.0,1.0611662869306713,False,1,5,10,0,PPO,short_jobs
23,109.08833690033552,1,0,1.0,16,,2.0744211217654427,False,1,4,11,0,PPO,short_jobs
24,124.51431006939562,1,2,0.75,0,15.0,3.856493292265025,False,1,5,11,0,PPO,short_jobs
25,126.28436028036187,1,0,1.0,16,,0.40711154852223674,False,2,5,11,0,PPO,short_jobs
26,127.8199159785036,2,0,1.0,16,,0.28706569239043944,False,3,5,11,0,PPO,short_jobs
27,128.21238333968557,3,0,1.0,16,,1.9777455664795802,False,3,4,12,0,PPO,short_jobs
28,128.21238333968557,3,2,0.75,0,18.0,-0.1125219265922732,False,2,5,12,0,PPO,short_jobs
29,128.21238333968557,2,1,0.875,1,16.0,-0.03856046118647413,False,1,6,12,0,PPO,short_jobs
30,129.27414334322674,1,0,1.0,16,,2.205644339627994,False,1,5,13,0,PPO,short_jobs
31,130.5154139994577,1,1,0.875,16,,2.186906881668606,False,1,4,14,0,PPO,short_jobs
32,135.28101304413372,1,3,0.625,0,17.0,1.042474791022876,False,1,5,14,0,PPO,short_jobs
33,135.46603403806216,1,1,0.875,0,19.0,0.04625524848211171,False,1,6,14,0,PPO,short_jobs
34,136.14268809914822,1,0,1.0,16,,0.15563043404979254,False,2,6,14,0,PPO,short_jobs
35,141.22218360121386,2,0,1.0,16,,3.053160974212063,False,2,5,15,0,PPO,short_jobs
36,141.22218360121386,2,2,0.75,0,21.0,-0.1151229912630339,False,1,6,15,0,PPO,short_jobs
37,141.29367863241043,1,0,1.0,16,,-0.0986791340878213,False,2,6,15,0,PPO,short_jobs
38,141.98371609492213,2,0,1.0,16,,2.028354975240491,False,2,5,16,0,PPO,short_jobs
39,145.12125342194724,2,1,0.875,16,,2.416680406818305,False,2,4,17,0,PPO,short_jobs
40,145.12125342194724,2,3,0.625,0,20.0,-0.07655149579073622,False,1,5,17,0,PPO,short_jobs
41,145.16641972227643,1,1,0.875,16,,-0.06757469360031237,False,2,5,17,0,PPO,short_jobs
42,145.16641972227643,2,1,0.875,1,23.0,-0.07745482179731994,False,1,6,17,0,PPO,short_jobs
43,145.53559277666565,1,0,1.0,16,,2.0074549807122013,False,1,5,18,0,PPO,short_jobs
44,150.3470562136756,1,1,0.875,16,,2.8714400752206197,False,1,4,19,0,PPO,short_jobs
45,153.8548122724797,1,2,0.75,0,22.0,0.8769390147010299,False,1,5,19,0,PPO,short_jobs
46,155.92316270165324,1,0,1.0,16,,0.47572059870991296,False,2,5,19,0,PPO,short_jobs
47,158.16421651839389,2,0,1.0,16,,0.4292542929320649,False,3,5,19,0,PPO,short_jobs
48,162.26390876948324,3,0,1.0,16,,2.64793236645388,False,3,4,20,0,PPO,short_jobs
49,162.26390876948324,3,2,0.75,0,24.0,-0.20880876637838697,False,2,5,20,0,PPO,short_jobs
50,167.42467828329535,2,1,0.875,16,,0.71367878421553,False,3,5,20,0,PPO,short_jobs
51,169.2039763506779,3,1,0.875,16,,1.867224021266106,False,3,4,21,0,PPO,short_jobs
52,169.2039763506779,3,3,0.625,0,25.0,-0.25638115799333094,False,2,5,21,0,PPO,short_jobs
53,169.5645157552221,2,1,0.875,16,,1.8080652605689453,False,2,4,22,0,PPO,short_jobs
54,169.5645157552221,2,3,0.625,0,26.0,-0.04279674943853479,False,1,5,22,0,PPO,short_jobs
55,176.0507463339104,1,1,0.875,16,,1.2463415780757707,False,2,5,22,0,PPO,short_jobs
56,177.66804270166338,2,1,0.875,16,,0.11657036472354321,False,3,5,22,0,PPO,short_jobs
57,178.72184980605485,3,1,0.875,16,,-0.06992133790027821,False,4,5,22,0,PPO,short_jobs
58,184.2218175312557,4,1,0.875,16,,2.462678879885713,False,4,4,23,0,PPO,short_jobs
59,184.2218175312557,4,2,0.75,0,30.0,-0.6304397054979597,False,3,5,23,0,PPO,short_jobs
60,184.83831960489974,3,0,1.0,16,,-0.5133043115055943,False,4,5,23,0,PPO,short_jobs
61,185.32557966517274,4,0,1.0,16,,1.4154043803298089,False,4,4,24,0,PPO,short_jobs
62,185.32557966517274,4,2,0.75,0,31.0,-0.6966654335329815,False,3,5,24,0,PPO,short_jobs
63,186.72151263728284,3,0,1.0,16,,1.568561831167938,False,3,4,25,0,PPO,short_jobs
64,187.52994062125165,3,1,0.875,16,,-0.6520834694045397,False,4,4,25,0,PPO,short_jobs
65,189.51021725114967,4,1,0.875,16,,1.4458362915006313,False,4,3,26,0,PPO,short_jobs
66,189.51021725114967,4,3,0.625,0,28.0,-0.7181598029447724,False,3,4,26,0,PPO,short_jobs
67,191.80336608983848,3,1,0.875,16,,-0.35412242480292067,False,4,4,26,0,PPO,short_jobs
68,197.04697714118748,4,1,0.875,16,,-0.12819769989142715,False,5,4,26,0,PPO,short_jobs
69,203.2078303606763,5,1,0.875,16,,-0.5436362975597273,False,6,4,26,0,PPO,short_jobs
70,203.24605703123538,6,1,0.875,16,,0.11245194439481021,False,6,3,27,0,PPO,short_jobs
71,203.24605703123538,6,3,0.625,5,33.0,-1.6670563209620548,False,5,4,27,0,PPO,short_jobs
72,206.72234990468596,5,1,0.875,16,,0.745753457760201,False,5,3,28,0,PPO,short_jobs
73,206.72234990468596,5,3,0.625,4,27.0,-1.2287321758793002,False,4,4,28,0,PPO,short_jobs
74,208.92106474413208,4,1,0.875,16,,1.0763395080938472,False,4,3,29,0,PPO,short_jobs
75,208.92106474413208,4,2,0.75,0,34.0,-1.1671476109760983,False,3,4,29,0,PPO,short_jobs
76,216.86973093961552,3,0,1.0,16,,2.3430989661657553,False,3,3,30,0,PPO,short_jobs
77,216.86973093961552,3,2,0.75,0,35.0,-1.37082957112632,False,2,4,30,0,PPO,short_jobs
78,217.8486769272416,2,0,1.0,16,,-1.1652509137248441,False,3,4,30,0,PPO,short_jobs
79,218.6171207201823,3,0,1.0,16,,-1.26398308997263,False,4,4,30,0,PPO,short_jobs
80,225.9461452961114,4,0,1.0,16,,-0.21015986029985623,False,5,4,30,0,PPO,short_jobs
81,231.56733294145766,5,0,1.0,16,,-1.1992378574801963,False,6,4,30,0,PPO,short_jobs
82,235.34681996831853,6,0,1.0,16,,-0.11320145532484727,False,6,3,31,0,PPO,short_jobs
83,235.34681996831853,6,2,0.75,5,39.0,-2.982483471502846,False,5,4,31,0,PPO,short_jobs
84,235.34681996831853,5,1,0.875,3,37.0,-2.6478894865401212,False,4,5,31,0,PPO,short_jobs
85,236.41984180876992,4,0,1.0,16,,-0.465475773663385,False,4,4,32,0,PPO,short_jobs
86,236.41984180876992,4,2,0.75,0,38.0,-2.524257303523062,False,3,5,32,0,PPO,short_jobs
87,239.33273386991888,3,0,1.0,16,,0.029192188095241267,False,3,4,33,0,PPO,short_jobs
88,239.33273386991888,3,2,0.75,0,29.0,-1.4657370038268902,False,2,5,33,0,PPO,short_jobs
89,241.05758503310545,2,0,1.0,16,,-1.1035182595577104,False,3,5,33,0,PPO,short_jobs
90,243.51150137893333,3,0,1.0,16,,0.9315130553529436,False,3,4,34,0,PPO,short_jobs
91,243.51150137893333,3,1,0.875,0,40.0,-1.6328877041874683,False,2,5,34,0,PPO,short_jobs
92,244.0525449038365,2,0,1.0,16,,-1.5192685639578047,False,3,5,34,0,PPO,short_jobs
93,246.39596822543595,3,0,1.0,16,,-1.2092790140796974,False,4,5,34,0,PPO,short_jobs
94,248.33483768100112,4,0,1.0,16,,0.5344729629665164,False,4,4,35,0,PPO,short_jobs
95,248.33483768100112,4,2,0.75,0,42.0,-1.9114670118134722,False,3,5,35,0,PPO,short_jobs
96,248.33483768100112,3,1,0.875,2,41.0,-1.8258211562701798,False,2,6,35,0,PPO,short_jobs
97,250.4815048078238,2,0,1.0,16,,-1.3750210596374175,False,3,6,35,0,PPO,short_jobs
98,251.80385119959348,3,0,1.0,16,,-1.6604420269068467,False,4,6,35,0,PPO,short_jobs
99,252.68385938440844,4,0,1.0,16,,0.15857276656927421,False,4,5,36,0,PPO,short_jobs
100,252.68385938440844,4,2,0.75,0,43.0,-2.0173821881027716,False,3,6,36,0,PPO,short_jobs
101,255.53296364461957,3,0,1.0,16,,-1.476052378662656,False,4,6,36,0,PPO,short_jobs
102,256.0632739245127,4,0,1.0,16,,-2.0981756961336053,False,5,6,36,0,PPO,short_jobs
103,261.60033512206905,5,0,1.0,16,,0.5998059135265601,False,5,5,37,0,PPO,short_jobs
104,261.60033512206905,5,1,0.875,4,44.0,-2.588529707413014,False,4,6,37,0,PPO,short_jobs
105,264.29801089286434,4,0,1.0,16,,-2.129924826377815,False,5,6,37,0,PPO,short_jobs
106,267.645620134062,5,0,1.0,16,,-0.3022023828969833,False,5,5,38,0,PPO,short_jobs
107,267.645620134062,5,1,0.875,1,46.0,-2.907457769005419,False,4,6,38,0,PPO,short_jobs
108,270.8572275998817,4,0,1.0,16,,-0.36148449981607556,False,4,5,39,0,PPO,short_jobs
109,270.8572275998817,4,1,0.875,1,47.0,-3.0332020321306454,False,3,6,39,0,PPO,short_jobs
110,275.6942017307609,3,0,1.0,16,,-2.1141769472636005,False,4,6,39,0,PPO,short_jobs
111,276.17098140550485,4,0,1.0,16,,-1.2423679352769224,False,4,5,40,0,PPO,short_jobs
112,278.4547141034504,4,1,0.875,16,,-3.0446949421229665,False,5,5,40,0,PPO,short_jobs
113,282.60942001379937,5,1,0.875,16,,-1.0508901429446191,False,5,4,41,0,PPO,short_jobs
114,282.60942001379937,5,3,0.625,4,48.0,-3.821427695172685,False,4,5,41,0,PPO,short_jobs
115,283.7279920339661,4,1,0.875,16,,-1.6662258273745558,False,4,4,42,0,PPO,short_jobs
116,283.7279920339661,4,3,0.625,0,45.0,-3.347012888999092,False,3,5,42,0,PPO,short_jobs
117,288.59840674788575,3,1,0.875,16,,-0.5738345531643438,False,3,4,43,0,PPO,short_jobs
118,288.59840674788575,3,2,0.75,0,32.0,-1.6178684493015902,False,2,5,43,0,PPO,short_jobs
119,294.2683688670028,2,0,1.0,16,,-0.42717640428701387,False,3,5,43,0,PPO,short_jobs
120,294.80688202424653,3,0,1.0,16,,-1.742349434189958,False,4,5,43,0,PPO,short_jobs
121,296.20459597787413,4,0,1.0,16,,-1.6393663513842045,False,5,5,43,0,PPO,short_jobs
122,297.69083939303624,5,0,1.0,16,,-1.765858327516789,False,6,5,43,0,PPO,short_jobs
123,301.50862407767903,6,0,1.0,16,,-1.6411071723037534,False,7,5,43,0,PPO,short_jobs
124,304.7910851122801,7,0,1.0,16,,-0.23448262965833422,False,7,4,44,0,PPO,short_jobs
125,304.7910851122801,7,2,0.75,5,36.0,-1.3162497246078284,False,6,5,44,0,PPO,short_jobs
126,306.1873503801757,6,0,1.0,16,,-1.1347352397813983,False,7,5,44,0,PPO,short_jobs
127,308.86706443409287,7,0,1.0,16,,-1.1890330108244067,False,8,5,44,0,PPO,short_jobs
128,309.25465302214565,8,0,1.0,16,,0.17592144862104475,False,8,4,45,0,PPO,short_jobs
129,309.25465302214565,8,1,0.875,6,55.0,-1.859629645552751,False,7,5,45,0,PPO,short_jobs
130,309.4898346046041,7,0,1.0,16,,-1.833759671482323,False,8,5,45,0,PPO,short_jobs
131,313.740640016457,8,0,1.0,16,,0.49001741996983084,False,8,4,46,0,PPO,short_jobs
132,313.740640016457,8,2,0.75,5,53.0,-2.2516879205249847,False,7,5,46,0,PPO,short_jobs
133,316.9733119217142,7,0,1.0,16,,0.10390598905330473,False,7,4,47,0,PPO,short_jobs
134,316.9733119217142,7,1,0.875,6,56.0,-2.5421370375085632,False,6,5,47,0,PPO,short_jobs
135,319.47979138745285,6,0,1.0,16,,-2.216294706962537,False,7,5,47,0,PPO,short_jobs
136,321.9671109647446,7,0,1.0,16,,-2.569309419895108,False,8,5,47,0,PPO,short_jobs
137,322.5349605380473,8,0,1.0,16,,-3.1400328526208097,False,9,5,47,0,PPO,short_jobs
138,323.8621052741449,9,0,1.0,16,,-1.1890951144196493,False,9,4,48,0,PPO,short_jobs
139,323.8621052741449,9,2,0.75,5,50.0,-2.929006570301202,False,8,5,48,0,PPO,short_jobs
140,323.8621052741449,8,1,0.875,5,54.0,-2.481936946371885,False,7,6,48,0,PPO,short_jobs
141,326.3911426757361,7,0,1.0,16,,-2.203742832196852,False,8,6,48,0,PPO,short_jobs
142,327.8736408886442,8,0,1.0,16,,-2.702577343432923,False,9,6,48,0,PPO,short_jobs
143,329.95325151423344,9,0,1.0,16,,-2.9276291528687093,False,10,6,48,0,PPO,short_jobs
144,331.21260589430614,10,0,1.0,16,,-3.384564090262381,False,11,6,48,0,PPO,short_jobs
145,332.0638533395581,11,0,1.0,16,,-1.673865261922996,False,11,5,49,0,PPO,short_jobs
146,332.0638533395581,11,2,0.75,5,61.0,-3.773222909959542,False,10,6,49,0,PPO,short_jobs
147,332.0638533395581,10,1,0.875,5,63.0,-3.731010873453049,False,9,7,49,0,PPO,short_jobs
148,333.7884379393319,9,0,1.0,16,,-3.6102899514688804,False,10,7,49,0,PPO,short_jobs
149,337.5258050656541,10,0,1.0,16,,-1.8545677450962312,False,10,6,50,0,PPO,short_jobs
150,337.5258050656541,10,2,0.75,5,59.0,-4.477735644658584,False,9,7,50,0,PPO,short_jobs
151,338.7769612360769,9,0,1.0,16,,-4.390154712728988,False,10,7,50,0,PPO,short_jobs
152,339.2610870822083,10,0,1.0,16,,-4.678737463028118,False,11,7,50,0,PPO,short_jobs
153,341.28688524405686,11,0,1.0,16,,-2.738994979705512,False,11,6,51,0,PPO,short_jobs
154,341.28688524405686,11,1,0.875,10,66.0,-5.195246040008056,False,10,7,51,0,PPO,short_jobs
155,345.1737342355195,10,0,1.0,16,,-5.000903590434925,False,11,7,51,0,PPO,short_jobs
156,347.17475630291364,11,0,1.0,16,,-3.9125851762787534,False,11,6,52,0,PPO,short_jobs
157,347.17475630291364,11,1,0.875,4,67.0,-6.254567308713186,False,10,7,52,0,PPO,short_jobs
158,352.5890690726872,10,0,1.0,16,,-3.9838516702245084,False,10,6,53,0,PPO,short_jobs
159,352.5890690726872,10,1,0.875,0,57.0,-6.475445173306239,False,9,7,53,0,PPO,short_jobs
160,358.92295089947294,9,0,1.0,16,,-4.032073445431238,False,9,6,54,0,PPO,short_jobs
161,358.92295089947294,9,1,0.875,6,62.0,-6.994557701911096,False,8,7,54,0,PPO,short_jobs
162,359.57424804926245,8,0,1.0,16,,-6.935940958430039,False,9,7,54,0,PPO,short_jobs
163,363.44736925114336,9,0,1.0,16,,-4.827646761745754,False,9,6,55,0,PPO,short_jobs
164,363.44736925114336,9,1,0.875,6,69.0,-7.718464638178363,False,8,7,55,0,PPO,short_jobs
165,363.8979649478985,8,0,1.0,16,,-7.677911025470398,False,9,7,55,0,PPO,short_jobs
166,363.952423304248,9,0,1.0,16,,-5.786747864714725,False,9,6,56,0,PPO,short_jobs
167,363.952423304248,9,2,0.75,5,70.0,-7.7992732866751036,False,8,7,56,0,PPO,short_jobs
168,368.3509060383757,8,0,1.0,16,,-5.4034098406036115,False,8,6,57,0,PPO,short_jobs
169,368.3509060383757,8,1,0.875,0,58.0,-7.525608231117078,False,7,7,57,0,PPO,short_jobs
170,371.89304868590796,7,0,1.0,16,,-5.135972539888527,False,7,6,58,0,PPO,short_jobs
171,371.89304868590796,7,1,0.875,0,60.0,-7.034346438814383,False,6,7,58,0,PPO,short_jobs
172,376.6738609176678,6,0,1.0,16,,-4.412840848685603,False,6,6,59,0,PPO,short_jobs
173,376.6738609176678,6,1,0.875,0,65.0,-6.7503354470588475,False,5,7,59,0,PPO,short_jobs
174,382.385603379184,5,0,1.0,16,,-5.893574077831423,False,6,7,59,0,PPO,short_jobs
175,384.92008921154337,6,0,1.0,16,,-6.992026535003744,False,7,7,59,0,PPO,short_jobs
176,385.35046424423774,7,0,1.0,16,,-5.578306739497211,False,7,6,60,0,PPO,short_jobs
177,385.35046424423774,7,1,0.875,4,71.0,-7.626603280369729,False,6,7,60,0,PPO,short_jobs
178,388.21267118476715,6,0,1.0,16,,-5.254516378100906,False,6,6,61,0,PPO,short_jobs
179,388.21267118476715,6,1,0.875,2,72.0,-7.9042164737687814,False,5,7,61,0,PPO,short_jobs
180,388.7707405943023,5,0,1.0,16,,-5.820506062338507,False,5,6,62,0,PPO,short_jobs
181,390.1196402047631,5,1,0.875,16,,-5.799841585980079,False,5,5,63,0,PPO,short_jobs
182,390.1196402047631,5,2,0.75,4,64.0,-6.916772689559235,False,4,6,63,0,PPO,short_jobs
183,391.34932809906456,4,0,1.0,16,,-6.707725747527982,False,5,6,63,0,PPO,short_jobs
184,396.01637010240177,5,0,1.0,16,,-4.315091420602775,False,5,5,64,0,PPO,short_jobs
185,401.4434487376738,5,1,0.875,16,,-6.837386333498525,False,6,5,64,0,PPO,short_jobs
186,401.6279812962771,6,1,0.875,16,,-6.006337194802203,False,6,4,65,0,PPO,short_jobs
187,401.6279812962771,6,3,0.625,5,74.0,-8.043013040824606,False,5,5,65,0,PPO,short_jobs
188,405.67340730240954,5,1,0.875,16,,-7.562618702596376,False,6,5,65,0,PPO,short_jobs
189,407.92326302922424,6,1,0.875,16,,-6.225382388414896,False,6,4,66,0,PPO,short_jobs
190,407.92326302922424,6,2,0.75,5,73.0,-8.386059630052424,False,5,5,66,0,PPO,short_jobs
191,409.3937311087342,5,0,1.0,16,,-8.165489418125931,False,6,5,66,0,PPO,short_jobs
192,412.39734317697213,6,0,1.0,16,,-8.142636869132485,False,7,5,66,0,PPO,short_jobs
193,412.7607291573078,7,0,1.0,16,,-8.853567428355044,False,8,5,66,0,PPO,short_jobs
194,422.9549690851092,8,0,1.0,16,,-6.026932329936843,False,8,4,67,0,PPO,short_jobs
195,422.9549690851092,8,2,0.75,5,75.0,-10.229861076233197,False,7,5,67,0,PPO,short_jobs
196,425.90191036813957,7,0,1.0,16,,-7.905697535099858,False,7,4,68,0,PPO,short_jobs
197,425.90191036813957,7,2,0.75,5,78.0,-10.379609231640812,False,6,5,68,0,PPO,short_jobs
198,427.68246606863136,6,0,1.0,16,,-8.148136990576878,False,6,4,69,0,PPO,short_jobs
199,427.68246606863136,6,2,0.75,5,51.0,-7.93576423481213,False,5,5,69,0,PPO,short_jobs
200,429.1832141804815,5,0,1.0,16,,-5.710652018034606,False,5,4,70,0,PPO,short_jobs
201,429.1832141804815,5,1,0.875,3,76.0,-7.690049384562199,False,4,5,70,0,PPO,short_jobs
202,431.4485040432521,4,0,1.0,16,,-5.304950107891196,False,4,4,71,0,PPO,short_jobs
203,431.4485040432521,4,2,0.75,0,68.0,-6.145777177429194,False,3,5,71,0,PPO,short_jobs
204,433.6597406209489,3,0,1.0,16,,-3.7256422276668006,False,3,4,72,0,PPO,short_jobs
205,435.0236495771314,3,1,0.875,16,,-6.06193082529704,False,4,4,72,0,PPO,short_jobs
206,435.0236495771314,4,1,0.875,2,79.0,-6.36028590946195,False,3,5,72,0,PPO,short_jobs
207,436.92339441568606,3,0,1.0,16,,-3.9993343901365606,False,3,4,73,0,PPO,short_jobs
208,436.92339441568606,3,2,0.75,0,77.0,-5.983749575000952,False,2,5,73,0,PPO,short_jobs
209,441.53477828164455,2,0,1.0,16,,-3.0153589631496702,False,2,4,74,0,PPO,short_jobs
210,443.3752507544452,2,1,0.875,16,,-5.839220475126181,False,3,4,74,0,PPO,short_jobs
211,444.1444688441824,3,1,0.875,16,,-4.119710456805535,False,3,3,75,0,PPO,short_jobs
212,444.1444688441824,3,3,0.625,0,52.0,-3.3291794566093857,False,2,4,75,0,PPO,short_jobs
213,445.9849114685685,2,1,0.875,16,,-3.000200337500374,False,3,4,75,0,PPO,short_jobs
214,445.9849114685685,3,1,0.875,1,81.0,-3.4027971615848287,False,2,5,75,0,PPO,short_jobs
215,454.76007341322367,2,0,1.0,16,,-1.5600131532072439,False,3,5,75,0,PPO,short_jobs
216,459.83462559662814,3,0,1.0,16,,-2.7896387245241847,False,4,5,75,0,PPO,short_jobs
217,459.89487242534705,4,0,1.0,16,,-4.048034809493091,False,5,5,75,0,PPO,short_jobs
218,466.74649109560676,5,0,1.0,16,,-3.0353537161338595,False,6,5,75,0,PPO,short_jobs
219,466.98099146811563,6,0,1.0,16,,-2.717773335272634,False,6,4,76,0,PPO,short_jobs
220,466.98099146811563,6,2,0.75,5,85.0,-4.771708420949675,False,5,5,76,0,PPO,short_jobs
221,466.98099146811563,5,1,0.875,3,84.0,-4.629986040094304,False,4,6,76,0,PPO,short_jobs
222,468.1944241353629,4,0,1.0,16,,-2.4237024866622665,False,4,5,77,0,PPO,short_jobs
223,468.1944241353629,4,2,0.75,0,82.0,-4.458373639031301,False,3,6,77,0,PPO,short_jobs
224,469.0956756376173,3,0,1.0,16,,-2.2871358536029627,False,3,5,78,0,PPO,short_jobs
225,473.81485677914003,3,1,0.875,16,,-3.7632787229498366,False,4,5,78,0,PPO,short_jobs
226,476.34058782697105,4,1,0.875,16,,-4.445154414771372,False,5,5,78,0,PPO,short_jobs
227,476.40728813216066,5,1,0.875,16,,-4.989737420243137,False,6,5,78,0,PPO,short_jobs
228,484.9932320677549,6,1,0.875,16,,-2.1564661483634353,False,6,4,79,0,PPO,short_jobs
229,484.9932320677549,6,3,0.625,5,87.0,-5.8615884994590015,False,5,5,79,0,PPO,short_jobs
230,487.3594107273917,5,1,0.875,16,,-3.580604783627124,False,5,4,80,0,PPO,short_jobs
231,487.3594107273917,5,2,0.75,4,49.0,-1.9201124329438575,False,4,5,80,0,PPO,short_jobs
232,490.0703047704975,4,0,1.0,16,,-1.4592604456158744,False,5,5,80,0,PPO,short_jobs
233,495.6259567547335,5,0,1.0,16,,0.6963638412430835,False,5,4,81,0,PPO,short_jobs
234,495.6259567547335,5,1,0.875,4,89.0,-2.5814361151312015,False,4,5,81,0,PPO,short_jobs
235,498.30521207827115,4,0,1.0,16,,-0.1259627101298042,False,4,4,82,0,PPO,short_jobs
236,498.59319437345823,4,1,0.875,16,,-0.7558189975570104,False,4,3,83,0,PPO,short_jobs
237,498.59319437345823,4,3,0.625,0,88.0,-2.375096999803227,False,3,4,83,0,PPO,short_jobs
238,499.7426508045918,3,1,0.875,16,,-0.19262079136078158,False,3,3,84,0,PPO,short_jobs
239,499.7426508045918,3,3,0.625,0,80.0,-1.316716384668308,False,2,4,84,0,PPO,short_jobs
240,500.5067253299519,2,1,0.875,16,,-1.180138063260191,False,3,4,84,0,PPO,short_jobs
241,500.5067253299519,3,1,0.875,1,90.0,-1.3472793656827127,False,2,5,84,0,PPO,short_jobs
242,509.23311124529414,2,0,1.0,16,,2.4852616765391566,False,2,4,85,0,PPO,short_jobs
243,515.8309194118857,2,1,0.875,16,,1.483023407481836,False,2,3,86,0,PPO,short_jobs
244,515.8309194118857,2,3,0.625,0,83.0,-0.8403212526549134,False,1,4,86,0,PPO,short_jobs
245,519.5293922647701,1,1,0.875,16,,-0.10524977314413608,False,2,4,86,0,PPO,short_jobs
246,519.5293922647701,2,1,0.875,1,91.0,-0.9142907097126011,False,1,5,86,0,PPO,short_jobs
247,519.7583645919442,1,0,1.0,16,,-0.8616270744625536,False,2,5,86,0,PPO,short_jobs
248,523.9371898481781,2,0,1.0,16,,1.958683147553046,False,2,4,87,0,PPO,short_jobs
249,523.9371898481781,2,2,0.75,0,86.0,-0.08357650512467898,False,1,5,87,0,PPO,short_jobs
250,527.5129833208288,1,0,1.0,16,,2.738855993584963,False,1,4,88,0,PPO,short_jobs
251,534.2083595650006,1,2,0.75,0,92.0,3.548747559314961,False,1,4,89,0,PPO,short_jobs
252,547.4298106712665,1,2,0.75,0,93.0,7.583692819819177,False,1,2,92,0,PPO,short_jobs
253,563.3567972476635,1,5,0.375,0,94.0,2.4885916525620217,False,1,3,92,0,PPO,short_jobs
254,574.2998908744562,1,3,0.625,0,95.0,2.051830055023629,False,1,4,92,0,PPO,short_jobs
255,576.0298582368945,1,2,0.75,0,96.0,2.370568981712225,False,1,4,93,0,PPO,short_jobs
256,587.7394247808488,1,2,0.75,0,97.0,6.113223929560377,False,1,3,95,0,PPO,short_jobs
257,590.3211560462114,1,3,0.625,0,98.0,2.5140497123794177,False,1,3,96,0,PPO,short_jobs
258,616.3262118637127,1,3,0.625,0,99.0,10.88717933751417,False,0,0,100,0,PPO,short_jobs
1,6.907410852489116,1,8,0.0,0,0.0,0.04819580376957569,False,1,1,0,1,PPO,short_jobs
2,33.78459521552975,1,7,0.125,0,1.0,4.268527049461248,False,1,1,1,1,PPO,short_jobs
3,35.61673078002891,1,6,0.25,0,2.0,0.17176270917179615,False,1,2,1,1,PPO,short_jobs
4,36.193540975562925,1,5,0.375,0,3.0,0.09012659305219017,False,1,3,1,1,PPO,short_jobs
5,45.19252640384187,1,3,0.625,0,4.0,3.871203752101061,False,1,3,2,1,PPO,short_jobs
6,47.68572189311411,1,2,0.75,0,5.0,0.545386513278304,False,1,4,2,1,PPO,short_jobs
7,50.44282877723265,1,1,0.875,0,6.0,0.6892767210296338,False,1,5,2,1,PPO,short_jobs
8,50.59139598704403,1,0,1.0,16,,0.03417045825661795,False,2,5,2,1,PPO,short_jobs
9,54.41172863665228,2,0,1.0,16,,0.7992985122215042,False,3,5,2,1,PPO,short_jobs
10,56.73376440782737,3,0,1.0,16,,2.2854021463427103,False,3,4,3,1,PPO,short_jobs
11,56.73376440782737,3,2,0.75,0,7.0,-0.16928808383916874,False,2,5,3,1,PPO,short_jobs
12,56.73376440782737,2,1,0.875,0,8.0,-0.0464407154235019,False,1,6,3,1,PPO,short_jobs
13,59.619020708389804,1,0,1.0,16,,0.6171682337058574,False,2,6,3,1,PPO,short_jobs
14,60.13500373334875,2,0,1.0,16,,2.004210593806628,False,2,5,4,1,PPO,short_jobs
15,60.13500373334875,2,2,0.75,0,10.0,-0.11446550193392951,False,1,6,4,1,PPO,short_jobs
16,60.77203066513597,1,0,1.0,16,,0.03205069237713076,False,2,6,4,1,PPO,short_jobs
17,66.67182428812873,2,0,1.0,16,,3.111750620258806,False,2,5,5,1,PPO,short_jobs
18,69.11104875099926,2,1,0.875,16,,2.0728135872487226,False,2,4,6,1,PPO,short_jobs
19,69.11104875099926,2,2,0.75,0,11.0,-0.2939864022869396,False,1,5,6,1,PPO,short_jobs
20,69.15810396771587,1,0,1.0,16,,-0.28316370244211825,False,2,5,6,1,PPO,short_jobs
21,70.20118685618364,2,0,1.0,16,,-0.07588010004304124,False,3,5,6,1,PPO,short_jobs
22,72.02194146076758,3,0,1.0,16,,2.0092925527109657,False,3,4,7,1,PPO,short_jobs
23,72.02194146076758,3,2,0.75,0,12.0,-0.38861934857398484,False,2,5,7,1,PPO,short_jobs
24,74.13246445136615,2,1,0.875,16,,-0.01136336400449034,False,3,5,7,1,PPO,short_jobs
25,74.13246445136615,3,1,0.875,0,14.0,-0.47304026819792755,False,2,6,7,1,PPO,short_jobs
26,74.77626854062763,2,0,1.0,16,,-0.3378414094530169,False,3,6,7,1,PPO,short_jobs
27,75.86978970993097,3,0,1.0,16,,1.7089765903992484,False,3,5,8,1,PPO,short_jobs
28,76.58585111099077,3,1,0.875,16,,1.549271045491657,False,3,4,9,1,PPO,short_jobs
29,76.58585111099077,3,2,0.75,0,15.0,-0.5711757345829126,False,2,5,9,1,PPO,short_jobs
30,79.39078728926445,2,0,1.0,16,,0.01786086285455979,False,3,5,9,1,PPO,short_jobs
31,81.70260730328258,3,0,1.0,16,,-0.24412737905041615,False,4,5,9,1,PPO,short_jobs
32,85.14630802285166,4,0,1.0,16,,-0.23665326022820365,False,5,5,9,1,PPO,short_jobs
33,98.39142965498772,5,0,1.0,16,,0.8891898046999338,False,6,5,9,1,PPO,short_jobs
34,99.00215667961615,6,0,1.0,16,,-0.3426960901323839,False,6,4,10,1,PPO,short_jobs
35,99.00215667961615,6,1,0.875,0,16.0,-2.1031504584824576,False,5,5,10,1,PPO,short_jobs
36,99.30208625762985,5,0,1.0,16,,-0.0581610217804025,False,5,4,11,1,PPO,short_jobs
37,99.30208625762985,5,2,0.75,4,17.0,-1.7811538371968823,False,4,5,11,1,PPO,short_jobs
38,103.9640014081866,4,0,1.0,16,,-0.9886282616022344,False,5,5,11,1,PPO,short_jobs
39,105.1444057461179,5,0,1.0,16,,0.02295360144827141,False,5,4,12,1,PPO,short_jobs
40,105.1444057461179,5,2,0.75,4,19.0,-2.1370879612119484,False,4,5,12,1,PPO,short_jobs
41,108.45792152146042,4,0,1.0,16,,-1.5737902794037195,False,5,5,12,1,PPO,short_jobs
42,112.75419967307593,5,0,1.0,16,,0.24227249950297658,False,5,4,13,1,PPO,short_jobs
43,112.75419967307593,5,2,0.75,4,21.0,-2.7458714753685913,False,4,5,13,1,PPO,short_jobs
44,113.72719364727864,4,1,0.875,16,,-0.6108685614479659,False,4,4,14,1,PPO,short_jobs
45,113.72719364727864,4,2,0.75,0,20.0,-2.6284471485229672,False,3,5,14,1,PPO,short_jobs
46,122.65775931099836,3,0,1.0,16,,-0.931639672416221,False,4,5,14,1,PPO,short_jobs
47,125.00939959007889,4,0,1.0,16,,-0.7645022409024609,False,4,4,15,1,PPO,short_jobs
48,125.00939959007889,4,2,0.75,0,22.0,-3.305379505090982,False,3,5,15,1,PPO,short_jobs
49,126.80834370568583,3,1,0.875,16,,-1.0197971267383785,False,3,4,16,1,PPO,short_jobs
50,126.80834370568583,3,2,0.75,0,9.0,-1.9653838506467274,False,2,5,16,1,PPO,short_jobs
51,132.63076260568025,2,0,1.0,16,,1.2573241183521002,False,2,4,17,1,PPO,short_jobs
52,132.63076260568025,2,2,0.75,0,13.0,-0.9496890916565718,False,1,5,17,1,PPO,short_jobs
53,132.81202525974516,1,0,1.0,16,,-0.9079986812216427,False,2,5,17,1,PPO,short_jobs
54,138.2811725447977,2,0,1.0,16,,2.195206585123164,False,2,4,18,1,PPO,short_jobs
55,138.2811725447977,2,2,0.75,0,23.0,-1.062697290438921,False,1,5,18,1,PPO,short_jobs
56,138.6412152630468,1,0,1.0,16,,-0.9798874652416267,False,2,5,18,1,PPO,short_jobs
57,140.28426152631488,2,0,1.0,16,,-0.724858429517607,False,3,5,18,1,PPO,short_jobs
58,142.11708335813398,3,0,1.0,16,,1.2126161527110038,False,3,4,19,1,PPO,short_jobs
59,146.19981128224634,3,1,0.875,16,,1.4025437527090634,False,3,3,20,1,PPO,short_jobs
60,146.19981128224634,3,2,0.75,0,25.0,-1.3722419855718846,False,2,4,20,1,PPO,short_jobs
61,147.45780278664162,2,0,1.0,16,,-1.1080637696488762,False,3,4,20,1,PPO,short_jobs
62,148.24657768478716,3,0,1.0,16,,-1.2726944151000443,False,4,4,20,1,PPO,short_jobs
63,160.40368411950203,4,0,1.0,16,,2.596819954265101,False,4,3,21,1,PPO,short_jobs
64,160.40368411950203,4,2,0.75,0,24.0,-2.0072072772845133,False,3,4,21,1,PPO,short_jobs
65,160.4483545135941,3,0,1.0,16,,0.0012800975929794234,False,3,3,22,1,PPO,short_jobs
66,160.4483545135941,3,2,0.75,0,26.0,-1.7500764663909878,False,2,4,22,1,PPO,short_jobs
67,175.5343926085748,2,0,1.0,16,,3.4179915335549578,False,2,3,23,1,PPO,short_jobs
68,175.5343926085748,2,2,0.75,0,18.0,-0.5457562984757527,False,1,4,23,1,PPO,short_jobs
69,184.8696194406939,1,0,1.0,16,,3.6013458729116414,False,1,3,24,1,PPO,short_jobs
70,190.36122547536309,1,2,0.75,0,27.0,3.029612497683374,False,1,3,25,1,PPO,short_jobs
71,191.54093326969095,1,3,0.625,0,28.0,0.22119521143647347,False,1,4,25,1,PPO,short_jobs
72,203.9315640940325,1,2,0.75,0,29.0,2.7104504928247124,False,1,5,25,1,PPO,short_jobs
73,206.17347020040992,1,1,0.875,16,,2.445578838642514,False,1,4,26,1,PPO,short_jobs
74,213.4428213685794,1,3,0.625,0,30.0,3.5720290201844023,False,1,4,27,1,PPO,short_jobs
75,215.04240766556046,1,2,0.75,0,31.0,0.3499095024646124,False,1,5,27,1,PPO,short_jobs
76,224.04863231825442,1,1,0.875,0,32.0,5.853130374722582,False,1,4,29,1,PPO,short_jobs
77,224.287707943962,1,3,0.625,0,33.0,2.049111678027927,False,1,4,30,1,PPO,short_jobs
78,231.06608326701095,1,2,0.75,0,34.0,1.4827696019169565,False,1,5,30,1,PPO,short_jobs
79,237.04910065849793,1,1,0.875,0,35.0,5.0657102299560535,False,1,4,32,1,PPO,short_jobs
80,237.3452347163063,1,3,0.625,0,36.0,0.06477932514557949,False,1,5,32,1,PPO,short_jobs
81,242.8636776346685,1,1,0.875,0,37.0,7.085297551700364,False,1,3,35,1,PPO,short_jobs
82,261.6441423867199,1,3,0.625,0,38.0,5.552796777099658,False,1,3,36,1,PPO,short_jobs
83,265.65057645996416,1,2,0.75,0,39.0,1.001608518311059,False,1,4,36,1,PPO,short_jobs
84,267.8056331336692,1,0,1.0,16,,2.4956630349521545,False,1,3,37,1,PPO,short_jobs
85,268.4784196485619,1,2,0.75,0,40.0,0.1681966287231802,False,1,4,37,1,PPO,short_jobs
86,271.5095944312836,1,0,1.0,16,,0.6971702000259858,False,2,4,37,1,PPO,short_jobs
87,273.53908454253093,2,0,1.0,16,,2.365569427707511,False,2,3,38,1,PPO,short_jobs
88,273.53908454253093,2,2,0.75,0,41.0,-0.04058980222494711,False,1,4,38,1,PPO,short_jobs
89,273.5900558513531,1,0,1.0,16,,1.971133598804152,False,1,3,39,1,PPO,short_jobs
90,277.34190045137905,1,2,0.75,0,42.0,2.7914937310594468,False,1,3,40,1,PPO,short_jobs
91,279.9867043392478,1,3,0.625,0,43.0,0.4959007289753927,False,1,4,40,1,PPO,short_jobs
92,281.3286032667097,1,2,0.75,0,44.0,2.248534415756943,False,1,4,41,1,PPO,short_jobs
93,286.46226239125633,1,3,0.625,0,45.0,0.9625610858524922,False,1,5,41,1,PPO,short_jobs
94,293.67334208097554,1,2,0.75,0,46.0,3.7393323101648903,False,1,5,42,1,PPO,short_jobs
95,297.7249758118772,1,1,0.875,0,47.0,1.0129084327254105,False,1,6,42,1,PPO,short_jobs
96,302.7537994320838,1,0,1.0,16,,3.1566294326475166,False,1,5,43,1,PPO,short_jobs
97,305.0873608084497,1,1,0.875,16,,2.3632188511485923,False,1,4,44,1,PPO,short_jobs
98,308.9307213496471,1,3,0.625,0,48.0,0.8407351183869309,False,1,5,44,1,PPO,short_jobs
99,309.67530822547155,1,1,0.875,0,49.0,0.18614671895610968,False,1,6,44,1,PPO,short_jobs
100,311.3985615418185,1,0,1.0,16,,0.39634826275979324,False,2,6,44,1,PPO,short_jobs
101,311.6481015701295,2,0,1.0,16,,2.017938339618372,False,2,5,45,1,PPO,short_jobs
102,311.6481015701295,2,1,0.875,1,51.0,-0.0394558668931586,False,1,6,45,1,PPO,short_jobs
103,312.0240042199195,1,0,1.0,16,,0.047001742558546195,False,2,6,45,1,PPO,short_jobs
104,312.1563352144365,2,0,1.0,16,,-0.01918441104038493,False,3,6,45,1,PPO,short_jobs
105,315.2428925121597,3,0,1.0,16,,0.5341787268977635,False,4,6,45,1,PPO,short_jobs
106,318.4408636786538,4,0,1.0,16,,2.3061945007709643,False,4,5,46,1,PPO,short_jobs
107,318.4408636786538,4,2,0.75,0,50.0,-0.3179871817889125,False,3,6,46,1,PPO,short_jobs
108,319.60962405688764,3,0,1.0,16,,-0.09592270992447993,False,4,6,46,1,PPO,short_jobs
109,323.0127434598234,4,0,1.0,16,,2.1904174940161374,False,4,5,47,1,PPO,short_jobs
110,323.0127434598234,4,1,0.875,1,52.0,-0.44058757191972747,False,3,6,47,1,PPO,short_jobs
111,325.27871061037797,3,0,1.0,16,,1.9899461866856387,False,3,5,48,1,PPO,short_jobs
112,325.27871061037797,3,1,0.875,1,53.0,-0.3140980930341721,False,2,6,48,1,PPO,short_jobs
113,326.3885126700869,2,0,1.0,16,,1.9189603395047083,False,2,5,49,1,PPO,short_jobs
114,330.10304013502275,2,1,0.875,16,,0.30548160893474174,False,3,5,49,1,PPO,short_jobs
115,330.10304013502275,3,1,0.875,1,56.0,-0.5070712740199633,False,2,6,49,1,PPO,short_jobs
116,333.2566078583966,2,0,1.0,16,,2.155177947888543,False,2,5,50,1,PPO,short_jobs
117,333.6163084357152,2,1,0.875,16,,-0.5689175047592119,False,3,5,50,1,PPO,short_jobs
118,333.6163084357152,3,1,0.875,1,57.0,-0.6476020060476617,False,2,6,50,1,PPO,short_jobs
119,334.69623155765754,2,0,1.0,16,,-0.42081815043977255,False,3,6,50,1,PPO,short_jobs
120,334.73180862104334,3,0,1.0,16,,-0.6840392888820526,False,4,6,50,1,PPO,short_jobs
121,336.07333952963546,4,0,1.0,16,,-0.4648733002678427,False,5,6,50,1,PPO,short_jobs
122,338.6715288152581,5,0,1.0,16,,-0.41052763457247465,False,6,6,50,1,PPO,short_jobs
123,339.367620140434,6,0,1.0,16,,1.0304169162947254,False,6,5,51,1,PPO,short_jobs
124,339.367620140434,6,2,0.75,5,54.0,-0.6611113624337566,False,5,6,51,1,PPO,short_jobs
125,340.79546668824355,5,0,1.0,16,,1.5530656197376782,False,5,5,52,1,PPO,short_jobs
126,340.79546668824355,5,2,0.75,4,59.0,-0.6826228558707089,False,4,6,52,1,PPO,short_jobs
127,344.89216535004607,4,0,1.0,16,,0.01381591663571946,False,5,6,52,1,PPO,short_jobs
128,346.27613904738195,5,0,1.0,16,,-0.8027626942145292,False,6,6,52,1,PPO,short_jobs
129,350.2482067137363,6,0,1.0,16,,-0.6323873219224327,False,7,6,52,1,PPO,short_jobs
130,351.83498898468633,7,0,1.0,16,,-1.4508581887065157,False,8,6,52,1,PPO,short_jobs
131,364.57117122572384,8,0,1.0,16,,-0.7012973547506496,False,9,6,52,1,PPO,short_jobs
132,367.4587612150804,9,0,1.0,16,,-1.6832116157550674,False,9,5,53,1,PPO,short_jobs
133,367.4587612150804,9,1,0.875,6,66.0,-4.347357313307079,False,8,6,53,1,PPO,short_jobs
134,367.81621238263847,8,0,1.0,16,,-2.315186708226854,False,8,5,54,1,PPO,short_jobs
135,367.81621238263847,8,1,0.875,6,63.0,-3.9737480334112365,False,7,6,54,1,PPO,short_jobs
136,374.22431533736767,7,0,1.0,16,,-1.2688567083910245,False,7,5,55,1,PPO,short_jobs
137,374.22431533736767,7,2,0.75,5,62.0,-4.284239447326893,False,6,6,55,1,PPO,short_jobs
138,374.45289419993406,6,0,1.0,16,,-2.2545241951932615,False,6,5,56,1,PPO,short_jobs
139,374.45289419993406,6,1,0.875,5,65.0,-3.8593108065299053,False,5,6,56,1,PPO,short_jobs
140,380.2993119664142,5,0,1.0,16,,-0.9823481415578819,False,5,5,57,1,PPO,short_jobs
141,380.2993119664142,5,2,0.75,4,61.0,-3.611396920154799,False,4,6,57,1,PPO,short_jobs
142,380.3225425418516,4,0,1.0,16,,-1.6074477223304466,False,4,5,58,1,PPO,short_jobs
143,380.3225425418516,4,1,0.875,2,58.0,-2.7007291465059073,False,3,6,58,1,PPO,short_jobs
144,387.71079739372203,3,0,1.0,16,,0.7030392753494765,False,3,5,59,1,PPO,short_jobs
145,387.71079739372203,3,2,0.75,0,64.0,-2.3947726240184193,False,2,6,59,1,PPO,short_jobs
146,390.4153797439406,2,0,1.0,16,,0.17318966952748083,False,2,5,60,1,PPO,short_jobs
147,391.9238942691736,2,1,0.875,16,,-0.23330894664175617,False,2,4,61,1,PPO,short_jobs
148,391.9238942691736,2,2,0.75,0,55.0,-1.1170110947907632,False,1,5,61,1,PPO,short_jobs
149,392.913426960737,1,0,1.0,16,,-0.8894185757311817,False,2,5,61,1,PPO,short_jobs
150,393.77272885847634,2,0,1.0,16,,-0.956348350096772,False,3,5,61,1,PPO,short_jobs
151,394.91315156889607,3,0,1.0,16,,1.0455064904481441,False,3,4,62,1,PPO,short_jobs
152,394.91315156889607,3,1,0.875,1,67.0,-1.1996046949936068,False,2,5,62,1,PPO,short_jobs
153,397.5417657376224,2,0,1.0,16,,-0.6475957195610715,False,3,5,62,1,PPO,short_jobs
154,401.87367383282196,3,0,1.0,16,,1.5183132763452512,False,3,4,63,1,PPO,short_jobs
155,401.87367383282196,3,1,0.875,1,68.0,-1.402644847967721,False,2,5,63,1,PPO,short_jobs
156,402.8719421420374,2,0,1.0,16,,0.806991496967526,False,2,4,64,1,PPO,short_jobs
157,402.8719421420374,2,2,0.75,0,60.0,-0.10660352808829998,False,1,5,64,1,PPO,short_jobs
158,402.9205987553201,1,0,1.0,16,,-0.09541250703328501,False,2,5,64,1,PPO,short_jobs
159,403.6096986146166,2,0,1.0,16,,0.03713431009831253,False,3,5,64,1,PPO,short_jobs
160,403.97041132078124,3,0,1.0,16,,-0.06660524055453323,False,4,5,64,1,PPO,short_jobs
161,409.38791225925615,4,0,1.0,16,,2.764191742445044,False,4,4,65,1,PPO,short_jobs
162,409.38791225925615,4,1,0.875,0,71.0,-0.47461921928089396,False,3,5,65,1,PPO,short_jobs
163,410.82737138942906,3,0,1.0,16,,-0.20112198454804175,False,4,5,65,1,PPO,short_jobs
164,415.4631110696457,4,0,1.0,16,,2.227088978545564,False,4,4,66,1,PPO,short_jobs
165,415.4631110696457,4,2,0.75,0,73.0,-0.8391311479042679,False,3,5,66,1,PPO,short_jobs
166,417.326354232649,3,0,1.0,16,,1.5148850530663571,False,3,4,67,1,PPO,short_jobs
167,417.326354232649,3,1,0.875,1,70.0,-0.662810628137887,False,2,5,67,1,PPO,short_jobs
168,420.9675337320378,2,0,1.0,16,,0.10183706673375748,False,3,5,67,1,PPO,short_jobs
169,424.7175920879462,3,0,1.0,16,,-0.0959467204908464,False,4,5,67,1,PPO,short_jobs
170,426.69576834348567,4,0,1.0,16,,1.302828653973773,False,4,4,68,1,PPO,short_jobs
171,426.69576834348567,4,2,0.75,0,69.0,-0.6086353577938359,False,3,5,68,1,PPO,short_jobs
172,427.9134794063669,3,0,1.0,16,,-0.37727025584640383,False,4,5,68,1,PPO,short_jobs
173,430.47950356438974,4,0,1.0,16,,-0.24547391470282376,False,5,5,68,1,PPO,short_jobs
174,433.86186228310123,5,0,1.0,16,,-0.3796261464018147,False,6,5,68,1,PPO,short_jobs
175,436.926069882769,6,0,1.0,16,,1.1731311618771252,False,6,4,69,1,PPO,short_jobs
176,436.926069882769,6,2,0.75,5,78.0,-1.5316365860464647,False,5,5,69,1,PPO,short_jobs
177,443.4129593613488,5,0,1.0,16,,1.441396835740501,False,5,4,70,1,PPO,short_jobs
178,443.4129593613488,5,1,0.875,4,75.0,-1.8064181884363892,False,4,5,70,1,PPO,short_jobs
179,444.2059672888957,4,0,1.0,16,,0.3283931592465854,False,4,4,71,1,PPO,short_jobs
180,444.2059672888957,4,2,0.75,0,76.0,-1.5440090649895661,False,3,5,71,1,PPO,short_jobs
181,445.1810202149524,3,0,1.0,16,,-1.3587490090387895,False,4,5,71,1,PPO,short_jobs
182,447.9166662966776,4,0,1.0,16,,-1.1374524066596887,False,5,5,71,1,PPO,short_jobs
183,454.3015945964501,5,0,1.0,16,,-0.8636246821251046,False,6,5,71,1,PPO,short_jobs
184,454.66669275284767,6,0,1.0,16,,-2.4123939967365544,False,7,5,71,1,PPO,short_jobs
185,459.6101933479578,7,0,1.0,16,,0.040116529626174735,False,7,4,72,1,PPO,short_jobs
186,459.6101933479578,7,2,0.75,5,74.0,-2.422905426832963,False,6,5,72,1,PPO,short_jobs
187,459.6101933479578,6,1,0.875,4,72.0,-1.3101097862894313,False,5,6,72,1,PPO,short_jobs
188,460.64329026997837,5,0,1.0,16,,0.8448547520136509,False,5,5,73,1,PPO,short_jobs
189,460.64329026997837,5,1,0.875,0,82.0,-1.293887528148872,False,4,6,73,1,PPO,short_jobs
190,461.2295885914524,4,0,1.0,16,,0.8057831865017135,False,4,5,74,1,PPO,short_jobs
191,461.2295885914524,4,2,0.75,0,81.0,-1.202231513966749,False,3,6,74,1,PPO,short_jobs
192,461.2295885914524,3,1,0.875,0,77.0,-0.5872298134254959,False,2,7,74,1,PPO,short_jobs
193,464.94163182575505,2,0,1.0,16,,2.1922992657780616,False,2,6,75,1,PPO,short_jobs
194,466.51807275152595,2,1,0.875,16,,-0.45392272731605265,False,3,6,75,1,PPO,short_jobs
195,466.51807275152595,3,1,0.875,0,83.0,-0.798769179828438,False,2,7,75,1,PPO,short_jobs
196,466.7041874413265,2,0,1.0,16,,1.2403149050296771,False,2,6,76,1,PPO,short_jobs
197,467.8111897193765,2,1,0.875,16,,-0.6083371102190216,False,3,6,76,1,PPO,short_jobs
198,467.8111897193765,3,1,0.875,0,84.0,-0.85049385854246,False,2,7,76,1,PPO,short_jobs
199,470.8122182611463,2,0,1.0,16,,1.7797221352292008,False,2,6,77,1,PPO,short_jobs
200,474.9001005281271,2,1,0.875,16,,-0.23982604499043192,False,3,6,77,1,PPO,short_jobs
201,475.82199903059774,3,1,0.875,16,,1.0123010963747372,False,3,5,78,1,PPO,short_jobs
202,475.82199903059774,3,2,0.75,0,85.0,-1.1709262309913095,False,2,6,78,1,PPO,short_jobs
203,476.47214554072576,2,0,1.0,16,,-1.0343954638644244,False,3,6,78,1,PPO,short_jobs
204,477.0429397458557,3,0,1.0,16,,-1.0884811924217468,False,4,6,78,1,PPO,short_jobs
205,479.33236977135664,4,0,1.0,16,,1.1580233606309382,False,4,5,79,1,PPO,short_jobs
206,479.33236977135664,4,2,0.75,0,87.0,-1.3685455452342832,False,3,6,79,1,PPO,short_jobs
207,479.36534836439944,3,1,0.875,16,,0.6366898064112541,False,3,5,80,1,PPO,short_jobs
208,479.36534836439944,3,2,0.75,0,80.0,-0.7415506194624141,False,2,6,80,1,PPO,short_jobs
209,480.0063824490614,2,0,1.0,16,,-0.6069334616834039,False,3,6,80,1,PPO,short_jobs
210,483.70349113238893,3,0,1.0,16,,-0.06474133301665919,False,4,6,80,1,PPO,short_jobs
211,483.8585153669847,4,0,1.0,16,,-0.9626643839672635,False,5,6,80,1,PPO,short_jobs
212,485.0631235298605,5,0,1.0,16,,-0.8207292181848385,False,6,6,80,1,PPO,short_jobs
213,486.26618054815106,6,0,1.0,16,,-0.9654838465260116,False,7,6,80,1,PPO,short_jobs
214,489.69716985777546,7,0,1.0,16,,-0.888839277039968,False,8,6,80,1,PPO,short_jobs
215,491.5604333060974,8,0,1.0,16,,0.4211071059029061,False,8,5,81,1,PPO,short_jobs
216,491.5604333060974,8,1,0.875,4,90.0,-1.8906703973953292,False,7,6,81,1,PPO,short_jobs
217,497.753771255232,7,0,1.0,16,,-1.2094032229905274,False,8,6,81,1,PPO,short_jobs
218,499.62159175134457,8,0,1.0,16,,-2.5896338656240347,False,9,6,81,1,PPO,short_jobs
219,499.7972656993869,9,0,1.0,16,,-1.0442918132892167,False,9,5,82,1,PPO,short_jobs
220,499.7972656993869,9,1,0.875,2,88.0,-2.6923926352932925,False,8,6,82,1,PPO,short_jobs
221,500.85041030186346,8,0,1.0,16,,-0.5976096210704034,False,8,5,83,1,PPO,short_jobs
222,505.14942279402214,8,1,0.875,16,,-2.6083287877752253,False,9,5,83,1,PPO,short_jobs
223,505.14942279402214,9,1,0.875,2,96.0,-3.5487377704349297,False,8,6,83,1,PPO,short_jobs
224,506.71403830733834,8,0,1.0,16,,-1.4079223742364717,False,8,5,84,1,PPO,short_jobs
225,507.86524962218584,8,1,0.875,16,,-1.7314425878182274,False,8,4,85,1,PPO,short_jobs
226,507.86524962218584,8,3,0.625,5,79.0,-2.729585474796453,False,7,5,85,1,PPO,short_jobs
227,515.0355417896127,7,1,0.875,16,,-2.1649249666115886,False,8,5,85,1,PPO,short_jobs
228,515.8047306107476,8,1,0.875,16,,-1.6882365349945339,False,8,4,86,1,PPO,short_jobs
229,515.8047306107476,8,2,0.75,5,95.0,-3.5328338124297343,False,7,5,86,1,PPO,short_jobs
230,518.1706072975805,7,0,1.0,16,,-3.2725873768781084,False,8,5,86,1,PPO,short_jobs
231,518.3112636269817,8,0,1.0,16,,-1.8513974789402439,False,8,4,87,1,PPO,short_jobs
232,518.3112636269817,8,2,0.75,5,89.0,-3.19440611139868,False,7,5,87,1,PPO,short_jobs
233,518.9943826312528,7,0,1.0,16,,-3.119263020928855,False,8,5,87,1,PPO,short_jobs
234,521.7187126041415,8,0,1.0,16,,-1.0448530744366598,False,8,4,88,1,PPO,short_jobs
235,521.7187126041415,8,2,0.75,5,98.0,-3.654973461527604,False,7,5,88,1,PPO,short_jobs
236,521.7187126041415,7,1,0.875,2,99.0,-3.600486862069831,False,6,6,88,1,PPO,short_jobs
237,532.4870957313844,6,0,1.0,16,,-0.2005970555282488,False,6,5,89,1,PPO,short_jobs
238,532.4870957313844,6,2,0.75,5,91.0,-3.9442133933085053,False,5,6,89,1,PPO,short_jobs
239,533.252250091073,5,0,1.0,16,,-1.8294402393552138,False,5,5,90,1,PPO,short_jobs
240,539.6108087053638,5,1,0.875,16,,-1.2656499938303494,False,5,4,91,1,PPO,short_jobs
241,539.6108087053638,5,2,0.75,4,86.0,-3.3938114274136764,False,4,5,91,1,PPO,short_jobs
242,542.2524770180487,4,0,1.0,16,,-0.9447278142572362,False,4,4,92,1,PPO,short_jobs
243,542.2524770180487,4,2,0.75,0,92.0,-2.485418963030519,False,3,5,92,1,PPO,short_jobs
244,554.584193216255,3,0,1.0,16,,1.8576071146286823,False,3,4,93,1,PPO,short_jobs
245,555.7993729350759,3,1,0.875,16,,-1.0324121545600806,False,3,3,94,1,PPO,short_jobs
246,555.7993729350759,3,2,0.75,0,93.0,-1.9761886565061424,False,2,4,94,1,PPO,short_jobs
247,568.5953888275257,2,0,1.0,16,,2.7109746809083073,False,2,3,95,1,PPO,short_jobs
248,568.5953888275257,2,2,0.75,0,94.0,-1.071196940758259,False,1,4,95,1,PPO,short_jobs
249,569.6821142926171,1,0,1.0,16,,1.1787499162127835,False,1,3,96,1,PPO,short_jobs
250,611.3075164220952,1,2,0.75,0,97.0,14.547316157254073,False,0,0,100,1,PPO,short_jobs
1,1.743220012610284,1,8,0.0,0,0.0,0.06836964578689697,False,1,1,0,2,PPO,short_jobs
2,4.310614979532345,1,6,0.25,0,1.0,0.24069327814894326,False,1,2,0,2,PPO,short_jobs
3,7.84805399949039,1,5,0.375,0,2.0,0.4421798774947556,False,1,3,0,2,PPO,short_jobs
4,13.913826123538602,1,4,0.5,0,3.0,1.1373322732590396,False,1,4,0,2,PPO,short_jobs
5,20.612692336850223,1,2,0.75,0,4.0,1.465376984161917,False,1,5,0,2,PPO,short_jobs
6,21.164174798834974,1,1,0.875,16,,2.1096071393194693,False,1,4,1,2,PPO,short_jobs
7,21.850766286144882,1,3,0.625,0,5.0,0.15019188784904225,False,1,5,1,2,PPO,short_jobs
8,22.72320064312989,1,1,0.875,16,,0.17339632845077005,False,2,5,1,2,PPO,short_jobs
9,22.72320064312989,2,1,0.875,1,7.0,-0.01744868713970014,False,1,6,1,2,PPO,short_jobs
10,25.251450446096833,1,0,1.0,16,,0.5640487675426973,False,2,6,1,2,PPO,short_jobs
11,28.127308551019784,2,0,1.0,16,,0.5359165188347808,False,3,6,1,2,PPO,short_jobs
12,28.537121250779773,3,0,1.0,16,,1.8948164055584409,False,3,5,2,2,PPO,short_jobs
13,28.537121250779773,3,2,0.75,0,6.0,-0.0739096700888586,False,2,6,2,2,PPO,short_jobs
14,33.249051122087884,2,0,1.0,16,,2.915595602885845,False,2,5,3,2,PPO,short_jobs
15,33.249051122087884,2,2,0.75,0,8.0,-0.10243485142136201,False,1,6,3,2,PPO,short_jobs
16,34.646658226048196,1,0,1.0,16,,2.2190147824895097,False,1,5,4,2,PPO,short_jobs
17,37.36727931211676,1,1,0.875,16,,0.41033644735555885,False,2,5,4,2,PPO,short_jobs
18,37.412332934845026,2,1,0.875,16,,1.8232539198407387,False,2,4,5,2,PPO,short_jobs
19,37.412332934845026,2,3,0.625,0,10.0,-0.18570048767650485,False,1,5,5,2,PPO,short_jobs
20,39.150296720817124,1,1,0.875,16,,0.15971981478545022,False,2,5,5,2,PPO,short_jobs
21,43.785668419931625,2,1,0.875,16,,0.6081129278207702,False,3,5,5,2,PPO,short_jobs
22,43.785668419931625,3,1,0.875,0,12.0,-0.4058746313605268,False,2,6,5,2,PPO,short_jobs
23,45.07700590289367,2,0,1.0,16,,1.8653062400615021,False,2,5,6,2,PPO,short_jobs
24,49.12775530180412,2,1,0.875,16,,0.2665433243762352,False,3,5,6,2,PPO,short_jobs
25,50.02736813152373,3,1,0.875,16,,1.523255430082561,False,3,4,7,2,PPO,short_jobs
26,50.02736813152373,3,2,0.75,0,9.0,-0.23553368480852427,False,2,5,7,2,PPO,short_jobs
27,51.33905324180103,2,0,1.0,16,,0.039920188349709285,False,3,5,7,2,PPO,short_jobs
28,59.56358283803512,3,0,1.0,16,,3.2746595340648597,False,3,4,8,2,PPO,short_jobs
29,59.56358283803512,3,1,0.875,0,14.0,-0.6169822730689798,False,2,5,8,2,PPO,short_jobs
30,65.28585045090965,2,0,1.0,16,,0.5846939256346719,False,3,5,8,2,PPO,short_jobs
31,73.29758994071118,3,0,1.0,16,,2.6763575254783287,False,3,4,9,2,PPO,short_jobs
32,73.29758994071118,3,2,0.75,0,13.0,-0.8431806541939116,False,2,5,9,2,PPO,short_jobs
33,73.47678033952631,2,0,1.0,16,,1.1944493295572673,False,2,4,10,2,PPO,short_jobs
34,73.47678033952631,2,1,0.875,0,15.0,-0.6865296723741838,False,1,5,10,2,PPO,short_jobs
35,73.54869531253863,1,0,1.0,16,,-0.669989228581352,False,2,5,10,2,PPO,short_jobs
36,73.78956076302795,2,0,1.0,16,,1.3626137727683278,False,2,4,11,2,PPO,short_jobs
37,75.33044510575291,2,1,0.875,16,,1.5778304864080832,False,2,3,12,2,PPO,short_jobs
38,75.33044510575291,2,3,0.625,0,11.0,-0.03563499586428577,False,1,4,12,2,PPO,short_jobs
39,78.44099461852645,1,1,0.875,16,,2.5825867197994525,False,1,3,13,2,PPO,short_jobs
40,87.69613194929221,1,3,0.625,0,16.0,3.915974429008738,False,1,3,14,2,PPO,short_jobs
41,88.06809464986964,1,3,0.625,0,17.0,0.08136684075131129,False,1,4,14,2,PPO,short_jobs
42,88.83660972430644,1,1,0.875,0,18.0,0.19212876860920147,False,1,5,14,2,PPO,short_jobs
43,89.27538880543058,1,0,1.0,16,,0.10091918865855191,False,2,5,14,2,PPO,short_jobs
44,92.38924527964045,2,0,1.0,16,,0.6451342779615895,False,3,5,14,2,PPO,short_jobs
45,101.59624421993854,3,0,1.0,16,,1.61599995806576,False,4,5,14,2,PPO,short_jobs
46,105.50241854527236,4,0,1.0,16,,1.9782998582979867,False,4,4,15,2,PPO,short_jobs
47,105.50241854527236,4,2,0.75,0,20.0,-0.6737031282386332,False,3,5,15,2,PPO,short_jobs
48,108.90052092376608,3,1,0.875,16,,1.8657456243472446,False,3,4,16,2,PPO,short_jobs
49,108.90052092376608,3,3,0.625,0,22.0,-0.7315037368717054,False,2,5,16,2,PPO,short_jobs
50,109.26646575022777,2,1,0.875,16,,-0.6660910991416801,False,3,5,16,2,PPO,short_jobs
51,113.19224217146287,3,1,0.875,16,,-0.12292452305910173,False,4,5,16,2,PPO,short_jobs
52,113.19224217146287,4,1,0.875,3,24.0,-0.9816881152042788,False,3,6,16,2,PPO,short_jobs
53,114.21655925915886,3,0,1.0,16,,1.2129321314579595,False,3,5,17,2,PPO,short_jobs
54,115.29970673665262,3,1,0.875,16,,1.1288025215860977,False,3,4,18,2,PPO,short_jobs
55,115.29970673665262,3,2,0.75,0,19.0,-0.5788740488687407,False,2,5,18,2,PPO,short_jobs
56,117.39616282526575,2,0,1.0,16,,1.8613817297400153,False,2,4,19,2,PPO,short_jobs
57,118.72269760536517,2,1,0.875,16,,-0.4256142004704948,False,3,4,19,2,PPO,short_jobs
58,118.72269760536517,3,1,0.875,2,25.0,-0.7157936836172425,False,2,5,19,2,PPO,short_jobs
59,123.58762247013789,2,0,1.0,16,,0.3058405379850282,False,3,5,19,2,PPO,short_jobs
60,125.91697910774536,3,0,1.0,16,,1.532187082937269,False,3,4,20,2,PPO,short_jobs
61,125.91697910774536,3,2,0.75,0,26.0,-1.0035649437124503,False,2,5,20,2,PPO,short_jobs
62,129.33840753579761,2,1,0.875,16,,-0.3919846121981083,False,3,5,20,2,PPO,short_jobs
63,129.33840753579761,3,1,0.875,0,27.0,-1.1404220808345402,False,2,6,20,2,PPO,short_jobs
64,132.11587406187178,2,0,1.0,16,,-0.5571541103589659,False,3,6,20,2,PPO,short_jobs
65,134.6421376529655,3,0,1.0,16,,-0.771530659569702,False,4,6,20,2,PPO,short_jobs
66,135.73059161935473,4,0,1.0,16,,-1.2180593830569588,False,5,6,20,2,PPO,short_jobs
67,137.63014160819048,5,0,1.0,16,,-1.2052403763289048,False,6,6,20,2,PPO,short_jobs
68,143.14776519314955,6,0,1.0,16,,1.0371631925068345,False,6,5,21,2,PPO,short_jobs
69,143.14776519314955,6,1,0.875,4,28.0,-2.121604881107377,False,5,6,21,2,PPO,short_jobs
70,144.60229614709817,5,0,1.0,16,,-1.903425238015084,False,6,6,21,2,PPO,short_jobs
71,148.86259856067636,6,0,1.0,16,,-1.7132186627370745,False,7,6,21,2,PPO,short_jobs
72,151.47550307437297,7,0,1.0,16,,-0.49087476962499466,False,7,5,22,2,PPO,short_jobs
73,151.47550307437297,7,2,0.75,5,29.0,-2.807433589620997,False,6,6,22,2,PPO,short_jobs
74,154.21371205128582,6,0,1.0,16,,-0.4514664226223255,False,6,5,23,2,PPO,short_jobs
75,154.21371205128582,6,1,0.875,4,31.0,-2.8043472579886326,False,5,6,23,2,PPO,short_jobs
76,157.67278834524416,5,0,1.0,16,,-0.28548581389488303,False,5,5,24,2,PPO,short_jobs
77,157.67278834524416,5,2,0.75,4,32.0,-2.8888450434215462,False,4,6,24,2,PPO,short_jobs
78,158.43675544162804,4,0,1.0,16,,-2.758970637036287,False,5,6,24,2,PPO,short_jobs
79,161.01936860834198,5,0,1.0,16,,-0.5625704361251658,False,5,5,25,2,PPO,short_jobs
80,161.01936860834198,5,1,0.875,1,33.0,-2.965088326850339,False,4,6,25,2,PPO,short_jobs
81,162.04000409062357,4,0,1.0,16,,-2.7915802948624684,False,5,6,25,2,PPO,short_jobs
82,163.90436085538806,5,0,1.0,16,,-2.7670856507181916,False,6,6,25,2,PPO,short_jobs
83,164.077388486811,6,0,1.0,16,,-1.210681249824333,False,6,5,26,2,PPO,short_jobs
84,164.077388486811,6,1,0.875,3,35.0,-3.21319046975632,False,5,6,26,2,PPO,short_jobs
85,169.20302793207222,5,0,1.0,16,,-2.444344552967137,False,6,6,26,2,PPO,short_jobs
86,175.4285992568506,6,0,1.0,16,,-0.9164301420612526,False,6,5,27,2,PPO,short_jobs
87,175.4285992568506,6,2,0.75,5,37.0,-4.348311546760279,False,5,6,27,2,PPO,short_jobs
88,176.97272316335156,5,1,0.875,16,,-2.164946832863288,False,5,5,28,2,PPO,short_jobs
89,176.97272316335156,5,2,0.75,4,23.0,-3.1485987891478993,False,4,6,28,2,PPO,short_jobs
90,186.807698362015,4,0,1.0,16,,-1.476653005375114,False,5,6,28,2,PPO,short_jobs
91,189.2279070081318,5,0,1.0,16,,-1.572365508123454,False,5,5,29,2,PPO,short_jobs
92,189.2279070081318,5,2,0.75,4,38.0,-4.12901349673032,False,4,6,29,2,PPO,short_jobs
93,191.4746049744113,4,0,1.0,16,,-1.7470748424628049,False,4,5,30,2,PPO,short_jobs
94,191.5717657378807,4,1,0.875,16,,-4.295268278101303,False,5,5,30,2,PPO,short_jobs
95,191.5717657378807,5,1,0.875,1,39.0,-4.31652219511023,False,4,6,30,2,PPO,short_jobs
96,192.74789487293316,4,0,1.0,16,,-2.1165802421513114,False,4,5,31,2,PPO,short_jobs
97,196.76573910084113,4,1,0.875,16,,-3.853136639292196,False,5,5,31,2,PPO,short_jobs
98,198.24909751822517,5,1,0.875,16,,-4.555891252082713,False,6,5,31,2,PPO,short_jobs
99,200.98706085395216,6,1,0.875,16,,-2.610002026482431,False,6,4,32,2,PPO,short_jobs
100,200.98706085395216,6,3,0.625,5,21.0,-3.036975194686473,False,5,5,32,2,PPO,short_jobs
101,201.14920030753646,5,1,0.875,16,,-3.017721134573339,False,6,5,32,2,PPO,short_jobs
102,203.4840002384541,6,1,0.875,16,,-0.822627646866787,False,6,4,33,2,PPO,short_jobs
103,203.4840002384541,6,2,0.75,5,42.0,-3.286669133136666,False,5,5,33,2,PPO,short_jobs
104,205.03272561144666,5,0,1.0,16,,-1.0543603271877795,False,5,4,34,2,PPO,short_jobs
105,211.047083394625,5,1,0.875,16,,-2.7273366836835002,False,6,4,34,2,PPO,short_jobs
106,211.047083394625,6,1,0.875,5,43.0,-4.042977448753756,False,5,5,34,2,PPO,short_jobs
107,213.3902308482974,5,0,1.0,16,,-3.6915053307028964,False,6,5,34,2,PPO,short_jobs
108,213.42366694864202,6,0,1.0,16,,-2.2729455010761948,False,6,4,35,2,PPO,short_jobs
109,213.94034887570373,6,1,0.875,16,,-4.230282185865007,False,7,4,35,2,PPO,short_jobs
110,218.8971035466587,7,1,0.875,16,,-1.952961927072053,False,7,3,36,2,PPO,short_jobs
111,218.8971035466587,7,3,0.625,5,40.0,-4.5946247224271035,False,6,4,36,2,PPO,short_jobs
112,219.9252762156578,6,1,0.875,16,,-4.493092671363446,False,7,4,36,2,PPO,short_jobs
113,221.18397162831272,7,1,0.875,16,,-4.618883178960419,False,8,4,36,2,PPO,short_jobs
114,222.48544676362573,8,1,0.875,16,,-4.817761136279043,False,9,4,36,2,PPO,short_jobs
115,222.48544676362573,9,1,0.875,7,48.0,-5.102458822128765,False,8,5,36,2,PPO,short_jobs
116,222.8901126661979,8,0,1.0,16,,-5.06603889089727,False,9,5,36,2,PPO,short_jobs
117,226.9005333304091,9,0,1.0,16,,-4.886475920045526,False,10,5,36,2,PPO,short_jobs
118,230.51589981327854,10,0,1.0,16,,-5.708312761954858,False,11,5,36,2,PPO,short_jobs
119,232.1774111900043,11,0,1.0,16,,-4.562309041370442,False,11,4,37,2,PPO,short_jobs
120,232.1774111900043,11,1,0.875,7,51.0,-6.944456658017368,False,10,5,37,2,PPO,short_jobs
121,234.395621456623,10,0,1.0,16,,-4.833546144686435,False,10,4,38,2,PPO,short_jobs
122,234.395621456623,10,2,0.75,5,34.0,-5.868921391041206,False,9,5,38,2,PPO,short_jobs
123,234.97156268434443,9,0,1.0,16,,-5.828605505100706,False,10,5,38,2,PPO,short_jobs
124,247.96276136608745,10,0,1.0,16,,-3.323030877943916,False,10,4,39,2,PPO,short_jobs
125,247.96276136608745,10,2,0.75,5,46.0,-8.010080845371077,False,9,5,39,2,PPO,short_jobs
126,248.30842748742492,9,0,1.0,16,,-7.985884216877453,False,10,5,39,2,PPO,short_jobs
127,249.21085509537713,10,0,1.0,16,,-6.027179366814211,False,10,4,40,2,PPO,short_jobs
128,249.21085509537713,10,2,0.75,5,52.0,-7.9680004205816095,False,9,5,40,2,PPO,short_jobs
129,250.28143905869894,9,1,0.875,16,,-7.926515292002886,False,10,5,40,2,PPO,short_jobs
130,255.28160838532108,10,1,0.875,16,,-6.06695235910537,False,10,4,41,2,PPO,short_jobs
131,255.28160838532108,10,2,0.75,5,54.0,-9.06073601277152,False,9,5,41,2,PPO,short_jobs
132,256.0358249245434,9,0,1.0,16,,-7.007940855025955,False,9,4,42,2,PPO,short_jobs
133,256.85601121084056,9,1,0.875,16,,-7.1647127712375305,False,9,3,43,2,PPO,short_jobs
134,256.85601121084056,9,2,0.75,5,53.0,-9.173176846896714,False,8,4,43,2,PPO,short_jobs
135,259.1038220858118,8,0,1.0,16,,-8.970873868149301,False,9,4,43,2,PPO,short_jobs
136,260.83065297945075,9,0,1.0,16,,-9.411948424337393,False,10,4,43,2,PPO,short_jobs
137,268.4013217777451,10,0,1.0,16,,-7.465122707832403,False,10,3,44,2,PPO,short_jobs
138,268.4013217777451,10,2,0.75,5,56.0,-11.20637653144011,False,9,4,44,2,PPO,short_jobs
139,268.4013217777451,9,1,0.875,8,55.0,-11.020426537601443,False,8,5,44,2,PPO,short_jobs
140,268.5160690043174,8,0,1.0,16,,-11.01009928720994,False,9,5,44,2,PPO,short_jobs
141,269.8938183806406,9,0,1.0,16,,-10.94234363751038,False,10,5,44,2,PPO,short_jobs
142,270.0243895514178,10,0,1.0,16,,-9.280252423052321,False,10,4,45,2,PPO,short_jobs
143,270.0243895514178,10,2,0.75,5,57.0,-11.28272880480462,False,9,5,45,2,PPO,short_jobs
144,272.15613500036795,9,1,0.875,16,,-11.2001236686578,False,10,5,45,2,PPO,short_jobs
145,272.15613500036795,10,1,0.875,5,59.0,-11.666442985615644,False,9,6,45,2,PPO,short_jobs
146,273.8032688244488,9,0,1.0,16,,-9.55114361792999,False,9,5,46,2,PPO,short_jobs
147,273.8032688244488,9,2,0.75,5,58.0,-11.884738065074034,False,8,6,46,2,PPO,short_jobs
148,273.806263399915,8,0,1.0,16,,-11.884468553282078,False,9,6,46,2,PPO,short_jobs
149,274.3456133893042,9,0,1.0,16,,-11.847462697891379,False,10,6,46,2,PPO,short_jobs
150,274.38233053986994,10,0,1.0,16,,-9.980464337710398,False,10,5,47,2,PPO,short_jobs
151,274.38233053986994,10,1,0.875,6,60.0,-11.978122282552729,False,9,6,47,2,PPO,short_jobs
152,278.2569361095096,9,0,1.0,16,,-11.706899892677953,False,10,6,47,2,PPO,short_jobs
153,281.06897048876584,10,0,1.0,16,,-10.53494956612505,False,10,5,48,2,PPO,short_jobs
154,281.06897048876584,10,2,0.75,5,45.0,-11.895385728677875,False,9,6,48,2,PPO,short_jobs
155,281.2547105179049,9,0,1.0,16,,-11.88238392663814,False,10,6,48,2,PPO,short_jobs
156,281.4680418933659,10,0,1.0,16,,-11.91815236514986,False,11,6,48,2,PPO,short_jobs
157,282.6246564328164,11,0,1.0,16,,-9.936786772831594,False,11,5,49,2,PPO,short_jobs
158,282.6246564328164,11,2,0.75,5,64.0,-12.202808116905201,False,10,6,49,2,PPO,short_jobs
159,282.6246564328164,10,1,0.875,5,62.0,-12.115453710439064,False,9,7,49,2,PPO,short_jobs
160,288.7427861913162,9,0,1.0,16,,-11.687184627344076,False,10,7,49,2,PPO,short_jobs
161,289.7751575257554,10,0,1.0,16,,-11.165098500247074,False,10,6,50,2,PPO,short_jobs
162,289.7751575257554,10,1,0.875,5,63.0,-13.25278239369986,False,9,7,50,2,PPO,short_jobs
163,290.8320667678363,9,0,1.0,16,,-13.178798746754197,False,10,7,50,2,PPO,short_jobs
164,292.98019048754134,10,0,1.0,16,,-11.335619871289172,False,10,6,51,2,PPO,short_jobs
165,292.98019048754134,10,1,0.875,4,66.0,-13.829688326821332,False,9,7,51,2,PPO,short_jobs
166,296.9146309918941,9,0,1.0,16,,-11.554277491516636,False,9,6,52,2,PPO,short_jobs
167,297.0288556282611,9,1,0.875,16,,-12.533461412945611,False,9,5,53,2,PPO,short_jobs
168,297.0288556282611,9,3,0.625,5,65.0,-14.392726663411993,False,8,6,53,2,PPO,short_jobs
169,303.15065857350646,8,1,0.875,16,,-12.033070740378825,False,8,5,54,2,PPO,short_jobs
170,303.15065857350646,8,2,0.75,5,44.0,-13.577006580147067,False,7,6,54,2,PPO,short_jobs
171,305.42735259169666,7,0,1.0,16,,-13.326570238146145,False,8,6,54,2,PPO,short_jobs
172,307.48805369564633,8,0,1.0,16,,-11.710280643338224,False,8,5,55,2,PPO,short_jobs
173,307.48805369564633,8,2,0.75,5,67.0,-14.184241897246649,False,7,6,55,2,PPO,short_jobs
174,308.4387616617989,7,1,0.875,16,,-12.109373644912134,False,7,5,56,2,PPO,short_jobs
175,308.4387616617989,7,2,0.75,5,49.0,-12.606368032595986,False,6,6,56,2,PPO,short_jobs
176,308.77157316570504,6,0,1.0,16,,-10.563102537088184,False,6,5,57,2,PPO,short_jobs
177,310.15997540615075,6,1,0.875,16,,-10.509200691820716,False,6,4,58,2,PPO,short_jobs
178,310.15997540615075,6,3,0.625,5,50.0,-11.147724840403377,False,5,5,58,2,PPO,short_jobs
179,311.8404571818182,5,1,0.875,16,,-10.948167629542871,False,6,5,58,2,PPO,short_jobs
180,312.7094496723426,6,1,0.875,16,,-9.229960009530831,False,6,4,59,2,PPO,short_jobs
181,312.7094496723426,6,2,0.75,5,36.0,-8.44395034049396,False,5,5,59,2,PPO,short_jobs
182,312.7414895550947,5,0,1.0,16,,-8.439144358081146,False,6,5,59,2,PPO,short_jobs
183,315.0557150006891,6,0,1.0,16,,-6.146305020841897,False,6,4,60,2,PPO,short_jobs
184,315.0557150006891,6,1,0.875,5,69.0,-8.678576873328607,False,5,5,60,2,PPO,short_jobs
185,315.8675029311925,5,0,1.0,16,,-8.55680868375309,False,6,5,60,2,PPO,short_jobs
186,320.60057288940806,6,0,1.0,16,,-6.144456571810931,False,6,4,61,2,PPO,short_jobs
187,320.60057288940806,6,2,0.75,5,70.0,-9.233062662200505,False,5,5,61,2,PPO,short_jobs
188,321.88750486533064,5,0,1.0,16,,-9.040022865812118,False,6,5,61,2,PPO,short_jobs
189,334.01856437732647,6,0,1.0,16,,-5.784718123233306,False,6,4,62,2,PPO,short_jobs
190,339.66608042852465,6,1,0.875,16,,-8.259790791176442,False,6,3,63,2,PPO,short_jobs
191,339.66608042852465,6,2,0.75,5,71.0,-11.139613416112166,False,5,4,63,2,PPO,short_jobs
192,347.93014484955876,5,0,1.0,16,,-9.900003752957048,False,6,4,63,2,PPO,short_jobs
193,350.4712697600615,6,0,1.0,16,,-9.63567361985022,False,6,3,64,2,PPO,short_jobs
194,350.4712697600615,6,2,0.75,5,72.0,-12.220132349265848,False,5,4,64,2,PPO,short_jobs
195,352.1981453484858,5,0,1.0,16,,-9.961101011002201,False,5,3,65,2,PPO,short_jobs
196,352.1981453484858,5,2,0.75,4,68.0,-11.585666144774928,False,4,4,65,2,PPO,short_jobs
197,359.6608981168817,4,0,1.0,16,,-10.316998174147628,False,5,4,65,2,PPO,short_jobs
198,361.49917445922335,5,0,1.0,16,,-9.906944914895352,False,5,3,66,2,PPO,short_jobs
199,361.49917445922335,5,2,0.75,0,30.0,-7.851142343683392,False,4,4,66,2,PPO,short_jobs
200,362.6256645586647,4,0,1.0,16,,-7.659639026778362,False,5,4,66,2,PPO,short_jobs
201,366.3083491644995,5,0,1.0,16,,-7.388858860763486,False,6,4,66,2,PPO,short_jobs
202,378.0335737975948,6,0,1.0,16,,-6.785250809919788,False,7,4,66,2,PPO,short_jobs
203,378.8960069756379,7,0,1.0,16,,-7.621689318608874,False,7,3,67,2,PPO,short_jobs
204,378.8960069756379,7,2,0.75,5,75.0,-9.58554445689688,False,6,4,67,2,PPO,short_jobs
205,378.8960069756379,6,1,0.875,5,74.0,-9.260137608557416,False,5,5,67,2,PPO,short_jobs
206,382.4789148511826,5,0,1.0,16,,-8.722701427225708,False,6,5,67,2,PPO,short_jobs
207,386.4027189266339,6,0,1.0,16,,-7.108333866303219,False,6,4,68,2,PPO,short_jobs
208,386.4027189266339,6,1,0.875,5,77.0,-10.010808803657017,False,5,5,68,2,PPO,short_jobs
209,387.5500743610128,5,0,1.0,16,,-7.838705488500185,False,5,4,69,2,PPO,short_jobs
210,387.5500743610128,5,2,0.75,0,41.0,-6.339524810239155,False,4,5,69,2,PPO,short_jobs
211,392.10619762165913,4,0,1.0,16,,-3.564983855929273,False,4,4,70,2,PPO,short_jobs
212,392.10619762165913,4,2,0.75,0,47.0,-3.285570151223934,False,3,5,70,2,PPO,short_jobs
213,394.77400213004836,3,0,1.0,16,,-2.7786872946299814,False,4,5,70,2,PPO,short_jobs
214,395.155089824628,4,0,1.0,16,,-3.380853513648745,False,5,5,70,2,PPO,short_jobs
215,395.76857249622066,5,0,1.0,16,,-3.3841030365547655,False,6,5,70,2,PPO,short_jobs
216,397.7364246561524,6,0,1.0,16,,-3.2816529236617984,False,7,5,70,2,PPO,short_jobs
217,398.6641477084697,7,0,1.0,16,,-1.6715664278898261,False,7,4,71,2,PPO,short_jobs
218,398.6641477084697,7,2,0.75,5,80.0,-3.8455856867241778,False,6,5,71,2,PPO,short_jobs
219,398.6641477084697,6,1,0.875,4,79.0,-3.7754045290473437,False,5,6,71,2,PPO,short_jobs
220,403.600698046697,5,0,1.0,16,,-1.0349219783132524,False,5,5,72,2,PPO,short_jobs
221,403.600698046697,5,2,0.75,0,61.0,-1.6839578697222157,False,4,6,72,2,PPO,short_jobs
222,404.6933854890749,4,0,1.0,16,,-1.4982010045179737,False,5,6,72,2,PPO,short_jobs
223,406.02972820581016,5,0,1.0,16,,0.4290785423978416,False,5,5,73,2,PPO,short_jobs
224,406.02972820581016,5,1,0.875,0,73.0,-0.977630535007404,False,4,6,73,2,PPO,short_jobs
225,407.94111912732063,4,0,1.0,16,,1.3473059216493766,False,4,5,74,2,PPO,short_jobs
226,418.49252835279475,4,1,0.875,16,,2.333466221306299,False,4,4,75,2,PPO,short_jobs
227,418.49252835279475,4,2,0.75,0,78.0,-1.5002840223112435,False,3,5,75,2,PPO,short_jobs
228,418.69325991775474,3,0,1.0,16,,-1.4621450249688446,False,4,5,75,2,PPO,short_jobs
229,418.780680493397,4,0,1.0,16,,-1.4974664183496549,False,5,5,75,2,PPO,short_jobs
230,421.11232546093714,5,0,1.0,16,,-1.1695748171292086,False,6,5,75,2,PPO,short_jobs
231,421.18647708197034,6,0,1.0,16,,-1.742846348279922,False,7,5,75,2,PPO,short_jobs
232,424.3107439531282,7,0,1.0,16,,-1.4177148977108534,False,8,5,75,2,PPO,short_jobs
233,424.8349432084665,8,0,1.0,16,,-2.151603682519881,False,9,5,75,2,PPO,short_jobs
234,425.8278643091838,9,0,1.0,16,,-2.2131490193042356,False,10,5,75,2,PPO,short_jobs
235,426.13801659202915,10,0,1.0,16,,-0.44587168034129165,False,10,4,76,2,PPO,short_jobs
236,426.13801659202915,10,2,0.75,5,85.0,-2.4228959284307927,False,9,5,76,2,PPO,short_jobs
237,426.46959935579235,9,0,1.0,16,,-0.39968513496736824,False,9,4,77,2,PPO,short_jobs
238,426.46959935579235,9,1,0.875,6,83.0,-2.327054037147418,False,8,5,77,2,PPO,short_jobs
239,427.62811612905574,8,0,1.0,16,,-0.22278752755371345,False,8,4,78,2,PPO,short_jobs
240,427.62811612905574,8,2,0.75,5,86.0,-2.383583939927852,False,7,5,78,2,PPO,short_jobs
241,427.9430933225322,7,0,1.0,16,,-0.3489364486454405,False,7,4,79,2,PPO,short_jobs
242,427.9430933225322,7,2,0.75,5,87.0,-2.3550337596264774,False,6,5,79,2,PPO,short_jobs
243,437.3249473779696,6,0,1.0,16,,0.8646072675803809,False,6,4,80,2,PPO,short_jobs
244,437.3249473779696,6,1,0.875,5,84.0,-3.109970908587511,False,5,5,80,2,PPO,short_jobs
245,440.4153504823824,5,0,1.0,16,,-2.646410442925589,False,6,5,80,2,PPO,short_jobs
246,442.82379701693014,6,0,1.0,16,,-1.105913169537585,False,6,4,81,2,PPO,short_jobs
247,442.82379701693014,6,1,0.875,3,88.0,-3.3482477270052495,False,5,5,81,2,PPO,short_jobs
248,443.6568731475684,5,0,1.0,16,,-3.2232863074095146,False,6,5,81,2,PPO,short_jobs
249,445.66659034028453,6,0,1.0,16,,-3.1702921050159727,False,7,5,81,2,PPO,short_jobs
250,446.03724744501136,7,0,1.0,16,,-3.6319491216750595,False,8,5,81,2,PPO,short_jobs
251,451.7754296307227,8,0,1.0,16,,-3.2081770011427446,False,9,5,81,2,PPO,short_jobs
252,452.97202042300637,9,0,1.0,16,,-4.558961192110731,False,10,5,81,2,PPO,short_jobs
253,456.62754753666525,10,0,1.0,16,,-4.675332534498698,False,11,5,81,2,PPO,short_jobs
254,456.6612253812279,11,0,1.0,16,,-5.588203977576538,False,12,5,81,2,PPO,short_jobs
255,460.744899077657,12,0,1.0,16,,-3.5557867017529086,False,12,4,82,2,PPO,short_jobs
256,460.744899077657,12,2,0.75,5,76.0,-4.922478620258943,False,11,5,82,2,PPO,short_jobs
257,461.01292045746703,11,0,1.0,16,,-4.914437978864642,False,12,5,82,2,PPO,short_jobs
258,462.28722549279877,12,0,1.0,16,,-2.9687002734638304,False,12,4,83,2,PPO,short_jobs
259,462.28722549279877,12,2,0.75,5,98.0,-5.261790431590129,False,11,5,83,2,PPO,short_jobs
260,465.1299102497035,11,0,1.0,16,,-5.176509888882987,False,12,5,83,2,PPO,short_jobs
261,471.9888616217554,12,0,1.0,16,,-3.818591564388658,False,12,4,84,2,PPO,short_jobs
262,471.9888616217554,12,2,0.75,5,82.0,-6.187419884748017,False,11,5,84,2,PPO,short_jobs
263,474.5393512155328,11,0,1.0,16,,-4.110905196934695,False,11,4,85,2,PPO,short_jobs
264,474.5393512155328,11,1,0.875,10,94.0,-6.293249163682844,False,10,5,85,2,PPO,short_jobs
265,480.1464808675305,10,0,1.0,16,,-4.012892681082959,False,10,4,86,2,PPO,short_jobs
266,480.1464808675305,10,1,0.875,8,99.0,-7.114343681725843,False,9,5,86,2,PPO,short_jobs
267,481.49599396809776,9,0,1.0,16,,-5.019877764686135,False,9,4,87,2,PPO,short_jobs
268,481.49599396809776,9,1,0.875,7,91.0,-6.600473623417363,False,8,5,87,2,PPO,short_jobs
269,490.66837234038974,8,0,1.0,16,,-3.7749595699110863,False,8,4,88,2,PPO,short_jobs
270,490.66837234038974,8,2,0.75,5,81.0,-6.2094152092993316,False,7,5,88,2,PPO,short_jobs
271,490.82389421454394,7,0,1.0,16,,-4.19230780314237,False,7,4,89,2,PPO,short_jobs
272,490.82389421454394,7,2,0.75,5,96.0,-5.547261338123347,False,6,5,89,2,PPO,short_jobs
273,495.405023447997,6,0,1.0,16,,-2.95171453777445,False,6,4,90,2,PPO,short_jobs
274,495.405023447997,6,2,0.75,5,90.0,-4.997203386825421,False,5,5,90,2,PPO,short_jobs
275,498.9647863943674,5,0,1.0,16,,-2.4632389448698566,False,5,4,91,2,PPO,short_jobs
276,498.9647863943674,5,1,0.875,1,92.0,-4.287215760380806,False,4,5,91,2,PPO,short_jobs
277,501.49610313489,4,0,1.0,16,,-1.8568919144919667,False,4,4,92,2,PPO,short_jobs
278,501.49610313489,4,2,0.75,0,89.0,-2.976356323108488,False,3,5,92,2,PPO,short_jobs
279,509.5773415323015,3,0,1.0,16,,0.5590789723996936,False,3,4,93,2,PPO,short_jobs
280,509.5773415323015,3,2,0.75,0,93.0,-2.1904287452073743,False,2,5,93,2,PPO,short_jobs
281,509.5773415323015,2,1,0.875,0,95.0,-1.058322323021472,False,1,6,93,2,PPO,short_jobs
282,517.9931102351496,1,0,1.0,16,,2.8773044786336004,False,1,5,94,2,PPO,short_jobs
283,542.8865499802723,1,2,0.75,0,97.0,14.529253666723719,False,0,0,100,2,PPO,short_jobs
1,2.498358431258718,1,8,0.0,0,0.0,0.12176777299178243,False,1,1,0,3,PPO,short_jobs
2,9.49606322185491,1,6,0.25,0,1.0,0.6560348241183931,False,1,2,0,3,PPO,short_jobs
3,20.496803700761813,1,5,0.375,0,2.0,3.018138342543509,False,1,2,1,3,PPO,short_jobs
4,22.214272796603424,1,6,0.25,0,3.0,0.21468363698020143,False,1,3,1,3,PPO,short_jobs
5,23.50345041196283,1,4,0.5,0,4.0,0.20143400239990727,False,1,4,1,3,PPO,short_jobs
6,25.676182982292897,1,3,0.625,0,5.0,2.442268619601637,False,1,4,2,3,PPO,short_jobs
7,26.189149332479946,1,2,0.75,0,6.0,0.1282415875467624,False,1,5,2,3,PPO,short_jobs
8,29.694948594575436,1,0,1.0,16,,2.8063338302819627,False,1,4,3,3,PPO,short_jobs
9,31.19395716727338,1,2,0.75,0,7.0,2.343515487749535,False,1,4,4,3,PPO,short_jobs
10,31.525497364194802,1,1,0.875,0,8.0,0.08288504923035589,False,1,5,4,3,PPO,short_jobs
11,33.78179927797062,1,0,1.0,16,,0.5189494401684382,False,2,5,4,3,PPO,short_jobs
12,50.11720237420862,2,0,1.0,16,,5.385308611934462,False,2,4,5,3,PPO,short_jobs
13,50.11720237420862,2,2,0.75,0,9.0,-0.32670806192475993,False,1,5,5,3,PPO,short_jobs
14,50.498823695114936,1,0,1.0,16,,1.7610648418836936,False,1,4,6,3,PPO,short_jobs
15,50.51999170793741,1,1,0.875,16,,-0.33013334579442105,False,2,4,6,3,PPO,short_jobs
16,51.852648602069166,2,1,0.875,16,,-0.09655142877328471,False,3,4,6,3,PPO,short_jobs
17,52.54576571619158,3,1,0.875,16,,1.7219622175023277,False,3,3,7,3,PPO,short_jobs
18,52.54576571619158,3,2,0.75,0,10.0,-0.0543778224475318,False,2,4,7,3,PPO,short_jobs
19,58.27938088454728,2,0,1.0,16,,1.1496813629071647,False,3,4,7,3,PPO,short_jobs
20,59.81515622139733,3,0,1.0,16,,2.00807488481975,False,3,3,8,3,PPO,short_jobs
21,59.81515622139733,3,2,0.75,0,12.0,-0.2166187970061995,False,2,4,8,3,PPO,short_jobs
22,60.8594612124091,2,0,1.0,16,,0.0026852511062723794,False,3,4,8,3,PPO,short_jobs
23,66.39864283141397,3,0,1.0,16,,2.794053510964254,False,3,3,9,3,PPO,short_jobs
24,66.39864283141397,3,2,0.75,0,11.0,-0.273168871317431,False,2,4,9,3,PPO,short_jobs
25,67.58243985550595,2,0,1.0,16,,1.9754285037418864,False,2,3,10,3,PPO,short_jobs
26,67.58243985550595,2,2,0.75,0,13.0,-0.13445957286193705,False,1,4,10,3,PPO,short_jobs
27,71.03073892089579,1,1,0.875,16,,0.5508898663842918,False,2,4,10,3,PPO,short_jobs
28,71.03073892089579,2,1,0.875,0,15.0,-0.20342555416973368,False,1,5,10,3,PPO,short_jobs
29,75.56908748501988,1,0,1.0,16,,0.8403946155788076,False,2,5,10,3,PPO,short_jobs
30,79.7937071704106,2,0,1.0,16,,2.5929776084798357,False,2,4,11,3,PPO,short_jobs
31,79.7937071704106,2,2,0.75,0,14.0,-0.08449239370781442,False,1,5,11,3,PPO,short_jobs
32,82.99314313954645,1,0,1.0,16,,0.6513778791934307,False,2,5,11,3,PPO,short_jobs
33,83.55778205504252,2,0,1.0,16,,1.9700930591636445,False,2,4,12,3,PPO,short_jobs
34,83.55778205504252,2,1,0.875,0,17.0,-0.1597738914004529,False,1,5,12,3,PPO,short_jobs
35,84.43958119814087,1,0,1.0,16,,0.04303991151216721,False,2,5,12,3,PPO,short_jobs
36,85.3282173179423,2,0,1.0,16,,0.009203710895881012,False,3,5,12,3,PPO,short_jobs
37,85.33721496290387,3,0,1.0,16,,-0.21124576651177931,False,4,5,12,3,PPO,short_jobs
38,89.34512421570889,4,0,1.0,16,,2.4678493952246825,False,4,4,13,3,PPO,short_jobs
39,89.34512421570889,4,2,0.75,0,20.0,-0.4539697329204725,False,3,5,13,3,PPO,short_jobs
40,91.16233965670479,3,0,1.0,16,,-0.10869879913125247,False,4,5,13,3,PPO,short_jobs
41,94.46552834941107,4,0,1.0,16,,1.9985394183798424,False,4,4,14,3,PPO,short_jobs
42,94.46552834941107,4,2,0.75,0,18.0,-0.6267388117713251,False,3,5,14,3,PPO,short_jobs
43,94.7486155119785,3,0,1.0,16,,1.4270477491164861,False,3,4,15,3,PPO,short_jobs
44,94.7486155119785,3,2,0.75,0,19.0,-0.45531607764464666,False,2,5,15,3,PPO,short_jobs
45,95.02144464068837,2,0,1.0,16,,1.6019780393844267,False,2,4,16,3,PPO,short_jobs
46,95.02144464068837,2,1,0.875,1,21.0,-0.3890471431133699,False,1,5,16,3,PPO,short_jobs
47,95.63445334663251,1,0,1.0,16,,-0.24805514074621782,False,2,5,16,3,PPO,short_jobs
48,100.08130415109451,2,0,1.0,16,,2.532531351704768,False,2,4,17,3,PPO,short_jobs
49,100.08130415109451,2,2,0.75,0,22.0,-0.49024433332149275,False,1,5,17,3,PPO,short_jobs
50,101.715447989322,1,0,1.0,16,,-0.11439125052917065,False,2,5,17,3,PPO,short_jobs
51,101.85186371804005,2,0,1.0,16,,1.5057200929447478,False,2,4,18,3,PPO,short_jobs
52,101.85186371804005,2,2,0.75,0,23.0,-0.5256555246604034,False,1,5,18,3,PPO,short_jobs
53,104.98340264061329,1,1,0.875,16,,0.09673783620102927,False,2,5,18,3,PPO,short_jobs
54,107.85645627890963,2,1,0.875,16,,-0.07472796526639824,False,3,5,18,3,PPO,short_jobs
55,107.85645627890963,3,1,0.875,0,25.0,-0.7032084486437219,False,2,6,18,3,PPO,short_jobs
56,110.80548118976665,2,0,1.0,16,,-0.0839132173637478,False,3,6,18,3,PPO,short_jobs
57,113.72514313393914,3,0,1.0,16,,-0.2664336756852298,False,4,6,18,3,PPO,short_jobs
58,113.93189600749704,4,0,1.0,16,,-0.9612011732235086,False,5,6,18,3,PPO,short_jobs
59,118.19276197594225,5,0,1.0,16,,1.626240503653796,False,5,5,19,3,PPO,short_jobs
60,118.19276197594225,5,1,0.875,0,27.0,-1.3496236116174425,False,4,6,19,3,PPO,short_jobs
61,120.05518120480954,4,0,1.0,16,,0.9669876572899978,False,4,5,20,3,PPO,short_jobs
62,120.05518120480954,4,1,0.875,0,28.0,-1.3761514459805761,False,3,6,20,3,PPO,short_jobs
63,120.72341772520782,3,0,1.0,16,,0.7508134928950974,False,3,5,21,3,PPO,short_jobs
64,120.72341772520782,3,1,0.875,0,26.0,-1.2178869064956497,False,2,6,21,3,PPO,short_jobs
65,123.32015704667148,2,0,1.0,16,,1.3274283510117189,False,2,5,22,3,PPO,short_jobs
66,123.32015704667148,2,2,0.75,0,24.0,-0.9550213912330321,False,1,6,22,3,PPO,short_jobs
67,124.7162597696537,1,0,1.0,16,,-0.6339177649471214,False,2,6,22,3,PPO,short_jobs
68,131.78810408942434,2,0,1.0,16,,0.5021438614591565,False,3,6,22,3,PPO,short_jobs
69,132.11599611612087,3,0,1.0,16,,-1.2035177334111609,False,4,6,22,3,PPO,short_jobs
70,134.3009773094228,4,0,1.0,16,,1.085956062776033,False,4,5,23,3,PPO,short_jobs
71,134.3009773094228,4,2,0.75,0,29.0,-1.2685948847540658,False,3,6,23,3,PPO,short_jobs
72,134.3009773094228,3,1,0.875,0,30.0,-1.2183374203540966,False,2,7,23,3,PPO,short_jobs
73,138.15012330111526,2,0,1.0,16,,1.5899832379013212,False,2,6,24,3,PPO,short_jobs
74,138.15012330111526,2,1,0.875,0,31.0,-1.2516207163219075,False,1,7,24,3,PPO,short_jobs
75,138.50925294827172,1,0,1.0,16,,0.8309791025240794,False,1,6,25,3,PPO,short_jobs
76,139.40319102632583,1,1,0.875,16,,-1.0811331162517843,False,2,6,25,3,PPO,short_jobs
77,139.40319102632583,2,1,0.875,0,32.0,-1.276682070826119,False,1,7,25,3,PPO,short_jobs
78,145.6185802614301,1,0,1.0,16,,2.1528574532478624,False,1,6,26,3,PPO,short_jobs
79,150.29922020002928,1,1,0.875,16,,1.5292873322683815,False,1,5,27,3,PPO,short_jobs
80,154.71036582385534,1,2,0.75,0,16.0,4.734721691812915,False,1,4,29,3,PPO,short_jobs
81,155.73870366509763,1,3,0.625,0,33.0,0.1928133452329277,False,1,5,29,3,PPO,short_jobs
82,159.6121774838999,1,2,0.75,0,34.0,0.847322397862996,False,1,6,29,3,PPO,short_jobs
83,160.2525482278538,1,1,0.875,0,35.0,0.1600926859884737,False,1,7,29,3,PPO,short_jobs
84,166.40120245553223,1,0,1.0,16,,1.4141904723660401,False,2,7,29,3,PPO,short_jobs
85,169.28793893263594,2,0,1.0,16,,2.4832415756382105,False,2,6,30,3,PPO,short_jobs
86,170.06079222332315,2,1,0.875,16,,1.8997049820726224,False,2,5,31,3,PPO,short_jobs
87,170.06079222332315,2,2,0.75,0,36.0,-0.07319179535581839,False,1,6,31,3,PPO,short_jobs
88,170.8254977118728,1,0,1.0,16,,2.1026904670106017,False,1,5,32,3,PPO,short_jobs
89,176.78442134273914,1,1,0.875,16,,3.095850166507872,False,1,4,33,3,PPO,short_jobs
90,177.0376588096865,1,2,0.75,0,37.0,0.06330936673683851,False,1,5,33,3,PPO,short_jobs
91,181.16628451265998,1,0,1.0,16,,2.9495839116839035,False,1,4,34,3,PPO,short_jobs
92,181.5676280153986,1,2,0.75,0,38.0,0.10033587568465663,False,1,5,34,3,PPO,short_jobs
93,185.36630504655795,1,0,1.0,16,,2.873695717166649,False,1,4,35,3,PPO,short_jobs
94,188.34395483151187,1,2,0.75,0,39.0,0.651360890458669,False,1,5,35,3,PPO,short_jobs
95,194.12998204378096,1,1,0.875,0,40.0,3.2709205026036514,False,1,5,36,3,PPO,short_jobs
96,197.92073856364576,1,1,0.875,0,41.0,0.9476891299662,False,1,6,36,3,PPO,short_jobs
97,199.83506433773331,1,0,1.0,16,,2.4402949280401383,False,1,5,37,3,PPO,short_jobs
98,206.77179929516075,1,2,0.75,0,42.0,3.635125783706556,False,1,5,38,3,PPO,short_jobs
99,208.7155875941259,1,1,0.875,16,,0.38632792441932906,False,2,5,38,3,PPO,short_jobs
100,214.3811603775274,2,1,0.875,16,,2.973845369053713,False,2,4,39,3,PPO,short_jobs
101,214.3811603775274,2,3,0.625,0,44.0,-0.15218722164733323,False,1,5,39,3,PPO,short_jobs
102,215.8439596530744,1,1,0.875,16,,2.138544134367629,False,1,4,40,3,PPO,short_jobs
103,218.9162295974951,1,3,0.625,0,43.0,0.6720590503420283,False,1,5,40,3,PPO,short_jobs
104,220.06858868622868,1,1,0.875,16,,2.2290313688857992,False,1,4,41,3,PPO,short_jobs
105,241.11669102767158,1,2,0.75,0,45.0,10.96877139387609,False,1,1,45,3,PPO,short_jobs
106,242.0995990664602,1,6,0.25,0,46.0,0.12286350484858133,False,1,2,45,3,PPO,short_jobs
107,253.9982438498323,1,4,0.5,0,47.0,3.5198476548018505,False,1,2,46,3,PPO,short_jobs
108,257.5675707381895,1,5,0.375,0,48.0,0.5577073263058097,False,1,3,46,3,PPO,short_jobs
109,260.15347767499986,1,3,0.625,0,49.0,0.48485755065194525,False,1,4,46,3,PPO,short_jobs
110,261.17534896354084,1,2,0.75,0,50.0,0.22353434436833908,False,1,5,46,3,PPO,short_jobs
111,276.82083853712527,1,1,0.875,0,51.0,5.810517001918178,False,1,5,47,3,PPO,short_jobs
112,277.44792676299016,1,1,0.875,0,52.0,2.149054004411468,False,1,5,48,3,PPO,short_jobs
113,284.77812741297805,1,1,0.875,0,53.0,5.271150254990118,False,1,4,50,3,PPO,short_jobs
114,287.8386967597176,1,3,0.625,0,54.0,2.490971908487694,False,1,4,51,3,PPO,short_jobs
115,300.4238292655774,1,3,0.625,0,55.0,4.545854654514272,False,1,4,52,3,PPO,short_jobs
116,306.21034731830576,1,2,0.75,0,56.0,5.152646082492453,False,1,3,54,3,PPO,short_jobs
117,327.48147429360245,1,3,0.625,0,57.0,4.653059025846147,False,1,4,54,3,PPO,short_jobs
118,328.50995988762213,1,1,0.875,0,58.0,0.2571213985049212,False,1,5,54,3,PPO,short_jobs
119,328.9323244409691,1,0,1.0,16,,2.097143847269809,False,1,4,55,3,PPO,short_jobs
120,329.4432845369811,1,2,0.75,0,59.0,2.101894726581463,False,1,4,56,3,PPO,short_jobs
121,338.4519026063073,1,3,0.625,0,60.0,7.347361059170055,False,1,2,59,3,PPO,short_jobs
122,340.64586643687437,1,5,0.375,0,61.0,2.3241724947331477,False,1,2,60,3,PPO,short_jobs
123,354.3467159455015,1,4,0.5,0,62.0,3.959023951966657,False,1,2,61,3,PPO,short_jobs
124,359.90851692401066,1,4,0.5,0,63.0,0.8690314028920625,False,1,3,61,3,PPO,short_jobs
125,362.65311774675115,1,3,0.625,0,64.0,0.6003814299744761,False,1,4,61,3,PPO,short_jobs
126,379.56310160645876,1,1,0.875,0,65.0,9.232573789494253,False,1,2,64,3,PPO,short_jobs
127,379.9715451982889,1,5,0.375,0,66.0,0.06381931122345463,False,1,3,64,3,PPO,short_jobs
128,385.4292019646036,1,3,0.625,0,67.0,5.04759866898776,False,1,2,66,3,PPO,short_jobs
129,389.4341057806825,1,4,0.5,0,68.0,0.7509194655147979,False,1,3,66,3,PPO,short_jobs
130,389.8242467401603,1,2,0.75,0,69.0,0.09753523986944401,False,1,4,66,3,PPO,short_jobs
131,390.59146520426833,1,0,1.0,16,,0.1764602467448526,False,2,4,66,3,PPO,short_jobs
132,391.2334703938256,2,0,1.0,16,,0.11947672052486497,False,3,4,66,3,PPO,short_jobs
133,392.8741145197707,3,0,1.0,16,,0.2706978070651229,False,4,4,66,3,PPO,short_jobs
134,393.55540707657485,4,0,1.0,16,,1.9763565102355414,False,4,3,67,3,PPO,short_jobs
135,393.55540707657485,4,2,0.75,0,71.0,-0.13468779151935906,False,3,4,67,3,PPO,short_jobs
136,394.4289508737603,3,0,1.0,16,,0.03128552994587608,False,4,4,67,3,PPO,short_jobs
137,395.3849144908038,4,0,1.0,16,,1.9754133955469082,False,4,3,68,3,PPO,short_jobs
138,395.3849144908038,4,2,0.75,0,73.0,-0.21336150929330416,False,3,4,68,3,PPO,short_jobs
139,395.3849144908038,3,1,0.875,0,74.0,-0.19424223695243428,False,2,5,68,3,PPO,short_jobs
140,396.15144960926443,2,0,1.0,16,,-0.03326986207570032,False,3,5,68,3,PPO,short_jobs
141,398.99089535458904,3,0,1.0,16,,0.3145910499208162,False,4,5,68,3,PPO,short_jobs
142,399.97803950788966,4,0,1.0,16,,-0.2274558803492312,False,5,5,68,3,PPO,short_jobs
143,401.67773106391047,5,0,1.0,16,,1.7807118147287353,False,5,4,69,3,PPO,short_jobs
144,401.67773106391047,5,1,0.875,4,72.0,-0.43532586087476943,False,4,5,69,3,PPO,short_jobs
145,405.2773439006018,4,0,1.0,16,,2.1766083213627576,False,4,4,70,3,PPO,short_jobs
146,405.2773439006018,4,2,0.75,0,75.0,-0.5407770019833288,False,3,5,70,3,PPO,short_jobs
147,405.2773439006018,3,1,0.875,0,76.0,-0.41504803106307353,False,2,6,70,3,PPO,short_jobs
148,407.2889700989412,2,0,1.0,16,,2.0073934705882004,False,2,5,71,3,PPO,short_jobs
149,407.2889700989412,2,1,0.875,1,70.0,-0.14621861182103088,False,1,6,71,3,PPO,short_jobs
150,412.14834633972544,1,0,1.0,16,,0.9714379235593418,False,2,6,71,3,PPO,short_jobs
151,412.43006874350016,2,0,1.0,16,,1.8157555681559763,False,2,5,72,3,PPO,short_jobs
152,412.43006874350016,2,1,0.875,0,78.0,-0.24904058471220994,False,1,6,72,3,PPO,short_jobs
153,414.3475229536694,1,0,1.0,16,,2.1919738836267153,False,1,5,73,3,PPO,short_jobs
154,417.3239947643166,1,1,0.875,16,,0.3041841034505347,False,2,5,73,3,PPO,short_jobs
155,421.350883346429,2,1,0.875,16,,2.3728872289240543,False,2,4,74,3,PPO,short_jobs
156,421.350883346429,2,2,0.75,0,79.0,-0.4274568767707865,False,1,5,74,3,PPO,short_jobs
157,425.81610529746075,1,0,1.0,16,,0.5995441719665194,False,2,5,74,3,PPO,short_jobs
158,431.27429707578625,2,0,1.0,16,,2.629458957656933,False,2,4,75,3,PPO,short_jobs
159,431.27429707578625,2,2,0.75,0,77.0,-0.10916383556650999,False,1,5,75,3,PPO,short_jobs
160,435.9828123467025,1,0,1.0,16,,0.9737946767442213,False,2,5,75,3,PPO,short_jobs
161,436.4114845923428,2,0,1.0,16,,-0.1133129694003685,False,3,5,75,3,PPO,short_jobs
162,436.8252046412934,3,0,1.0,16,,1.8581257784901686,False,3,4,76,3,PPO,short_jobs
163,436.8252046412934,3,2,0.75,0,82.0,-0.23702983276847137,False,2,5,76,3,PPO,short_jobs
164,436.8252046412934,2,1,0.875,1,80.0,-0.016847845891818453,False,1,6,76,3,PPO,short_jobs
165,437.1770594624897,1,0,1.0,16,,2.06407876298333,False,1,5,77,3,PPO,short_jobs
166,440.94144980978473,1,1,0.875,16,,2.7242876392091473,False,1,4,78,3,PPO,short_jobs
167,441.1709372972887,1,3,0.625,0,81.0,0.05020038789149339,False,1,5,78,3,PPO,short_jobs
168,445.63739555987905,1,1,0.875,16,,2.8877085796898325,False,1,4,79,3,PPO,short_jobs
169,445.9807647505466,1,2,0.75,0,83.0,0.08584229766688622,False,1,5,79,3,PPO,short_jobs
170,446.19932258398546,1,0,1.0,16,,0.05026830169093898,False,2,5,79,3,PPO,short_jobs
171,447.90642840033894,2,0,1.0,16,,2.3541210647654527,False,2,4,80,3,PPO,short_jobs
172,447.90642840033894,2,2,0.75,0,84.0,-0.03414211632706952,False,1,5,80,3,PPO,short_jobs
173,458.1084315048211,1,1,0.875,16,,3.9935060006887624,False,1,4,81,3,PPO,short_jobs
174,462.988304314752,1,2,0.75,0,85.0,3.1226868885531047,False,1,4,82,3,PPO,short_jobs
175,463.64458210350745,1,2,0.75,0,86.0,0.16406944718886507,False,1,5,82,3,PPO,short_jobs
176,468.27994845007896,1,0,1.0,16,,1.0661342597114487,False,2,5,82,3,PPO,short_jobs
177,469.0331068786226,2,0,1.0,16,,2.0654559430627377,False,2,4,83,3,PPO,short_jobs
178,469.0331068786226,2,1,0.875,1,87.0,-0.015063168570873132,False,1,5,83,3,PPO,short_jobs
179,472.9432111537775,1,0,1.0,16,,2.8842608147147493,False,1,4,84,3,PPO,short_jobs
180,483.8281579064847,1,2,0.75,0,88.0,4.497089988969293,False,1,4,85,3,PPO,short_jobs
181,486.0155523521508,1,2,0.75,0,89.0,0.47849253498945643,False,1,5,85,3,PPO,short_jobs
182,487.12407145400897,1,1,0.875,16,,2.220318171494309,False,1,4,86,3,PPO,short_jobs
183,488.7792401450165,1,2,0.75,0,90.0,0.41379217275188296,False,1,5,86,3,PPO,short_jobs
184,494.3717811581317,1,0,1.0,16,,3.2862844330164913,False,1,4,87,3,PPO,short_jobs
185,496.9497303460142,1,1,0.875,0,91.0,0.6444872969706239,False,1,5,87,3,PPO,short_jobs
186,497.8165113670304,1,0,1.0,16,,0.199359634833728,False,2,5,87,3,PPO,short_jobs
187,498.09043616011775,2,0,1.0,16,,2.0401885861280213,False,2,4,88,3,PPO,short_jobs
188,498.09043616011775,2,1,0.875,1,92.0,-0.005478495861747206,False,1,5,88,3,PPO,short_jobs
189,501.590584320311,1,0,1.0,16,,0.7995555809826999,False,2,5,88,3,PPO,short_jobs
190,504.2262611013214,2,0,1.0,16,,0.47801066494657846,False,3,5,88,3,PPO,short_jobs
191,505.7135418999392,3,0,1.0,16,,2.1016748214313425,False,3,4,89,3,PPO,short_jobs
192,505.7135418999392,3,2,0.75,0,94.0,-0.18768622663053067,False,2,5,89,3,PPO,short_jobs
193,506.22144696959924,2,1,0.875,16,,1.9031018045712103,False,2,4,90,3,PPO,short_jobs
194,506.22144696959924,2,3,0.625,0,93.0,-0.039903717365556306,False,1,5,90,3,PPO,short_jobs
195,511.4949093983153,1,1,0.875,16,,1.0081969403417685,False,2,5,90,3,PPO,short_jobs
196,515.1622071987161,2,1,0.875,16,,2.5101565158817727,False,2,4,91,3,PPO,short_jobs
197,515.1622071987161,2,3,0.625,0,95.0,-0.07334595600801663,False,1,5,91,3,PPO,short_jobs
198,517.0348042971228,1,1,0.875,16,,0.29883271730030514,False,2,5,91,3,PPO,short_jobs
199,519.8783307399503,2,1,0.875,16,,2.3974824536792636,False,2,4,92,3,PPO,short_jobs
200,519.8783307399503,2,3,0.625,0,96.0,-0.05687052885655021,False,1,5,92,3,PPO,short_jobs
201,521.0422420982668,1,1,0.875,16,,0.1744568536088451,False,2,5,92,3,PPO,short_jobs
202,521.0422420982668,2,1,0.875,0,98.0,-0.0801487560228793,False,1,6,92,3,PPO,short_jobs
203,526.0514034345451,1,0,1.0,16,,1.0719583513211388,False,2,6,92,3,PPO,short_jobs
204,528.2441017956473,2,0,1.0,16,,2.2801346730830163,False,2,5,93,3,PPO,short_jobs
205,528.2441017956473,2,2,0.75,0,97.0,-0.04385396722204405,False,1,6,93,3,PPO,short_jobs
206,535.0702150263671,1,0,1.0,16,,3.5261520758435063,False,1,5,94,3,PPO,short_jobs
207,564.169447032755,1,1,0.875,0,99.0,16.751701341457306,False,0,0,100,3,PPO,short_jobs
1,21.148127094804902,1,8,0.0,0,0.0,0.13462461137873838,False,1,1,0,4,PPO,short_jobs
2,37.34912310720624,1,6,0.25,0,1.0,1.5188433761626254,False,1,2,0,4,PPO,short_jobs
3,38.05508174713531,1,5,0.375,0,2.0,0.11030603748891754,False,1,3,0,4,PPO,short_jobs
4,42.75633050837797,1,3,0.625,0,3.0,0.8814841427329985,False,1,4,0,4,PPO,short_jobs
5,46.73170232391778,1,2,0.75,0,4.0,0.8696125846493334,False,1,5,0,4,PPO,short_jobs
6,48.12595242351796,1,1,0.875,16,,2.2771072072955354,False,1,4,1,4,PPO,short_jobs
7,49.80366601471277,1,2,0.75,0,5.0,0.41942839779870233,False,1,5,1,4,PPO,short_jobs
8,55.486460112694296,1,0,1.0,16,,3.3070426425357518,False,1,4,2,4,PPO,short_jobs
9,57.39311060876302,1,2,0.75,0,6.0,0.4766626240171803,False,1,5,2,4,PPO,short_jobs
10,57.98205846032815,1,0,1.0,16,,2.13545800585998,False,1,4,3,4,PPO,short_jobs
11,60.87553835996597,1,2,0.75,0,7.0,2.5875668497366187,False,1,4,4,4,PPO,short_jobs
12,68.30744408534488,1,2,0.75,0,8.0,1.8579764313447278,False,1,5,4,4,PPO,short_jobs
13,72.9298883404702,1,0,1.0,16,,1.0631621786788228,False,2,5,4,4,PPO,short_jobs
14,77.61468348066957,2,0,1.0,16,,0.8913580943393613,False,3,5,4,4,PPO,short_jobs
15,77.84034641701854,3,0,1.0,16,,-0.23696473280417724,False,4,5,4,4,PPO,short_jobs
16,79.61936509615339,4,0,1.0,16,,2.0090527085615055,False,4,4,5,4,PPO,short_jobs
17,79.61936509615339,4,1,0.875,3,12.0,-0.4001215876395102,False,3,5,5,4,PPO,short_jobs
18,85.30951072146209,3,0,1.0,16,,0.6810060811691432,False,4,5,5,4,PPO,short_jobs
19,87.6940119177655,4,0,1.0,16,,1.6638348782135464,False,4,4,6,4,PPO,short_jobs
20,87.6940119177655,4,2,0.75,0,10.0,-0.6370079493163988,False,3,5,6,4,PPO,short_jobs
21,89.75828310493966,3,0,1.0,16,,1.7552035762466938,False,3,4,7,4,PPO,short_jobs
22,89.75828310493966,3,1,0.875,2,9.0,-0.33184744015495343,False,2,5,7,4,PPO,short_jobs
23,93.55641618252818,2,0,1.0,16,,2.465760506138635,False,2,4,8,4,PPO,short_jobs
24,93.55641618252818,2,2,0.75,0,13.0,-0.31883465403717226,False,1,5,8,4,PPO,short_jobs
25,95.48513200095309,1,0,1.0,16,,2.124769984200556,False,1,4,9,4,PPO,short_jobs
26,98.67097782845366,1,1,0.875,16,,2.275777887810069,False,1,3,10,4,PPO,short_jobs
27,108.61052872400427,1,3,0.625,0,11.0,2.174276758401696,False,1,4,10,4,PPO,short_jobs
28,113.05703521332993,1,1,0.875,16,,0.8837431647534743,False,2,4,10,4,PPO,short_jobs
29,113.05703521332993,2,1,0.875,1,15.0,-0.08893012978651314,False,1,5,10,4,PPO,short_jobs
30,118.92110983013946,1,0,1.0,16,,1.2598070320796793,False,2,5,10,4,PPO,short_jobs
31,120.10183830878515,2,0,1.0,16,,0.041741358392891226,False,3,5,10,4,PPO,short_jobs
32,121.2201746759607,3,0,1.0,16,,1.9590431484948247,False,3,4,11,4,PPO,short_jobs
33,121.2201746759607,3,2,0.75,0,14.0,-0.06834802425993615,False,2,5,11,4,PPO,short_jobs
34,122.12714102304116,2,0,1.0,16,,0.12211490862695953,False,3,5,11,4,PPO,short_jobs
35,122.64873510017796,3,0,1.0,16,,1.994476196512837,False,3,4,12,4,PPO,short_jobs
36,122.64873510017796,3,2,0.75,0,18.0,-0.12549044122862626,False,2,5,12,4,PPO,short_jobs
37,122.64873510017796,2,1,0.875,1,17.0,-0.07455250540077003,False,1,6,12,4,PPO,short_jobs
38,130.64175696609897,1,0,1.0,16,,3.763842523761062,False,1,5,13,4,PPO,short_jobs
39,135.7783188266018,1,1,0.875,16,,0.7864787270557478,False,2,5,13,4,PPO,short_jobs
40,138.3962560296526,2,1,0.875,16,,2.13081209511608,False,2,4,14,4,PPO,short_jobs
41,138.3962560296526,2,2,0.75,0,19.0,-0.3895029239902627,False,1,5,14,4,PPO,short_jobs
42,139.19601842069883,1,0,1.0,16,,1.7944424259503733,False,1,4,15,4,PPO,short_jobs
43,155.030611832628,1,2,0.75,0,16.0,7.463359944010868,False,1,3,17,4,PPO,short_jobs
44,158.512211256502,1,2,0.75,0,20.0,2.8369206763233876,False,1,3,18,4,PPO,short_jobs
45,159.03787448484636,1,2,0.75,0,21.0,0.13141580708608558,False,1,4,18,4,PPO,short_jobs
46,166.6325709184994,1,0,1.0,16,,1.7467801797401994,False,2,4,18,4,PPO,short_jobs
47,171.67043300669155,2,0,1.0,16,,2.906057109847292,False,2,3,19,4,PPO,short_jobs
48,171.67043300669155,2,2,0.75,0,22.0,-0.10075724176384313,False,1,4,19,4,PPO,short_jobs
49,179.10705614445376,1,1,0.875,0,23.0,5.560445439481519,False,1,3,21,4,PPO,short_jobs
50,181.13286647364788,1,4,0.5,0,24.0,0.31653286393657964,False,1,4,21,4,PPO,short_jobs
51,184.64589165003412,1,3,0.625,0,25.0,0.6586922205724193,False,1,5,21,4,PPO,short_jobs
52,185.01800022726647,1,2,0.75,0,26.0,2.092435734552595,False,1,5,22,4,PPO,short_jobs
53,186.04490300637784,1,1,0.875,0,27.0,2.195820757312063,False,1,5,23,4,PPO,short_jobs
54,188.24422152592177,1,2,0.75,0,28.0,0.4811009261502335,False,1,6,23,4,PPO,short_jobs
55,189.53045745780307,1,1,0.875,0,29.0,0.32155898297032337,False,1,7,23,4,PPO,short_jobs
56,192.72936162900723,1,0,1.0,16,,2.7357479593769574,False,1,6,24,4,PPO,short_jobs
57,198.8019509229524,1,1,0.875,16,,3.142949038747517,False,1,5,25,4,PPO,short_jobs
58,222.12232565481,1,2,0.75,0,30.0,11.785491869492688,False,1,2,29,4,PPO,short_jobs
59,222.5113910912785,1,4,0.5,0,31.0,0.07294976933784625,False,1,3,29,4,PPO,short_jobs
60,228.27806692257815,1,2,0.75,0,32.0,1.2614603380967964,False,1,4,29,4,PPO,short_jobs
61,228.80094671804804,1,1,0.875,16,,0.10392235934964163,False,2,4,29,4,PPO,short_jobs
62,228.80094671804804,2,1,0.875,0,34.0,-0.01045759590939781,False,1,5,29,4,PPO,short_jobs
63,233.07722814893023,1,0,1.0,16,,2.9730871331935065,False,1,4,30,4,PPO,short_jobs
64,234.27752376065519,1,2,0.75,0,33.0,0.3000739029312385,False,1,5,30,4,PPO,short_jobs
65,243.49701139882094,1,0,1.0,16,,2.1204821567781247,False,2,5,30,4,PPO,short_jobs
66,244.15347743457636,2,0,1.0,16,,1.953468114745322,False,2,4,31,4,PPO,short_jobs
67,244.15347743457636,2,2,0.75,0,35.0,-0.013129320715108292,False,1,5,31,4,PPO,short_jobs
68,248.1503392194691,1,1,0.875,16,,2.781246959032324,False,1,4,32,4,PPO,short_jobs
69,252.9325152911421,1,3,0.625,0,36.0,1.0461010156784738,False,1,5,32,4,PPO,short_jobs
70,263.99173312204283,1,1,0.875,0,37.0,4.764386010970135,False,1,5,33,4,PPO,short_jobs
71,266.72982580930704,1,1,0.875,0,38.0,2.6580766791486994,False,1,5,34,4,PPO,short_jobs
72,267.05483067115307,1,2,0.75,0,39.0,0.08125121546150638,False,1,6,34,4,PPO,short_jobs
73,267.16289093145065,1,0,1.0,16,,2.024853859868443,False,1,5,35,4,PPO,short_jobs
74,267.72292296556054,1,2,0.75,0,40.0,0.12250700746153598,False,1,6,35,4,PPO,short_jobs
75,274.47896694307263,1,1,0.875,16,,1.3427637405305302,False,2,6,35,4,PPO,short_jobs
76,274.47896694307263,2,1,0.875,1,42.0,-0.13512087955024185,False,1,7,35,4,PPO,short_jobs
77,275.0009014870627,1,0,1.0,16,,1.9849240655674776,False,1,6,36,4,PPO,short_jobs
78,276.53830730438835,1,1,0.875,16,,0.15999983576342627,False,2,6,36,4,PPO,short_jobs
79,279.01989327465617,2,1,0.875,16,,2.267275805408816,False,2,5,37,4,PPO,short_jobs
80,279.01989327465617,2,2,0.75,0,43.0,-0.22593940618191255,False,1,6,37,4,PPO,short_jobs
81,280.88018928500327,1,0,1.0,16,,0.20192867619792026,False,2,6,37,4,PPO,short_jobs
82,282.1596934878056,2,0,1.0,16,,2.0055505561996374,False,2,5,38,4,PPO,short_jobs
83,282.1596934878056,2,1,0.875,1,44.0,-0.2887354104449014,False,1,6,38,4,PPO,short_jobs
84,287.32971361526825,1,0,1.0,16,,0.9003692188715047,False,2,6,38,4,PPO,short_jobs
85,288.4410130867865,2,0,1.0,16,,1.8412370760246757,False,2,5,39,4,PPO,short_jobs
86,288.4410130867865,2,2,0.75,0,41.0,-0.022225989430364735,False,1,6,39,4,PPO,short_jobs
87,291.9473844615625,1,0,1.0,16,,2.784239426768114,False,1,5,40,4,PPO,short_jobs
88,294.65931636871875,1,1,0.875,0,45.0,0.6779829767890675,False,1,6,40,4,PPO,short_jobs
89,295.53957891418435,1,0,1.0,16,,2.2024603854570874,False,1,5,41,4,PPO,short_jobs
90,297.7106302678063,1,2,0.75,0,46.0,2.486496312769667,False,1,5,42,4,PPO,short_jobs
91,302.2565353587984,1,1,0.875,0,47.0,1.1364762727480127,False,1,6,42,4,PPO,short_jobs
92,302.41730863769067,1,0,1.0,16,,0.03697785414522741,False,2,6,42,4,PPO,short_jobs
93,314.6108746341347,2,0,1.0,16,,4.557433393675399,False,2,5,43,4,PPO,short_jobs
94,314.6108746341347,2,1,0.875,1,48.0,-0.24387131992888045,False,1,6,43,4,PPO,short_jobs
95,315.4526585152424,1,0,1.0,16,,1.9497389727258878,False,1,5,44,4,PPO,short_jobs
96,319.92019985256564,1,2,0.75,0,49.0,1.1168853343308172,False,1,6,44,4,PPO,short_jobs
97,320.9585993940922,1,0,1.0,16,,0.238831894551102,False,2,6,44,4,PPO,short_jobs
98,321.79765294794186,2,0,1.0,16,,2.1554332554779023,False,2,5,45,4,PPO,short_jobs
99,324.2357996715263,2,1,0.875,16,,0.3814885938562048,False,3,5,45,4,PPO,short_jobs
100,325.50880334723183,3,1,0.875,16,,2.0502333315903507,False,3,4,46,4,PPO,short_jobs
101,325.50880334723183,3,3,0.625,0,52.0,-0.20277614895611693,False,2,5,46,4,PPO,short_jobs
102,327.6149381015088,2,1,0.875,16,,0.17369543837089851,False,3,5,46,4,PPO,short_jobs
103,331.12421000262094,3,1,0.875,16,,0.2700753751743508,False,4,5,46,4,PPO,short_jobs
104,331.12421000262094,4,1,0.875,0,54.0,-0.49757785319392384,False,3,6,46,4,PPO,short_jobs
105,334.1637517638062,3,0,1.0,16,,0.07993508143127592,False,4,6,46,4,PPO,short_jobs
106,334.64935920038766,4,0,1.0,16,,1.4026029053538087,False,4,5,47,4,PPO,short_jobs
107,334.64935920038766,4,1,0.875,1,55.0,-0.7090868050599272,False,3,6,47,4,PPO,short_jobs
108,334.9129647957323,3,0,1.0,16,,1.340998258055555,False,3,5,48,4,PPO,short_jobs
109,334.9129647957323,3,2,0.75,0,50.0,-0.4250478419172725,False,2,6,48,4,PPO,short_jobs
110,339.4375645280974,2,0,1.0,16,,2.525118101879402,False,2,5,49,4,PPO,short_jobs
111,341.5548318121463,2,1,0.875,16,,1.7724296958118555,False,2,4,50,4,PPO,short_jobs
112,341.5548318121463,2,3,0.625,0,51.0,-0.27879787421274954,False,1,5,50,4,PPO,short_jobs
113,344.9667222689924,1,1,0.875,16,,2.399315354085419,False,1,4,51,4,PPO,short_jobs
114,345.8933035384005,1,3,0.625,0,53.0,0.20268965268303418,False,1,5,51,4,PPO,short_jobs
115,348.65147096419986,1,1,0.875,16,,0.5481857758776159,False,2,5,51,4,PPO,short_jobs
116,354.20366560213876,2,1,0.875,16,,2.9372914430155874,False,2,4,52,4,PPO,short_jobs
117,354.20366560213876,2,2,0.75,0,56.0,-0.11104389275877793,False,1,5,52,4,PPO,short_jobs
118,355.3697391444371,1,0,1.0,16,,0.15715302196984565,False,2,5,52,4,PPO,short_jobs
119,360.93475358685475,2,0,1.0,16,,1.0342876693029581,False,3,5,52,4,PPO,short_jobs
120,364.4024953415179,3,0,1.0,16,,2.301904992084551,False,3,4,53,4,PPO,short_jobs
121,364.4024953415179,3,1,0.875,1,59.0,-0.49567561148797723,False,2,5,53,4,PPO,short_jobs
122,367.60606627467985,2,0,1.0,16,,0.17707428447602747,False,3,5,53,4,PPO,short_jobs
123,368.0678147647167,3,0,1.0,16,,-0.5360862357074575,False,4,5,53,4,PPO,short_jobs
124,373.0225467058531,4,0,1.0,16,,0.19078107177652437,False,5,5,53,4,PPO,short_jobs
125,377.3689055576912,5,0,1.0,16,,1.604051914268146,False,5,4,54,4,PPO,short_jobs
126,377.3689055576912,5,2,0.75,4,61.0,-1.2965159828318997,False,4,5,54,4,PPO,short_jobs
127,379.92378774589974,4,1,0.875,16,,1.0579739207820347,False,4,4,55,4,PPO,short_jobs
128,379.92378774589974,4,2,0.75,0,57.0,-0.8754602222545839,False,3,5,55,4,PPO,short_jobs
129,384.5146183456833,3,0,1.0,16,,1.9967975917042895,False,3,4,56,4,PPO,short_jobs
130,384.5146183456833,3,2,0.75,0,62.0,-0.9210686254449922,False,2,5,56,4,PPO,short_jobs
131,385.2246979061273,2,0,1.0,16,,-0.7719519177517521,False,3,5,56,4,PPO,short_jobs
132,385.7925557561818,3,0,1.0,16,,-0.8415788163523956,False,4,5,56,4,PPO,short_jobs
133,386.3622649724948,4,0,1.0,16,,-0.8866927120928103,False,5,5,56,4,PPO,short_jobs
134,392.2205868366137,5,0,1.0,16,,1.8496282634467656,False,5,4,57,4,PPO,short_jobs
135,392.2205868366137,5,2,0.75,4,60.0,-1.1226617913442738,False,4,5,57,4,PPO,short_jobs
136,399.83060086052376,4,0,1.0,16,,2.1710405927204404,False,4,4,58,4,PPO,short_jobs
137,399.83060086052376,4,1,0.875,0,63.0,-1.439344854169151,False,3,5,58,4,PPO,short_jobs
138,406.35992166603927,3,0,1.0,16,,1.801226098878796,False,3,4,59,4,PPO,short_jobs
139,406.35992166603927,3,1,0.875,0,64.0,-1.4197567843029322,False,2,5,59,4,PPO,short_jobs
140,407.11290044650497,2,0,1.0,16,,-1.261631240405136,False,3,5,59,4,PPO,short_jobs
141,411.716370748004,3,0,1.0,16,,-0.5752165782367415,False,4,5,59,4,PPO,short_jobs
142,411.8832541182128,4,0,1.0,16,,0.3022860193239898,False,4,4,60,4,PPO,short_jobs
143,411.8832541182128,4,2,0.75,0,65.0,-1.2290150403138456,False,3,5,60,4,PPO,short_jobs
144,413.33349575625226,3,0,1.0,16,,-0.9534691290863457,False,4,5,60,4,PPO,short_jobs
145,413.8002765686876,4,0,1.0,16,,-1.2366768004822075,False,5,5,60,4,PPO,short_jobs
146,417.4152178557826,5,0,1.0,16,,-0.8111308105267891,False,6,5,60,4,PPO,short_jobs
147,420.125964361955,6,0,1.0,16,,0.6375309135018745,False,6,4,61,4,PPO,short_jobs
148,420.125964361955,6,2,0.75,5,67.0,-1.871963840762212,False,5,5,61,4,PPO,short_jobs
149,420.125964361955,5,1,0.875,0,69.0,-1.7454500848968633,False,4,6,61,4,PPO,short_jobs
150,421.82817756664707,4,0,1.0,16,,-1.456073840099216,False,5,6,61,4,PPO,short_jobs
151,422.69481111442906,5,0,1.0,16,,0.24836789089507127,False,5,5,62,4,PPO,short_jobs
152,422.69481111442906,5,2,0.75,4,71.0,-1.9509578250947857,False,4,6,62,4,PPO,short_jobs
153,422.69481111442906,4,1,0.875,0,70.0,-1.8453659599218566,False,3,7,62,4,PPO,short_jobs
154,424.24637808849684,3,0,1.0,16,,-1.550568234848978,False,4,7,62,4,PPO,short_jobs
155,425.09286124758603,4,0,1.0,16,,0.20544215867923876,False,4,6,63,4,PPO,short_jobs
156,425.09286124758603,4,2,0.75,0,66.0,-1.6465794150714375,False,3,7,63,4,PPO,short_jobs
157,426.5950448758642,3,0,1.0,16,,-1.3611645256985896,False,4,7,63,4,PPO,short_jobs
158,428.4958731751964,4,0,1.0,16,,-1.4135696218816514,False,5,7,63,4,PPO,short_jobs
159,432.9921209493536,5,0,1.0,16,,-1.2143395305911207,False,6,7,63,4,PPO,short_jobs
160,435.03888286653387,6,0,1.0,16,,-2.0723224248969876,False,7,7,63,4,PPO,short_jobs
161,438.9816341075231,7,0,1.0,16,,-0.15031026768323885,False,7,6,64,4,PPO,short_jobs
162,438.9816341075231,7,1,0.875,5,75.0,-3.016207814767162,False,6,7,64,4,PPO,short_jobs
163,439.06472012634913,6,0,1.0,16,,-3.0054066323197803,False,7,7,64,4,PPO,short_jobs
164,439.3730318836756,7,0,1.0,16,,-2.9922638437203717,False,8,7,64,4,PPO,short_jobs
165,441.87866896342933,8,0,1.0,16,,-2.843834445874151,False,9,7,64,4,PPO,short_jobs
166,442.90635055453424,9,0,1.0,16,,-1.3983060044352427,False,9,6,65,4,PPO,short_jobs
167,442.90635055453424,9,1,0.875,6,76.0,-3.4978770484514623,False,8,7,65,4,PPO,short_jobs
168,443.378451008673,8,0,1.0,16,,-3.4553880075789754,False,9,7,65,4,PPO,short_jobs
169,446.3365764040432,9,0,1.0,16,,-1.3663443434377438,False,9,6,66,4,PPO,short_jobs
170,446.3365764040432,9,1,0.875,7,77.0,-3.960438566726423,False,8,7,66,4,PPO,short_jobs
171,451.5364396000561,8,0,1.0,16,,-1.4924508790852649,False,8,6,67,4,PPO,short_jobs
172,451.5364396000561,8,1,0.875,1,68.0,-4.0283578012124055,False,7,7,67,4,PPO,short_jobs
173,453.6002257351448,7,0,1.0,16,,-1.801341326352646,False,7,6,68,4,PPO,short_jobs
174,453.6002257351448,7,2,0.75,5,74.0,-3.8152008089258573,False,6,7,68,4,PPO,short_jobs
175,455.9966986989258,6,0,1.0,16,,-3.50365932363433,False,7,7,68,4,PPO,short_jobs
176,458.840577834933,7,0,1.0,16,,-1.7899508596187808,False,7,6,69,4,PPO,short_jobs
177,458.840577834933,7,1,0.875,5,81.0,-4.444043060900441,False,6,7,69,4,PPO,short_jobs
178,459.92365412194556,6,0,1.0,16,,-4.30324314358881,False,7,7,69,4,PPO,short_jobs
179,460.12099525304416,7,0,1.0,16,,-2.552304690921101,False,7,6,70,4,PPO,short_jobs
180,460.12099525304416,7,1,0.875,1,73.0,-3.9311209661521502,False,6,7,70,4,PPO,short_jobs
181,464.2796064892885,6,0,1.0,16,,-3.3905015054403878,False,7,7,70,4,PPO,short_jobs
182,464.8083596614758,7,0,1.0,16,,-2.3719914655608667,False,7,6,71,4,PPO,short_jobs
183,464.8083596614758,7,2,0.75,5,79.0,-4.045585944646762,False,6,7,71,4,PPO,short_jobs
184,466.09658556828975,6,0,1.0,16,,-1.8781165767609442,False,6,6,72,4,PPO,short_jobs
185,466.09658556828975,6,1,0.875,1,83.0,-4.163833471884414,False,5,7,72,4,PPO,short_jobs
186,466.52788314716327,5,0,1.0,16,,-2.0991388350533864,False,5,6,73,4,PPO,short_jobs
187,467.40395792599895,5,1,0.875,16,,-4.102929349785024,False,6,6,73,4,PPO,short_jobs
188,467.40395792599895,6,1,0.875,1,84.0,-4.294570707655334,False,5,7,73,4,PPO,short_jobs
189,473.7793112986313,5,0,1.0,16,,-3.3382677017604836,False,6,7,73,4,PPO,short_jobs
190,474.05314440902583,6,0,1.0,16,,-4.896507740567276,False,7,7,73,4,PPO,short_jobs
191,475.242746476545,7,0,1.0,16,,-4.834109790738805,False,8,7,73,4,PPO,short_jobs
192,475.486036840703,8,0,1.0,16,,-5.109614174844376,False,9,7,73,4,PPO,short_jobs
193,475.9026144811588,9,0,1.0,16,,-3.141276331051964,False,9,6,74,4,PPO,short_jobs
194,475.9026144811588,9,1,0.875,8,88.0,-5.237089188356808,False,8,7,74,4,PPO,short_jobs
195,480.4397089135259,8,0,1.0,16,,-4.828750689443768,False,9,7,74,4,PPO,short_jobs
196,484.07727034808886,9,0,1.0,16,,-5.708394997116137,False,10,7,74,4,PPO,short_jobs
197,484.5261079647915,10,0,1.0,16,,-6.595343474921741,False,11,7,74,4,PPO,short_jobs
198,487.5181421569559,11,0,1.0,16,,-6.617791853332467,False,12,7,74,4,PPO,short_jobs
199,489.09818816958483,12,0,1.0,16,,-5.349999941247277,False,12,6,75,4,PPO,short_jobs
200,489.09818816958483,12,1,0.875,5,92.0,-7.713410524151933,False,11,7,75,4,PPO,short_jobs
201,489.25070759986556,11,0,1.0,16,,-5.708834941243511,False,11,6,76,4,PPO,short_jobs
202,489.25070759986556,11,2,0.75,5,80.0,-6.829519666989843,False,10,7,76,4,PPO,short_jobs
203,489.43250315519026,10,0,1.0,16,,-4.820429889223608,False,10,6,77,4,PPO,short_jobs
204,489.43250315519026,10,1,0.875,4,86.0,-6.558291603131494,False,9,7,77,4,PPO,short_jobs
205,493.1385519253839,9,0,1.0,16,,-6.298868189217938,False,10,7,77,4,PPO,short_jobs
206,493.7283775074699,10,0,1.0,16,,-5.195889102662055,False,10,6,78,4,PPO,short_jobs
207,493.7283775074699,10,1,0.875,7,90.0,-7.150323354995923,False,9,7,78,4,PPO,short_jobs
208,495.5637135401839,9,0,1.0,16,,-5.021849832705939,False,9,6,79,4,PPO,short_jobs
209,495.5637135401839,9,1,0.875,1,85.0,-7.044995796053399,False,8,7,79,4,PPO,short_jobs
210,496.7182691540702,8,0,1.0,16,,-6.941085790803636,False,9,7,79,4,PPO,short_jobs
211,498.15571425705383,9,0,1.0,16,,-5.129103537066346,False,9,6,80,4,PPO,short_jobs
212,498.15571425705383,9,2,0.75,5,58.0,-4.632745310559923,False,8,7,80,4,PPO,short_jobs
213,500.7330896027497,8,0,1.0,16,,-2.4007815294472934,False,8,6,81,4,PPO,short_jobs
214,500.7330896027497,8,1,0.875,1,87.0,-4.5353185033471695,False,7,7,81,4,PPO,short_jobs
215,503.26183145116335,7,0,1.0,16,,-4.257156900021671,False,8,7,81,4,PPO,short_jobs
216,503.7121875154953,8,0,1.0,16,,-2.848810316335201,False,8,6,82,4,PPO,short_jobs
217,503.7121875154953,8,1,0.875,7,95.0,-4.952392211131554,False,7,7,82,4,PPO,short_jobs
218,506.00369069263655,7,0,1.0,16,,-2.700326861646018,False,7,6,83,4,PPO,short_jobs
219,506.05052486650516,7,1,0.875,16,,-3.2695144647391805,False,7,5,84,4,PPO,short_jobs
220,506.05052486650516,7,2,0.75,5,82.0,-4.3572220253817395,False,6,6,84,4,PPO,short_jobs
221,509.1628443229119,6,0,1.0,16,,-3.952620496048864,False,7,6,84,4,PPO,short_jobs
222,514.0808971719274,7,0,1.0,16,,-4.189714546758842,False,8,6,84,4,PPO,short_jobs
223,514.428685828708,8,0,1.0,16,,-5.387926779902465,False,9,6,84,4,PPO,short_jobs
224,515.0280868825707,9,0,1.0,16,,-3.4329158703272267,False,9,5,85,4,PPO,short_jobs
225,515.0280868825707,9,2,0.75,5,94.0,-5.216569779222896,False,8,6,85,4,PPO,short_jobs
226,515.6983966797872,8,0,1.0,16,,-5.156241897473418,False,9,6,85,4,PPO,short_jobs
227,527.5372063540972,9,0,1.0,16,,-2.4951026695758207,False,9,5,86,4,PPO,short_jobs
228,527.5372063540972,9,1,0.875,2,97.0,-7.185678904509932,False,8,6,86,4,PPO,short_jobs
229,535.2501104601971,8,0,1.0,16,,-4.4915175349609395,False,8,5,87,4,PPO,short_jobs
230,535.2501104601971,8,1,0.875,2,98.0,-8.00331506885614,False,7,6,87,4,PPO,short_jobs
231,537.2967991311662,7,0,1.0,16,,-5.7781793150495435,False,7,5,88,4,PPO,short_jobs
232,537.2967991311662,7,2,0.75,5,96.0,-7.72717238662672,False,6,6,88,4,PPO,short_jobs
233,542.8552233635208,6,0,1.0,16,,-5.0045772364206105,False,6,5,89,4,PPO,short_jobs
234,542.8552233635208,6,2,0.75,5,93.0,-7.399849865746545,False,5,6,89,4,PPO,short_jobs
235,543.3980345470824,5,0,1.0,16,,-5.318428188212316,False,5,5,90,4,PPO,short_jobs
236,543.3980345470824,5,2,0.75,0,78.0,-5.373630930834562,False,4,6,90,4,PPO,short_jobs
237,545.9646511802665,4,0,1.0,16,,-2.937306103193258,False,4,5,91,4,PPO,short_jobs
238,549.508136114934,4,1,0.875,16,,-3.087301726804177,False,4,4,92,4,PPO,short_jobs
239,549.508136114934,4,2,0.75,0,91.0,-4.562798493259843,False,3,5,92,4,PPO,short_jobs
240,554.6635636889293,3,0,1.0,16,,-1.583267254200731,False,3,4,93,4,PPO,short_jobs
241,554.6635636889293,3,2,0.75,0,99.0,-4.092820807516719,False,2,5,93,4,PPO,short_jobs
242,560.0129833028711,2,0,1.0,16,,-0.9694426885889422,False,2,4,94,4,PPO,short_jobs
243,560.0129833028711,2,2,0.75,0,89.0,-2.715332104287486,False,1,5,94,4,PPO,short_jobs
244,566.0353905702951,1,0,1.0,16,,0.6698215672200343,False,1,4,95,4,PPO,short_jobs
245,566.4777588936047,1,1,0.875,16,,-0.7478595453781889,False,1,3,96,4,PPO,short_jobs
246,592.570146834148,1,2,0.75,0,72.0,12.0681083899037,False,0,0,100,4,PPO,short_jobs
